unified_index,length,clan,truth,predicted,nn_distance,tau,outcome
158,3,EC1,3D,3D,0.01802775637731995,0.1,correct
159,3,EC1,3D,3D,0.006708203932499375,0.1,correct
160,3,EC1,3D,3D,0.0021295929775428895,0.1,correct
161,3,EC1,3D,3D,0.005536244214266568,0.1,correct
162,3,EC1,3D,3D,0.005548131780158074,0.1,correct
163,3,EC1,3D,3D,0.004404455403338762,0.1,correct
164,3,EC1,3D,3D,0.007211102550927985,0.1,correct
189,3,EC1,3D,3D,0.020610798628388962,0.1,correct
190,3,EC1,3D,3D,0.006708203932499375,0.1,correct
191,3,EC1,3D,3D,0.0029690779713574503,0.1,correct
192,3,EC1,3D,3D,0.013000000000000012,0.1,correct
193,3,EC1,3D,3D,0.008983587597947722,0.1,correct
194,3,EC1,3D,3D,0.012487809025205335,0.1,correct
1067,3,EC1,3R,3R,0.014402777509911062,0.1,correct
1068,3,EC1,3R,3R,0.004900000000000002,0.1,correct
1358,3,EC1,3R,3R,0.002012461179749819,0.1,correct
1359,3,EC1,3R,3R,0.0019416487838947501,0.1,correct
1360,3,EC1,3R,3R,0.003599999999999992,0.1,correct
1361,3,EC1,3R,3R,0.0029332190985332162,0.1,correct
1430,3,EC1,3R,3R,0.0070342021580275926,0.1,correct
1431,3,EC1,3R,3R,0.0019104973174542909,0.1,correct
1519,3,EC1,3R,3R,0.0019104973174542909,0.1,correct
1614,3,EC1,3R,3R,0.003599999999999992,0.1,correct
1742,3,EC1,3R,3R,0.004900000000000002,0.1,correct
1743,3,EC1,3R,3R,0.002012461179749819,0.1,correct
1744,3,EC1,3R,3R,0.004919349550499536,0.1,correct
1745,3,EC1,3R,3R,0.008490583018850938,0.1,correct
2197,3,EC1,3D,3D,0.005536244214266568,0.1,correct
2269,3,EC1,3R,3R,0.004204759208325723,0.1,correct
2327,3,EC1,3D,3D,0.016552945357246864,0.1,correct
2328,3,EC1,3D,3D,0.009848857801796113,0.1,correct
2329,3,EC1,3D,3D,0.007280109889280525,0.1,correct
2330,3,EC1,3D,3D,0.007280109889280525,0.1,correct
2341,3,EC1,3D,3D,0.009848857801796113,0.1,correct
2466,3,EC1,3D,3D,0.013601470508735433,0.1,correct
2467,3,EC1,3D,3D,0.013601470508735433,0.1,correct
2636,3,EC1,3R,3R,0.03310966626228659,0.1,correct
2984,3,EC1,3R,3R,0.026437095150564485,0.1,correct
3736,3,EC1,3D,3D,0.025709920264364874,0.1,correct
3918,3,EC1,3D,3R,0.026009421369957472,0.1,mismatch
4988,3,EC1,3D,3D,0.0008137294697871069,0.1,correct
4989,3,EC1,3D,3D,0.0022775495076946106,0.1,correct
4990,3,EC1,3D,3D,0.0035509261960789897,0.1,correct
4991,3,EC1,3D,3D,0.014615868673807918,0.1,correct
4992,3,EC1,3D,3D,0.0018458896635498,0.1,correct
5004,3,EC1,3D,3D,0.0076455277940767445,0.1,correct
5005,3,EC1,3D,3D,0.0030036803591594087,0.1,correct
5057,3,EC1,3D,3D,0.017851967694906913,0.1,correct
5058,3,EC1,3D,3D,0.001797354102563005,0.1,correct
5059,3,EC1,3D,3D,0.0034649275331527386,0.1,correct
5060,3,EC1,3D,3D,0.006533460603692332,0.1,correct
5061,3,EC1,3D,3D,0.0014434690228750935,0.1,correct
5062,3,EC1,3D,3D,0.0014434690228750935,0.1,correct
5135,3,EC1,3R,3R,0.0029332190985332162,0.1,correct
5158,3,EC1,3D,3D,0.006533460603692332,0.1,correct
5159,3,EC1,3D,3D,0.0021295929775428895,0.1,correct
5160,3,EC1,3D,3D,0.0070130424567373265,0.1,correct
5161,3,EC1,3D,3D,0.005175379816979626,0.1,correct
5162,3,EC1,3D,3D,0.005175379816979626,0.1,correct
5163,3,EC1,3D,3D,0.0022261538581149322,0.1,correct
5164,3,EC1,3D,3D,0.0020421875158760576,0.1,correct
5165,3,EC1,3D,3D,0.0020421875158760576,0.1,correct
5166,3,EC1,3D,3D,0.0022261538581149322,0.1,correct
5167,3,EC1,3D,3D,0.004404455403338762,0.1,correct
5168,3,EC1,3D,3D,0.008983587597947722,0.1,correct
5169,3,EC1,3D,3D,0.006574662730513247,0.1,correct
6089,3,EC1,3D,3D,0.017851967694906913,0.1,correct
6090,3,EC1,3D,3D,0.006199521546861497,0.1,correct
6091,3,EC1,3D,3D,0.0018458896635498,0.1,correct
6093,3,EC1,3D,3D,0.001797354102563005,0.1,correct
6094,3,EC1,3D,3D,0.002464555542080555,0.1,correct
8239,3,EC1,3D,3D,0.0008137294697871069,0.1,correct
8240,3,EC1,3D,3D,0.004110527120698755,0.1,correct
8241,3,EC1,3D,3D,0.0047774387709315635,0.1,correct
8242,3,EC1,3D,3D,0.0029690779713574503,0.1,correct
8243,3,EC1,3D,3D,0.0030486669217872934,0.1,correct
8244,3,EC1,3D,3D,0.003331448792942801,0.1,correct
8245,3,EC1,3D,3D,0.003331448792942801,0.1,correct
8296,3,EC1,3R,3R,1.2182364302545968e-05,0.1,correct
8297,3,EC1,3R,3R,2.348297255459288e-05,0.1,correct
8407,3,EC1,3R,3R,1.2182364302545968e-05,0.1,correct
8408,3,EC1,3D,3R,2.348297255459288e-05,0.1,mismatch
10,4,EC1,4R1,4R1,0.007754998388136522,0.1,correct
41,4,EC1,4R2,4R2,0.0024494897427831805,0.1,correct
42,4,EC1,4R2,4R2,0.0024494897427831805,0.1,correct
43,4,EC1,4R2,4R2,0.009099315781420036,0.1,correct
44,4,EC1,4R2,4R2,0.005744562646538034,0.1,correct
45,4,EC1,4R2,4R2,0.004123105625617638,0.1,correct
46,4,EC1,4R2,4R2,0.0024494897427831805,0.1,correct
47,4,EC1,4R2,4R2,0.002236067977499792,0.1,correct
48,4,EC1,4R2,4R2,0.00509901951359279,0.1,correct
49,4,EC1,4R2,4R2,0.002236067977499792,0.1,correct
50,4,EC1,4R2,4R2,0.02222611077089289,0.1,correct
51,4,EC1,4R2,4R2,0.004696822888932474,0.1,correct
52,4,EC1,4R2,4R2,0.004123105625617638,0.1,correct
53,4,EC1,4R2,4R2,0.007810249675906661,0.1,correct
109,4,EC1,4R2,4R2,0.014456832294800975,0.1,correct
113,4,EC1,4R2,4R2,0.00375008742564757,0.1,correct
114,4,EC1,4R2,4R2,0.016058737699769565,0.1,correct
124,4,EC1,4R2,4R2,0.01729508600730273,0.1,correct
125,4,EC1,4R2,4R2,0.004393666681713566,0.1,correct
126,4,EC1,4R2,4R2,0.006708203932499325,0.1,correct
127,4,EC1,4R2,4R2,0.008184982392161892,0.1,correct
128,4,EC1,4R2,4R2,0.00235760618212626,0.1,correct
129,4,EC1,4R2,4R2,0.006557438524302007,0.1,correct
130,4,EC1,4R2,4R2,0.007948219089204818,0.1,correct
131,4,EC1,4R2,4R2,0.008514325883474262,0.1,correct
132,4,EC1,4R2,4R2,0.0030102913297553407,0.1,correct
133,4,EC1,4R2,4R2,0.007071067811865427,0.1,correct
134,4,EC1,4R2,4R2,0.007348469228349541,0.1,correct
135,4,EC1,4R2,4R2,0.00509901951359279,0.1,correct
136,4,EC1,4R2,4R2,0.004093056370244622,0.1,correct
137,4,EC1,4R2,4R2,0.01040522743480412,0.1,correct
138,4,EC1,4R2,4R2,0.0040000000000000036,0.1,correct
139,4,EC1,4R2,4R2,0.005999999999999969,0.1,correct
165,4,EC1,4R2,4R2,0.011787275530842614,0.1,correct
166,4,EC1,4R2,4R2,0.009643650760992963,0.1,correct
167,4,EC1,4R2,4R2,0.004910821215438456,0.1,correct
168,4,EC1,4R2,4R2,0.013521456654517665,0.1,correct
169,4,EC1,4R2,4R2,0.022891046284519184,0.1,correct
170,4,EC1,4R2,4R2,0.01357072073178136,0.1,correct
171,4,EC1,4R2,4R2,0.004671660488520129,0.1,correct
172,4,EC1,4R2,4R2,0.008210359310042395,0.1,correct
173,4,EC1,4R2,4R2,0.010025869196733032,0.1,correct
174,4,EC1,4R2,4R2,0.002772130758099262,0.1,correct
175,4,EC1,4R2,4R2,0.009643650760992963,0.1,correct
205,4,EC1,1+31,1+31,0.008124038404635967,0.1,correct
206,4,EC1,1+31,1+31,0.021610182784974306,0.1,correct
232,4,EC1,4R2,4R2,0.005054936146975492,0.1,correct
233,4,EC1,4R2,4R2,0.01108158816325532,0.1,correct
234,4,EC1,4R2,4R2,0.0074281266151029,0.1,correct
235,4,EC1,4R2,4R2,0.00509901951359279,0.1,correct
236,4,EC1,4R2,4R2,0.011207468903369785,0.1,correct
237,4,EC1,4R2,4R2,0.0040000000000000036,0.1,correct
238,4,EC1,4R2,4R2,0.005036864103785181,0.1,correct
239,4,EC1,4R2,4R2,0.007681145747868594,0.1,correct
240,4,EC1,4R2,4R2,0.0024494897427831805,0.1,correct
241,4,EC1,4R1,4R1,0.0249293682306632,0.1,correct
247,4,EC1,4R2,4R2,0.0034769808526938675,0.1,correct
248,4,EC1,4R2,4R2,0.00518477155813063,0.1,correct
249,4,EC1,4R2,4R2,0.007091087882687694,0.1,correct
250,4,EC1,4R2,4R2,0.007605567107060464,0.1,correct
251,4,EC1,4R2,4R2,0.003231135852916152,0.1,correct
252,4,EC1,4R2,4R2,0.00767605420056421,0.1,correct
253,4,EC1,4R2,4R2,0.0066760766921898015,0.1,correct
254,4,EC1,4R2,4R2,0.006403124237432854,0.1,correct
311,4,EC1,4R1,4R1,0.014624978632463021,0.1,correct
340,4,EC1,4R1,4R1,0.017619023809507726,0.1,correct
385,4,EC1,4D,4D,0.01076592020498015,0.1,correct
507,4,EC1,4R1,4R1,0.007718160402582992,0.1,correct
508,4,EC1,4R1,4R1,0.004745524207081862,0.1,correct
534,4,EC1,4R1,4R1,0.029681644159311654,0.1,correct
564,4,EC1,4R1,4R1,0.04064837020103021,0.1,correct
565,4,EC1,4R1,4R1,0.014106027080648897,0.1,correct
643,4,EC1,4R1,4R1,0.010137553945602461,0.1,correct
773,4,EC1,4D,4D,0.005860034129593458,0.1,correct
774,4,EC1,4D,4D,0.0085146931829632,0.1,correct
871,4,EC1,4D,4D,0.0017464249196573077,0.1,correct
872,4,EC1,4D,4D,0.0046572524088780275,0.1,correct
873,4,EC1,4D,4D,0.001643167672515505,0.1,correct
874,4,EC1,4D,4D,0.005086255990411816,0.1,correct
881,4,EC1,4D,4D,0.004197618372363084,0.1,correct
882,4,EC1,4D,4D,0.00581721582889959,0.1,correct
883,4,EC1,4D,4D,0.0008185352771872515,0.1,correct
901,4,EC1,4D,4D,0.008714929718592123,0.1,correct
902,4,EC1,4D,4D,0.0033256578296631755,0.1,correct
903,4,EC1,4D,4D,0.002140093455903275,0.1,correct
904,4,EC1,4D,4D,0.0013416407864998833,0.1,correct
905,4,EC1,4D,4D,0.0015588457268119764,0.1,correct
906,4,EC1,4D,4D,0.003674234614174754,0.1,correct
907,4,EC1,4D,4D,0.004086563348340517,0.1,correct
908,4,EC1,4D,4D,0.0032388269481403295,0.1,correct
909,4,EC1,4D,4D,0.003945883931389755,0.1,correct
910,4,EC1,4D,4D,0.0035057096285916155,0.1,correct
960,4,EC1,4D,4D,0.002979932885150266,0.1,correct
961,4,EC1,4D,4D,0.00544242592967511,0.1,correct
962,4,EC1,4D,4D,0.0030215889859476234,0.1,correct
963,4,EC1,4D,4D,0.004582575694955844,0.1,correct
964,4,EC1,4D,4D,0.003945883931389755,0.1,correct
965,4,EC1,4D,4D,0.002046948949045875,0.1,correct
966,4,EC1,4D,4D,0.009619771307052973,0.1,correct
971,4,EC1,4D,4D,0.009049861877398997,0.1,correct
972,4,EC1,4D,4D,0.005565069631190601,0.1,correct
973,4,EC1,4D,4D,0.0061457302251237515,0.1,correct
974,4,EC1,4D,4D,0.0009899494936611317,0.1,correct
975,4,EC1,4D,4D,0.003402939905434729,0.1,correct
976,4,EC1,4D,4D,0.004319722213291033,0.1,correct
977,4,EC1,4D,4D,0.005565069631190601,0.1,correct
978,4,EC1,4D,4D,0.012249897958758672,0.1,correct
983,4,EC1,4D,4D,0.02533949486473634,0.1,correct
984,4,EC1,4D,4D,0.0029068883707497216,0.1,correct
985,4,EC1,4D,4D,0.0022934689882359543,0.1,correct
986,4,EC1,4D,4D,0.0052564246403805715,0.1,correct
987,4,EC1,4D,4D,0.0028231188426986165,0.1,correct
988,4,EC1,4D,4D,0.0036891733491393472,0.1,correct
989,4,EC1,4D,4D,0.004075536774462975,0.1,correct
990,4,EC1,4D,4D,0.002046948949045852,0.1,correct
991,4,EC1,4D,4D,0.0019052558883257717,0.1,correct
992,4,EC1,4D,4D,0.0029748949561287214,0.1,correct
993,4,EC1,4D,4D,0.003402939905434729,0.1,correct
994,4,EC1,4D,4D,0.010061808982484223,0.1,correct
995,4,EC1,4D,4D,0.011057576588023242,0.1,correct
996,4,EC1,4D,4D,0.004729693436154178,0.1,correct
997,4,EC1,4D,4D,0.001473091986265627,0.1,correct
998,4,EC1,4D,4D,0.0013416407864998833,0.1,correct
999,4,EC1,4D,4D,0.0022494443758403816,0.1,correct
1000,4,EC1,4D,4D,0.00544242592967511,0.1,correct
1001,4,EC1,4D,4D,0.0033955853692699224,0.1,correct
1002,4,EC1,4D,4D,0.0022045407685048497,0.1,correct
1010,4,EC1,4D,4D,0.006220932405998322,0.1,correct
1011,4,EC1,4D,4D,0.002942787793912392,0.1,correct
1012,4,EC1,4D,4D,0.002794637722496434,0.1,correct
1013,4,EC1,4D,4D,0.0019209372712298612,0.1,correct
1014,4,EC1,4D,4D,0.001643167672515505,0.1,correct
1015,4,EC1,4D,4D,0.001311487704860391,0.1,correct
1016,4,EC1,4D,4D,0.0006928203230275467,0.1,correct
1017,4,EC1,4D,4D,0.011074294559925703,0.1,correct
1033,4,EC1,4D,4D,0.0030232432915662123,0.1,correct
1034,4,EC1,4D,4D,0.006551335741663693,0.1,correct
1035,4,EC1,4D,4D,0.0022494443758403816,0.1,correct
1042,4,EC1,4D,4D,0.0029949958263743933,0.1,correct
1043,4,EC1,4D,4D,0.0046690470119715045,0.1,correct
1044,4,EC1,4D,4D,0.0033256578296631807,0.1,correct
1045,4,EC1,4D,4D,0.0023537204591879434,0.1,correct
1046,4,EC1,4D,4D,0.0026019223662515347,0.1,correct
1047,4,EC1,4D,4D,0.0034684290392049113,0.1,correct
1048,4,EC1,4D,4D,0.0013999999999999965,0.1,correct
1049,4,EC1,4D,4D,0.0028017851452243805,0.1,correct
1050,4,EC1,4D,4D,0.002647640458974745,0.1,correct
1051,4,EC1,4D,4D,0.00619193023216512,0.1,correct
1052,4,EC1,4D,4D,0.004536518488885514,0.1,correct
1053,4,EC1,4D,4D,0.004290687590584995,0.1,correct
1054,4,EC1,4D,4D,0.00982751240141675,0.1,correct
1055,4,EC1,4D,4D,0.0029068883707497216,0.1,correct
1089,4,EC1,4D,4D,0.0009899494936611317,0.1,correct
1090,4,EC1,4D,4D,0.005894064811316551,0.1,correct
1091,4,EC1,4D,4D,0.0055045435778091545,0.1,correct
1092,4,EC1,4D,4D,0.004729693436154178,0.1,correct
1093,4,EC1,4D,4D,0.0063039670049897965,0.1,correct
1094,4,EC1,4D,4D,0.004747630988187691,0.1,correct
1095,4,EC1,4D,4D,0.004319722213291033,0.1,correct
1096,4,EC1,4D,4D,0.004536518488885514,0.1,correct
1097,4,EC1,4D,4D,0.0048805737367649555,0.1,correct
1098,4,EC1,4D,4D,0.0017916472867169097,0.1,correct
1099,4,EC1,4D,4D,0.0028000000000000286,0.1,correct
1100,4,EC1,4D,4D,0.0021424285285628368,0.1,correct
1101,4,EC1,4D,4D,0.0038065732621348435,0.1,correct
1102,4,EC1,4D,4D,0.0033256578296631807,0.1,correct
1103,4,EC1,4D,4D,0.004657252408878015,0.1,correct
1104,4,EC1,4D,4D,0.014919450392021819,0.1,correct
1126,4,EC1,4D,4D,0.003889730067755371,0.1,correct
1127,4,EC1,4D,4D,0.00502493781056045,0.1,correct
1128,4,EC1,4D,4D,0.0022045407685048497,0.1,correct
1129,4,EC1,4D,4D,0.002059126028197424,0.1,correct
1130,4,EC1,4D,4D,0.002679552201394839,0.1,correct
1131,4,EC1,4D,4D,0.004027406113120457,0.1,correct
1132,4,EC1,4D,4D,0.001009950493836208,0.1,correct
1133,4,EC1,4D,4D,0.0022113344387495867,0.1,correct
1134,4,EC1,4D,4D,0.0028231188426986165,0.1,correct
1135,4,EC1,4D,4D,0.002837252191822214,0.1,correct
1136,4,EC1,4D,4D,0.004759201613716317,0.1,correct
1137,4,EC1,4D,4D,0.002140093455903275,0.1,correct
1138,4,EC1,4D,4D,0.002046948949045875,0.1,correct
1139,4,EC1,4D,4D,0.0008185352771872515,0.1,correct
1140,4,EC1,4D,4D,0.002837252191822214,0.1,correct
1141,4,EC1,4D,4D,0.0036345563690772472,0.1,correct
1142,4,EC1,4D,4D,0.002679552201394858,0.1,correct
1143,4,EC1,4D,4D,0.004675467891024378,0.1,correct
1144,4,EC1,4D,4D,0.001311487704860391,0.1,correct
1145,4,EC1,4D,4D,0.0030232432915662123,0.1,correct
1146,4,EC1,4D,4D,0.0019052558883257717,0.1,correct
1147,4,EC1,4D,4D,0.003525620512760849,0.1,correct
1148,4,EC1,4D,4D,0.0015588457268119764,0.1,correct
1149,4,EC1,4D,4D,0.0015165750888103124,0.1,correct
1152,4,EC1,4D,4D,0.0033000000000000017,0.1,correct
1153,4,EC1,4D,4D,0.0026645825188948377,0.1,correct
1154,4,EC1,4D,4D,0.0025377155080899133,0.1,correct
1155,4,EC1,4D,4D,0.002059126028197424,0.1,correct
1156,4,EC1,4D,4D,0.0016999999999999793,0.1,correct
1157,4,EC1,4D,4D,0.0013999999999999965,0.1,correct
1158,4,EC1,4D,4D,0.004855924216871601,0.1,correct
1159,4,EC1,4D,4D,0.0019209372712298612,0.1,correct
1160,4,EC1,4D,4D,0.003666060555964674,0.1,correct
1161,4,EC1,4D,4D,0.0018027756377319733,0.1,correct
1162,4,EC1,4D,4D,0.0023043437243605914,0.1,correct
1187,4,EC1,4D,4D,0.0023537204591879434,0.1,correct
1188,4,EC1,4D,4D,0.0072284161474004864,0.1,correct
1189,4,EC1,4D,4D,0.008843076387773654,0.1,correct
1190,4,EC1,4D,4D,0.004023679907746129,0.1,correct
1191,4,EC1,4D,4D,0.0015264337522473376,0.1,correct
1192,4,EC1,4D,4D,0.006580273550544861,0.1,correct
1193,4,EC1,4D,4D,0.0047138094997570676,0.1,correct
1194,4,EC1,4D,4D,0.007775602870517515,0.1,correct
1195,4,EC1,4D,4D,0.0006928203230275467,0.1,correct
1196,4,EC1,4D,4D,0.0017691806012954255,0.1,correct
1197,4,EC1,4D,4D,0.0026019223662515347,0.1,correct
1198,4,EC1,4D,4D,0.001307669683062214,0.1,correct
1199,4,EC1,4D,4D,0.0021424285285628368,0.1,correct
1200,4,EC1,4D,4D,0.0052564246403805715,0.1,correct
1201,4,EC1,4D,4D,0.007452516353554667,0.1,correct
1202,4,EC1,4D,4D,0.0025377155080899133,0.1,correct
1203,4,EC1,4D,4D,0.003252691193458138,0.1,correct
1204,4,EC1,4D,4D,0.004075536774462975,0.1,correct
1205,4,EC1,4D,4D,0.0029748949561287214,0.1,correct
1273,4,EC1,4R1,4R1,0.002626785107312743,0.1,correct
1274,4,EC1,4R1,4R1,0.015754681843820253,0.1,correct
1325,4,EC1,4R1,4R1,0.010147906187977895,0.1,correct
1326,4,EC1,4R1,4R1,0.010973149046650197,0.1,correct
1362,4,EC1,4R1,4R1,0.015754681843820253,0.1,correct
1363,4,EC1,4R1,4R1,0.006262587324740467,0.1,correct
1364,4,EC1,4R1,4R1,0.002626785107312743,0.1,correct
1365,4,EC1,4R1,4R1,0.009853425800197626,0.1,correct
1366,4,EC1,4R1,4R1,0.0035136520758322107,0.1,correct
1367,4,EC1,4D,4D,0.0030215889859476234,0.1,correct
1368,4,EC1,4D,4D,0.004023679907746129,0.1,correct
1369,4,EC1,4D,4D,0.004086563348340517,0.1,correct
1370,4,EC1,4D,4D,0.004001249804748506,0.1,correct
1371,4,EC1,4D,4D,0.001307669683062214,0.1,correct
1372,4,EC1,4D,4D,0.001224744871391579,0.1,correct
1432,4,EC1,4R1,4R1,0.017805897899291684,0.1,correct
1433,4,EC1,4R1,4R1,0.017619023809507726,0.1,correct
1434,4,EC1,4R1,4R1,0.010466613587975829,0.1,correct
1435,4,EC1,4R1,4R1,0.0323779245783296,0.1,correct
1436,4,EC1,4R1,4R1,0.020295812375955784,0.1,correct
1437,4,EC1,4D,4D,0.0015264337522473376,0.1,correct
1438,4,EC1,4D,4D,0.002607680962081072,0.1,correct
1439,4,EC1,4D,4D,0.010763828315241732,0.1,correct
1440,4,EC1,4D,4D,0.001984943324127915,0.1,correct
1441,4,EC1,4D,4D,0.001984943324127915,0.1,correct
1442,4,EC1,4D,4D,0.003231098884280707,0.1,correct
1443,4,EC1,4D,4D,0.021637236422426938,0.1,correct
1444,4,EC1,4D,4D,0.0031160872901765855,0.1,correct
1445,4,EC1,4D,4D,0.004581484475582118,0.1,correct
1446,4,EC1,4D,4D,0.007253964433328863,0.1,correct
1447,4,EC1,4D,4D,0.004301162633521306,0.1,correct
1474,4,EC1,1+31,1+31,0.014854628908188857,0.1,correct
1520,4,EC1,4R1,4R1,0.005293392107146418,0.1,correct
1521,4,EC1,4R1,4R1,0.00868907359849138,0.1,correct
1522,4,EC1,4D,4D,0.006519202405202641,0.1,correct
1523,4,EC1,4R1,4R1,0.00672755527662166,0.1,correct
1524,4,EC1,4R1,4R1,0.003056141357987227,0.1,correct
1525,4,EC1,4R1,4R1,0.006262587324740467,0.1,correct
1526,4,EC1,4D,4D,0.01294217910554477,0.1,correct
1527,4,EC1,4R1,4R1,0.010137553945602461,0.1,correct
1528,4,EC1,4R1,4R1,0.007869561614219681,0.1,correct
1529,4,EC1,4R1,4R1,0.009853425800197626,0.1,correct
1530,4,EC1,4R1,4R1,0.014004642087536547,0.1,correct
1615,4,EC1,4D,4D,0.010200980345045279,0.1,correct
1616,4,EC1,4R1,4R1,0.008589528508596964,0.1,correct
1617,4,EC1,4R1,4R1,0.0028583211855912984,0.1,correct
1620,4,EC1,4R1,4R1,0.008172212112396491,0.1,correct
1621,4,EC1,4R2,4R2,0.05641498028006391,0.1,correct
1622,4,EC1,4R1,4R1,0.01572863630452431,0.1,correct
1623,4,EC1,4R1,4R1,0.02317088690577036,0.1,correct
1624,4,EC1,4R1,4R1,0.003056141357987227,0.1,correct
1625,4,EC1,4D,4D,0.02533949486473634,0.1,correct
1695,4,EC1,4R1,4R1,0.007809609465267773,0.1,correct
1696,4,EC1,4R1,4R1,0.006103277807866844,0.1,correct
1697,4,EC1,4R2,1+31,0.04292880450233849,0.1,mismatch
1698,4,EC1,4R1,4R1,0.005249761899362672,0.1,correct
1746,4,EC1,4R1,4R1,0.011676900273617135,0.1,correct
1747,4,EC1,4R1,4R1,0.002716615541441232,0.1,correct
1748,4,EC1,4R1,4R1,0.00672755527662166,0.1,correct
1749,4,EC1,4R1,4R1,0.01308930861428517,0.1,correct
1750,4,EC1,4R1,4R1,0.005897457079114696,0.1,correct
1757,4,EC1,4D,4D,0.0047138094997570676,0.1,correct
1758,4,EC1,4D,4D,0.0022934689882359543,0.1,correct
1759,4,EC1,4D,4D,0.0034190641994557578,0.1,correct
1760,4,EC1,4D,4D,0.014528248345894957,0.1,correct
1761,4,EC1,4D,4D,0.0035185224171518127,0.1,correct
1762,4,EC1,4D,4D,0.0011916375287813058,0.1,correct
1763,4,EC1,4D,4D,0.008505292469985977,0.1,correct
1764,4,EC1,4D,4D,0.0033481338085566336,0.1,correct
1765,4,EC1,4D,4D,0.002334523505985743,0.1,correct
1766,4,EC1,4D,4D,0.005880476171195654,0.1,correct
1767,4,EC1,1+32,4D,0.0224644163066838,0.1,mismatch
1768,4,EC1,4D,4D,0.006375735251718046,0.1,correct
1769,4,EC1,4D,4D,0.03056615775657778,0.1,correct
1770,4,EC1,4D,4D,0.007775602870517515,0.1,correct
1771,4,EC1,4D,4D,0.002046948949045852,0.1,correct
1772,4,EC1,4D,4D,0.0039051248379533246,0.1,correct
1778,4,EC1,4D,4D,0.0028035691537752513,0.1,correct
1779,4,EC1,4D,4D,0.0018027756377319733,0.1,correct
1780,4,EC1,4D,4D,0.0026645825188948377,0.1,correct
1781,4,EC1,4D,4D,0.0027910571473905763,0.1,correct
1782,4,EC1,4D,4D,0.003252691193458138,0.1,correct
1783,4,EC1,4D,4D,0.002334523505985743,0.1,correct
1784,4,EC1,4D,4D,0.0011916375287813058,0.1,correct
1785,4,EC1,4R1,4R1,0.007549834435270759,0.1,correct
1786,4,EC1,4R1,4R1,0.0028583211855912984,0.1,correct
1796,4,EC1,4D,4D,0.004944694126030413,0.1,correct
1797,4,EC1,4D,4D,0.0017291616465790619,0.1,correct
1798,4,EC1,4D,4D,0.0015165750888103124,0.1,correct
1799,4,EC1,4D,4D,0.001224744871391579,0.1,correct
1800,4,EC1,4D,4D,0.006519202405202641,0.1,correct
1801,4,EC1,4D,4D,0.007245688373094734,0.1,correct
1802,4,EC1,4D,4D,0.0069260378283691,0.1,correct
1803,4,EC1,4D,4D,0.003889730067755371,0.1,correct
1804,4,EC1,4D,4D,0.003666060555964674,0.1,correct
1805,4,EC1,4D,4D,0.0017916472867169097,0.1,correct
1806,4,EC1,4D,4D,0.003986226285598958,0.1,correct
1807,4,EC1,4D,4D,0.001009950493836208,0.1,correct
1808,4,EC1,4D,4D,0.004001249804748527,0.1,correct
1809,4,EC1,4D,4D,0.0033256578296632024,0.1,correct
1810,4,EC1,4D,4D,0.0022113344387495867,0.1,correct
1957,4,EC1,1+31,4D,0.04442643260785182,0.1,mismatch
2041,4,EC1,1+31,4R1,0.02921968514546315,0.1,mismatch
2042,4,EC1,4D,4D,0.0085146931829632,0.1,correct
2121,4,EC1,1+31,1+31,0.016206716457691218,0.1,correct
2181,4,EC1,4R2,4R2,0.019967473550752506,0.1,correct
2198,4,EC1,4R1,4R1,0.007255472349199595,0.1,correct
2270,4,EC1,1+31,4R2,0.021591616600199277,0.1,mismatch
2323,4,EC1,4R1,4R1,0.005249761899362672,0.1,correct
2325,4,EC1,4R1,4R1,0.016674831333479807,0.1,correct
2342,4,EC1,1+32,1+32,0.0028284271247461827,0.1,correct
2343,4,EC1,1+32,1+32,0.0028284271247461827,0.1,correct
2344,4,EC1,1+32,1+32,0.003162277660168382,0.1,correct
2345,4,EC1,1+32,1+32,0.001732050807568879,0.1,correct
2346,4,EC1,1+32,1+32,0.0010000000000000009,0.1,correct
2347,4,EC1,1+32,1+32,0.003162277660168382,0.1,correct
2348,4,EC1,1+32,1+32,0.0020000000000000018,0.1,correct
2349,4,EC1,1+32,1+32,0.0029999999999999936,0.1,correct
2350,4,EC1,1+32,1+32,0.0024494897427831805,0.1,correct
2351,4,EC1,1+32,1+32,0.0020000000000000018,0.1,correct
2352,4,EC1,1+32,1+32,0.0014142135623730963,0.1,correct
2353,4,EC1,1+32,1+32,0.005477225575051656,0.1,correct
2354,4,EC1,1+32,1+32,0.0014142135623730963,0.1,correct
2355,4,EC1,1+32,1+32,0.002236067977499792,0.1,correct
2377,4,EC1,1+32,1+32,0.01153256259467079,0.1,correct
2379,4,EC1,1+32,1+32,0.016431676725154984,0.1,correct
2380,4,EC1,1+32,1+32,0.0014142135623730963,0.1,correct
2381,4,EC1,1+32,1+32,0.0029999999999999936,0.1,correct
2382,4,EC1,1+32,1+32,0.0029999999999999936,0.1,correct
2383,4,EC1,1+32,1+32,0.001732050807568879,0.1,correct
2384,4,EC1,1+32,1+32,0.0024494897427831805,0.1,correct
2385,4,EC1,1+32,1+32,0.0014142135623730963,0.1,correct
2386,4,EC1,1+32,1+32,0.0014142135623730963,0.1,correct
2387,4,EC1,1+32,1+32,0.001732050807568879,0.1,correct
2388,4,EC1,1+32,1+32,0.0010000000000000009,0.1,correct
2389,4,EC1,1+32,1+32,0.0014142135623730963,0.1,correct
2390,4,EC1,1+32,1+32,0.0014142135623730963,0.1,correct
2391,4,EC1,1+32,1+32,0.0014142135623730963,0.1,correct
2403,4,EC1,4D,4D,0.005916079783099622,0.1,correct
2404,4,EC1,4D,4D,0.005916079783099622,0.1,correct
2405,4,EC1,4D,4D,0.009055385138137424,0.1,correct
2406,4,EC1,1+32,1+32,0.01640121946685673,0.1,correct
2407,4,EC1,1+32,1+32,0.0036055512754639926,0.1,correct
2408,4,EC1,1+32,1+32,0.004472135954999584,0.1,correct
2409,4,EC1,1+32,1+32,0.002236067977499767,0.1,correct
2410,4,EC1,1+32,1+32,0.002236067977499767,0.1,correct
2411,4,EC1,1+32,1+32,0.007874007874011818,0.1,correct
2412,4,EC1,1+32,1+32,0.001732050807568879,0.1,correct
2413,4,EC1,1+32,1+32,0.0024494897427831805,0.1,correct
2414,4,EC1,1+32,1+32,0.0028284271247461927,0.1,correct
2415,4,EC1,1+32,1+32,0.007348469228349531,0.1,correct
2416,4,EC1,1+32,1+32,0.0030000000000000027,0.1,correct
2417,4,EC1,1+32,1+32,0.003316624790355403,0.1,correct
2418,4,EC1,1+32,1+32,0.0033166247903553985,0.1,correct
2419,4,EC1,1+32,1+32,0.0024494897427831805,0.1,correct
2420,4,EC1,1+32,1+32,0.003316624790355403,0.1,correct
2558,4,EC1,1+32,1+32,0.032465366161495854,0.1,correct
2559,4,EC1,1+32,1+32,0.0014142135623730963,0.1,correct
2560,4,EC1,1+32,1+32,0.0030000000000000027,0.1,correct
2561,4,EC1,1+32,1+32,0.00938083151964686,0.1,correct
2562,4,EC1,1+32,1+32,0.005477225575051666,0.1,correct
2563,4,EC1,1+32,1+32,0.003162277660168382,0.1,correct
2566,4,EC1,1+32,1+32,0.004242640687119289,0.1,correct
2567,4,EC1,1+32,1+32,0.0014142135623730963,0.1,correct
2568,4,EC1,1+32,1+32,0.0020000000000000018,0.1,correct
2569,4,EC1,1+32,1+32,0.003605551275463981,0.1,correct
2570,4,EC1,1+32,1+32,0.0014142135623730866,0.1,correct
2571,4,EC1,1+32,1+32,0.0022360679774997855,0.1,correct
2572,4,EC1,1+32,1+32,0.0014142135623730963,0.1,correct
2573,4,EC1,1+32,1+32,0.0024494897427831575,0.1,correct
2574,4,EC1,1+32,1+32,0.01029563014098701,0.1,correct
2575,4,EC1,1+32,1+32,0.0014142135623730866,0.1,correct
2576,4,EC1,1+32,1+32,0.0024494897427831575,0.1,correct
2577,4,EC1,1+32,1+32,0.006708203932499367,0.1,correct
2578,4,EC1,1+32,1+32,0.002999999999999975,0.1,correct
2590,4,EC1,1+32,1+32,0.0022360679774997855,0.1,correct
2591,4,EC1,1+32,1+32,0.006480740698407866,0.1,correct
2592,4,EC1,1+32,1+32,0.001732050807568879,0.1,correct
2593,4,EC1,1+32,1+32,0.004690415759823434,0.1,correct
2594,4,EC1,1+32,1+32,0.004123105625617651,0.1,correct
2595,4,EC1,1+32,1+32,0.007141428428542856,0.1,correct
2596,4,EC1,1+32,1+32,0.0029999999999999936,0.1,correct
2597,4,EC1,1+32,1+32,0.003316624790355403,0.1,correct
2598,4,EC1,4R1,4R1,0.008665448632355964,0.1,correct
2697,4,EC1,4R1,4R1,0.002716615541441232,0.1,correct
2698,4,EC1,4D,4D,0.001473091986265627,0.1,correct
2756,4,EC1,4D,4D,0.009055385138137424,0.1,correct
2757,4,EC1,4R1,4R1,0.005640035460881431,0.1,correct
2758,4,EC1,4R1,4R1,0.014685366866374162,0.1,correct
2966,4,EC1,1+31,1+31,0.010295630140986984,0.1,correct
2967,4,EC1,1+31,1+31,0.010295630140986984,0.1,correct
2985,4,EC1,4R1,4R1,0.013712000604215274,0.1,correct
2986,4,EC1,4R1,4R1,0.01236931687685298,0.1,correct
3307,4,EC1,4R1,4R1,0.008665448632355964,0.1,correct
3388,4,EC1,4R1,4R1,0.009402127418834517,0.1,correct
3389,4,EC1,4R1,4R1,0.010498095065296364,0.1,correct
3412,4,EC1,4R1,4R1,0.014806526905726383,0.1,correct
3420,4,EC1,4D,4D,0.010200980345045279,0.1,correct
3421,4,EC1,4R1,4R1,0.005897457079114696,0.1,correct
3531,4,EC1,1+31,1+31,0.02921968514546315,0.1,correct
3536,4,EC1,4R1,4R1,0.022602212281102048,0.1,correct
3597,4,EC1,1+31,1+31,0.0389230009120571,0.1,correct
3665,4,EC1,1+31,1+31,0.00877496438739213,0.1,correct
3668,4,EC1,1+31,1+31,0.021118712081942867,0.1,correct
3669,4,EC1,1+31,1+31,0.030232432915661953,0.1,correct
3683,4,EC1,1+31,1+31,0.013341664064126346,0.1,correct
3684,4,EC1,1+31,1+31,0.025787593916455232,0.1,correct
3685,4,EC1,1+31,1+31,0.012529964086141678,0.1,correct
3737,4,EC1,1+31,1+31,0.021954498400100168,0.1,correct
3740,4,EC1,4R1,4R1,0.03345503488340731,0.1,correct
3741,4,EC1,1+31,1+31,0.013341664064126346,0.1,correct
3742,4,EC1,1+31,1+31,0.006164414002968982,0.1,correct
3743,4,EC1,4D,4D,0.01258458814939924,0.1,correct
3744,4,EC1,1+31,1+31,0.03780211634287159,0.1,correct
3746,4,EC1,1+31,1+31,0.007874007874011818,0.1,correct
3747,4,EC1,1+31,1+31,0.012529964086141678,0.1,correct
3750,4,EC1,1+31,1+31,0.004582575694955844,0.1,correct
3751,4,EC1,1+31,1+31,0.013190905958272907,0.1,correct
3753,4,EC1,1+31,1+31,0.004582575694955844,0.1,correct
3754,4,EC1,1+31,1+31,0.012083045973594561,0.1,correct
3755,4,EC1,1+31,1+31,0.015905973720586882,0.1,correct
3758,4,EC1,1+31,1+31,0.023151673805580447,0.1,correct
3860,4,EC1,1+31,1+31,0.018973665961010293,0.1,correct
3861,4,EC1,1+31,1+31,0.017320508075688756,0.1,correct
3862,4,EC1,1+31,1+31,0.006782329983125274,0.1,correct
3863,4,EC1,1+31,1+31,0.02735854528296418,0.1,correct
3892,4,EC1,4D,4D,0.02981115661778323,0.1,correct
3893,4,EC1,1+31,1+31,0.02588435821108957,0.1,correct
3894,4,EC1,1+31,1+31,0.0073484692283495145,0.1,correct
3895,4,EC1,1+31,1+31,0.0073484692283495145,0.1,correct
3896,4,EC1,1+31,1+31,0.01769180601295415,0.1,correct
3897,4,EC1,1+31,1+31,0.012688577540449532,0.1,correct
3899,4,EC1,1+31,1+31,0.018973665961010293,0.1,correct
3900,4,EC1,1+31,1+31,0.012688577540449532,0.1,correct
3901,4,EC1,1+31,1+31,0.045661800227323475,0.1,correct
3996,4,EC1,4R1,4R1,0.009666685057453767,0.1,correct
4017,4,EC1,4R2,4R2,0.026905387889417234,0.1,correct
4097,4,EC1,1+31,1+31,0.007874007874011818,0.1,correct
4098,4,EC1,1+31,1+31,0.014352700094407336,0.1,correct
4099,4,EC1,1+31,1+31,0.006782329983125274,0.1,correct
4100,4,EC1,1+31,1+31,0.006164414002968982,0.1,correct
4188,4,EC2,4R2,4R2,0.005824295893067253,0.1,correct
4279,4,EC2,1+32,4D,0.0062377880695002755,0.1,mismatch
4288,4,EC2,4R1,4R1,0.0206274089502293,0.1,correct
4291,4,EC2,4R2,4R2,0.06348651144936225,0.1,correct
4410,4,EC2,4R2,4R2,0.011602601703497348,0.1,correct
4540,4,EC2,4R2,4R2,0.004848755949725674,0.1,correct
4542,4,EC2,4R2,4R2,0.005036864103785181,0.1,correct
4595,4,EC2,4R1,4R1,0.004780167361086857,0.1,correct
4621,4,EC2,4R2,4R2,0.008210359310042395,0.1,correct
4810,4,EC2,4R2,4R2,0.005887018295368213,0.1,correct
4820,4,EC2,4R2,4R2,0.01164973542875542,0.1,correct
4848,4,EC2,4R2,4R2,0.0069168385567396585,0.1,correct
4950,4,EC1,4R2,4R2,0.01245501954514723,0.1,correct
4952,4,EC1,4R2,4R2,0.0056380694452977925,0.1,correct
4953,4,EC1,4R2,4R2,0.013547396543247752,0.1,correct
4954,4,EC1,4R2,4R2,0.007814646142980462,0.1,correct
4955,4,EC1,4R2,4R2,0.011670231534121321,0.1,correct
4956,4,EC1,4R2,4R2,0.008232845142476544,0.1,correct
4958,4,EC1,4R2,4R2,0.007478819015058439,0.1,correct
4959,4,EC1,4R2,4R2,0.003573816899338835,0.1,correct
4960,4,EC1,4R2,4R2,0.007514426664090875,0.1,correct
4961,4,EC1,4R2,4R2,0.0033918130977399186,0.1,correct
4962,4,EC1,4R2,4R2,0.00375008742564757,0.1,correct
4963,4,EC1,4R2,4R2,0.0016311547259533377,0.1,correct
4964,4,EC1,4R2,4R2,0.006837022678037613,0.1,correct
4965,4,EC1,4R2,4R2,0.003702428840639589,0.1,correct
4966,4,EC1,4R2,4R2,0.004206210681837044,0.1,correct
4967,4,EC1,4R2,4R2,0.0037856345848483134,0.1,correct
4968,4,EC1,4R2,4R2,0.005448316611578305,0.1,correct
4969,4,EC1,4R2,4R2,0.003702428840639589,0.1,correct
4970,4,EC1,4R2,4R2,0.002258747289981792,0.1,correct
4971,4,EC1,4R2,4R2,0.006883333582647311,0.1,correct
4972,4,EC1,4R2,4R2,0.012960173739576197,0.1,correct
4994,4,EC1,4R2,4R2,0.005440249575157373,0.1,correct
4995,4,EC1,4R2,4R2,0.008105987493822119,0.1,correct
4996,4,EC1,4R2,4R2,0.005440249575157373,0.1,correct
4997,4,EC1,4R2,4R2,0.004396315759815249,0.1,correct
4998,4,EC1,4R2,4R2,0.005232948379259987,0.1,correct
4999,4,EC1,4R2,4R2,0.003021630503552695,0.1,correct
5027,4,EC1,4R2,4R2,0.0038278603148495464,0.1,correct
5028,4,EC1,4R2,4R2,0.010284607346904407,0.1,correct
5029,4,EC1,4R2,4R2,0.006129328708757574,0.1,correct
5030,4,EC1,4R2,4R2,0.002258747289981792,0.1,correct
5031,4,EC1,4R2,4R2,0.008655411836533244,0.1,correct
5032,4,EC1,4R2,4R2,0.003983305091252801,0.1,correct
5033,4,EC1,4R2,4R2,0.006576262564709511,0.1,correct
5034,4,EC1,4R2,4R2,0.0052245506467064,0.1,correct
5036,4,EC1,4R2,4R2,0.0045581283680914695,0.1,correct
5037,4,EC1,4R2,4R2,0.009099156878524476,0.1,correct
5038,4,EC1,4R2,4R2,0.004249803773117055,0.1,correct
5039,4,EC1,4R2,4R2,0.0030102913297553407,0.1,correct
5040,4,EC1,4R2,4R2,0.0053130187323215524,0.1,correct
5041,4,EC1,4R2,4R2,0.005704644404342838,0.1,correct
5042,4,EC1,4R2,4R2,0.00592611458124127,0.1,correct
5043,4,EC1,4R2,4R2,0.0037856345848483134,0.1,correct
5044,4,EC1,4R2,4R2,0.014544610857977596,0.1,correct
5085,4,EC1,4R2,4R2,0.035448057129552256,0.1,correct
5137,4,EC1,4R1,4R1,0.016408556336558067,0.1,correct
5204,4,EC1,4R2,4R2,0.002884941202173821,0.1,correct
5205,4,EC1,4R2,4R2,0.030054955781867305,0.1,correct
5206,4,EC1,4R2,4R2,0.012919183567470531,0.1,correct
5207,4,EC1,4R2,4R2,0.00968875305134775,0.1,correct
5208,4,EC1,4R2,4R2,0.009600433974565973,0.1,correct
5209,4,EC1,4R2,4R2,0.006161912583768156,0.1,correct
5210,4,EC1,4R2,4R2,0.008287142048981653,0.1,correct
5211,4,EC1,4R2,4R2,0.01675181088061823,0.1,correct
5220,4,EC1,4R2,4R2,0.005731073624548868,0.1,correct
5221,4,EC1,4R2,4R2,0.01092716413439461,0.1,correct
5222,4,EC1,4R2,4R2,0.01121055533771632,0.1,correct
5223,4,EC1,4R2,4R2,0.007851416889326434,0.1,correct
5224,4,EC1,4R2,4R2,0.014626182490998799,0.1,correct
5225,4,EC1,4R2,4R2,0.01092716413439461,0.1,correct
5226,4,EC1,4R2,4R2,0.007851416889326434,0.1,correct
5227,4,EC1,4R2,4R2,0.011732003263722682,0.1,correct
5314,4,EC1,4R2,4R2,0.006278870900886583,0.1,correct
5315,4,EC1,4R2,4R2,0.0046921899791035485,0.1,correct
5317,4,EC1,4R2,4R2,0.007632329027236712,0.1,correct
5318,4,EC1,4R2,4R2,0.0016311547259533377,0.1,correct
5319,4,EC1,4R2,4R2,0.007343261131813294,0.1,correct
5320,4,EC1,4R2,4R2,0.006842898176942282,0.1,correct
5321,4,EC1,4R2,4R2,0.007208119872060964,0.1,correct
5322,4,EC1,4R2,4R2,0.003021630503552695,0.1,correct
5323,4,EC1,4R2,4R2,0.009494849157832871,0.1,correct
5324,4,EC1,4R2,4R2,0.0024598098483419695,0.1,correct
5325,4,EC1,4R2,4R2,0.006990698673952395,0.1,correct
5326,4,EC1,4R2,4R2,0.005093955337456354,0.1,correct
5327,4,EC1,4R2,4R2,0.009423862726610572,0.1,correct
5328,4,EC1,4R2,4R2,0.006990698673952395,0.1,correct
5329,4,EC1,4R2,4R2,0.005303097488260993,0.1,correct
5330,4,EC1,4R2,4R2,0.002772130758099262,0.1,correct
5335,4,EC1,4R2,4R2,0.0038052815743384737,0.1,correct
5336,4,EC1,4R2,4R2,0.014505798375132639,0.1,correct
5337,4,EC1,4R2,4R2,0.011044173223016764,0.1,correct
5338,4,EC1,4R2,4R2,0.009359052693515498,0.1,correct
5339,4,EC1,4R2,4R2,0.009177267526339187,0.1,correct
5340,4,EC1,4R2,4R2,0.013450620799799508,0.1,correct
5341,4,EC1,4R2,4R2,0.007115676041670243,0.1,correct
5342,4,EC1,4R2,4R2,0.00411761049882087,0.1,correct
5348,4,EC1,4R2,4R2,0.003573816899338835,0.1,correct
5349,4,EC1,4R2,4R2,0.005713493769139862,0.1,correct
5350,4,EC1,4R2,4R2,0.004206210681837044,0.1,correct
5351,4,EC1,4R2,4R2,0.005402268445754963,0.1,correct
5352,4,EC1,4R2,4R2,0.00816327494943054,0.1,correct
5353,4,EC1,4R2,4R2,0.008025154673898808,0.1,correct
5354,4,EC1,4R2,4R2,0.025730597295826663,0.1,correct
5355,4,EC1,4R2,4R2,0.006557278443073788,0.1,correct
5375,4,EC1,4R2,4R2,0.004241561270334308,0.1,correct
5377,4,EC1,4R2,4R2,0.0024598098483419695,0.1,correct
5378,4,EC1,4R2,4R2,0.010073874685045473,0.1,correct
5379,4,EC1,4R2,4R2,0.00691778372168424,0.1,correct
5380,4,EC1,4R2,4R2,0.010287096710442645,0.1,correct
5381,4,EC1,4R2,4R2,0.007343261131813294,0.1,correct
5382,4,EC1,4R2,4R2,0.00518477155813063,0.1,correct
5383,4,EC1,4R2,4R2,0.0038700151433812523,0.1,correct
5384,4,EC1,4R2,4R2,0.009765730439142797,0.1,correct
5385,4,EC1,4R2,4R2,0.0033906191499488863,0.1,correct
5386,4,EC1,4R2,4R2,0.004696822888932474,0.1,correct
5387,4,EC1,4R2,4R2,0.0052853516231183605,0.1,correct
5391,4,EC1,4R2,4R2,0.0045838210676246985,0.1,correct
5392,4,EC1,4R2,4R2,0.0035183075093004577,0.1,correct
5393,4,EC1,4R2,4R2,0.00235760618212626,0.1,correct
5395,4,EC1,4R2,4R2,0.0038278603148495464,0.1,correct
5396,4,EC1,4R2,4R2,0.0038700151433812523,0.1,correct
5467,4,EC1,4R2,4R2,0.006602204721151907,0.1,correct
5468,4,EC1,4R2,4R2,0.007367246494450975,0.1,correct
5480,4,EC1,4R2,4R2,0.009099156878524476,0.1,correct
5481,4,EC1,4R2,4R2,0.004379849468874497,0.1,correct
5482,4,EC1,4R2,4R2,0.00754298808563289,0.1,correct
5483,4,EC1,4R2,4R2,0.0042392282811851275,0.1,correct
5484,4,EC1,4R2,4R2,0.007981862024615599,0.1,correct
5485,4,EC1,4R2,4R2,0.003231135852916152,0.1,correct
5496,4,EC1,4R2,4R2,0.0126449331465216,0.1,correct
5497,4,EC1,4R2,4R2,0.010065044912964902,0.1,correct
5498,4,EC1,4R2,4R2,0.009769529599729945,0.1,correct
5499,4,EC1,4R2,4R2,0.011240842317637927,0.1,correct
5500,4,EC1,4R2,4R2,0.01586011499107117,0.1,correct
5501,4,EC1,4R2,4R2,0.009765730439142797,0.1,correct
5502,4,EC1,4R2,4R2,0.008605451515173394,0.1,correct
5512,4,EC1,4R2,4R2,0.012080339063122341,0.1,correct
5515,4,EC1,4R2,4R2,0.039739157596255105,0.1,correct
5521,4,EC1,4R2,4R2,0.007895573447191755,0.1,correct
5522,4,EC1,4R2,4R2,0.004848755949725674,0.1,correct
5523,4,EC1,4R2,4R2,0.008489892396844608,0.1,correct
5524,4,EC1,4R2,4R2,0.00938581762767636,0.1,correct
5525,4,EC1,4R2,4R2,0.007513375947601694,0.1,correct
5533,4,EC1,4R2,4R2,0.006905420487559009,0.1,correct
5534,4,EC1,4R2,4R2,0.009186523923116965,0.1,correct
5535,4,EC1,4R2,4R2,0.006557278443073788,0.1,correct
5545,4,EC1,4D,4D,0.008916234511272126,0.1,correct
5548,4,EC1,4R2,4R2,0.023749481209491715,0.1,correct
5549,4,EC1,4R2,4R2,0.009494849157832871,0.1,correct
5552,4,EC1,4R1,4R1,0.006603110240636612,0.1,correct
5553,4,EC1,4R2,4R2,0.0065379306902107635,0.1,correct
5559,4,EC1,4R2,4R2,0.011732003263722682,0.1,correct
5560,4,EC1,4R2,4R2,0.004746008194261803,0.1,correct
5561,4,EC1,4R2,4R2,0.003075405145667775,0.1,correct
5562,4,EC1,4R2,4R2,0.004746008194261803,0.1,correct
5566,4,EC1,4R1,4R1,0.0035136520758322107,0.1,correct
5568,4,EC1,4R2,4R2,0.015223404042460423,0.1,correct
5569,4,EC1,4R2,4R2,0.005887018295368213,0.1,correct
5575,4,EC1,1+31,1+31,0.03185812130901638,0.1,correct
5587,4,EC1,4R1,4R1,0.012135120505788142,0.1,correct
5746,4,EC1,4R2,4R2,0.0039680248411520565,0.1,correct
5747,4,EC1,4R2,4R2,0.006900796688788938,0.1,correct
5748,4,EC1,4R2,4R2,0.004249803773117055,0.1,correct
5750,4,EC1,4R2,4R2,0.015000343972722761,0.1,correct
5751,4,EC1,4R2,4R2,0.010288921364749551,0.1,correct
5752,4,EC1,4R2,4R2,0.00673848042959242,0.1,correct
5761,4,EC1,4R2,4R2,0.014039051440179261,0.1,correct
5762,4,EC1,4R2,4R2,0.004241561270334308,0.1,correct
5763,4,EC1,4R2,4R2,0.013824551509181047,0.1,correct
5764,4,EC1,4R2,4R2,0.013428935328610366,0.1,correct
5765,4,EC1,4R2,4R2,0.0039680248411520565,0.1,correct
5766,4,EC1,4R2,4R2,0.006905420487559009,0.1,correct
5791,4,EC1,1+31,4D,0.026040344930319197,0.1,mismatch
5810,4,EC1,4R1,4R1,0.01767641872806818,0.1,correct
5821,4,EC1,4R2,4R2,0.013071917479467201,0.1,correct
5833,4,EC1,4R1,4R1,0.008297589718707485,0.1,correct
5865,4,EC1,4R2,4R2,0.009170600530499643,0.1,correct
5866,4,EC1,4R2,4R2,0.008605451515173394,0.1,correct
5884,4,EC1,4R2,4R2,0.0021671434747150735,0.1,correct
5943,4,EC1,4D,4D,0.01222243260934579,0.1,correct
5946,4,EC1,1+31,4R1,0.035294710693105275,0.1,mismatch
5952,4,EC1,4R2,4R2,0.01683009198578544,0.1,correct
5957,4,EC1,4R1,4R1,0.016408556336558067,0.1,correct
5958,4,EC1,4R2,4R2,0.01399613057705597,0.1,correct
5972,4,EC1,4R2,4R2,0.005180395092075542,0.1,correct
5973,4,EC1,4R2,4R2,0.008287142048981653,0.1,correct
5974,4,EC1,4R2,4R2,0.019322896550465728,0.1,correct
5975,4,EC1,4R2,4R2,0.006895885985861443,0.1,correct
5976,4,EC1,4R2,4R2,0.014022143721271719,0.1,correct
5977,4,EC1,4R2,4R2,0.006895885985861443,0.1,correct
5978,4,EC1,4R2,4R2,0.016147509703047108,0.1,correct
5979,4,EC1,4R2,4R2,0.004598609259330444,0.1,correct
5980,4,EC1,4R2,4R2,0.018964838345475063,0.1,correct
5981,4,EC1,4R2,4R2,0.00516848212340918,0.1,correct
5982,4,EC1,4R2,4R2,0.01900365540678951,0.1,correct
5988,4,EC1,4R2,4R2,0.005180395092075542,0.1,correct
5989,4,EC1,4R2,4R2,0.007818662651630412,0.1,correct
5990,4,EC1,4R2,4R2,0.0038052815743384737,0.1,correct
5991,4,EC1,4R2,4R2,0.0045581283680914695,0.1,correct
5992,4,EC1,4R2,4R2,0.009600433974565973,0.1,correct
5993,4,EC1,4R2,4R2,0.04356432126660526,0.1,correct
5994,4,EC1,4R2,4R2,0.002884941202173821,0.1,correct
5995,4,EC1,4R2,4R2,0.011653376244676905,0.1,correct
5996,4,EC1,4R2,4R2,0.005731073624548868,0.1,correct
5997,4,EC1,4R2,4R2,0.006161912583768156,0.1,correct
6018,4,EC1,4R2,4R2,0.0066853223946194045,0.1,correct
6019,4,EC1,4R2,4R2,0.00773023185551381,0.1,correct
6020,4,EC1,4R2,4R2,0.015864869550361874,0.1,correct
6021,4,EC1,4R2,4R2,0.004093056370244622,0.1,correct
6022,4,EC1,4R2,4R2,0.030745633102930246,0.1,correct
6111,4,EC1,4R1,4R1,0.00610528440778969,0.1,correct
6112,4,EC1,4R1,4R1,0.00610528440778969,0.1,correct
6226,4,EC1,4R1,4R1,0.018477441985567142,0.1,correct
6231,4,EC1,4R2,4R2,0.0494975496559173,0.1,correct
6318,4,EC1,4R2,4R2,0.07744807661207605,0.1,correct
6631,4,EC1,4R1,4R1,0.007255472349199595,0.1,correct
6632,4,EC1,4R1,4R1,0.008297589718707485,0.1,correct
6761,4,EC1,1+31,1+31,0.016206716457691218,0.1,correct
7243,4,EC1,4R2,4R2,0.003075405145667775,0.1,correct
7385,4,EC1,4R1,4R1,0.012135120505788142,0.1,correct
7499,4,EC1,4R1,4R1,0.01126973787006601,0.1,correct
7805,4,EC1,1+31,4R2,0.021591616600199277,0.1,mismatch
7899,4,EC2,4R2,4R2,0.01164973542875542,0.1,correct
7900,4,EC2,4R2,4R2,0.010871591382129859,0.1,correct
7906,4,EC2,4R2,4R2,0.03260226976162859,0.1,correct
7912,4,EC2,4R2,4R2,0.025357193708689434,0.1,correct
7933,4,EC2,4R2,4R2,0.003261287681269488,0.1,correct
7934,4,EC2,4R2,4R2,0.01607156180618424,0.1,correct
7937,4,EC2,4R2,4R2,0.008229593818044723,0.1,correct
7945,4,EC2,4R2,4R2,0.005824295893067253,0.1,correct
7946,4,EC2,4R2,4R2,0.00595174802558041,0.1,correct
7947,4,EC2,4R2,4R2,0.0050288624210650425,0.1,correct
7948,4,EC2,4R2,4R2,0.006383948170998854,0.1,correct
7949,4,EC2,4R2,4R2,0.006380002315046613,0.1,correct
7961,4,EC2,4R2,4R2,0.02745018207608104,0.1,correct
7968,4,EC2,4R2,4R2,0.0046921899791035485,0.1,correct
7980,4,EC2,4R2,4R2,0.012042663926640206,0.1,correct
7993,4,EC2,4R2,4R2,0.02533089109684064,0.1,correct
7994,4,EC2,4R2,4R2,0.006383948170998854,0.1,correct
7995,4,EC2,4R2,4R2,0.005926458207057549,0.1,correct
7996,4,EC2,4R2,4R2,0.006129328708757574,0.1,correct
8003,4,EC2,4R2,4R2,0.006230912062451189,0.1,correct
8005,4,EC2,4R2,4R2,0.05991051885145047,0.1,correct
8007,4,EC2,4R2,4R2,0.008549168564252339,0.1,correct
8008,4,EC2,4R2,4R2,0.0021671434747150735,0.1,correct
8013,4,EC2,4R2,4R2,0.007587802357731767,0.1,correct
8016,4,EC2,4R2,4R2,0.008091219895046744,0.1,correct
8023,4,EC2,4R2,4R2,0.005054936146975492,0.1,correct
8029,4,EC2,4R2,4R2,0.0126449331465216,0.1,correct
8030,4,EC2,4R2,4R2,0.006278870900886583,0.1,correct
8039,4,EC1,4R2,4R2,0.003983305091252801,0.1,correct
8040,4,EC1,4R2,4R2,0.006739556942410972,0.1,correct
8041,4,EC1,4R2,4R2,0.006905797232760315,0.1,correct
8042,4,EC1,4R2,4R2,0.006782325439699844,0.1,correct
8043,4,EC1,4R2,4R2,0.004910821215438456,0.1,correct
8044,4,EC1,4R2,4R2,0.005303097488260993,0.1,correct
8045,4,EC1,4R2,4R2,0.00911253629787008,0.1,correct
8048,4,EC1,4R1,4R1,0.008172212112396491,0.1,correct
8073,4,EC1,4R2,4R2,0.025357193708689434,0.1,correct
8074,4,EC1,4R2,4R2,0.013859460597728926,0.1,correct
8075,4,EC1,4R2,4R2,0.016605504509348692,0.1,correct
8076,4,EC1,4R2,4R2,0.011758744128519856,0.1,correct
8077,4,EC1,4R2,4R2,0.010034685047374417,0.1,correct
8078,4,EC1,4R2,4R2,0.012488167931686346,0.1,correct
8079,4,EC1,4R2,4R2,0.013671308818836617,0.1,correct
8080,4,EC1,4R2,4R2,0.017063470420755577,0.1,correct
8081,4,EC1,4R2,4R2,0.012897564862019494,0.1,correct
8082,4,EC1,4R2,4R2,0.009048291669702075,0.1,correct
8083,4,EC1,4R2,4R2,0.004927799433824405,0.1,correct
8100,4,EC1,4R2,4R2,0.015825043519055507,0.1,correct
8104,4,EC1,4R2,4R2,0.009186523923116965,0.1,correct
8106,4,EC1,4R2,4R2,0.008077342694847153,0.1,correct
8107,4,EC1,4R2,4R2,0.010871591382129859,0.1,correct
8108,4,EC1,4R2,4R2,0.007600096271758606,0.1,correct
8109,4,EC1,4R2,4R2,0.011416014993858423,0.1,correct
8113,4,EC1,4R2,4R2,0.0066853223946194045,0.1,correct
8114,4,EC1,4R2,4R2,0.010826501050662655,0.1,correct
8128,4,EC1,4R2,4R2,0.0033918130977399186,0.1,correct
8129,4,EC1,4R2,4R2,0.008957720723487632,0.1,correct
8130,4,EC1,4R2,4R2,0.006837022678037613,0.1,correct
8131,4,EC1,4R2,4R2,0.004704143339652863,0.1,correct
8132,4,EC1,4R2,4R2,0.016484911012498698,0.1,correct
8133,4,EC1,4R2,4R2,0.009609916237928395,0.1,correct
8136,4,EC1,4R2,4R2,0.004901954505092832,0.1,correct
8137,4,EC1,4R2,4R2,0.004704143339652863,0.1,correct
8146,4,EC1,4R2,4R2,0.01222786393897153,0.1,correct
8147,4,EC1,4R2,4R2,0.00717839633692655,0.1,correct
8152,4,EC1,1+31,1+31,0.026040344930319197,0.1,correct
8156,4,EC1,4R2,4R2,0.004598609259330444,0.1,correct
8157,4,EC1,4R2,4R2,0.012644869241712223,0.1,correct
8158,4,EC1,4R2,4R2,0.006905797232760315,0.1,correct
8159,4,EC1,4R2,4R2,0.008184982392161892,0.1,correct
8163,4,EC1,4R2,4R2,0.008105987493822119,0.1,correct
8164,4,EC1,4R2,4R2,0.005926458207057549,0.1,correct
8165,4,EC1,4R2,4R2,0.022861891022835357,0.1,correct
8166,4,EC1,4R2,4R2,0.010034685047374417,0.1,correct
8170,4,EC1,4R2,4R2,0.013167421455243253,0.1,correct
8171,4,EC1,4R2,4R2,0.013167421455243253,0.1,correct
8172,4,EC1,4R2,4R2,0.038942668800943804,0.1,correct
8275,4,EC1,4R1,4R1,0.009666685057453767,0.1,correct
8692,4,EC1,4R2,1+31,0.03185812130901638,0.1,mismatch
0,5,EC1,5R3,5R3,0.008107869736866799,0.1,correct
1,5,EC1,5R3,5R3,0.011223635774560748,0.1,correct
2,5,EC1,5R3,5R3,0.010027462291128292,0.1,correct
3,5,EC1,5R3,5R3,0.0024062418831032094,0.1,correct
4,5,EC1,5R3,5R3,0.007531932023060221,0.1,correct
5,5,EC1,5R3,5R3,0.006089334939055294,0.1,correct
6,5,EC1,5R3,5R3,0.007107038764492595,0.1,correct
7,5,EC1,5R3,5R3,0.004594562003064036,0.1,correct
8,5,EC1,5R3,5R3,0.006480740698407823,0.1,correct
9,5,EC1,5R3,5R3,0.0035057096285916194,0.1,correct
11,5,EC1,5R1,5R1,0.007536487860402884,0.1,correct
12,5,EC1,5R1,5R1,0.003872983346207417,0.1,correct
13,5,EC1,5R1,5R1,0.007141428428542856,0.1,correct
39,5,EC1,5R1,5R1,0.007077057084692769,0.1,correct
54,5,EC1,1+1+3,1+1+3,0.009019992732258711,0.1,correct
55,5,EC1,1+1+3,1+1+3,0.007549834435270757,0.1,correct
56,5,EC1,1+1+3,1+1+3,0.007548509786706251,0.1,correct
57,5,EC1,1+1+3,1+1+3,0.005702325285355138,0.1,correct
58,5,EC1,1+1+3,1+1+3,0.013728943271060626,0.1,correct
59,5,EC1,1+1+3,1+1+3,0.024433378808507048,0.1,correct
60,5,EC1,1+1+3,1+1+3,0.009389888178247915,0.1,correct
61,5,EC1,1+1+3,1+1+3,0.0024494897427831805,0.1,correct
62,5,EC1,1+1+3,1+1+3,0.00533479146733965,0.1,correct
63,5,EC1,1+1+3,1+1+3,0.004651881339845201,0.1,correct
64,5,EC1,1+1+3,1+1+3,0.006571909920259124,0.1,correct
65,5,EC1,1+1+3,1+1+3,0.006541542419032389,0.1,correct
66,5,EC1,1+1+3,1+1+3,0.02021311455466478,0.1,correct
67,5,EC1,1+1+3,1+1+3,0.014199674944871104,0.1,correct
68,5,EC1,1+1+3,1+1+3,0.0020928449536456208,0.1,correct
69,5,EC1,1+1+3,1+1+3,0.006388111440793729,0.1,correct
70,5,EC1,1+1+3,1+1+3,0.001732050807568879,0.1,correct
71,5,EC1,1+1+3,1+1+3,0.021248294049170134,0.1,correct
72,5,EC1,1+1+3,1+1+3,0.007141428428542805,0.1,correct
73,5,EC1,1+1+3,1+1+3,0.003925237360975788,0.1,correct
74,5,EC1,1+1+3,1+1+3,0.007597677955138651,0.1,correct
75,5,EC1,1+1+3,1+1+3,0.008575228244775773,0.1,correct
77,5,EC1,5R1,5R1,0.00910219753685889,0.1,correct
78,5,EC1,1+1+3,1+1+3,0.007880751562509749,0.1,correct
79,5,EC1,1+1+3,1+1+3,0.007348469228349518,0.1,correct
80,5,EC1,1+1+3,1+1+3,0.019255388856109865,0.1,correct
81,5,EC1,1+1+3,1+1+3,0.0058309518948453055,0.1,correct
82,5,EC1,1+1+3,1+1+3,0.012688577540449532,0.1,correct
83,5,EC1,1+1+3,1+1+3,0.0123482792323465,0.1,correct
84,5,EC1,1+1+3,1+1+3,0.014456832294800975,0.1,correct
85,5,EC1,1+1+3,1+1+3,0.010704395021672196,0.1,correct
86,5,EC1,1+1+3,1+1+3,0.011785570532647113,0.1,correct
87,5,EC1,1+1+3,1+1+3,0.009433981132056611,0.1,correct
88,5,EC1,1+1+3,1+1+3,0.017492855684535888,0.1,correct
94,5,EC1,1+1+3,1+1+3,0.0038729833462074204,0.1,correct
95,5,EC1,1+1+3,1+1+3,0.013336816081059232,0.1,correct
96,5,EC1,1+1+3,1+1+3,0.0031432467291003068,0.1,correct
97,5,EC1,1+1+3,1+1+3,0.00441976894305574,0.1,correct
99,5,EC1,1+1+3,1+1+3,0.007957190691443811,0.1,correct
100,5,EC1,1+1+3,1+1+3,0.00991969228655809,0.1,correct
101,5,EC1,1+1+3,1+1+3,0.00878938617595106,0.1,correct
102,5,EC1,1+1+3,1+1+3,0.004918333050943172,0.1,correct
103,5,EC1,1+1+3,1+1+3,0.0019502442872624932,0.1,correct
104,5,EC1,1+1+3,1+1+3,0.006897825744392211,0.1,correct
105,5,EC1,1+1+3,1+1+3,0.013292479076530465,0.1,correct
111,5,EC1,1+1+3,1+1+3,0.01319090595827293,0.1,correct
112,5,EC1,1+1+3,1+1+3,0.010971400426563587,0.1,correct
115,5,EC1,1+1+3,1+1+3,0.011334019587066145,0.1,correct
116,5,EC1,1+1+3,1+1+3,0.015132745950421559,0.1,correct
117,5,EC1,1+1+3,1+1+3,0.005465672319120457,0.1,correct
118,5,EC1,1+1+3,1+1+3,0.007300158621564321,0.1,correct
120,5,EC1,1+1+3,1+1+3,0.011640017182117874,0.1,correct
121,5,EC1,1+1+3,1+1+3,0.04216545245292644,0.1,correct
141,5,EC1,1+1+3,1+1+3,0.013880219519157477,0.1,correct
142,5,EC1,1+1+3,1+1+3,0.0062291281918098445,0.1,correct
143,5,EC1,1+1+3,1+1+3,0.007100704190430693,0.1,correct
144,5,EC1,1+1+3,1+1+3,0.017538622697920152,0.1,correct
145,5,EC1,1+1+3,1+1+3,0.00807320035425853,0.1,correct
146,5,EC1,1+1+3,1+1+3,0.01691153452528778,0.1,correct
147,5,EC1,1+1+3,1+1+3,0.00436463056855908,0.1,correct
148,5,EC1,1+1+3,1+1+3,0.007280109889280525,0.1,correct
149,5,EC1,1+1+3,1+1+3,0.015462858726639156,0.1,correct
150,5,EC1,1+1+3,1+1+3,0.008697990592659893,0.1,correct
178,5,EC1,1+1+3,1+1+3,0.004090848731009248,0.1,correct
179,5,EC1,1+1+3,1+1+3,0.01044030650891056,0.1,correct
180,5,EC1,1+1+3,1+1+3,0.007591169353268289,0.1,correct
181,5,EC1,1+1+3,1+1+3,0.005651548460377907,0.1,correct
182,5,EC1,5R1,5R1,0.00265518360947035,0.1,correct
184,5,EC1,1+1+3,1+1+3,0.013678084661238207,0.1,correct
186,5,EC1,2+3,2+3,0.028354893757515643,0.1,correct
196,5,EC1,1+1+3,1+1+3,0.008862279616441792,0.1,correct
197,5,EC1,1+1+3,1+1+3,0.008874490652426204,0.1,correct
198,5,EC1,1+1+3,1+1+3,0.012288205727444518,0.1,correct
199,5,EC1,1+1+3,1+1+3,0.010360501918343533,0.1,correct
200,5,EC1,1+1+3,1+1+3,0.006928203230275516,0.1,correct
201,5,EC1,1+1+3,1+1+3,0.01959753621989254,0.1,correct
202,5,EC1,1+1+3,1+1+3,0.006928203230275516,0.1,correct
203,5,EC1,2+3,2+3,0.02511971337416094,0.1,correct
207,5,EC1,1+1+3,1+1+3,0.004898979485566361,0.1,correct
208,5,EC1,1+1+3,1+1+3,0.008185352771872456,0.1,correct
209,5,EC1,1+1+3,1+1+3,0.00771061966122047,0.1,correct
211,5,EC1,1+1+3,1+1+3,0.007157713099866507,0.1,correct
212,5,EC1,1+1+3,1+1+3,0.017832554500127006,0.1,correct
213,5,EC1,1+1+3,1+1+3,0.008311869859423934,0.1,correct
214,5,EC1,1+1+3,1+1+3,0.010222524150130427,0.1,correct
219,5,EC1,1+1+3,1+1+3,0.014212670403551897,0.1,correct
220,5,EC1,1+1+3,1+1+3,0.00877496438739213,0.1,correct
221,5,EC1,1+1+3,1+1+3,0.021517434791350033,0.1,correct
222,5,EC1,1+1+3,1+1+3,0.0077459666924148156,0.1,correct
223,5,EC1,1+1+3,1+1+3,0.004128896208431501,0.1,correct
224,5,EC1,1+1+3,1+1+3,0.008306623862918083,0.1,correct
225,5,EC1,1+1+3,1+1+3,0.0013820274961085178,0.1,correct
226,5,EC1,1+1+3,1+1+3,0.00685565460040105,0.1,correct
227,5,EC1,1+1+3,1+1+3,0.004051276068104984,0.1,correct
228,5,EC1,1+1+3,1+1+3,0.006480740698407867,0.1,correct
229,5,EC1,1+1+3,1+1+3,0.004358898943540677,0.1,correct
242,5,EC1,5R1,5R1,0.008838551917593748,0.1,correct
243,5,EC1,5R1,5R1,0.009273618495495689,0.1,correct
244,5,EC1,1+1+3,1+1+3,0.01772004514666932,0.1,correct
256,5,EC1,5R1,5R1,0.009641012779786157,0.1,correct
257,5,EC1,1+1+3,1+1+3,0.0038729833462074204,0.1,correct
258,5,EC1,1+1+3,1+1+3,0.009290577754370281,0.1,correct
259,5,EC1,1+1+3,1+1+3,0.011916375287812971,0.1,correct
260,5,EC1,1+1+3,1+1+3,0.00640078120232207,0.1,correct
261,5,EC1,1+1+3,1+1+3,0.005916079783099622,0.1,correct
262,5,EC1,1+1+3,1+1+3,0.02148255105894085,0.1,correct
263,5,EC1,1+1+3,1+1+3,0.007706490770772407,0.1,correct
264,5,EC1,5R1,5R1,0.006537583651472455,0.1,correct
273,5,EC1,5R1,5R1,0.004582575694955832,0.1,correct
274,5,EC1,5R1,5R1,0.007745966692414841,0.1,correct
275,5,EC1,5R1,5R1,0.003464101615137758,0.1,correct
276,5,EC1,1+1+3,1+1+3,0.01962700357797897,0.1,correct
277,5,EC1,1+1+3,1+1+3,0.010842371358240777,0.1,correct
278,5,EC1,1+1+3,1+1+3,0.018591126915816544,0.1,correct
279,5,EC1,1+1+3,1+1+3,0.0038729833462074204,0.1,correct
280,5,EC1,5R1,5R1,0.001063014581273468,0.1,correct
281,5,EC1,5R1,5R1,0.008366600265340762,0.1,correct
283,5,EC1,1+1+3,1+1+3,0.0019957165254614615,0.1,correct
284,5,EC1,1+1+3,1+1+3,0.01295420267943961,0.1,correct
285,5,EC1,1+1+3,1+1+3,0.008602325267042634,0.1,correct
286,5,EC1,5R1,5R1,0.0058309518948453055,0.1,correct
287,5,EC1,1+1+3,1+1+3,0.006480740698407849,0.1,correct
288,5,EC1,1+1+3,1+1+3,0.016757058785479038,0.1,correct
289,5,EC1,1+1+3,1+1+3,0.013799837563174443,0.1,correct
290,5,EC1,1+1+3,1+1+3,0.004898979485566338,0.1,correct
291,5,EC1,1+1+3,1+1+3,0.006732504129222635,0.1,correct
292,5,EC1,1+1+3,1+1+3,0.007633532130016876,0.1,correct
293,5,EC1,1+1+3,1+1+3,0.0031136928926918804,0.1,correct
294,5,EC1,1+1+3,1+1+3,0.0037588632297544298,0.1,correct
295,5,EC1,1+1+3,1+1+3,0.0024494897427831805,0.1,correct
296,5,EC1,1+1+3,1+1+3,0.016874798069902906,0.1,correct
297,5,EC1,1+1+3,1+1+3,0.009821914273704447,0.1,correct
298,5,EC1,1+1+3,1+1+3,0.007651362842004035,0.1,correct
299,5,EC1,1+1+3,1+1+3,0.0088372769058121,0.1,correct
300,5,EC1,1+1+3,1+1+3,0.009309174273801093,0.1,correct
301,5,EC1,1+1+3,1+1+3,0.010470980984606934,0.1,correct
302,5,EC1,1+1+3,1+1+3,0.028139296366469464,0.1,correct
303,5,EC1,1+1+3,1+1+3,0.005108679869594491,0.1,correct
304,5,EC1,1+1+3,1+1+3,0.01535350122936132,0.1,correct
305,5,EC1,1+1+3,1+1+3,0.007713119775421592,0.1,correct
306,5,EC1,1+1+3,1+1+3,0.022759613353482058,0.1,correct
307,5,EC1,1+1+3,1+1+3,0.007666508505832365,0.1,correct
308,5,EC1,1+1+3,1+1+3,0.02685548492505767,0.1,correct
309,5,EC1,1+1+3,1+1+3,0.013490618884988185,0.1,correct
310,5,EC1,1+1+3,1+1+3,0.0153540417444398,0.1,correct
312,5,EC1,5R1,5R1,0.0019798764885719513,0.1,correct
313,5,EC1,5R1,5R1,0.0026457513110645877,0.1,correct
314,5,EC1,5R1,5R1,0.0017320508075688709,0.1,correct
315,5,EC1,5R1,5R1,0.0017320508075688709,0.1,correct
316,5,EC1,5R1,5R1,0.0025061432301446847,0.1,correct
317,5,EC1,5R1,5R1,0.00124899959967968,0.1,correct
318,5,EC1,5R1,5R1,0.0026457513110645877,0.1,correct
319,5,EC1,5R1,5R1,0.0024494897427831805,0.1,correct
320,5,EC1,5R1,5R1,0.001349073756323216,0.1,correct
321,5,EC1,5R1,5R1,0.00394228860561984,0.1,correct
322,5,EC1,5R1,5R1,0.009407443861113389,0.1,correct
323,5,EC1,5R1,5R1,0.0037416573867739373,0.1,correct
324,5,EC1,5R1,5R1,0.001732050807568879,0.1,correct
325,5,EC1,5R1,5R1,0.0071414284285428375,0.1,correct
326,5,EC1,5R1,5R1,0.0036855712691521766,0.1,correct
327,5,EC1,5R1,5R1,0.007810249675906656,0.1,correct
328,5,EC1,5R1,5R1,0.0037416573867739447,0.1,correct
329,5,EC1,5R1,5R1,0.004074489471087149,0.1,correct
330,5,EC1,5R1,5R1,0.0074161984870956595,0.1,correct
331,5,EC1,5R1,5R1,0.007874007874011818,0.1,correct
332,5,EC1,5R1,5R1,0.00448776113446337,0.1,correct
333,5,EC1,5R1,5R1,0.0034641016151377457,0.1,correct
334,5,EC1,5R1,5R1,0.00887955394938281,0.1,correct
335,5,EC1,5R1,5R1,0.00203469899493758,0.1,correct
336,5,EC1,5R1,5R1,0.004690415759823428,0.1,correct
341,5,EC1,5R1,5R1,0.0028284271247461927,0.1,correct
342,5,EC1,5R1,5R1,0.002645751311064593,0.1,correct
343,5,EC1,5R1,5R1,0.001732050807568879,0.1,correct
344,5,EC1,5R1,5R1,0.001610672223017474,0.1,correct
345,5,EC1,5R1,5R1,0.0023685438564653946,0.1,correct
346,5,EC1,5R1,5R1,0.001528755945205126,0.1,correct
347,5,EC1,5R1,5R1,0.0022360679774997855,0.1,correct
348,5,EC1,5R1,5R1,0.004358898943540667,0.1,correct
349,5,EC1,5R1,5R1,0.0024494897427831805,0.1,correct
350,5,EC1,5R1,5R1,0.002746709247445027,0.1,correct
351,5,EC1,5R1,5R1,0.0022360679774997855,0.1,correct
352,5,EC1,5R1,5R1,0.005905537680855149,0.1,correct
353,5,EC1,5R1,5R1,0.013784048752090215,0.1,correct
354,5,EC1,5R1,5R1,0.008959910713840842,0.1,correct
355,5,EC1,5R1,5R1,0.002449489742783169,0.1,correct
356,5,EC1,5R1,5R1,0.0028284271247461927,0.1,correct
357,5,EC1,5R1,5R1,0.004242640687119266,0.1,correct
358,5,EC1,5R1,5R1,0.0026457513110645825,0.1,correct
359,5,EC1,5R1,5R1,0.003115723689610493,0.1,correct
360,5,EC1,5R1,5R1,0.0041201553368774785,0.1,correct
361,5,EC1,5R1,5R1,0.004123105625617658,0.1,correct
362,5,EC1,5R1,5R1,0.004358898943540677,0.1,correct
363,5,EC1,5R1,5R1,0.004555098060415393,0.1,correct
364,5,EC1,5R1,5R1,0.011506526447629624,0.1,correct
365,5,EC1,5R1,5R1,0.005385164807134509,0.1,correct
366,5,EC1,5R1,5R1,0.003043024810940585,0.1,correct
367,5,EC1,5R1,5R1,0.0028284271247461927,0.1,correct
368,5,EC1,5R1,5R1,0.012041594578792307,0.1,correct
369,5,EC1,5R1,5R1,0.012000000000000002,0.1,correct
370,5,EC1,5R1,5R1,0.006244997998398404,0.1,correct
371,5,EC1,5R1,5R1,0.00509901951359279,0.1,correct
372,5,EC1,5R1,5R1,0.001732050807568879,0.1,correct
373,5,EC1,5R1,5R1,0.0022255810117809685,0.1,correct
374,5,EC1,5R1,5R1,0.0056057457630541985,0.1,correct
375,5,EC1,5R1,5R1,0.0026457513110645825,0.1,correct
376,5,EC1,5R1,5R1,0.0025132841522597475,0.1,correct
377,5,EC1,5R1,5R1,0.003872983346207417,0.1,correct
378,5,EC1,5R1,5R1,0.010392304845413253,0.1,correct
379,5,EC1,5R1,5R1,0.014999999999999994,0.1,correct
383,5,EC1,5R1,5R1,0.009695359714832655,0.1,correct
386,5,EC1,1+1+3,1+1+3,0.008857647311786577,0.1,correct
387,5,EC1,1+1+3,1+1+3,0.03643061899007481,0.1,correct
388,5,EC1,1+1+3,1+1+3,0.022248595461287008,0.1,correct
389,5,EC1,1+1+3,1+1+3,0.01734935157289749,0.1,correct
390,5,EC1,1+1+3,1+1+3,0.009949874371066208,0.1,correct
391,5,EC1,1+1+3,1+1+3,0.007000905497148222,0.1,correct
392,5,EC1,1+1+3,1+1+3,0.006228161847608007,0.1,correct
393,5,EC1,1+1+3,1+1+3,0.008076509146902524,0.1,correct
394,5,EC1,1+1+3,1+1+3,0.00509901951359279,0.1,correct
395,5,EC1,1+1+3,1+1+3,0.005679952514766305,0.1,correct
396,5,EC1,1+1+3,1+1+3,0.030545048698602514,0.1,correct
397,5,EC1,1+1+3,1+1+3,0.011916375287812971,0.1,correct
398,5,EC1,1+1+3,1+1+3,0.008393319599538684,0.1,correct
399,5,EC1,1+1+3,1+1+3,0.008485281374238578,0.1,correct
400,5,EC1,1+1+3,1+1+3,0.007718528069522057,0.1,correct
401,5,EC1,5R1,5R1,0.0026457513110645877,0.1,correct
402,5,EC1,5R1,5R1,0.004582575694955838,0.1,correct
403,5,EC1,5R1,5R1,0.005525498486109642,0.1,correct
404,5,EC1,1+1+3,1+1+3,0.005038106671161316,0.1,correct
405,5,EC1,1+1+3,1+1+3,0.00509901951359279,0.1,correct
406,5,EC1,1+1+3,1+1+3,0.007141428428542805,0.1,correct
407,5,EC1,1+1+3,1+1+3,0.009694479500210422,0.1,correct
408,5,EC1,1+1+3,1+1+3,0.005268775948927819,0.1,correct
409,5,EC1,1+1+3,1+1+3,0.04009862840547044,0.1,correct
425,5,EC1,5R1,5R1,0.004123105625617665,0.1,correct
426,5,EC1,5R1,5R1,0.0012429572880835462,0.1,correct
427,5,EC1,5R1,5R1,0.003316624790355403,0.1,correct
428,5,EC1,5R1,5R1,0.0036055512754639887,0.1,correct
429,5,EC1,5R1,5R1,0.004807157568667801,0.1,correct
430,5,EC1,5R1,5R1,0.004582575694955844,0.1,correct
431,5,EC1,5R1,5R1,0.004123105625617665,0.1,correct
432,5,EC1,5R1,5R1,0.006082762530298225,0.1,correct
434,5,EC1,5R1,5R1,0.005370288632839027,0.1,correct
435,5,EC1,5R1,5R1,0.003629197887963682,0.1,correct
436,5,EC1,5R1,5R1,0.004123105625617665,0.1,correct
437,5,EC1,5R1,5R1,0.003162277660168371,0.1,correct
438,5,EC1,5R1,5R1,0.002547547840571409,0.1,correct
439,5,EC1,5R1,5R1,0.004123105625617658,0.1,correct
440,5,EC1,5R1,5R1,0.0024415538105886556,0.1,correct
441,5,EC1,5R1,5R1,0.004932544982055411,0.1,correct
442,5,EC1,5R1,5R1,0.005269544730809303,0.1,correct
443,5,EC1,5R1,5R1,0.0023515952032609725,0.1,correct
449,5,EC1,1+1+3,1+1+3,0.004898979485566361,0.1,correct
450,5,EC1,1+1+3,1+1+3,0.013953712158060294,0.1,correct
451,5,EC1,1+1+3,1+1+3,0.008412156652131497,0.1,correct
452,5,EC1,1+1+3,1+1+3,0.010208976819446724,0.1,correct
453,5,EC1,1+1+3,1+1+3,0.011514261980257358,0.1,correct
454,5,EC1,1+1+3,1+1+3,0.0058216972052830395,0.1,correct
455,5,EC1,1+1+3,1+1+3,0.029938770849852914,0.1,correct
456,5,EC1,1+1+3,1+1+3,0.012720849028268503,0.1,correct
457,5,EC1,1+1+3,1+1+3,0.00362947048479527,0.1,correct
459,5,EC1,5R1,5R1,0.001732050807568879,0.1,correct
460,5,EC1,5R1,5R1,0.003316624790355403,0.1,correct
461,5,EC1,5R1,5R1,0.003162277660168371,0.1,correct
462,5,EC1,1+1+3,1+1+3,0.00509901951359279,0.1,correct
463,5,EC1,5R1,5R1,0.002375584723810127,0.1,correct
464,5,EC1,5R1,5R1,0.002236067977499792,0.1,correct
468,5,EC1,5R1,5R1,0.007391922797892302,0.1,correct
469,5,EC1,1+1+3,1+1+3,0.009331666517830546,0.1,correct
470,5,EC1,1+1+3,1+1+3,0.007416198487095643,0.1,correct
471,5,EC1,1+1+3,1+1+3,0.00728392832542989,0.1,correct
472,5,EC1,1+1+3,1+1+3,0.011957009069997398,0.1,correct
473,5,EC1,5R1,5R1,0.006480740698407862,0.1,correct
474,5,EC1,5R1,5R1,0.001117267004793395,0.1,correct
475,5,EC1,5R1,5R1,0.0026457513110645877,0.1,correct
476,5,EC1,5R1,5R1,0.0026457513110645877,0.1,correct
477,5,EC1,5R1,5R1,0.002760584479779601,0.1,correct
478,5,EC1,5R1,5R1,0.0031622776601683824,0.1,correct
479,5,EC1,5R1,5R1,0.0024494897427831805,0.1,correct
480,5,EC1,5R1,5R1,0.0024494897427831805,0.1,correct
481,5,EC1,5R1,5R1,0.0019818669657673785,0.1,correct
482,5,EC1,5R1,5R1,0.0053271015064479494,0.1,correct
483,5,EC1,5R1,5R1,0.0024494897427831805,0.1,correct
484,5,EC1,5R1,5R1,0.015132745950421557,0.1,correct
485,5,EC1,5R1,5R1,0.004123105625617665,0.1,correct
486,5,EC1,5R1,5R1,0.0030000000000000027,0.1,correct
487,5,EC1,5R1,5R1,0.003935591420612667,0.1,correct
488,5,EC1,5R2,5R2,0.020063150300987143,0.1,correct
489,5,EC1,1+1+3,1+1+3,0.006480740698407849,0.1,correct
490,5,EC1,5R1,5R1,0.021931712199461315,0.1,correct
491,5,EC1,1+1+3,1+1+3,0.009486832980505145,0.1,correct
492,5,EC1,5R1,5R1,0.003580502757993636,0.1,correct
493,5,EC1,5R1,5R1,0.006739436178197705,0.1,correct
494,5,EC1,5R1,5R1,0.004242640687119276,0.1,correct
495,5,EC1,5R1,5R1,0.005196152422706636,0.1,correct
496,5,EC1,5R1,5R1,0.005477225575051666,0.1,correct
497,5,EC1,1+1+3,1+1+3,0.011618950038622235,0.1,correct
498,5,EC1,1+1+3,1+1+3,0.009949874371066208,0.1,correct
499,5,EC1,1+1+3,1+1+3,0.0037416573867739447,0.1,correct
500,5,EC1,1+1+3,1+1+3,0.008807957619107848,0.1,correct
501,5,EC1,1+1+3,1+1+3,0.00580172388174412,0.1,correct
506,5,EC1,5R1,5R1,0.0036055512754639848,0.1,correct
509,5,EC1,5R1,5R1,0.012000000000000002,0.1,correct
510,5,EC1,5R1,5R1,0.007064922336445038,0.1,correct
512,5,EC1,5R1,5R1,0.010024470060806206,0.1,correct
513,5,EC1,5R1,5R1,0.012609520212918494,0.1,correct
514,5,EC1,5R1,5R1,0.0016827018630761695,0.1,correct
515,5,EC1,5R1,5R1,0.005977457653551384,0.1,correct
516,5,EC1,5R1,5R1,0.009273618495495689,0.1,correct
518,5,EC1,5R1,5R1,0.002051828452868313,0.1,correct
519,5,EC1,5R1,5R1,0.005196152422706626,0.1,correct
520,5,EC1,5R1,5R1,0.0029117587795008124,0.1,correct
521,5,EC1,5R1,5R1,0.0029999999999999914,0.1,correct
522,5,EC1,5R1,5R1,0.0054772255750516665,0.1,correct
535,5,EC1,5R1,5R1,0.005719265687131532,0.1,correct
536,5,EC1,1+1+3,1+1+3,0.0050554354688790056,0.1,correct
537,5,EC1,5R1,5R1,0.0056929781309961085,0.1,correct
538,5,EC1,5R1,5R1,0.004123105625617665,0.1,correct
539,5,EC1,1+1+3,1+1+3,0.007385120175054694,0.1,correct
540,5,EC1,5R1,5R1,0.002481016257504176,0.1,correct
541,5,EC1,5R1,5R1,0.0024494897427831805,0.1,correct
542,5,EC1,5R1,5R1,0.0028284271247461927,0.1,correct
543,5,EC1,5R1,5R1,0.002718455443813638,0.1,correct
544,5,EC1,5R1,5R1,0.002258884689398731,0.1,correct
545,5,EC1,5R1,5R1,0.0014982055967056095,0.1,correct
546,5,EC1,5R1,5R1,0.0073484692283495336,0.1,correct
547,5,EC1,5R1,5R1,0.004795831523312715,0.1,correct
548,5,EC1,5R1,5R1,0.001732050807568879,0.1,correct
549,5,EC1,5R1,5R1,0.002236067977499792,0.1,correct
550,5,EC1,5R1,5R1,0.002236067977499792,0.1,correct
551,5,EC1,5R1,5R1,0.0025059928172283348,0.1,correct
552,5,EC1,1+1+3,1+1+3,0.00552928767292858,0.1,correct
553,5,EC1,1+1+3,1+1+3,0.008266801074176149,0.1,correct
554,5,EC1,1+1+3,1+1+3,0.006480740698407867,0.1,correct
555,5,EC1,1+1+3,1+1+3,0.006413286365039381,0.1,correct
556,5,EC1,1+1+3,1+1+3,0.006083835367595013,0.1,correct
557,5,EC1,1+1+3,1+1+3,0.03278045075498507,0.1,correct
558,5,EC1,1+1+3,1+1+3,0.010099504938362088,0.1,correct
559,5,EC1,1+1+3,1+1+3,0.0057910470219123735,0.1,correct
566,5,EC1,5R1,5R1,0.008806108622995742,0.1,correct
567,5,EC1,5R1,5R1,0.006000000000000005,0.1,correct
568,5,EC1,5R1,5R1,0.006723838189605687,0.1,correct
569,5,EC1,1+1+3,1+1+3,0.008062257748298557,0.1,correct
570,5,EC1,1+1+3,1+1+3,0.007078135347674555,0.1,correct
571,5,EC1,1+1+3,1+1+3,0.006177378084592226,0.1,correct
572,5,EC1,1+1+3,1+1+3,0.007537379916124692,0.1,correct
573,5,EC1,5R1,5R1,0.0036055512754639887,0.1,correct
574,5,EC1,1+1+3,1+1+3,0.005744562646538034,0.1,correct
578,5,EC1,1+1+3,1+1+3,0.00586003412959343,0.1,correct
579,5,EC1,1+1+3,1+1+3,0.008660254037844393,0.1,correct
580,5,EC1,1+1+3,1+1+3,0.020273134932713252,0.1,correct
581,5,EC1,1+1+3,1+1+3,0.013013069648242122,0.1,correct
582,5,EC1,5R1,5R1,0.007211102550927979,0.1,correct
583,5,EC1,5R1,5R1,0.014628738838327791,0.1,correct
584,5,EC1,1+1+3,1+1+3,0.011618950038622235,0.1,correct
585,5,EC1,1+1+3,1+1+3,0.00685565460040105,0.1,correct
586,5,EC1,1+1+3,1+1+3,0.00685565460040105,0.1,correct
587,5,EC1,1+1+3,1+1+3,0.008049153144275477,0.1,correct
588,5,EC1,1+1+3,1+1+3,0.009029396436085866,0.1,correct
589,5,EC1,1+1+3,1+1+3,0.007473954776421906,0.1,correct
590,5,EC1,1+1+3,1+1+3,0.014491376746189452,0.1,correct
591,5,EC1,1+1+3,1+1+3,0.007745966692414841,0.1,correct
592,5,EC1,1+1+3,1+1+3,0.005491812087098397,0.1,correct
593,5,EC1,1+1+3,1+1+3,0.011641455307219967,0.1,correct
594,5,EC1,1+1+3,1+1+3,0.005744562646538034,0.1,correct
604,5,EC1,1+1+3,1+1+3,0.009745903035635021,0.1,correct
605,5,EC1,1+1+3,1+1+3,0.0031176914536239636,0.1,correct
606,5,EC1,5R1,5R1,0.009327379053088822,0.1,correct
607,5,EC1,5R1,5R1,0.00877496438739213,0.1,correct
608,5,EC1,5R1,5R1,0.006782329983125266,0.1,correct
609,5,EC1,1+1+3,1+1+3,0.006960634789299045,0.1,correct
610,5,EC1,1+1+3,1+1+3,0.005306889000158197,0.1,correct
611,5,EC1,1+1+3,1+1+3,0.004102438299353175,0.1,correct
612,5,EC1,1+1+3,1+1+3,0.007870748764888868,0.1,correct
613,5,EC1,2+3,2+3,0.025167041939806914,0.1,correct
614,5,EC1,1+1+3,1+1+3,0.006615400932672169,0.1,correct
615,5,EC1,1+1+3,1+1+3,0.007693322396728216,0.1,correct
616,5,EC1,1+1+3,1+1+3,0.009161858587644768,0.1,correct
617,5,EC1,1+1+3,1+1+3,0.013307516672918365,0.1,correct
618,5,EC1,1+1+3,1+1+3,0.008237330886276236,0.1,correct
619,5,EC1,2+3,2+3,0.016005311618334708,0.1,correct
620,5,EC1,2+3,2+3,0.012609123680890762,0.1,correct
621,5,EC1,1+1+3,1+1+3,0.007560423268574317,0.1,correct
622,5,EC1,1+1+3,1+1+3,0.007921917284975879,0.1,correct
623,5,EC1,2+3,2+3,0.012609123680890762,0.1,correct
624,5,EC1,2+3,2+3,0.014737551851986793,0.1,correct
625,5,EC1,1+1+3,1+1+3,0.007935529937565584,0.1,correct
626,5,EC1,1+1+3,1+1+3,0.010031980970376667,0.1,correct
627,5,EC1,1+1+3,1+1+3,0.007007139216541963,0.1,correct
628,5,EC1,1+1+3,1+1+3,0.009379232377972098,0.1,correct
629,5,EC1,1+1+3,1+1+3,0.00586003412959343,0.1,correct
630,5,EC1,1+1+3,1+1+3,0.006035726965329032,0.1,correct
631,5,EC1,1+1+3,1+1+3,0.004224926034855548,0.1,correct
632,5,EC1,1+1+3,1+1+3,0.004584757354539073,0.1,correct
633,5,EC1,1+1+3,1+1+3,0.003993745109543178,0.1,correct
634,5,EC1,1+1+3,1+1+3,0.015752569843362086,0.1,correct
635,5,EC1,1+1+3,1+1+3,0.0103178542144188,0.1,correct
636,5,EC1,1+1+3,1+1+3,0.0057091801810767685,0.1,correct
637,5,EC1,1+1+3,1+1+3,0.006450707282926399,0.1,correct
638,5,EC1,1+1+3,1+1+3,0.012655033890906863,0.1,correct
639,5,EC1,1+1+3,1+1+3,0.008871302046486765,0.1,correct
640,5,EC1,1+1+3,1+1+3,0.004102438299353175,0.1,correct
641,5,EC1,1+1+3,1+1+3,0.005782685795545178,0.1,correct
646,5,EC1,1+1+3,1+1+3,0.007046985170979158,0.1,correct
647,5,EC1,1+1+3,1+1+3,0.006372641437426042,0.1,correct
648,5,EC1,1+1+3,1+1+3,0.0030534797150136832,0.1,correct
649,5,EC1,1+1+3,1+1+3,0.0044049814869077455,0.1,correct
650,5,EC1,1+1+3,1+1+3,0.005773214009544452,0.1,correct
651,5,EC1,2+3,2+3,0.014919115255269004,0.1,correct
652,5,EC1,2+3,2+3,0.02193049748660529,0.1,correct
653,5,EC1,2+3,2+3,0.015620819440733588,0.1,correct
654,5,EC1,1+1+3,1+1+3,0.0068940647444015075,0.1,correct
655,5,EC1,1+1+3,1+1+3,0.0076092049518987435,0.1,correct
656,5,EC1,2+3,2+3,0.008196950652529275,0.1,correct
657,5,EC1,2+3,2+3,0.009532051195833986,0.1,correct
658,5,EC1,2+3,2+3,0.015620819440733588,0.1,correct
659,5,EC1,1+1+3,1+1+3,0.010359401087900792,0.1,correct
660,5,EC1,1+1+3,1+1+3,0.015617623968453072,0.1,correct
661,5,EC1,1+1+3,1+1+3,0.006207967380713281,0.1,correct
662,5,EC1,1+1+3,1+1+3,0.005525395913416526,0.1,correct
663,5,EC1,1+1+3,1+1+3,0.008217663901620717,0.1,correct
664,5,EC1,1+1+3,1+1+3,0.008461245231052027,0.1,correct
665,5,EC1,1+1+3,1+1+3,0.005163320439407177,0.1,correct
666,5,EC1,1+1+3,1+1+3,0.012543282199647782,0.1,correct
667,5,EC1,1+1+3,1+1+3,0.006693400149400883,0.1,correct
668,5,EC1,1+1+3,1+1+3,0.007038465741907108,0.1,correct
669,5,EC1,1+1+3,1+1+3,0.006317436188834838,0.1,correct
670,5,EC1,1+1+3,1+1+3,0.014521019247972899,0.1,correct
671,5,EC1,1+1+3,1+1+3,0.007474623736349522,0.1,correct
672,5,EC1,1+1+3,1+1+3,0.007100704190430693,0.1,correct
673,5,EC1,1+1+3,1+1+3,0.00640078120232207,0.1,correct
674,5,EC1,1+1+3,1+1+3,0.009183534390418536,0.1,correct
675,5,EC1,1+1+3,1+1+3,0.014499193341355215,0.1,correct
676,5,EC1,1+1+3,1+1+3,0.007536971835558388,0.1,correct
677,5,EC1,1+1+3,1+1+3,0.016587344573499384,0.1,correct
678,5,EC1,1+1+3,1+1+3,0.008107558990226346,0.1,correct
679,5,EC1,1+1+3,1+1+3,0.02541322165586255,0.1,correct
680,5,EC1,1+1+3,1+1+3,0.0053805204209258885,0.1,correct
681,5,EC1,1+1+3,1+1+3,0.012607787811111049,0.1,correct
682,5,EC1,1+1+3,1+1+3,0.012999615378925635,0.1,correct
683,5,EC1,1+1+3,1+1+3,0.00834685569541009,0.1,correct
694,5,EC1,1+1+3,1+1+3,0.02021311455466478,0.1,correct
695,5,EC1,1+1+3,1+1+3,0.012507997441637088,0.1,correct
696,5,EC1,1+1+3,1+1+3,0.013113723960797689,0.1,correct
699,5,EC1,5R1,5R1,0.00254950975679639,0.1,correct
700,5,EC1,5R1,5R1,0.0034828149534535994,0.1,correct
701,5,EC1,5R1,5R1,0.0013379088160259715,0.1,correct
702,5,EC1,5R1,5R1,0.003120897306865442,0.1,correct
703,5,EC1,5R1,5R1,0.002989983277545211,0.1,correct
704,5,EC1,5R1,5R1,0.002007485989988478,0.1,correct
712,5,EC1,1+1+3,1+1+3,0.0081480058910141,0.1,correct
713,5,EC1,1+1+3,1+1+3,0.009872689603142585,0.1,correct
714,5,EC1,1+1+3,1+1+3,0.02691077850973472,0.1,correct
715,5,EC1,5R1,5R1,0.0018439088914585836,0.1,correct
716,5,EC1,5R1,5R1,0.004451042786808501,0.1,correct
717,5,EC1,5R1,5R1,0.0018165902124584936,0.1,correct
718,5,EC1,5R1,5R1,0.004446346815083143,0.1,correct
719,5,EC1,5R1,5R1,0.002563201123595268,0.1,correct
720,5,EC1,5R1,5R1,0.0026381811916545836,0.1,correct
721,5,EC1,5R1,5R1,0.002076053949202664,0.1,correct
722,5,EC1,5R1,5R1,0.005719265687131532,0.1,correct
723,5,EC1,5R1,5R1,0.000896990523918721,0.1,correct
724,5,EC1,5R1,5R1,0.0032649655434628987,0.1,correct
725,5,EC1,5R1,5R1,0.001800000000000003,0.1,correct
726,5,EC1,5R1,5R1,0.004431442516833533,0.1,correct
727,5,EC1,5R1,5R1,0.00295127091267475,0.1,correct
758,5,EC1,5R1,5R1,0.004230160897649174,0.1,correct
761,5,EC1,1+1+3,1+1+3,0.008036790404135255,0.1,correct
762,5,EC1,1+1+3,1+1+3,0.008582540416450117,0.1,correct
763,5,EC1,1+1+3,1+1+3,0.006997856814768353,0.1,correct
764,5,EC1,1+1+3,1+1+3,0.00546443043692569,0.1,correct
765,5,EC1,1+1+3,1+1+3,0.020494877408757533,0.1,correct
766,5,EC1,1+1+3,1+1+3,0.006191122676865639,0.1,correct
767,5,EC1,1+1+3,1+1+3,0.004402228540182803,0.1,correct
768,5,EC1,1+1+3,1+1+3,0.007585512507405163,0.1,correct
775,5,EC1,5R2,5R2,0.005655970296951717,0.1,correct
776,5,EC1,5R2,5R2,0.009819368615140168,0.1,correct
777,5,EC1,5R2,5R2,0.010238163897887148,0.1,correct
778,5,EC1,1+1+3,1+1+3,0.010078540348681478,0.1,correct
779,5,EC1,1+1+3,1+1+3,0.0020493901531919542,0.1,correct
780,5,EC1,1+1+3,1+1+3,0.009464545366788616,0.1,correct
781,5,EC1,1+1+3,1+1+3,0.009788769074812234,0.1,correct
782,5,EC1,1+1+3,1+1+3,0.006018305409332406,0.1,correct
783,5,EC1,1+1+3,1+1+3,0.009175079079768212,0.1,correct
785,5,EC1,1+1+3,1+1+3,0.006169278726074874,0.1,correct
786,5,EC1,1+1+3,1+1+3,0.0065514208390241475,0.1,correct
787,5,EC1,1+1+3,1+1+3,0.0038381321173195596,0.1,correct
788,5,EC1,1+1+3,1+1+3,0.006169278726074874,0.1,correct
789,5,EC1,1+1+3,1+1+3,0.00530579566229232,0.1,correct
790,5,EC1,1+1+3,1+1+3,0.0036891733491393494,0.1,correct
791,5,EC1,1+1+3,1+1+3,0.02154924592648197,0.1,correct
792,5,EC1,1+1+3,1+1+3,0.007975587752636166,0.1,correct
793,5,EC1,1+1+3,1+1+3,0.009924212815130463,0.1,correct
794,5,EC1,1+1+3,1+1+3,0.007007139216541963,0.1,correct
795,5,EC1,1+1+3,1+1+3,0.003541186241925154,0.1,correct
796,5,EC1,1+1+3,1+1+3,0.006850190387135243,0.1,correct
797,5,EC1,1+1+3,1+1+3,0.002184032966784169,0.1,correct
798,5,EC1,1+1+3,1+1+3,0.0020493901531919542,0.1,correct
799,5,EC1,1+1+3,1+1+3,0.007056202944927241,0.1,correct
800,5,EC1,1+1+3,1+1+3,0.0049889878733065714,0.1,correct
801,5,EC1,1+1+3,1+1+3,0.008217663901620717,0.1,correct
802,5,EC1,1+1+3,1+1+3,0.005525395913416526,0.1,correct
803,5,EC1,1+1+3,1+1+3,0.005525575317557478,0.1,correct
804,5,EC1,1+1+3,1+1+3,0.008382720322186564,0.1,correct
805,5,EC1,1+1+3,1+1+3,0.009443217096943207,0.1,correct
806,5,EC1,1+1+3,1+1+3,0.012068907692910736,0.1,correct
807,5,EC1,1+1+3,1+1+3,0.008438601779915927,0.1,correct
808,5,EC1,1+1+3,1+1+3,0.0114731912016666,0.1,correct
809,5,EC1,1+1+3,1+1+3,0.006594694837519017,0.1,correct
810,5,EC1,1+1+3,1+1+3,0.0058225988029401285,0.1,correct
811,5,EC1,1+1+3,1+1+3,0.007920227269466487,0.1,correct
812,5,EC1,1+1+3,1+1+3,0.009859513172565884,0.1,correct
813,5,EC1,1+1+3,1+1+3,0.007697086281834197,0.1,correct
814,5,EC1,1+1+3,1+1+3,0.011169367410019273,0.1,correct
815,5,EC1,1+1+3,1+1+3,0.009757368634011943,0.1,correct
816,5,EC1,1+1+3,1+1+3,0.007669419795525612,0.1,correct
817,5,EC1,1+1+3,1+1+3,0.015549525216224455,0.1,correct
818,5,EC1,1+1+3,1+1+3,0.012811707558323367,0.1,correct
819,5,EC1,1+1+3,1+1+3,0.011543396380615176,0.1,correct
824,5,EC1,1+1+3,1+1+3,0.008108637370113442,0.1,correct
825,5,EC1,1+1+3,1+1+3,0.006394999132134424,0.1,correct
826,5,EC1,1+1+3,1+1+3,0.009928502381527605,0.1,correct
827,5,EC1,1+1+3,1+1+3,0.002419240928473228,0.1,correct
828,5,EC1,1+1+3,1+1+3,0.004394314508544007,0.1,correct
829,5,EC1,1+1+3,1+1+3,0.005117210135415583,0.1,correct
830,5,EC1,1+1+3,1+1+3,0.007103520254071234,0.1,correct
831,5,EC1,5R2,5R2,0.0033985290935932924,0.1,correct
832,5,EC1,5R2,5R2,0.0022636343697691177,0.1,correct
833,5,EC1,5R2,5R2,0.003782856063875549,0.1,correct
834,5,EC1,5R2,5R2,0.003497512211558383,0.1,correct
835,5,EC1,5R2,5R2,0.006126989472816158,0.1,correct
836,5,EC1,5R2,5R2,0.014577163636661285,0.1,correct
837,5,EC1,5R2,5R2,0.0038091597209883345,0.1,correct
838,5,EC1,5R2,5R2,0.004166017689592774,0.1,correct
839,5,EC1,5R2,5R2,0.005120339881296934,0.1,correct
840,5,EC1,5R2,5R2,0.0036438465637290496,0.1,correct
841,5,EC1,5R2,5R2,0.004544198872188576,0.1,correct
842,5,EC1,1+1+3,1+1+3,0.00895395479941684,0.1,correct
843,5,EC1,1+1+3,1+1+3,0.002184032966784169,0.1,correct
844,5,EC1,1+1+3,1+1+3,0.003541186241925154,0.1,correct
845,5,EC1,1+1+3,1+1+3,0.00491750820233174,0.1,correct
846,5,EC1,1+1+3,1+1+3,0.008364314741806428,0.1,correct
847,5,EC1,1+1+3,1+1+3,0.004302690228217679,0.1,correct
848,5,EC1,1+1+3,1+1+3,0.007319645788561088,0.1,correct
849,5,EC1,1+1+3,1+1+3,0.005606166793808406,0.1,correct
850,5,EC1,1+1+3,1+1+3,0.003270667959301266,0.1,correct
851,5,EC1,1+1+3,1+1+3,0.0075894207071423095,0.1,correct
852,5,EC1,1+1+3,1+1+3,0.00315199390227839,0.1,correct
853,5,EC1,1+1+3,1+1+3,0.004876689679485459,0.1,correct
854,5,EC1,1+1+3,1+1+3,0.005571012326319152,0.1,correct
855,5,EC1,1+1+3,1+1+3,0.015723549217654422,0.1,correct
857,5,EC1,1+1+3,1+1+3,0.008547514258543247,0.1,correct
859,5,EC1,5R2,5R2,0.012693699224418382,0.1,correct
863,5,EC1,1+1+3,1+1+3,0.0073810568348983965,0.1,correct
864,5,EC1,1+1+3,1+1+3,0.009021640649017221,0.1,correct
865,5,EC1,1+1+3,1+1+3,0.0029712363689211848,0.1,correct
866,5,EC1,1+1+3,1+1+3,0.005307904012884933,0.1,correct
867,5,EC1,1+1+3,1+1+3,0.007092344699744929,0.1,correct
868,5,EC1,1+1+3,1+1+3,0.009272540105062892,0.1,correct
869,5,EC1,1+1+3,1+1+3,0.008727542609463488,0.1,correct
870,5,EC1,5R2,5R2,0.008674099376880578,0.1,correct
884,5,EC1,1+1+3,1+1+3,0.008519976525789213,0.1,correct
885,5,EC1,1+1+3,1+1+3,0.008509406559801907,0.1,correct
886,5,EC1,1+1+3,1+1+3,0.01616477652180814,0.1,correct
887,5,EC1,5R1,5R1,0.002012461179749819,0.1,correct
888,5,EC1,5R1,5R1,0.002785594467972682,0.1,correct
889,5,EC1,5R1,5R1,0.0021840329667841534,0.1,correct
890,5,EC1,1+1+3,1+1+3,0.011221853679316975,0.1,correct
891,5,EC1,1+1+3,1+1+3,0.0019821119494115606,0.1,correct
892,5,EC1,5R1,5R1,0.0011236969164325422,0.1,correct
893,5,EC1,5R1,5R1,0.0021023796041628674,0.1,correct
894,5,EC1,5R1,5R1,0.002204540768504852,0.1,correct
895,5,EC1,5R1,5R1,0.0019899748742132307,0.1,correct
912,5,EC1,1+1+3,1+1+3,0.016020299622666247,0.1,correct
915,5,EC1,1+1+3,1+1+3,0.016020299622666247,0.1,correct
916,5,EC1,1+1+3,1+1+3,0.006806308478903962,0.1,correct
917,5,EC1,1+1+3,1+1+3,0.007840949685465419,0.1,correct
918,5,EC1,1+1+3,1+1+3,0.006577233460962121,0.1,correct
919,5,EC1,1+1+3,1+1+3,0.012750294114254771,0.1,correct
920,5,EC1,1+1+3,1+1+3,0.00899277487764484,0.1,correct
921,5,EC1,1+1+3,1+1+3,0.007369531871157083,0.1,correct
922,5,EC1,5R1,5R1,0.0023009215545080966,0.1,correct
923,5,EC1,5R1,5R1,0.0015000000000000107,0.1,correct
924,5,EC1,5R1,5R1,0.002256102834535704,0.1,correct
925,5,EC1,5R1,5R1,0.001941648783894754,0.1,correct
937,5,EC1,1+1+3,1+1+3,0.022882006046236424,0.1,correct
967,5,EC1,5R1,5R1,0.002195449840010017,0.1,correct
968,5,EC1,5R1,5R1,0.001063014581273468,0.1,correct
969,5,EC1,5R1,5R1,0.006244197306299657,0.1,correct
970,5,EC1,5R1,5R1,0.002517935662402829,0.1,correct
980,5,EC1,1+1+3,1+1+3,0.00792085853932514,0.1,correct
1003,5,EC1,1+1+3,1+1+3,0.016058953888718884,0.1,correct
1005,5,EC1,1+1+3,1+1+3,0.009916148445843279,0.1,correct
1006,5,EC1,1+1+3,1+1+3,0.006166846844214636,0.1,correct
1007,5,EC1,1+1+3,1+1+3,0.006513063795173517,0.1,correct
1008,5,EC1,1+1+3,1+1+3,0.007273926037567338,0.1,correct
1009,5,EC1,1+1+3,1+1+3,0.00788859936870924,0.1,correct
1018,5,EC1,5R1,5R1,0.0025059928172283348,0.1,correct
1019,5,EC1,5R1,5R1,0.009603124491539189,0.1,correct
1020,5,EC1,1+1+3,1+1+3,0.005651548460377907,0.1,correct
1021,5,EC1,1+1+3,1+1+3,0.009331666517830546,0.1,correct
1022,5,EC1,1+1+3,1+1+3,0.00844274836768218,0.1,correct
1023,5,EC1,5R1,5R1,0.0032730884161598878,0.1,correct
1024,5,EC1,5R1,5R1,0.002350274877540935,0.1,correct
1025,5,EC1,1+1+3,1+1+3,0.005001849514929444,0.1,correct
1026,5,EC1,1+1+3,1+1+3,0.007895568377260735,0.1,correct
1027,5,EC1,1+1+3,1+1+3,0.006585330161806617,0.1,correct
1028,5,EC1,1+1+3,1+1+3,0.006371465165093512,0.1,correct
1029,5,EC1,1+1+3,1+1+3,0.01796337822153729,0.1,correct
1030,5,EC1,1+1+3,1+1+3,0.003003503049773723,0.1,correct
1031,5,EC1,1+1+3,1+1+3,0.005972308971411311,0.1,correct
1036,5,EC1,5R1,5R1,0.0043278170016764865,0.1,correct
1037,5,EC1,1+1+3,1+1+3,0.006095079983068302,0.1,correct
1057,5,EC1,5R1,5R1,0.004596737973824488,0.1,correct
1058,5,EC1,5R1,5R1,0.005609137343656329,0.1,correct
1059,5,EC1,5R1,5R1,0.001984943324127919,0.1,correct
1060,5,EC1,5R1,5R1,0.002002498439450068,0.1,correct
1061,5,EC1,5R1,5R1,0.004038564101261728,0.1,correct
1062,5,EC1,5R1,5R1,0.0036083237105337335,0.1,correct
1063,5,EC1,5R1,5R1,0.0035184091262955883,0.1,correct
1064,5,EC1,5R1,5R1,0.002204540768504852,0.1,correct
1065,5,EC1,5R1,5R1,0.003402939905434704,0.1,correct
1066,5,EC1,5R1,5R1,0.0033151168908501453,0.1,correct
1069,5,EC1,1+1+3,1+1+3,0.025113615585773404,0.1,correct
1070,5,EC1,1+1+3,1+1+3,0.012310493358919497,0.1,correct
1071,5,EC1,1+1+3,1+1+3,0.008202925915793696,0.1,correct
1073,5,EC1,1+1+3,1+1+3,0.0265160328857844,0.1,correct
1074,5,EC1,1+1+3,1+1+3,0.022765750892513963,0.1,correct
1075,5,EC1,1+1+3,1+1+3,0.009545155839482143,0.1,correct
1076,5,EC1,1+1+3,1+1+3,0.009545155839482143,0.1,correct
1077,5,EC1,1+1+3,1+1+3,0.008927979741240466,0.1,correct
1078,5,EC1,1+1+3,1+1+3,0.0036891733491393494,0.1,correct
1079,5,EC1,1+1+3,1+1+3,0.005341378463468019,0.1,correct
1080,5,EC1,1+1+3,1+1+3,0.008066678437870204,0.1,correct
1081,5,EC1,1+1+3,1+1+3,0.007328455347479472,0.1,correct
1083,5,EC1,1+1+3,1+1+3,0.017512146209417028,0.1,correct
1084,5,EC1,1+1+3,1+1+3,0.006654321903845636,0.1,correct
1085,5,EC1,1+1+3,1+1+3,0.01742211238627507,0.1,correct
1086,5,EC1,1+1+3,1+1+3,0.009317593407098186,0.1,correct
1087,5,EC1,1+1+3,1+1+3,0.008922443611477765,0.1,correct
1088,5,EC1,1+1+3,1+1+3,0.01756473740196534,0.1,correct
1105,5,EC1,5R1,5R1,0.002002498439450068,0.1,correct
1106,5,EC1,5R1,5R1,0.0030185611920251136,0.1,correct
1107,5,EC1,1+1+3,1+1+3,0.0030708792845046727,0.1,correct
1108,5,EC1,1+1+3,1+1+3,0.009388823142439114,0.1,correct
1109,5,EC1,1+1+3,1+1+3,0.008258329128825041,0.1,correct
1110,5,EC1,1+1+3,1+1+3,0.007273926037567338,0.1,correct
1111,5,EC1,1+1+3,1+1+3,0.0,0.1,correct
1112,5,EC1,1+1+3,1+1+3,0.0068286162580716145,0.1,correct
1113,5,EC1,1+1+3,1+1+3,0.006581793068761743,0.1,correct
1114,5,EC1,1+1+3,1+1+3,0.0034856850115866727,0.1,correct
1115,5,EC1,1+1+3,1+1+3,0.006513063795173517,0.1,correct
1116,5,EC1,1+1+3,1+1+3,0.0034856850115866727,0.1,correct
1117,5,EC1,1+1+3,1+1+3,0.010385566907973778,0.1,correct
1118,5,EC1,1+1+3,1+1+3,0.005973442988762871,0.1,correct
1119,5,EC1,1+1+3,1+1+3,0.01056438373924385,0.1,correct
1120,5,EC1,5R1,5R1,0.002070526908784328,0.1,correct
1121,5,EC1,5R1,5R1,0.0003162277660168382,0.1,correct
1122,5,EC1,5R1,5R1,0.00194935886896179,0.1,correct
1123,5,EC1,5R1,5R1,0.002517935662402829,0.1,correct
1124,5,EC1,1+1+3,1+1+3,0.0,0.1,correct
1125,5,EC1,1+1+3,1+1+3,0.009513674369033248,0.1,correct
1150,5,EC1,5R1,5R1,0.004091454509095764,0.1,correct
1163,5,EC1,5R1,5R1,0.004923413450036462,0.1,correct
1164,5,EC1,1+1+3,1+1+3,0.00591222856966811,0.1,correct
1165,5,EC1,1+1+3,1+1+3,0.006076216504536378,0.1,correct
1166,5,EC1,1+1+3,1+1+3,0.007647776801790186,0.1,correct
1167,5,EC1,1+1+3,1+1+3,0.019723870809503895,0.1,correct
1168,5,EC1,5R1,5R1,0.0031906112267087706,0.1,correct
1206,5,EC1,5R1,5R1,0.0023368963284664487,0.1,correct
1210,5,EC1,1+1+3,1+1+3,0.005782140895896595,0.1,correct
1211,5,EC1,1+1+3,1+1+3,0.009893445642444267,0.1,correct
1212,5,EC1,5R2,5R2,0.01000489321981999,0.1,correct
1213,5,EC1,5R2,5R2,0.004846295377914955,0.1,correct
1214,5,EC1,5R2,5R2,0.0037878660931981336,0.1,correct
1215,5,EC1,1+1+3,1+1+3,0.009389888178247915,0.1,correct
1216,5,EC1,1+1+3,1+1+3,0.01071727577325508,0.1,correct
1217,5,EC1,1+1+3,1+1+3,0.01027715914054073,0.1,correct
1218,5,EC1,1+1+3,1+1+3,0.017193062617521054,0.1,correct
1219,5,EC1,1+1+3,1+1+3,0.009204704322790587,0.1,correct
1220,5,EC1,1+1+3,1+1+3,0.012705117079350355,0.1,correct
1221,5,EC1,1+1+3,1+1+3,0.00524404424085073,0.1,correct
1222,5,EC1,1+1+3,1+1+3,0.007681796664843458,0.1,correct
1244,5,EC1,1+1+3,1+1+3,0.003925900466135113,0.1,correct
1246,5,EC1,1+1+3,1+1+3,0.007038465741907108,0.1,correct
1247,5,EC1,1+1+3,1+1+3,0.007708233232719377,0.1,correct
1248,5,EC1,1+1+3,1+1+3,0.00392173431022552,0.1,correct
1249,5,EC1,5R2,5R2,0.004692646198042209,0.1,correct
1250,5,EC1,5R2,5R2,0.007113162266530971,0.1,correct
1251,5,EC1,5R2,5R2,0.009400791439554445,0.1,correct
1252,5,EC1,5R2,5R2,0.004824643856286181,0.1,correct
1253,5,EC1,5R2,5R2,0.006623708736802957,0.1,correct
1254,5,EC1,1+1+3,1+1+3,0.0031432467291003068,0.1,correct
1255,5,EC1,1+1+3,1+1+3,0.019242660938653983,0.1,correct
1256,5,EC1,1+1+3,1+1+3,0.006457690388211575,0.1,correct
1257,5,EC1,1+1+3,1+1+3,0.007385089182264499,0.1,correct
1258,5,EC1,1+1+3,1+1+3,0.009003247168105537,0.1,correct
1259,5,EC1,1+1+3,1+1+3,0.0053491465169688435,0.1,correct
1260,5,EC1,1+1+3,1+1+3,0.016793748836992906,0.1,correct
1261,5,EC1,1+1+3,1+1+3,0.011314592347937222,0.1,correct
1262,5,EC1,1+1+3,1+1+3,0.015480899683480896,0.1,correct
1263,5,EC1,1+1+3,1+1+3,0.018628472830589216,0.1,correct
1264,5,EC1,1+1+3,1+1+3,0.01280088190633754,0.1,correct
1265,5,EC1,1+1+3,1+1+3,0.009710493293854847,0.1,correct
1266,5,EC1,1+1+3,1+1+3,0.019423001713432423,0.1,correct
1275,5,EC1,1+1+3,1+1+3,0.008095060222135485,0.1,correct
1276,5,EC1,1+1+3,1+1+3,0.006642532367252696,0.1,correct
1277,5,EC1,1+1+3,1+1+3,0.0025738288618321115,0.1,correct
1278,5,EC1,1+1+3,1+1+3,0.0055067798666734264,0.1,correct
1279,5,EC1,1+1+3,1+1+3,0.0076629839710128725,0.1,correct
1280,5,EC1,1+1+3,1+1+3,0.012181517533952836,0.1,correct
1281,5,EC1,1+1+3,1+1+3,0.005183434083693923,0.1,correct
1297,5,EC1,5R2,5R2,0.009381897462667132,0.1,correct
1298,5,EC1,5R2,5R2,0.012276400123814781,0.1,correct
1299,5,EC1,5R2,5R2,0.008452218643646188,0.1,correct
1300,5,EC1,5R2,5R2,0.0046454405366983175,0.1,correct
1301,5,EC1,1+1+3,1+1+3,0.04203466896919731,0.1,correct
1302,5,EC1,1+1+3,1+1+3,0.005997793020770218,0.1,correct
1303,5,EC1,1+1+3,1+1+3,0.010532301399979002,0.1,correct
1304,5,EC1,1+1+3,1+1+3,0.007096968876217515,0.1,correct
1305,5,EC1,1+1+3,1+1+3,0.004159850425195602,0.1,correct
1306,5,EC1,1+1+3,1+1+3,0.009245566396386955,0.1,correct
1307,5,EC1,1+1+3,1+1+3,0.0053935146240647385,0.1,correct
1308,5,EC1,1+1+3,1+1+3,0.011070230349906887,0.1,correct
1309,5,EC1,5R2,5R2,0.007029736995791523,0.1,correct
1324,5,EC1,1+1+3,1+1+3,0.008688858581539902,0.1,correct
1327,5,EC1,5R1,5R1,0.0109777046781192,0.1,correct
1328,5,EC1,1+1+3,1+1+3,0.006721606950722446,0.1,correct
1329,5,EC1,1+1+3,1+1+3,0.005039957120849357,0.1,correct
1330,5,EC1,1+1+3,1+1+3,0.00625059997120274,0.1,correct
1331,5,EC1,1+1+3,1+1+3,0.0018216190765360317,0.1,correct
1332,5,EC1,5R2,5R2,0.008972736483370056,0.1,correct
1333,5,EC1,5R2,5R2,0.004178516483155241,0.1,correct
1334,5,EC1,5R2,5R2,0.004237422239994498,0.1,correct
1335,5,EC1,5R2,5R2,0.008875360197197651,0.1,correct
1336,5,EC1,1+1+3,1+1+3,0.004007492981902744,0.1,correct
1337,5,EC1,1+1+3,1+1+3,0.01366794272522385,0.1,correct
1338,5,EC1,5R2,5R2,0.004986983055916681,0.1,correct
1356,5,EC1,1+1+3,1+1+3,0.00853720885360079,0.1,correct
1357,5,EC1,5R2,5R2,0.004984176137537684,0.1,correct
1373,5,EC1,5R1,5R1,0.009908077512817519,0.1,correct
1374,5,EC1,5R1,5R1,0.0022715633383201183,0.1,correct
1375,5,EC1,5R1,5R1,0.0019416487838947569,0.1,correct
1376,5,EC1,5R1,5R1,0.0010723805294763553,0.1,correct
1377,5,EC1,5R1,5R1,0.0032511536414017847,0.1,correct
1378,5,EC1,5R1,5R1,0.0034251354396578337,0.1,correct
1379,5,EC1,5R1,5R1,0.0018411952639521985,0.1,correct
1380,5,EC1,5R1,5R1,0.0026019223662515417,0.1,correct
1381,5,EC1,1+1+3,1+1+3,0.007785136671889591,0.1,correct
1382,5,EC1,1+1+3,1+1+3,0.006105380232221393,0.1,correct
1448,5,EC1,1+1+3,1+1+3,0.013731350989614954,0.1,correct
1450,5,EC1,1+1+3,1+1+3,0.010519887479436253,0.1,correct
1451,5,EC1,1+1+3,1+1+3,0.023801890681204294,0.1,correct
1475,5,EC1,5R1,5R1,0.00265518360947035,0.1,correct
1477,5,EC1,1+1+3,1+1+3,0.01482767682410158,0.1,correct
1479,5,EC1,1+1+3,1+1+3,0.02155983928534718,0.1,correct
1480,5,EC1,1+1+3,1+1+3,0.004079461512258738,0.1,correct
1481,5,EC1,5R2,5R2,0.005500909015790007,0.1,correct
1482,5,EC1,1+1+3,1+1+3,0.0042941821107167575,0.1,correct
1483,5,EC1,1+1+3,1+1+3,0.004790615826801387,0.1,correct
1484,5,EC1,5R2,5R2,0.010261578825892239,0.1,correct
1485,5,EC1,1+1+3,1+1+3,0.008087644898238306,0.1,correct
1486,5,EC1,5R2,5R2,0.005270673581241787,0.1,correct
1487,5,EC1,1+1+3,1+1+3,0.01251757322886508,0.1,correct
1488,5,EC1,5R2,5R2,0.003930735895478093,0.1,correct
1489,5,EC1,1+1+3,1+1+3,0.005575228745083036,0.1,correct
1490,5,EC1,5R2,5R2,0.005107837115648856,0.1,correct
1491,5,EC1,1+1+3,1+1+3,0.007470609078247907,0.1,correct
1492,5,EC1,5R2,5R2,0.00886453608487213,0.1,correct
1493,5,EC1,5R2,5R2,0.003977436360270262,0.1,correct
1494,5,EC1,1+1+3,1+1+3,0.003252556516034743,0.1,correct
1495,5,EC1,1+1+3,1+1+3,0.01246675579290779,0.1,correct
1496,5,EC1,5R2,5R2,0.009381897462667132,0.1,correct
1497,5,EC1,5R2,5R2,0.007511324783285587,0.1,correct
1498,5,EC1,1+1+3,1+1+3,0.012815615474880658,0.1,correct
1499,5,EC1,5R2,5R2,0.004806245936279153,0.1,correct
1500,5,EC1,1+1+3,1+1+3,0.010860018416190597,0.1,correct
1501,5,EC1,1+1+3,1+1+3,0.007952986860293462,0.1,correct
1502,5,EC1,1+1+3,1+1+3,0.0038558585982890916,0.1,correct
1503,5,EC1,1+1+3,1+1+3,0.015522038311381648,0.1,correct
1504,5,EC1,1+1+3,1+1+3,0.009498052695684524,0.1,correct
1531,5,EC1,5R2,5R2,0.004861069841094662,0.1,correct
1533,5,EC1,1+1+3,1+1+3,0.004486646854834907,0.1,correct
1534,5,EC1,1+1+3,1+1+3,0.0055695601262577285,0.1,correct
1535,5,EC1,1+1+3,1+1+3,0.013783323256747599,0.1,correct
1536,5,EC1,1+1+3,1+1+3,0.03459874995978898,0.1,correct
1537,5,EC1,1+1+3,1+1+3,0.030741665537182584,0.1,correct
1539,5,EC1,1+1+3,1+1+3,0.005494546847557114,0.1,correct
1541,5,EC1,1+1+3,1+1+3,0.009821405194777366,0.1,correct
1542,5,EC1,1+1+3,1+1+3,0.01559390906732499,0.1,correct
1544,5,EC1,1+1+3,1+1+3,0.007859828454870998,0.1,correct
1545,5,EC1,1+1+3,1+1+3,0.023565323877468788,0.1,correct
1546,5,EC1,1+1+3,1+1+3,0.013604636730174018,0.1,correct
1547,5,EC1,1+1+3,1+1+3,0.012720849028268503,0.1,correct
1548,5,EC1,1+1+3,1+1+3,0.00533479146733965,0.1,correct
1549,5,EC1,1+1+3,1+1+3,0.019209798136628115,0.1,correct
1550,5,EC1,1+1+3,1+1+3,0.014633181472256805,0.1,correct
1551,5,EC1,1+1+3,1+1+3,0.016059576582214123,0.1,correct
1552,5,EC1,1+1+3,1+1+3,0.0399311908162028,0.1,correct
1555,5,EC1,1+1+3,1+1+3,0.012376531875287197,0.1,correct
1556,5,EC1,1+1+3,1+1+3,0.014975313018431366,0.1,correct
1557,5,EC1,1+1+3,1+1+3,0.018927493230747716,0.1,correct
1558,5,EC1,1+1+3,1+1+3,0.016587344573499384,0.1,correct
1559,5,EC1,1+1+3,1+1+3,0.020744878886125112,0.1,correct
1560,5,EC1,1+1+3,1+1+3,0.014717899859354922,0.1,correct
1562,5,EC1,1+1+3,1+1+3,0.017249637677354265,0.1,correct
1563,5,EC1,1+1+3,1+1+3,0.01564065216031605,0.1,correct
1564,5,EC1,5R2,5R2,0.0045232731511594525,0.1,correct
1565,5,EC1,1+1+3,1+1+3,0.010048276996580046,0.1,correct
1566,5,EC1,1+1+3,1+1+3,0.009170605214488287,0.1,correct
1567,5,EC1,1+1+3,1+1+3,0.019876116320851008,0.1,correct
1568,5,EC1,1+1+3,1+1+3,0.01108874038428167,0.1,correct
1569,5,EC1,1+1+3,1+1+3,0.012710232098588932,0.1,correct
1570,5,EC1,1+1+3,1+1+3,0.007718808198161153,0.1,correct
1571,5,EC1,1+1+3,1+1+3,0.008817326017563387,0.1,correct
1572,5,EC1,1+1+3,1+1+3,0.008208073397576336,0.1,correct
1573,5,EC1,1+1+3,1+1+3,0.004684015371452132,0.1,correct
1574,5,EC1,1+1+3,1+1+3,0.01246675579290779,0.1,correct
1575,5,EC1,1+1+3,1+1+3,0.011587493257818963,0.1,correct
1576,5,EC1,1+1+3,1+1+3,0.00524404424085073,0.1,correct
1577,5,EC1,1+1+3,1+1+3,0.007899534605278966,0.1,correct
1578,5,EC1,1+1+3,1+1+3,0.009369098142297378,0.1,correct
1579,5,EC1,1+1+3,1+1+3,0.005268775948927819,0.1,correct
1580,5,EC1,5R2,5R2,0.006556675987114193,0.1,correct
1583,5,EC1,5R2,5R2,0.006329554629671827,0.1,correct
1584,5,EC1,5R2,5R2,0.003826134690519925,0.1,correct
1585,5,EC1,1+1+3,1+1+3,0.006497691897897297,0.1,correct
1627,5,EC1,1+1+3,1+1+3,0.01948999743458163,0.1,correct
1629,5,EC1,1+1+3,1+1+3,0.011242448304973444,0.1,correct
1630,5,EC1,1+1+3,1+1+3,0.02650622568378985,0.1,correct
1631,5,EC1,1+1+3,1+1+3,0.020543732499475335,0.1,correct
1632,5,EC1,1+1+3,1+1+3,0.025176392554136902,0.1,correct
1633,5,EC1,1+1+3,1+1+3,0.021393924371185393,0.1,correct
1634,5,EC1,1+1+3,1+1+3,0.020545925095259144,0.1,correct
1635,5,EC1,1+1+3,1+1+3,0.009581834253941166,0.1,correct
1636,5,EC1,1+1+3,1+1+3,0.008051086883148128,0.1,correct
1637,5,EC1,1+1+3,1+1+3,0.006240192304729076,0.1,correct
1641,5,EC1,1+1+3,1+1+3,0.009326306878931224,0.1,correct
1643,5,EC1,1+1+3,1+1+3,0.01023279043076718,0.1,correct
1644,5,EC1,1+1+3,1+1+3,0.007898101037591278,0.1,correct
1647,5,EC1,5R3,5R3,0.012527569596693489,0.1,correct
1648,5,EC1,1+1+3,1+1+3,0.01303366117481959,0.1,correct
1649,5,EC1,1+1+3,1+1+3,0.005931056696744714,0.1,correct
1650,5,EC1,1+1+3,1+1+3,0.009689344913357122,0.1,correct
1651,5,EC1,1+1+3,1+1+3,0.007548305240250946,0.1,correct
1654,5,EC1,1+1+3,1+1+3,0.008547514258543247,0.1,correct
1655,5,EC1,1+1+3,1+1+3,0.01162536723247919,0.1,correct
1656,5,EC1,1+1+3,1+1+3,0.008295179322956205,0.1,correct
1657,5,EC1,1+1+3,1+1+3,0.005134831855085414,0.1,correct
1658,5,EC1,1+1+3,1+1+3,0.006018305409332406,0.1,correct
1659,5,EC1,1+1+3,1+1+3,0.00862206471791997,0.1,correct
1699,5,EC1,1+1+3,1+1+3,0.007738587661841118,0.1,correct
1700,5,EC1,1+1+3,1+1+3,0.009322553298319084,0.1,correct
1701,5,EC1,1+1+3,1+1+3,0.012412090879461055,0.1,correct
1703,5,EC1,1+1+3,1+1+3,0.009036693286816829,0.1,correct
1704,5,EC1,5R1,5R1,0.009137833441248534,0.1,correct
1705,5,EC1,1+1+3,1+1+3,0.008373334303012153,0.1,correct
1706,5,EC1,1+1+3,1+1+3,0.012479983974348682,0.1,correct
1708,5,EC1,1+1+3,1+1+3,0.027424259333662968,0.1,correct
1709,5,EC1,1+1+3,1+1+3,0.023551220775153054,0.1,correct
1710,5,EC1,1+1+3,1+1+3,0.02456868093081108,0.1,correct
1711,5,EC1,5R1,5R1,0.008838551917593748,0.1,correct
1712,5,EC1,1+1+3,1+1+3,0.020626681749617425,0.1,correct
1713,5,EC1,1+1+3,1+1+3,0.011334019587066145,0.1,correct
1714,5,EC1,5R1,5R1,0.007781388050984217,0.1,correct
1715,5,EC1,1+1+3,1+1+3,0.012895931877146383,0.1,correct
1716,5,EC1,5R1,5R1,0.005925369186810226,0.1,correct
1717,5,EC1,5R1,5R1,0.005925369186810226,0.1,correct
1718,5,EC1,1+1+3,1+1+3,0.012909686285886289,0.1,correct
1719,5,EC1,1+1+3,1+1+3,0.01948999743458163,0.1,correct
1730,5,EC1,1+1+3,1+1+3,0.0060712436946642355,0.1,correct
1731,5,EC1,1+1+3,1+1+3,0.006041212626617252,0.1,correct
1732,5,EC1,1+1+3,1+1+3,0.003966245707214829,0.1,correct
1733,5,EC1,1+1+3,1+1+3,0.0042941821107167575,0.1,correct
1751,5,EC1,1+1+3,1+1+3,0.017249637677354265,0.1,correct
1753,5,EC1,1+1+3,1+1+3,0.010385084003993397,0.1,correct
1754,5,EC1,1+1+3,1+1+3,0.025662813563598195,0.1,correct
1755,5,EC1,1+1+3,1+1+3,0.013292479076530465,0.1,correct
1774,5,EC1,1+1+3,1+1+3,0.020397548872352275,0.1,correct
1788,5,EC1,5R1,5R1,0.0057297469403107095,0.1,correct
1789,5,EC1,5R1,5R1,0.006067948582511222,0.1,correct
1790,5,EC1,5R1,5R1,0.0019287301521985914,0.1,correct
1791,5,EC1,5R1,5R1,0.0019287301521985914,0.1,correct
1792,5,EC1,5R1,5R1,0.0035142566781611083,0.1,correct
1793,5,EC1,5R1,5R1,0.006555150646628956,0.1,correct
1794,5,EC1,5R1,5R1,0.00343511280746353,0.1,correct
1811,5,EC1,5R1,5R1,0.002130083463153495,0.1,correct
1812,5,EC1,5R1,5R1,0.002565151067676134,0.1,correct
1813,5,EC1,5R1,5R1,0.0023366642891095926,0.1,correct
1816,5,EC1,1+1+3,1+1+3,0.010938007131100231,0.1,correct
1817,5,EC1,1+1+3,1+1+3,0.01007907507661295,0.1,correct
1818,5,EC1,1+1+3,1+1+3,0.006138163656176001,0.1,correct
1819,5,EC1,1+1+3,1+1+3,0.011345869775825914,0.1,correct
1820,5,EC1,1+1+3,1+1+3,0.005945236917062271,0.1,correct
1821,5,EC1,1+1+3,1+1+3,0.009103369858464508,0.1,correct
1822,5,EC1,1+1+3,1+1+3,0.008204876598706388,0.1,correct
1823,5,EC1,1+1+3,1+1+3,0.012999124472440426,0.1,correct
1824,5,EC1,1+1+3,1+1+3,0.008592519871958417,0.1,correct
1825,5,EC1,1+1+3,1+1+3,0.006904897888455715,0.1,correct
1826,5,EC1,1+1+3,1+1+3,0.007095068710026718,0.1,correct
1827,5,EC1,1+1+3,1+1+3,0.010404211300237986,0.1,correct
1828,5,EC1,1+1+3,1+1+3,0.013059151644345027,0.1,correct
1829,5,EC1,1+1+3,1+1+3,0.006919214190209732,0.1,correct
1830,5,EC1,5R1,5R1,0.006682813778641449,0.1,correct
1831,5,EC1,5R1,5R1,0.005207686626516615,0.1,correct
1832,5,EC1,5R1,5R1,0.0018083141320025197,0.1,correct
1833,5,EC1,5R1,5R1,0.002100310688921995,0.1,correct
1834,5,EC1,5R1,5R1,0.00322335229225724,0.1,correct
1835,5,EC1,5R1,5R1,0.002547547840571409,0.1,correct
1836,5,EC1,1+1+3,1+1+3,0.004368260057505725,0.1,correct
1837,5,EC1,1+1+3,1+1+3,0.004396265650526607,0.1,correct
1838,5,EC1,1+1+3,1+1+3,0.00207846096908267,0.1,correct
1839,5,EC1,1+1+3,1+1+3,0.004206323398170907,0.1,correct
1840,5,EC1,1+1+3,1+1+3,0.002664908692619677,0.1,correct
1841,5,EC1,1+1+3,1+1+3,0.006177378084592226,0.1,correct
1842,5,EC1,1+1+3,1+1+3,0.003631803959466955,0.1,correct
1843,5,EC1,1+1+3,1+1+3,0.005797413216254313,0.1,correct
1844,5,EC1,1+1+3,1+1+3,0.006493843238021697,0.1,correct
1845,5,EC1,1+1+3,1+1+3,0.005561918983588301,0.1,correct
1846,5,EC1,1+1+3,1+1+3,0.008987769467448534,0.1,correct
1847,5,EC1,1+1+3,1+1+3,0.00470027396541942,0.1,correct
1848,5,EC1,1+1+3,1+1+3,0.006359542293278678,0.1,correct
1849,5,EC1,1+1+3,1+1+3,0.005491812087098397,0.1,correct
1850,5,EC1,1+1+3,1+1+3,0.007253964433328868,0.1,correct
1851,5,EC1,1+1+3,1+1+3,0.003700220986643942,0.1,correct
1852,5,EC1,1+1+3,1+1+3,0.004941659640242335,0.1,correct
1853,5,EC1,1+1+3,1+1+3,0.003765634076752538,0.1,correct
1854,5,EC1,1+1+3,1+1+3,0.0068256867786326315,0.1,correct
1856,5,EC1,1+1+3,1+1+3,0.003420526275297417,0.1,correct
1857,5,EC1,1+1+3,1+1+3,0.009752435593224907,0.1,correct
1858,5,EC1,1+1+3,1+1+3,0.016059576582214123,0.1,correct
1859,5,EC1,1+1+3,1+1+3,0.012865831233931185,0.1,correct
1860,5,EC1,1+1+3,1+1+3,0.015635112692270525,0.1,correct
1861,5,EC1,1+1+3,1+1+3,0.020735733007058124,0.1,correct
1862,5,EC1,1+1+3,1+1+3,0.013091777475194135,0.1,correct
1863,5,EC1,1+1+3,1+1+3,0.010272352105530663,0.1,correct
1864,5,EC1,1+1+3,1+1+3,0.014952574388378721,0.1,correct
1865,5,EC1,1+1+3,1+1+3,0.0013892443989449632,0.1,correct
1866,5,EC1,1+1+3,1+1+3,0.004007492981902744,0.1,correct
1867,5,EC1,1+1+3,1+1+3,0.0034874449099591494,0.1,correct
1868,5,EC1,1+1+3,1+1+3,0.007532061249750956,0.1,correct
1869,5,EC1,1+1+3,1+1+3,0.00646606526413088,0.1,correct
1870,5,EC1,2+3,2+3,0.01153949738940133,0.1,correct
1871,5,EC1,2+3,2+3,0.030672713425779582,0.1,correct
1872,5,EC1,1+1+3,1+1+3,0.007303165314437291,0.1,correct
1874,5,EC1,1+1+3,1+1+3,0.01453788155131274,0.1,correct
1875,5,EC1,1+1+3,1+1+3,0.013700729907563302,0.1,correct
1876,5,EC1,1+1+3,1+1+3,0.014882272134657398,0.1,correct
1877,5,EC1,1+1+3,1+1+3,0.016025016685794768,0.1,correct
1878,5,EC1,1+1+3,1+1+3,0.01627649134703176,0.1,correct
1882,5,EC1,1+1+3,1+1+3,0.004393176527297763,0.1,correct
1883,5,EC1,1+1+3,1+1+3,0.0029952563980400774,0.1,correct
1884,5,EC1,1+1+3,1+1+3,0.007045774975827717,0.1,correct
1885,5,EC1,1+1+3,1+1+3,0.005758837991296511,0.1,correct
1886,5,EC1,1+1+3,1+1+3,0.004529480323392523,0.1,correct
1887,5,EC1,1+1+3,1+1+3,0.006411708040764183,0.1,correct
1888,5,EC1,1+1+3,1+1+3,0.004255310538609349,0.1,correct
1889,5,EC1,1+1+3,1+1+3,0.004217249367775152,0.1,correct
1890,5,EC1,1+1+3,1+1+3,0.003595830919273052,0.1,correct
1891,5,EC1,1+1+3,1+1+3,0.0050279788553652584,0.1,correct
1892,5,EC1,1+1+3,1+1+3,0.006897825744392211,0.1,correct
1893,5,EC1,5R1,5R1,0.001349073756323216,0.1,correct
1894,5,EC1,5R1,5R1,0.0016703293088490073,0.1,correct
1895,5,EC1,5R1,5R1,0.0027050877268584126,0.1,correct
1896,5,EC1,5R1,5R1,0.0025695153025424803,0.1,correct
1897,5,EC1,5R1,5R1,0.0020144451270759454,0.1,correct
1898,5,EC1,5R1,5R1,0.001161895003862226,0.1,correct
1899,5,EC1,5R1,5R1,0.003580502757993636,0.1,correct
1900,5,EC1,5R1,5R1,0.002551014941155772,0.1,correct
1901,5,EC1,5R1,5R1,0.002374539020525883,0.1,correct
1902,5,EC1,5R1,5R1,0.0022068076490713846,0.1,correct
1903,5,EC1,5R1,5R1,0.0023089585314595863,0.1,correct
1904,5,EC1,5R1,5R1,0.0021840329667841547,0.1,correct
1905,5,EC1,5R1,5R1,0.0015427248620541478,0.1,correct
1910,5,EC1,1+1+3,1+1+3,0.0019050807935622918,0.1,correct
1911,5,EC1,1+1+3,1+1+3,0.006577233460962121,0.1,correct
1912,5,EC1,1+1+3,1+1+3,0.007402026749478804,0.1,correct
1913,5,EC1,1+1+3,1+1+3,0.008705170877128143,0.1,correct
1914,5,EC1,1+1+3,1+1+3,0.006964912059746346,0.1,correct
1915,5,EC1,5R1,5R1,0.007485318964479734,0.1,correct
1916,5,EC1,5R1,5R1,0.004941659640242343,0.1,correct
1917,5,EC1,5R1,5R1,0.0038691084244306235,0.1,correct
1918,5,EC1,5R1,5R1,0.003748304209906131,0.1,correct
1919,5,EC1,5R1,5R1,0.009432921074619464,0.1,correct
1920,5,EC1,5R1,5R1,0.0026267851073127333,0.1,correct
1921,5,EC1,5R1,5R1,0.004941659640242343,0.1,correct
1922,5,EC1,5R1,5R1,0.005370288632839027,0.1,correct
1923,5,EC1,5R1,5R1,0.0016583123951777038,0.1,correct
1924,5,EC1,5R1,5R1,0.006510252300026473,0.1,correct
1925,5,EC1,5R1,5R1,0.0035142566781611083,0.1,correct
1926,5,EC1,5R1,5R1,0.0035637059362410906,0.1,correct
1927,5,EC1,1+1+3,1+1+3,0.009428064253069105,0.1,correct
1928,5,EC1,1+1+3,1+1+3,0.010711980053659564,0.1,correct
1929,5,EC1,1+1+3,1+1+3,0.007366138744281168,0.1,correct
1930,5,EC1,1+1+3,1+1+3,0.012352431407216901,0.1,correct
1931,5,EC1,1+1+3,1+1+3,0.012407055784915307,0.1,correct
1932,5,EC1,1+1+3,1+1+3,0.006737210105080594,0.1,correct
1933,5,EC1,1+1+3,1+1+3,0.005998333101787546,0.1,correct
1934,5,EC1,1+1+3,1+1+3,0.013120253766600724,0.1,correct
1935,5,EC1,1+1+3,1+1+3,0.003595830919273052,0.1,correct
1936,5,EC1,1+1+3,1+1+3,0.006811020481543113,0.1,correct
1937,5,EC1,1+1+3,1+1+3,0.0053789698009935015,0.1,correct
1938,5,EC1,1+1+3,1+1+3,0.01326272973410829,0.1,correct
1939,5,EC1,1+1+3,1+1+3,0.004824935232725941,0.1,correct
1940,5,EC1,1+1+3,1+1+3,0.0123482792323465,0.1,correct
1941,5,EC1,1+1+3,1+1+3,0.005714892824891843,0.1,correct
1942,5,EC1,1+1+3,1+1+3,0.004628174586162469,0.1,correct
1943,5,EC1,1+1+3,1+1+3,0.01446340208941176,0.1,correct
1944,5,EC1,1+1+3,1+1+3,0.005735852159879971,0.1,correct
1945,5,EC1,1+1+3,1+1+3,0.003631803959466955,0.1,correct
1946,5,EC1,1+1+3,1+1+3,0.013173062932363144,0.1,correct
1947,5,EC1,1+1+3,1+1+3,0.0031176914536239636,0.1,correct
1948,5,EC1,1+1+3,1+1+3,0.008820997676000137,0.1,correct
1949,5,EC1,1+1+3,1+1+3,0.010200980345045244,0.1,correct
1952,5,EC1,1+1+3,1+1+3,0.014751949023773057,0.1,correct
1953,5,EC1,1+1+3,1+1+3,0.017979135668880198,0.1,correct
1954,5,EC1,1+1+3,1+1+3,0.008904493247793514,0.1,correct
1955,5,EC1,1+1+3,1+1+3,0.006191122676865639,0.1,correct
1956,5,EC1,1+1+3,1+1+3,0.005735852159879971,0.1,correct
1958,5,EC1,2+3,2+3,0.007373723958082502,0.1,correct
1959,5,EC1,1+1+3,1+1+3,0.007726371617389369,0.1,correct
1960,5,EC1,1+1+3,1+1+3,0.0049172863461466295,0.1,correct
1961,5,EC1,1+1+3,1+1+3,0.0025921108946185107,0.1,correct
1962,5,EC1,1+1+3,1+1+3,0.013164345787011245,0.1,correct
1963,5,EC1,1+1+3,1+1+3,0.009071536652629494,0.1,correct
1964,5,EC1,1+1+3,1+1+3,0.015160457026092566,0.1,correct
1965,5,EC1,1+1+3,1+1+3,0.004949747468305834,0.1,correct
1966,5,EC1,1+1+3,1+1+3,0.009559167967454063,0.1,correct
1967,5,EC1,1+1+3,1+1+3,0.004872244121552168,0.1,correct
1968,5,EC1,1+1+3,1+1+3,0.008811067599332088,0.1,correct
1969,5,EC1,1+1+3,1+1+3,0.004949747468305834,0.1,correct
1970,5,EC1,1+1+3,1+1+3,0.007446396630585828,0.1,correct
1971,5,EC1,1+1+3,1+1+3,0.011129510571449236,0.1,correct
1972,5,EC1,1+1+3,1+1+3,0.008777418188169002,0.1,correct
1973,5,EC1,1+1+3,1+1+3,0.0040912683632340855,0.1,correct
1974,5,EC1,1+1+3,1+1+3,0.013216923686319758,0.1,correct
1977,5,EC1,1+1+3,1+1+3,0.0013892443989449632,0.1,correct
1978,5,EC1,1+1+3,1+1+3,0.009455686120002076,0.1,correct
1979,5,EC1,1+1+3,1+1+3,0.007090425822191521,0.1,correct
1980,5,EC1,1+1+3,1+1+3,0.006999167212604676,0.1,correct
1981,5,EC1,1+1+3,1+1+3,0.00498509366913,0.1,correct
1982,5,EC1,1+1+3,1+1+3,0.005601086898986631,0.1,correct
1983,5,EC1,1+1+3,1+1+3,0.0051082055724099235,0.1,correct
1984,5,EC1,1+1+3,1+1+3,0.006909413868049862,0.1,correct
1985,5,EC1,1+1+3,1+1+3,0.01093384129937873,0.1,correct
1986,5,EC1,1+1+3,1+1+3,0.006747470061437836,0.1,correct
1987,5,EC1,1+1+3,1+1+3,0.013099236618978992,0.1,correct
1988,5,EC1,1+1+3,1+1+3,0.014044571905188118,0.1,correct
1989,5,EC1,1+1+3,1+1+3,0.006652067347825013,0.1,correct
1990,5,EC1,1+1+3,1+1+3,0.013681961990153323,0.1,correct
1991,5,EC1,1+1+3,1+1+3,0.011419691647763533,0.1,correct
1992,5,EC1,1+1+3,1+1+3,0.00584874123123944,0.1,correct
1993,5,EC1,1+1+3,1+1+3,0.0073046676105076765,0.1,correct
1994,5,EC1,1+1+3,1+1+3,0.007366138744281143,0.1,correct
1995,5,EC1,1+1+3,1+1+3,0.006479785318974696,0.1,correct
1996,5,EC1,1+1+3,1+1+3,0.0073272397046909524,0.1,correct
1997,5,EC1,1+1+3,1+1+3,0.009006047080711961,0.1,correct
1998,5,EC1,1+1+3,1+1+3,0.004984828093324752,0.1,correct
1999,5,EC1,1+1+3,1+1+3,0.013855321222187505,0.1,correct
2000,5,EC1,1+1+3,1+1+3,0.007470836776426018,0.1,correct
2001,5,EC1,1+1+3,1+1+3,0.0032993759849401783,0.1,correct
2002,5,EC1,1+1+3,1+1+3,0.009353168986498616,0.1,correct
2003,5,EC1,1+1+3,1+1+3,0.01892410458912126,0.1,correct
2004,5,EC1,1+1+3,1+1+3,0.005462610923358919,0.1,correct
2005,5,EC1,1+1+3,1+1+3,0.010317481332185697,0.1,correct
2006,5,EC1,1+1+3,1+1+3,0.011804957715722668,0.1,correct
2007,5,EC1,1+1+3,1+1+3,0.005124252337658634,0.1,correct
2008,5,EC1,1+1+3,1+1+3,0.006453681120105045,0.1,correct
2009,5,EC1,1+1+3,1+1+3,0.008980966911752876,0.1,correct
2010,5,EC1,1+1+3,1+1+3,0.00571302781194001,0.1,correct
2011,5,EC1,1+1+3,1+1+3,0.007169886195749587,0.1,correct
2014,5,EC1,1+1+3,1+1+3,0.009134365087952203,0.1,correct
2015,5,EC1,1+1+3,1+1+3,0.008389714999927017,0.1,correct
2016,5,EC1,1+1+3,1+1+3,0.004790615826801387,0.1,correct
2017,5,EC1,1+1+3,1+1+3,0.005158120086814571,0.1,correct
2018,5,EC1,1+1+3,1+1+3,0.01615085137074823,0.1,correct
2019,5,EC1,1+1+3,1+1+3,0.00878521485223898,0.1,correct
2020,5,EC1,5R2,5R2,0.007783957862167559,0.1,correct
2021,5,EC1,1+1+3,1+1+3,0.006004997918400969,0.1,correct
2022,5,EC1,1+1+3,1+1+3,0.005998333101787546,0.1,correct
2023,5,EC1,1+1+3,1+1+3,0.0091722407295055,0.1,correct
2024,5,EC1,1+1+3,1+1+3,0.006062177826491074,0.1,correct
2029,5,EC1,1+1+3,1+1+3,0.007078135347674555,0.1,correct
2030,5,EC1,1+1+3,1+1+3,0.011649034294738788,0.1,correct
2031,5,EC1,1+1+3,1+1+3,0.003780917294784427,0.1,correct
2032,5,EC1,1+1+3,1+1+3,0.007371566997592858,0.1,correct
2033,5,EC1,1+1+3,1+1+3,0.006801086800651802,0.1,correct
2034,5,EC1,1+1+3,1+1+3,0.011028414563299706,0.1,correct
2035,5,EC1,1+1+3,1+1+3,0.0076295478240849856,0.1,correct
2036,5,EC1,1+1+3,1+1+3,0.007051950084905607,0.1,correct
2037,5,EC1,1+1+3,1+1+3,0.0052370352624362135,0.1,correct
2038,5,EC1,1+1+3,1+1+3,0.014455465172037872,0.1,correct
2039,5,EC1,1+1+3,1+1+3,0.010965174265373087,0.1,correct
2040,5,EC1,1+1+3,1+1+3,0.009774968030638227,0.1,correct
2043,5,EC1,5R2,5R2,0.0018788294228055803,0.1,correct
2044,5,EC1,5R2,5R2,0.0013038404810405075,0.1,correct
2045,5,EC1,5R2,5R2,0.0018788294228055803,0.1,correct
2046,5,EC1,5R2,5R2,0.005668164236329072,0.1,correct
2047,5,EC1,1+1+3,1+1+3,0.005037856687124047,0.1,correct
2048,5,EC1,5R2,5R2,0.003782856063875549,0.1,correct
2049,5,EC1,1+1+3,1+1+3,0.008404760555780273,0.1,correct
2050,5,EC1,5R2,5R2,0.0057231608766484966,0.1,correct
2051,5,EC1,1+1+3,1+1+3,0.007224956747275371,0.1,correct
2052,5,EC1,5R2,5R2,0.002016537795331415,0.1,correct
2053,5,EC1,1+1+3,1+1+3,0.006410928169929851,0.1,correct
2054,5,EC1,1+1+3,1+1+3,0.006568104749469219,0.1,correct
2055,5,EC1,1+1+3,1+1+3,0.006732013071882678,0.1,correct
2056,5,EC1,1+1+3,1+1+3,0.006365854947294957,0.1,correct
2057,5,EC1,1+1+3,1+1+3,0.00500599640431353,0.1,correct
2058,5,EC1,1+1+3,1+1+3,0.006497691897897297,0.1,correct
2059,5,EC1,1+1+3,1+1+3,0.008432983029746937,0.1,correct
2060,5,EC1,1+1+3,1+1+3,0.00538052042092584,0.1,correct
2061,5,EC1,1+1+3,1+1+3,0.0060456596000767375,0.1,correct
2062,5,EC1,1+1+3,1+1+3,0.006371812928829606,0.1,correct
2063,5,EC1,1+1+3,1+1+3,0.004673239561588956,0.1,correct
2064,5,EC1,1+1+3,1+1+3,0.00418330013267039,0.1,correct
2065,5,EC1,1+1+3,1+1+3,0.005876223276901563,0.1,correct
2066,5,EC1,1+1+3,1+1+3,0.00821827232452176,0.1,correct
2067,5,EC1,1+1+3,1+1+3,0.006597384171775986,0.1,correct
2068,5,EC1,1+1+3,1+1+3,0.01446340208941176,0.1,correct
2069,5,EC1,1+1+3,1+1+3,0.006446637065168192,0.1,correct
2070,5,EC1,1+1+3,1+1+3,0.009475259832321208,0.1,correct
2071,5,EC1,1+1+3,1+1+3,0.0070584577996896485,0.1,correct
2072,5,EC1,1+1+3,1+1+3,0.006944509267759678,0.1,correct
2073,5,EC1,1+1+3,1+1+3,0.010600433743484235,0.1,correct
2074,5,EC1,1+1+3,1+1+3,0.005304974814266321,0.1,correct
2075,5,EC1,1+1+3,1+1+3,0.011957161866429658,0.1,correct
2076,5,EC1,1+1+3,1+1+3,0.004213528859519059,0.1,correct
2077,5,EC1,1+1+3,1+1+3,0.009742962372399891,0.1,correct
2078,5,EC1,1+1+3,1+1+3,0.007262231062146109,0.1,correct
2079,5,EC1,1+1+3,1+1+3,0.007876572753425164,0.1,correct
2080,5,EC1,1+1+3,1+1+3,0.011713555263027552,0.1,correct
2081,5,EC1,1+1+3,1+1+3,0.008913536789625073,0.1,correct
2082,5,EC1,1+1+3,1+1+3,0.006498754282937634,0.1,correct
2083,5,EC1,1+1+3,1+1+3,0.0055258631805357224,0.1,correct
2084,5,EC1,1+1+3,1+1+3,0.016321151920131106,0.1,correct
2085,5,EC1,1+1+3,1+1+3,0.004682671068952004,0.1,correct
2086,5,EC1,1+1+3,1+1+3,0.0055695601262577285,0.1,correct
2087,5,EC1,1+1+3,1+1+3,0.012427359361505562,0.1,correct
2088,5,EC1,1+1+3,1+1+3,0.004716990566028299,0.1,correct
2089,5,EC1,1+1+3,1+1+3,0.005907463319395226,0.1,correct
2090,5,EC1,1+1+3,1+1+3,0.008158499884169845,0.1,correct
2091,5,EC1,1+1+3,1+1+3,0.004026629139863775,0.1,correct
2092,5,EC1,1+1+3,1+1+3,0.007108445681019159,0.1,correct
2093,5,EC1,1+1+3,1+1+3,0.003420526275297417,0.1,correct
2094,5,EC1,1+1+3,1+1+3,0.0077300176086474775,0.1,correct
2095,5,EC1,1+1+3,1+1+3,0.005813341600147029,0.1,correct
2100,5,EC1,1+1+3,1+1+3,0.006228161847608007,0.1,correct
2101,5,EC1,5R1,5R1,0.002565151067676134,0.1,correct
2102,5,EC1,5R1,5R1,0.0015000000000000107,0.1,correct
2103,5,EC1,5R1,5R1,0.0024547796927626843,0.1,correct
2104,5,EC1,5R1,5R1,0.0014541757906112915,0.1,correct
2105,5,EC1,5R1,5R1,0.0022693611435820505,0.1,correct
2106,5,EC1,5R1,5R1,0.0011618950038622237,0.1,correct
2107,5,EC1,5R1,5R1,0.005743081070296675,0.1,correct
2108,5,EC1,5R1,5R1,0.003924568789051863,0.1,correct
2109,5,EC1,5R1,5R1,0.002195449840010017,0.1,correct
2110,5,EC1,5R1,5R1,0.002147091055358387,0.1,correct
2111,5,EC1,1+1+3,1+1+3,0.004485370108474905,0.1,correct
2112,5,EC1,1+1+3,1+1+3,0.003508560958569783,0.1,correct
2113,5,EC1,1+1+3,1+1+3,0.005492557095743277,0.1,correct
2114,5,EC1,1+1+3,1+1+3,0.0042497058721751415,0.1,correct
2115,5,EC1,1+1+3,1+1+3,0.006932474884195413,0.1,correct
2120,5,EC1,1+1+3,1+1+3,0.008741853350405735,0.1,correct
2123,5,EC1,1+1+3,1+1+3,0.004418433860543835,0.1,correct
2124,5,EC1,1+1+3,1+1+3,0.011843098291410064,0.1,correct
2125,5,EC1,1+1+3,1+1+3,0.015117602795747713,0.1,correct
2126,5,EC1,1+1+3,1+1+3,0.012690077051381539,0.1,correct
2127,5,EC1,1+1+3,1+1+3,0.009513674369033248,0.1,correct
2128,5,EC1,1+1+3,1+1+3,0.006500257559512548,0.1,correct
2129,5,EC1,1+1+3,1+1+3,0.00832848256166752,0.1,correct
2130,5,EC1,1+1+3,1+1+3,0.007051950084905607,0.1,correct
2131,5,EC1,1+1+3,1+1+3,0.007061338754797095,0.1,correct
2132,5,EC1,1+1+3,1+1+3,0.018657706182701028,0.1,correct
2133,5,EC1,1+1+3,1+1+3,0.014493791774411542,0.1,correct
2134,5,EC1,1+1+3,1+1+3,0.032724761267272834,0.1,correct
2135,5,EC1,1+1+3,1+1+3,0.006453681120105045,0.1,correct
2136,5,EC1,1+1+3,1+1+3,0.005829356825585477,0.1,correct
2137,5,EC1,1+1+3,1+1+3,0.004189051220741991,0.1,correct
2138,5,EC1,1+1+3,1+1+3,0.010716677786515737,0.1,correct
2139,5,EC1,1+1+3,1+1+3,0.009112331977600467,0.1,correct
2140,5,EC1,1+1+3,1+1+3,0.01039334348994589,0.1,correct
2141,5,EC1,1+1+3,1+1+3,0.015099337733821301,0.1,correct
2142,5,EC1,1+1+3,1+1+3,0.011350138203123368,0.1,correct
2143,5,EC1,1+1+3,1+1+3,0.009928746144403115,0.1,correct
2144,5,EC1,1+1+3,1+1+3,0.00717268716172674,0.1,correct
2145,5,EC1,1+1+3,1+1+3,0.004975053396698354,0.1,correct
2146,5,EC1,1+1+3,1+1+3,0.006795761031702028,0.1,correct
2148,5,EC1,1+1+3,1+1+3,0.006676107049021905,0.1,correct
2149,5,EC1,1+1+3,1+1+3,0.011922667486766554,0.1,correct
2150,5,EC1,1+1+3,1+1+3,0.01206067991449905,0.1,correct
2151,5,EC1,1+1+3,1+1+3,0.010200980345045244,0.1,correct
2152,5,EC1,1+1+3,1+1+3,0.007023686630965264,0.1,correct
2153,5,EC1,1+1+3,1+1+3,0.01559390906732499,0.1,correct
2154,5,EC1,1+1+3,1+1+3,0.003742812669637619,0.1,correct
2155,5,EC1,1+1+3,1+1+3,0.013079373073660647,0.1,correct
2156,5,EC1,1+1+3,1+1+3,0.018062805307315924,0.1,correct
2157,5,EC1,1+1+3,1+1+3,0.009644687656943596,0.1,correct
2158,5,EC1,1+1+3,1+1+3,0.005223955080205028,0.1,correct
2160,5,EC1,1+1+3,1+1+3,0.005237365750069388,0.1,correct
2161,5,EC1,1+1+3,1+1+3,0.0068286162580716145,0.1,correct
2162,5,EC1,1+1+3,1+1+3,0.00998498873309327,0.1,correct
2163,5,EC1,1+1+3,1+1+3,0.011175783926866132,0.1,correct
2164,5,EC1,1+1+3,1+1+3,0.009780081799248915,0.1,correct
2165,5,EC1,1+1+3,1+1+3,0.005788782255362526,0.1,correct
2166,5,EC1,1+1+3,1+1+3,0.006804410334481594,0.1,correct
2167,5,EC1,1+1+3,1+1+3,0.004393176527297763,0.1,correct
2168,5,EC1,1+1+3,1+1+3,0.0076602872008822345,0.1,correct
2169,5,EC1,1+1+3,1+1+3,0.006074613869210157,0.1,correct
2170,5,EC1,1+1+3,1+1+3,0.011741379816699569,0.1,correct
2171,5,EC1,1+1+3,1+1+3,0.010222524150130427,0.1,correct
2172,5,EC1,1+1+3,1+1+3,0.004734976240700677,0.1,correct
2173,5,EC1,1+1+3,1+1+3,0.0063039670049897965,0.1,correct
2174,5,EC1,1+1+3,1+1+3,0.0055362442142665265,0.1,correct
2175,5,EC1,1+1+3,1+1+3,0.005890590145308016,0.1,correct
2176,5,EC1,1+1+3,1+1+3,0.007113058960812851,0.1,correct
2177,5,EC1,1+1+3,1+1+3,0.00436463056855908,0.1,correct
2178,5,EC1,1+1+3,1+1+3,0.022694713040706218,0.1,correct
2182,5,EC1,1+1+3,1+1+3,0.004651881339845201,0.1,correct
2183,5,EC1,1+1+3,1+1+3,0.01573802825451779,0.1,correct
2184,5,EC1,1+1+3,1+1+3,0.007727224598780585,0.1,correct
2185,5,EC1,1+1+3,1+1+3,0.007975498974985826,0.1,correct
2186,5,EC1,1+1+3,1+1+3,0.009903029839397635,0.1,correct
2187,5,EC1,1+1+3,1+1+3,0.005479963503528068,0.1,correct
2188,5,EC1,1+1+3,1+1+3,0.004937610758251406,0.1,correct
2189,5,EC1,1+1+3,1+1+3,0.008154753215150043,0.1,correct
2190,5,EC1,1+1+3,1+1+3,0.0066701338487319675,0.1,correct
2191,5,EC1,1+1+3,1+1+3,0.008127679085692303,0.1,correct
2192,5,EC1,1+1+3,1+1+3,0.006810286337592576,0.1,correct
2193,5,EC1,1+1+3,1+1+3,0.006574952471311086,0.1,correct
2194,5,EC1,1+1+3,1+1+3,0.007162401831788011,0.1,correct
2195,5,EC1,1+1+3,1+1+3,0.012550298801223818,0.1,correct
2196,5,EC1,1+1+3,1+1+3,0.005026927491022725,0.1,correct
2199,5,EC1,1+1+3,1+1+3,0.010832358930537696,0.1,correct
2200,5,EC1,1+1+3,1+1+3,0.0163743038529887,0.1,correct
2201,5,EC1,1+1+3,1+1+3,0.0020928449536456208,0.1,correct
2202,5,EC1,1+1+3,1+1+3,0.006095079983068302,0.1,correct
2203,5,EC1,1+1+3,1+1+3,0.020734029999013692,0.1,correct
2204,5,EC1,1+1+3,1+1+3,0.007675285010994711,0.1,correct
2205,5,EC1,1+1+3,1+1+3,0.006384984424413264,0.1,correct
2206,5,EC1,1+1+3,1+1+3,0.009250266362651383,0.1,correct
2207,5,EC1,1+1+3,1+1+3,0.00657358701014904,0.1,correct
2208,5,EC1,1+1+3,1+1+3,0.011221853679316957,0.1,correct
2209,5,EC1,1+1+3,1+1+3,0.009569232582605598,0.1,correct
2210,5,EC1,1+1+3,1+1+3,0.005803238800015011,0.1,correct
2211,5,EC1,1+1+3,1+1+3,0.008764149955928398,0.1,correct
2212,5,EC1,1+1+3,1+1+3,0.0068529844294292815,0.1,correct
2213,5,EC1,1+1+3,1+1+3,0.006770693141030682,0.1,correct
2214,5,EC1,1+1+3,1+1+3,0.005539845205418653,0.1,correct
2215,5,EC1,1+1+3,1+1+3,0.0067048186239450115,0.1,correct
2216,5,EC1,1+1+3,1+1+3,0.010409130607308192,0.1,correct
2217,5,EC1,1+1+3,1+1+3,0.008051086883148128,0.1,correct
2218,5,EC1,1+1+3,1+1+3,0.00849705831449919,0.1,correct
2219,5,EC1,1+1+3,1+1+3,0.01645448267190435,0.1,correct
2220,5,EC1,1+1+3,1+1+3,0.004003635160700838,0.1,correct
2221,5,EC1,1+1+3,1+1+3,0.0013820274961085178,0.1,correct
2222,5,EC1,1+1+3,1+1+3,0.015603525242713577,0.1,correct
2223,5,EC1,1+1+3,1+1+3,0.007366138744281168,0.1,correct
2224,5,EC1,1+1+3,1+1+3,0.00892413626072574,0.1,correct
2225,5,EC1,1+1+3,1+1+3,0.0038897300677553652,0.1,correct
2226,5,EC1,1+1+3,1+1+3,0.003583061558220852,0.1,correct
2227,5,EC1,1+1+3,1+1+3,0.0077888392736016965,0.1,correct
2228,5,EC1,1+1+3,1+1+3,0.005553745387574051,0.1,correct
2229,5,EC1,1+1+3,1+1+3,0.0022171149519138534,0.1,correct
2230,5,EC1,1+1+3,1+1+3,0.0046680974700620504,0.1,correct
2231,5,EC1,1+1+3,1+1+3,0.005773214009544452,0.1,correct
2232,5,EC1,1+1+3,1+1+3,0.012093031694327107,0.1,correct
2233,5,EC1,1+1+3,1+1+3,0.010904813590795573,0.1,correct
2234,5,EC1,1+1+3,1+1+3,0.010264501936285052,0.1,correct
2235,5,EC1,1+1+3,1+1+3,0.020801045206191,0.1,correct
2236,5,EC1,1+1+3,1+1+3,0.011098759365352503,0.1,correct
2237,5,EC1,1+1+3,1+1+3,0.012008573909086823,0.1,correct
2238,5,EC1,1+1+3,1+1+3,0.00646606526413088,0.1,correct
2239,5,EC1,1+1+3,1+1+3,0.014437638588079399,0.1,correct
2240,5,EC1,1+1+3,1+1+3,0.0022044675865160956,0.1,correct
2241,5,EC1,1+1+3,1+1+3,0.017725222597191843,0.1,correct
2243,5,EC1,1+1+3,1+1+3,0.009159694318043591,0.1,correct
2244,5,EC1,1+1+3,1+1+3,0.015340330680594838,0.1,correct
2245,5,EC1,1+1+3,1+1+3,0.006822023160324197,0.1,correct
2246,5,EC1,1+1+3,1+1+3,0.010989995450408529,0.1,correct
2247,5,EC1,1+1+3,1+1+3,0.008925101773649427,0.1,correct
2248,5,EC1,1+1+3,1+1+3,0.012564604243668037,0.1,correct
2249,5,EC1,1+1+3,1+1+3,0.019180719485983842,0.1,correct
2250,5,EC1,5R2,5R2,0.01139353578920959,0.1,correct
2251,5,EC1,5R2,5R2,0.0055901699437494855,0.1,correct
2252,5,EC1,5R2,5R2,0.008663717446916193,0.1,correct
2253,5,EC1,5R2,5R2,0.008388682852510291,0.1,correct
2254,5,EC1,1+1+3,1+1+3,0.02862869685996901,0.1,correct
2255,5,EC1,1+1+3,1+1+3,0.006410928169929851,0.1,correct
2256,5,EC1,1+1+3,1+1+3,0.008108637370113442,0.1,correct
2257,5,EC1,1+1+3,1+1+3,0.005807584666623469,0.1,correct
2258,5,EC1,1+1+3,1+1+3,0.007296574538781897,0.1,correct
2259,5,EC1,1+1+3,1+1+3,0.007441102068914245,0.1,correct
2260,5,EC1,1+1+3,1+1+3,0.0038897300677553652,0.1,correct
2263,5,EC1,1+1+3,1+1+3,0.00883515704444465,0.1,correct
2264,5,EC1,1+1+3,1+1+3,0.007474623736349522,0.1,correct
2265,5,EC1,1+1+3,1+1+3,0.0076661078540547585,0.1,correct
2266,5,EC1,5R2,5R2,0.013045305669090321,0.1,correct
2267,5,EC1,1+1+3,1+1+3,0.004198250034240441,0.1,correct
2268,5,EC1,1+1+3,1+1+3,0.016793748836992906,0.1,correct
2271,5,EC1,5R1,5R1,0.002644421382835951,0.1,correct
2272,5,EC1,5R1,5R1,0.004119486687683314,0.1,correct
2273,5,EC1,5R1,5R1,0.003572114219898354,0.1,correct
2274,5,EC1,5R1,5R1,0.002563201123595268,0.1,correct
2275,5,EC1,5R1,5R1,0.0028442925306655805,0.1,correct
2276,5,EC1,5R1,5R1,0.0034351128074635393,0.1,correct
2277,5,EC1,5R1,5R1,0.00194935886896179,0.1,correct
2278,5,EC1,1+1+3,1+1+3,0.006627373797364992,0.1,correct
2279,5,EC1,1+1+3,1+1+3,0.0008831760866327942,0.1,correct
2280,5,EC1,1+1+3,1+1+3,0.006812488532100445,0.1,correct
2281,5,EC1,1+1+3,1+1+3,0.008358229477586758,0.1,correct
2282,5,EC1,1+1+3,1+1+3,0.009518630944101164,0.1,correct
2283,5,EC1,1+1+3,1+1+3,0.01160684719034415,0.1,correct
2284,5,EC1,1+1+3,1+1+3,0.005680668974689525,0.1,correct
2285,5,EC1,1+1+3,1+1+3,0.004977028862685041,0.1,correct
2286,5,EC1,1+1+3,1+1+3,0.006960603422117945,0.1,correct
2287,5,EC1,1+1+3,1+1+3,0.007895568377260735,0.1,correct
2288,5,EC1,1+1+3,1+1+3,0.005608921464952056,0.1,correct
2289,5,EC1,1+1+3,1+1+3,0.02144526827857373,0.1,correct
2290,5,EC1,1+1+3,1+1+3,0.012183185133617564,0.1,correct
2291,5,EC1,1+1+3,1+1+3,0.00931343116150005,0.1,correct
2292,5,EC1,1+1+3,1+1+3,0.001637876674234054,0.1,correct
2293,5,EC1,1+1+3,1+1+3,0.005290557626564538,0.1,correct
2294,5,EC1,1+1+3,1+1+3,0.0008831760866327942,0.1,correct
2295,5,EC1,1+1+3,1+1+3,0.004845616575834305,0.1,correct
2296,5,EC1,1+1+3,1+1+3,0.009301075206662941,0.1,correct
2297,5,EC1,1+1+3,1+1+3,0.0068190908484929294,0.1,correct
2298,5,EC1,1+1+3,1+1+3,0.005124451190127583,0.1,correct
2299,5,EC1,1+1+3,1+1+3,0.008760707733967645,0.1,correct
2300,5,EC1,1+1+3,1+1+3,0.006581793068761743,0.1,correct
2302,5,EC1,5R1,5R1,0.003165438358268879,0.1,correct
2303,5,EC1,5R1,5R1,0.0023685438564653946,0.1,correct
2304,5,EC1,5R1,5R1,0.006793288845618152,0.1,correct
2305,5,EC1,5R1,5R1,0.0023388031127053012,0.1,correct
2306,5,EC1,5R1,5R1,0.004255584566190647,0.1,correct
2307,5,EC1,5R1,5R1,0.001800000000000003,0.1,correct
2308,5,EC1,5R1,5R1,0.0019209372712298532,0.1,correct
2309,5,EC1,5R1,5R1,0.002165640782770771,0.1,correct
2310,5,EC1,1+1+3,1+1+3,0.005428815862598398,0.1,correct
2311,5,EC1,1+1+3,1+1+3,0.006128621378417815,0.1,correct
2312,5,EC1,1+1+3,1+1+3,0.0033819873358722154,0.1,correct
2313,5,EC1,1+1+3,1+1+3,0.008772251623728083,0.1,correct
2314,5,EC1,1+1+3,1+1+3,0.008266801074176149,0.1,correct
2315,5,EC1,1+1+3,1+1+3,0.005887274411814001,0.1,correct
2316,5,EC1,1+1+3,1+1+3,0.004765501022977548,0.1,correct
2317,5,EC1,1+1+3,1+1+3,0.006435060217278457,0.1,correct
2318,5,EC1,1+1+3,1+1+3,0.005776677245614426,0.1,correct
2319,5,EC1,1+1+3,1+1+3,0.004734976240700677,0.1,correct
2320,5,EC1,1+1+3,1+1+3,0.006293424744127804,0.1,correct
2321,5,EC1,1+1+3,1+1+3,0.005797413216254313,0.1,correct
2322,5,EC1,1+1+3,1+1+3,0.003577160032763427,0.1,correct
2331,5,EC1,1+1+3,1+1+3,0.011069483226420283,0.1,correct
2332,5,EC1,1+1+3,1+1+3,0.011996249413879305,0.1,correct
2333,5,EC1,1+1+3,1+1+3,0.01556153641386352,0.1,correct
2334,5,EC1,1+1+3,1+1+3,0.03493489395375345,0.1,correct
2335,5,EC1,1+1+3,1+1+3,0.006721606950722446,0.1,correct
2336,5,EC1,1+1+3,1+1+3,0.00625059997120274,0.1,correct
2337,5,EC1,1+1+3,1+1+3,0.012975778343128413,0.1,correct
2338,5,EC1,1+1+3,1+1+3,0.01920221100029891,0.1,correct
2339,5,EC1,1+1+3,1+1+3,0.0182118093554704,0.1,correct
2340,5,EC1,1+1+3,1+1+3,0.006537704438103652,0.1,correct
2356,5,EC1,5R1,5R1,0.0026720778431774876,0.1,correct
2357,5,EC1,5R1,5R1,0.002328089345364568,0.1,correct
2358,5,EC1,5R1,5R1,0.004242640687119279,0.1,correct
2359,5,EC1,5R1,5R1,0.002317326045251288,0.1,correct
2360,5,EC1,5R1,5R1,0.0024494897427831805,0.1,correct
2361,5,EC1,5R1,5R1,0.003741657386773926,0.1,correct
2362,5,EC1,5R1,5R1,0.001732050807568879,0.1,correct
2363,5,EC1,5R1,5R1,0.004151683795762876,0.1,correct
2364,5,EC1,5R1,5R1,0.002645751311064593,0.1,correct
2365,5,EC1,5R1,5R1,0.0020000000000000018,0.1,correct
2366,5,EC1,5R1,5R1,0.003931235458478672,0.1,correct
2367,5,EC1,5R1,5R1,0.0038729833462074026,0.1,correct
2368,5,EC1,5R1,5R1,0.0031622776601683824,0.1,correct
2369,5,EC1,5R1,5R1,0.001732050807568879,0.1,correct
2370,5,EC1,5R1,5R1,0.003316624790355403,0.1,correct
2371,5,EC1,5R1,5R1,0.004582575694955838,0.1,correct
2378,5,EC1,5R1,5R1,0.0037416573867739373,0.1,correct
2392,5,EC1,5R1,5R1,0.0024494897427831805,0.1,correct
2393,5,EC1,5R1,5R1,0.0024494897427831805,0.1,correct
2394,5,EC1,5R1,5R1,0.0028284271247461927,0.1,correct
2395,5,EC1,5R1,5R1,0.0024494897427831805,0.1,correct
2421,5,EC1,1+1+3,1+1+3,0.008124038404635967,0.1,correct
2422,5,EC1,1+1+3,1+1+3,0.00812403840463596,0.1,correct
2423,5,EC1,1+1+3,1+1+3,0.020626681749617425,0.1,correct
2424,5,EC1,1+1+3,1+1+3,0.005662001634581168,0.1,correct
2426,5,EC1,1+1+3,1+1+3,0.010715162828907466,0.1,correct
2427,5,EC1,1+1+3,1+1+3,0.008370782520170964,0.1,correct
2428,5,EC1,1+1+3,1+1+3,0.009076893741803963,0.1,correct
2429,5,EC1,1+1+3,1+1+3,0.00207846096908267,0.1,correct
2430,5,EC1,1+1+3,1+1+3,0.0117196416327463,0.1,correct
2431,5,EC1,1+1+3,1+1+3,0.008970335526054725,0.1,correct
2432,5,EC1,1+1+3,1+1+3,0.01606237840420899,0.1,correct
2433,5,EC1,5R1,5R1,0.0054772255750516535,0.1,correct
2434,5,EC1,5R1,5R1,0.0024494897427831805,0.1,correct
2435,5,EC1,5R1,5R1,0.0024494897427831805,0.1,correct
2436,5,EC1,5R1,5R1,0.0022360679774997855,0.1,correct
2437,5,EC1,5R1,5R1,0.0022360679774997855,0.1,correct
2438,5,EC1,5R1,5R1,0.0022360679774997795,0.1,correct
2439,5,EC1,5R1,5R1,0.0010000000000000009,0.1,correct
2440,5,EC1,5R1,5R1,0.0034641016151377496,0.1,correct
2441,5,EC1,5R1,5R1,0.0016183429488214132,0.1,correct
2442,5,EC1,5R1,5R1,0.0034684290392049157,0.1,correct
2443,5,EC1,5R1,5R1,0.0010000000000000009,0.1,correct
2444,5,EC1,5R1,5R1,0.0016217274740226919,0.1,correct
2445,5,EC1,1+1+3,1+1+3,0.010109896141899817,0.1,correct
2446,5,EC1,1+1+3,1+1+3,0.004863371629846943,0.1,correct
2447,5,EC1,1+1+3,1+1+3,0.006876896466430189,0.1,correct
2448,5,EC1,5R1,5R1,0.003464101615137758,0.1,correct
2449,5,EC1,5R1,5R1,0.001732050807568879,0.1,correct
2450,5,EC1,5R1,5R1,0.002236067977499792,0.1,correct
2451,5,EC1,5R1,5R1,0.0029371973341946237,0.1,correct
2452,5,EC1,5R1,5R1,0.00183303027798234,0.1,correct
2453,5,EC1,5R1,5R1,0.005916079783099622,0.1,correct
2460,5,EC1,1+1+3,1+1+3,0.010816653826391976,0.1,correct
2461,5,EC1,1+1+3,1+1+3,0.006984520941338762,0.1,correct
2462,5,EC1,1+1+3,1+1+3,0.002951853116264407,0.1,correct
2463,5,EC1,1+1+3,1+1+3,0.003819685850956852,0.1,correct
2464,5,EC1,1+1+3,1+1+3,0.0054817380665259695,0.1,correct
2465,5,EC1,1+1+3,1+1+3,0.015142688114730482,0.1,correct
2468,5,EC1,1+1+3,1+1+3,0.008185352771872458,0.1,correct
2469,5,EC1,5R1,5R1,0.0032031234756094034,0.1,correct
2470,5,EC1,5R1,5R1,0.0014142135623730963,0.1,correct
2471,5,EC1,5R1,5R1,0.0017320508075688709,0.1,correct
2472,5,EC1,5R1,5R1,0.0013379088160259715,0.1,correct
2473,5,EC1,5R1,5R1,0.001732050807568879,0.1,correct
2474,5,EC1,5R1,5R1,0.002640662691446979,0.1,correct
2475,5,EC1,5R1,5R1,0.0014456832294800894,0.1,correct
2476,5,EC1,5R1,5R1,0.0024494897427831805,0.1,correct
2477,5,EC1,5R1,5R1,0.0026457513110645934,0.1,correct
2478,5,EC1,5R1,5R1,0.001732050807568879,0.1,correct
2479,5,EC1,5R1,5R1,0.004358898943540677,0.1,correct
2480,5,EC1,5R1,5R1,0.003464101615137758,0.1,correct
2481,5,EC1,5R1,5R1,0.003464101615137758,0.1,correct
2482,5,EC1,5R1,5R1,0.003877709447599193,0.1,correct
2483,5,EC1,5R1,5R1,0.0031191349409732173,0.1,correct
2484,5,EC1,5R1,5R1,0.005385164807134509,0.1,correct
2485,5,EC1,5R1,5R1,0.002522100977359942,0.1,correct
2486,5,EC1,5R1,5R1,0.004894071981489447,0.1,correct
2487,5,EC1,5R1,5R1,0.004250355412197912,0.1,correct
2488,5,EC1,5R1,5R1,0.0029999999999999914,0.1,correct
2489,5,EC1,5R1,5R1,0.0024494897427831805,0.1,correct
2490,5,EC1,5R1,5R1,0.0036055512754639926,0.1,correct
2491,5,EC1,5R1,5R1,0.003464101615137758,0.1,correct
2492,5,EC1,5R1,5R1,0.005744562646538034,0.1,correct
2493,5,EC1,5R1,5R1,0.0037709866825540493,0.1,correct
2494,5,EC1,5R1,5R1,0.004123105625617665,0.1,correct
2495,5,EC1,5R1,5R1,0.004699684091510838,0.1,correct
2496,5,EC1,5R1,5R1,0.002007485989988478,0.1,correct
2497,5,EC1,5R1,5R1,0.0034641016151377457,0.1,correct
2498,5,EC1,5R1,5R1,0.0085148394330134,0.1,correct
2499,5,EC1,5R2,5R2,0.0057210138961551246,0.1,correct
2500,5,EC1,5R2,5R2,0.006403124237432854,0.1,correct
2501,5,EC1,1+1+3,1+1+3,0.0137113092008021,0.1,correct
2502,5,EC1,5R2,5R2,0.011618950038622232,0.1,correct
2503,5,EC1,5R2,5R2,0.006403124237432854,0.1,correct
2504,5,EC1,5R2,5R2,0.006403124237432854,0.1,correct
2505,5,EC1,5R2,5R2,0.010238163897887148,0.1,correct
2506,5,EC1,5R2,5R2,0.012337746958014652,0.1,correct
2507,5,EC1,5R2,5R2,0.010049875621120868,0.1,correct
2508,5,EC1,5R2,5R2,0.008674099376880578,0.1,correct
2509,5,EC1,5R2,5R2,0.007211102550927985,0.1,correct
2510,5,EC1,5R2,5R2,0.007211102550927985,0.1,correct
2511,5,EC1,5R2,5R2,0.008660254037844385,0.1,correct
2512,5,EC1,5R2,5R2,0.006041691973280311,0.1,correct
2513,5,EC1,5R2,5R2,0.004295346318982899,0.1,correct
2514,5,EC1,5R2,5R2,0.010149384217774005,0.1,correct
2515,5,EC1,5R2,5R2,0.0038948684188300857,0.1,correct
2516,5,EC1,1+1+3,1+1+3,0.01670329308849008,0.1,correct
2517,5,EC1,5R2,5R2,0.0024494897427831805,0.1,correct
2518,5,EC1,5R2,5R2,0.003690528417449196,0.1,correct
2519,5,EC1,5R2,5R2,0.008185352771872456,0.1,correct
2520,5,EC1,5R2,5R2,0.008452218643646188,0.1,correct
2521,5,EC1,5R2,5R2,0.011474112292460797,0.1,correct
2522,5,EC1,5R2,5R2,0.008062257748298543,0.1,correct
2523,5,EC1,5R2,5R2,0.006633249580710781,0.1,correct
2524,5,EC1,1+1+3,1+1+3,0.005569245860078397,0.1,correct
2526,5,EC1,1+1+3,1+1+3,0.0036055512754639926,0.1,correct
2527,5,EC1,1+1+3,1+1+3,0.007211102550927985,0.1,correct
2528,5,EC1,1+1+3,1+1+3,0.007280109889280525,0.1,correct
2529,5,EC1,1+1+3,1+1+3,0.009847374297750627,0.1,correct
2530,5,EC1,1+1+3,1+1+3,0.007042016756583306,0.1,correct
2531,5,EC1,1+1+3,1+1+3,0.010099504938362086,0.1,correct
2532,5,EC1,1+1+3,1+1+3,0.003492210141157005,0.1,correct
2533,5,EC1,1+1+3,1+1+3,0.006691786009728692,0.1,correct
2534,5,EC1,1+1+3,1+1+3,0.016493635136015348,0.1,correct
2535,5,EC1,5R2,5R2,0.004309071518320394,0.1,correct
2536,5,EC1,5R2,5R2,0.01113282683508551,0.1,correct
2537,5,EC1,5R2,5R2,0.007783957862167559,0.1,correct
2538,5,EC1,1+1+3,1+1+3,0.014899664425751354,0.1,correct
2539,5,EC1,5R2,5R2,0.006561092962304386,0.1,correct
2540,5,EC1,1+1+3,1+1+3,0.007572560178697834,0.1,correct
2541,5,EC1,1+1+3,1+1+3,0.0030743769043499168,0.1,correct
2542,5,EC1,1+1+3,1+1+3,0.007911752125161658,0.1,correct
2543,5,EC1,1+1+3,1+1+3,0.004851149116446535,0.1,correct
2544,5,EC1,5R1,5R1,0.00707106781186547,0.1,correct
2554,5,EC1,5R2,5R2,0.004512470806553769,0.1,correct
2555,5,EC1,5R2,5R2,0.023493092224311386,0.1,correct
2556,5,EC1,1+1+3,1+1+3,0.011201368344090844,0.1,correct
2557,5,EC1,1+1+3,1+1+3,0.007207466427948185,0.1,correct
2564,5,EC1,5R1,5R1,0.0022206340513465997,0.1,correct
2565,5,EC1,5R1,5R1,0.0011618950038622237,0.1,correct
2579,5,EC1,5R1,5R1,0.0026457513110645825,0.1,correct
2580,5,EC1,5R1,5R1,0.0024494897427831805,0.1,correct
2581,5,EC1,5R1,5R1,0.004242640687119289,0.1,correct
2582,5,EC1,5R1,5R1,0.0024879710609249438,0.1,correct
2583,5,EC1,5R1,5R1,0.008999999999999994,0.1,correct
2584,5,EC1,5R1,5R1,0.0020000000000000018,0.1,correct
2585,5,EC1,5R1,5R1,0.0026019223662515417,0.1,correct
2586,5,EC1,5R1,5R1,0.00675416994678103,0.1,correct
2587,5,EC1,5R1,5R1,0.0014142135623730963,0.1,correct
2588,5,EC1,5R1,5R1,0.004690415759823433,0.1,correct
2599,5,EC1,5R1,5R1,0.0010000000000000009,0.1,correct
2600,5,EC1,5R1,5R1,0.0024494897427831805,0.1,correct
2601,5,EC1,5R1,5R1,0.006782329983125262,0.1,correct
2602,5,EC1,5R1,5R1,0.009000000000000003,0.1,correct
2603,5,EC1,5R1,5R1,0.011717508267545633,0.1,correct
2604,5,EC1,5R2,5R2,0.007126710321038742,0.1,correct
2605,5,EC1,5R2,5R2,0.008033679107357975,0.1,correct
2606,5,EC1,1+1+3,1+1+3,0.006889128827362705,0.1,correct
2607,5,EC1,1+1+3,1+1+3,0.007165891430938645,0.1,correct
2608,5,EC1,1+1+3,1+1+3,0.003542111841825432,0.1,correct
2609,5,EC1,1+1+3,1+1+3,0.008592765852739149,0.1,correct
2610,5,EC1,1+1+3,1+1+3,0.004628174586162469,0.1,correct
2611,5,EC1,1+1+3,1+1+3,0.004472135954999584,0.1,correct
2612,5,EC1,1+1+3,1+1+3,0.012144134386608225,0.1,correct
2613,5,EC1,1+1+3,1+1+3,0.0058309518948453055,0.1,correct
2614,5,EC1,1+1+3,1+1+3,0.00931343116150005,0.1,correct
2615,5,EC1,1+1+3,1+1+3,0.014777347529242174,0.1,correct
2616,5,EC1,1+1+3,1+1+3,0.005290557626564538,0.1,correct
2617,5,EC1,1+1+3,1+1+3,0.006351841118919793,0.1,correct
2618,5,EC1,1+1+3,1+1+3,0.004938634385131178,0.1,correct
2619,5,EC1,1+1+3,1+1+3,0.007369531871157083,0.1,correct
2620,5,EC1,1+1+3,1+1+3,0.003064762400252266,0.1,correct
2621,5,EC1,1+1+3,1+1+3,0.004941659640242335,0.1,correct
2622,5,EC1,1+1+3,1+1+3,0.004360333703972666,0.1,correct
2623,5,EC1,5R1,5R1,0.007416198487095669,0.1,correct
2624,5,EC1,5R1,5R1,0.0024494897427831805,0.1,correct
2625,5,EC1,5R1,5R1,0.0058309518948453055,0.1,correct
2626,5,EC1,5R1,5R1,0.003464101615137758,0.1,correct
2627,5,EC1,5R1,5R1,0.005291502622129186,0.1,correct
2629,5,EC1,5R1,5R1,0.0037416573867739447,0.1,correct
2630,5,EC1,5R1,5R1,0.0030000000000000027,0.1,correct
2631,5,EC1,5R1,5R1,0.002970117787226622,0.1,correct
2632,5,EC1,5R1,5R1,0.0014142135623730963,0.1,correct
2637,5,EC1,5R1,5R1,0.008300927927045261,0.1,correct
2638,5,EC1,5R1,5R1,0.008808518604169487,0.1,correct
2639,5,EC1,5R1,5R1,0.00974679434480897,0.1,correct
2640,5,EC1,5R1,5R1,0.0031102842860420343,0.1,correct
2641,5,EC1,5R1,5R1,0.007745966692414841,0.1,correct
2642,5,EC1,5R1,5R1,0.0035902646142032435,0.1,correct
2649,5,EC1,5R1,5R1,0.005385164807134509,0.1,correct
2651,5,EC1,5R1,5R1,0.0025885513979830525,0.1,correct
2652,5,EC1,5R1,5R1,0.010099504938362081,0.1,correct
2653,5,EC1,5R1,5R1,0.0035594943461115386,0.1,correct
2654,5,EC1,5R1,5R1,0.006855654600401036,0.1,correct
2655,5,EC1,5R1,5R1,0.006164414002968982,0.1,correct
2656,5,EC1,5R1,5R1,0.002236067977499792,0.1,correct
2657,5,EC1,5R1,5R1,0.004242640687119286,0.1,correct
2658,5,EC1,5R1,5R1,0.005351828400649632,0.1,correct
2661,5,EC1,5R1,5R1,0.005191338940966969,0.1,correct
2662,5,EC1,5R1,5R1,0.0037416573867739447,0.1,correct
2663,5,EC1,5R1,5R1,0.0038729833462074204,0.1,correct
2664,5,EC1,5R1,5R1,0.005916079783099622,0.1,correct
2665,5,EC1,5R1,5R1,0.0031622776601683824,0.1,correct
2666,5,EC1,5R1,5R1,0.004690415759823434,0.1,correct
2667,5,EC1,5R1,5R1,0.0030000000000000027,0.1,correct
2668,5,EC1,5R1,5R1,0.008185352771872441,0.1,correct
2669,5,EC1,5R1,5R1,0.0031622776601683824,0.1,correct
2670,5,EC1,5R1,5R1,0.0037868192457522964,0.1,correct
2671,5,EC1,5R1,5R1,0.0038729833462074026,0.1,correct
2672,5,EC1,5R1,5R1,0.003801667661697951,0.1,correct
2673,5,EC1,5R1,5R1,0.006164414002968982,0.1,correct
2674,5,EC1,5R1,5R1,0.0059787384405073285,0.1,correct
2675,5,EC1,5R1,5R1,0.005477225575051666,0.1,correct
2678,5,EC1,5R1,5R1,0.007416198487095656,0.1,correct
2679,5,EC1,5R1,5R1,0.006855654600401036,0.1,correct
2680,5,EC1,5R1,5R1,0.005787918451395115,0.1,correct
2681,5,EC1,5R1,5R1,0.0059160797830996115,0.1,correct
2682,5,EC1,5R1,5R1,0.00812403840463595,0.1,correct
2683,5,EC1,5R1,5R1,0.007141428428542854,0.1,correct
2684,5,EC1,5R1,5R1,0.00707106781186547,0.1,correct
2690,5,EC1,5R1,5R1,0.006708203932499376,0.1,correct
2691,5,EC1,5R1,5R1,0.006708203932499376,0.1,correct
2692,5,EC1,5R1,5R1,0.004999999999999994,0.1,correct
2693,5,EC1,5R1,5R1,0.005196152422706636,0.1,correct
2694,5,EC1,5R1,5R1,0.006263385665915846,0.1,correct
2695,5,EC1,5R1,5R1,0.0026457513110645877,0.1,correct
2696,5,EC1,5R1,5R1,0.006987117193091867,0.1,correct
2699,5,EC1,1+1+3,1+1+3,0.00509901951359279,0.1,correct
2700,5,EC1,1+1+3,1+1+3,0.023924673456496754,0.1,correct
2701,5,EC1,1+1+3,1+1+3,0.0060456596000767375,0.1,correct
2702,5,EC1,1+1+3,1+1+3,0.005776677245614426,0.1,correct
2703,5,EC1,1+1+3,1+1+3,0.012409673645990828,0.1,correct
2704,5,EC1,1+1+3,1+1+3,0.020273134932713252,0.1,correct
2705,5,EC1,1+1+3,1+1+3,0.006782329983125274,0.1,correct
2706,5,EC1,1+1+3,1+1+3,0.009859513172565884,0.1,correct
2707,5,EC1,1+1+3,1+1+3,0.0058309518948453055,0.1,correct
2708,5,EC1,5R2,5R2,0.0035580893749314513,0.1,correct
2709,5,EC1,1+1+3,1+1+3,0.0074959989327640615,0.1,correct
2710,5,EC1,1+1+3,1+1+3,0.006371812928829606,0.1,correct
2711,5,EC1,1+1+3,1+1+3,0.0055362442142665265,0.1,correct
2712,5,EC1,1+1+3,1+1+3,0.006196878522288449,0.1,correct
2713,5,EC1,1+1+3,1+1+3,0.009533307749674301,0.1,correct
2714,5,EC1,1+1+3,1+1+3,0.009156872464984948,0.1,correct
2715,5,EC1,1+1+3,1+1+3,0.0036739614614200835,0.1,correct
2716,5,EC1,1+1+3,1+1+3,0.0077459666924148156,0.1,correct
2717,5,EC1,1+1+3,1+1+3,0.01104536101718727,0.1,correct
2718,5,EC1,1+1+3,1+1+3,0.006574497319947764,0.1,correct
2719,5,EC1,1+1+3,1+1+3,0.01943983854819787,0.1,correct
2720,5,EC1,1+1+3,1+1+3,0.012156596075382277,0.1,correct
2721,5,EC1,1+1+3,1+1+3,0.019940762224649262,0.1,correct
2722,5,EC1,1+1+3,1+1+3,0.008406135491413395,0.1,correct
2723,5,EC1,1+1+3,1+1+3,0.008987769467448534,0.1,correct
2724,5,EC1,5R2,5R2,0.003436568055487912,0.1,correct
2725,5,EC1,1+1+3,1+1+3,0.004300532854193803,0.1,correct
2726,5,EC1,1+1+3,1+1+3,0.012409673645990828,0.1,correct
2727,5,EC1,1+1+3,1+1+3,0.01140175425099139,0.1,correct
2728,5,EC1,1+1+3,1+1+3,0.013129811604893647,0.1,correct
2729,5,EC1,1+1+3,1+1+3,0.014614676557146229,0.1,correct
2731,5,EC1,1+1+3,1+1+3,0.01268267683377603,0.1,correct
2732,5,EC1,1+1+3,1+1+3,0.006539531711827696,0.1,correct
2733,5,EC1,1+1+3,1+1+3,0.023368568633957882,0.1,correct
2740,5,EC1,5R1,5R1,0.0006082762530298258,0.1,correct
2741,5,EC1,5R1,5R1,0.0024494897427831805,0.1,correct
2742,5,EC1,5R1,5R1,0.005830951894845299,0.1,correct
2743,5,EC1,5R1,5R1,0.005196152422706618,0.1,correct
2744,5,EC1,5R1,5R1,0.005056678751908205,0.1,correct
2745,5,EC1,5R1,5R1,0.0029999999999999892,0.1,correct
2746,5,EC1,5R1,5R1,0.003464101615137758,0.1,correct
2747,5,EC1,5R1,5R1,0.002581330406980089,0.1,correct
2748,5,EC1,5R1,5R1,0.0034641016151377418,0.1,correct
2759,5,EC1,1+1+3,1+1+3,0.004224926034855548,0.1,correct
2761,5,EC1,1+1+3,1+1+3,0.0061769625326692675,0.1,correct
2762,5,EC1,1+1+3,1+1+3,0.005898280114575753,0.1,correct
2763,5,EC1,1+1+3,1+1+3,0.010168170031033113,0.1,correct
2764,5,EC1,1+1+3,1+1+3,0.005315540641364732,0.1,correct
2765,5,EC1,1+1+3,1+1+3,0.005434539694399145,0.1,correct
2766,5,EC1,1+1+3,1+1+3,0.008426149773176366,0.1,correct
2767,5,EC1,1+1+3,1+1+3,0.01756473740196534,0.1,correct
2768,5,EC1,1+1+3,1+1+3,0.007511324783285565,0.1,correct
2770,5,EC1,5R1,5R1,0.009197282207261006,0.1,correct
2771,5,EC1,5R1,5R1,0.009908077512817519,0.1,correct
2772,5,EC1,1+1+3,1+1+3,0.004716990566028299,0.1,correct
2773,5,EC1,1+1+3,1+1+3,0.005450300603636474,0.1,correct
2774,5,EC1,1+1+3,1+1+3,0.0048969464873531016,0.1,correct
2775,5,EC1,1+1+3,1+1+3,0.008422057547891717,0.1,correct
2776,5,EC1,1+1+3,1+1+3,0.006662219413228611,0.1,correct
2777,5,EC1,1+1+3,1+1+3,0.008866621359909328,0.1,correct
2778,5,EC1,1+1+3,1+1+3,0.014459944674859575,0.1,correct
2779,5,EC1,1+1+3,1+1+3,0.011224972160321834,0.1,correct
2780,5,EC1,1+1+3,1+1+3,0.009021640649017221,0.1,correct
2781,5,EC1,1+1+3,1+1+3,0.0045817434825620685,0.1,correct
2782,5,EC1,1+1+3,1+1+3,0.010661095768259451,0.1,correct
2783,5,EC1,1+1+3,1+1+3,0.01067567328087558,0.1,correct
2784,5,EC1,1+1+3,1+1+3,0.006622680642307904,0.1,correct
2785,5,EC1,1+1+3,1+1+3,0.009433981132056611,0.1,correct
2786,5,EC1,1+1+3,1+1+3,0.010440306508910549,0.1,correct
2787,5,EC1,1+1+3,1+1+3,0.01215483442914794,0.1,correct
2788,5,EC1,1+1+3,1+1+3,0.00509901951359279,0.1,correct
2789,5,EC1,1+1+3,1+1+3,0.005037856687124047,0.1,correct
2790,5,EC1,1+1+3,1+1+3,0.006082762530298189,0.1,correct
2791,5,EC1,1+1+3,1+1+3,0.00509901951359279,0.1,correct
2792,5,EC1,1+1+3,1+1+3,0.006082762530298189,0.1,correct
2793,5,EC1,1+1+3,1+1+3,0.014456832294800975,0.1,correct
2794,5,EC1,1+1+3,1+1+3,0.007789236412511835,0.1,correct
2795,5,EC1,1+1+3,1+1+3,0.011481917498832681,0.1,correct
2796,5,EC1,1+1+3,1+1+3,0.008224962005991251,0.1,correct
2797,5,EC1,1+1+3,1+1+3,0.008295179322956205,0.1,correct
2798,5,EC1,1+1+3,1+1+3,0.007280109889280525,0.1,correct
2799,5,EC1,1+1+3,1+1+3,0.009336872959936873,0.1,correct
2800,5,EC1,1+1+3,1+1+3,0.021656407827707686,0.1,correct
2801,5,EC1,1+1+3,1+1+3,0.009272540105062892,0.1,correct
2802,5,EC1,1+1+3,1+1+3,0.00941754833701428,0.1,correct
2804,5,EC1,1+1+3,1+1+3,0.01564065216031605,0.1,correct
2805,5,EC1,1+1+3,1+1+3,0.006315049230211901,0.1,correct
2806,5,EC1,1+1+3,1+1+3,0.01238478936841482,0.1,correct
2807,5,EC1,1+1+3,1+1+3,0.035380760514437774,0.1,correct
2808,5,EC1,1+1+3,1+1+3,0.015156846637740971,0.1,correct
2809,5,EC1,1+1+3,1+1+3,0.01590747282537363,0.1,correct
2810,5,EC1,1+1+3,1+1+3,0.009746794344808973,0.1,correct
2812,5,EC1,1+1+3,1+1+3,0.012306908628896182,0.1,correct
2813,5,EC1,1+1+3,1+1+3,0.008630743616282457,0.1,correct
2814,5,EC1,1+1+3,1+1+3,0.006810286337592576,0.1,correct
2815,5,EC1,1+1+3,1+1+3,0.008863371707200403,0.1,correct
2816,5,EC1,1+1+3,1+1+3,0.009301075206662941,0.1,correct
2817,5,EC1,1+1+3,1+1+3,0.007857702108122939,0.1,correct
2818,5,EC1,1+1+3,1+1+3,0.007470609078247907,0.1,correct
2819,5,EC1,1+1+3,1+1+3,0.009727281223445742,0.1,correct
2820,5,EC1,1+1+3,1+1+3,0.005575997519726863,0.1,correct
2821,5,EC1,1+1+3,1+1+3,0.004684015371452132,0.1,correct
2822,5,EC1,1+1+3,1+1+3,0.0077615866084196974,0.1,correct
2823,5,EC1,1+1+3,1+1+3,0.012636263597282212,0.1,correct
2824,5,EC1,1+1+3,1+1+3,0.013273861619739723,0.1,correct
2826,5,EC1,1+1+3,1+1+3,0.006480740698407867,0.1,correct
2827,5,EC1,1+1+3,1+1+3,0.016984748387303242,0.1,correct
2828,5,EC1,1+1+3,1+1+3,0.004046831545789889,0.1,correct
2829,5,EC1,1+1+3,1+1+3,0.005237365750069388,0.1,correct
2830,5,EC1,1+1+3,1+1+3,0.007330743747396954,0.1,correct
2831,5,EC1,1+1+3,1+1+3,0.00812403840463596,0.1,correct
2832,5,EC1,1+1+3,1+1+3,0.006480740698407853,0.1,correct
2833,5,EC1,1+1+3,1+1+3,0.006698149454886772,0.1,correct
2834,5,EC1,1+1+3,1+1+3,0.008257899898279228,0.1,correct
2835,5,EC1,1+1+3,1+1+3,0.013367792931146137,0.1,correct
2836,5,EC1,1+1+3,1+1+3,0.019757064506145644,0.1,correct
2837,5,EC1,1+1+3,1+1+3,0.0050179306471891515,0.1,correct
2838,5,EC1,1+1+3,1+1+3,0.011221853679316957,0.1,correct
2839,5,EC1,1+1+3,1+1+3,0.009832049605753616,0.1,correct
2840,5,EC1,1+1+3,1+1+3,0.0062922697701227,0.1,correct
2841,5,EC1,1+1+3,1+1+3,0.004845616575834305,0.1,correct
2842,5,EC1,1+1+3,1+1+3,0.010357754977310455,0.1,correct
2843,5,EC1,1+1+3,1+1+3,0.00614230184865577,0.1,correct
2844,5,EC1,1+1+3,1+1+3,0.005608921464952056,0.1,correct
2845,5,EC1,1+1+3,1+1+3,0.007320079747516418,0.1,correct
2846,5,EC1,1+1+3,1+1+3,0.010907143199756768,0.1,correct
2847,5,EC1,1+1+3,1+1+3,0.007262231062146109,0.1,correct
2848,5,EC1,1+1+3,1+1+3,0.00392173431022552,0.1,correct
2849,5,EC1,1+1+3,1+1+3,0.004833861762607631,0.1,correct
2850,5,EC1,1+1+3,1+1+3,0.006595410092632613,0.1,correct
2851,5,EC1,1+1+3,1+1+3,0.002651513826100124,0.1,correct
2852,5,EC1,1+1+3,1+1+3,0.007952986860293462,0.1,correct
2853,5,EC1,1+1+3,1+1+3,0.006728978914367333,0.1,correct
2854,5,EC1,1+1+3,1+1+3,0.009848857801796113,0.1,correct
2855,5,EC1,1+1+3,1+1+3,0.009242803927921437,0.1,correct
2856,5,EC1,1+1+3,1+1+3,0.016552945357246864,0.1,correct
2857,5,EC1,1+1+3,1+1+3,0.006480740698407853,0.1,correct
2858,5,EC1,1+1+3,1+1+3,0.010295630140987009,0.1,correct
2859,5,EC1,1+1+3,1+1+3,0.007282846971480308,0.1,correct
2861,5,EC1,1+1+3,1+1+3,0.010699096913758638,0.1,correct
2862,5,EC1,1+1+3,1+1+3,0.012578553175941982,0.1,correct
2863,5,EC1,5R2,5R2,0.003237227295078294,0.1,correct
2864,5,EC1,5R2,5R2,0.004806245936279153,0.1,correct
2865,5,EC1,1+1+3,1+1+3,0.007262312131821386,0.1,correct
2866,5,EC1,1+1+3,1+1+3,0.009985489472229192,0.1,correct
2867,5,EC1,1+1+3,1+1+3,0.01241164238406826,0.1,correct
2868,5,EC1,1+1+3,1+1+3,0.012367872358251436,0.1,correct
2869,5,EC1,1+1+3,1+1+3,0.016248076809271934,0.1,correct
2870,5,EC1,1+1+3,1+1+3,0.010450987998270753,0.1,correct
2871,5,EC1,1+1+3,1+1+3,0.004870204509052984,0.1,correct
2872,5,EC1,1+1+3,1+1+3,0.0062833112289620244,0.1,correct
2873,5,EC1,1+1+3,1+1+3,0.004075946243512033,0.1,correct
2874,5,EC1,1+1+3,1+1+3,0.014628738838327807,0.1,correct
2875,5,EC1,1+1+3,1+1+3,0.016562331861184276,0.1,correct
2876,5,EC1,1+1+3,1+1+3,0.006480740698407867,0.1,correct
2877,5,EC1,1+1+3,1+1+3,0.004830942734084116,0.1,correct
2878,5,EC1,1+1+3,1+1+3,0.0149873279806642,0.1,correct
2879,5,EC1,1+1+3,1+1+3,0.009232575661211764,0.1,correct
2901,5,EC1,1+1+3,1+1+3,0.009848857801796113,0.1,correct
2902,5,EC1,1+1+3,1+1+3,0.02154924592648197,0.1,correct
2903,5,EC1,5R2,5R2,0.008169171827058097,0.1,correct
2904,5,EC1,5R2,5R2,0.003163858403911275,0.1,correct
2905,5,EC1,1+1+3,1+1+3,0.004412621907664416,0.1,correct
2906,5,EC1,1+1+3,1+1+3,0.003765634076752538,0.1,correct
2907,5,EC1,1+1+3,1+1+3,0.026615547725342786,0.1,correct
2908,5,EC1,1+1+3,1+1+3,0.01922437272370677,0.1,correct
2910,5,EC1,5R1,5R1,0.017916472867168916,0.1,correct
2911,5,EC1,5R3,5R3,0.05045602045346024,0.1,correct
2912,5,EC1,1+1+3,1+1+3,0.007549834435270757,0.1,correct
2913,5,EC1,1+1+3,1+1+3,0.006557022020704219,0.1,correct
2914,5,EC1,5R1,5R1,0.004123105625617654,0.1,correct
2915,5,EC1,5R1,5R1,0.006347440429023337,0.1,correct
2916,5,EC1,5R1,5R1,0.005385164807134509,0.1,correct
2917,5,EC1,1+1+3,1+1+3,0.0071414284285428375,0.1,correct
2918,5,EC1,1+1+3,1+1+3,0.009194563611178099,0.1,correct
2919,5,EC1,1+1+3,1+1+3,0.00509901951359279,0.1,correct
2920,5,EC1,1+1+3,1+1+3,0.021023796041628642,0.1,correct
2921,5,EC1,1+1+3,1+1+3,0.009999999999999995,0.1,correct
2925,5,EC1,5R1,5R1,0.003548238999842029,0.1,correct
2926,5,EC1,5R1,5R1,0.002913760456866693,0.1,correct
2927,5,EC1,5R1,5R1,0.004795831523312723,0.1,correct
2928,5,EC1,5R1,5R1,0.0024787382657311704,0.1,correct
2929,5,EC1,5R1,5R1,0.004795831523312724,0.1,correct
2930,5,EC1,5R1,5R1,0.0016048045395000573,0.1,correct
2931,5,EC1,5R1,5R1,0.0028284271247461927,0.1,correct
2932,5,EC1,5R1,5R1,0.006999999999999998,0.1,correct
2934,5,EC1,5R1,5R1,0.00278707913594142,0.1,correct
2935,5,EC1,5R1,5R1,0.004645427859734767,0.1,correct
2936,5,EC1,5R1,5R1,0.005385164807134509,0.1,correct
2937,5,EC1,5R1,5R1,0.004795831523312715,0.1,correct
2938,5,EC1,5R1,5R1,0.001732050807568879,0.1,correct
2939,5,EC1,5R1,5R1,0.009632756614801397,0.1,correct
2940,5,EC1,5R1,5R1,0.005999999999999994,0.1,correct
2941,5,EC1,5R1,5R1,0.0014142135623730963,0.1,correct
2944,5,EC1,5R1,5R1,0.0047958315233127095,0.1,correct
2945,5,EC1,5R1,5R1,0.000965236592758474,0.1,correct
2946,5,EC1,5R1,5R1,0.0028284271247461927,0.1,correct
2947,5,EC1,5R1,5R1,0.004123105625617665,0.1,correct
2948,5,EC1,5R1,5R1,0.002165640782770771,0.1,correct
2949,5,EC1,5R1,5R1,0.008502940667792528,0.1,correct
2950,5,EC1,5R1,5R1,0.0018753361192063622,0.1,correct
2951,5,EC1,5R1,5R1,0.002236067977499792,0.1,correct
2952,5,EC1,5R1,5R1,0.0031622776601683824,0.1,correct
2953,5,EC1,5R1,5R1,0.0024494897427831805,0.1,correct
2954,5,EC1,5R1,5R1,0.005099019513592781,0.1,correct
2968,5,EC1,1+1+3,1+1+3,0.009556380939979304,0.1,correct
2969,5,EC1,5R1,5R1,0.0015838946808421396,0.1,correct
2970,5,EC1,5R1,5R1,0.003741657386773934,0.1,correct
2971,5,EC1,1+1+3,1+1+3,0.012335275297698017,0.1,correct
2972,5,EC1,1+1+3,1+1+3,0.009714233000088054,0.1,correct
2973,5,EC1,2+3,2+3,0.015394804318340644,0.1,correct
2974,5,EC1,1+1+3,1+1+3,0.012756363771467159,0.1,correct
2975,5,EC1,5R1,5R1,0.0030000000000000027,0.1,correct
2976,5,EC1,5R1,5R1,0.0031622776601683824,0.1,correct
2977,5,EC1,5R1,5R1,0.006028266749240612,0.1,correct
2978,5,EC1,5R1,5R1,0.0035637059362410906,0.1,correct
2979,5,EC1,5R1,5R1,0.004242640687119279,0.1,correct
2980,5,EC1,5R1,5R1,0.0037416573867739412,0.1,correct
2981,5,EC1,5R1,5R1,0.0014142135623730866,0.1,correct
2982,5,EC1,5R1,5R1,0.0014142135623730866,0.1,correct
2983,5,EC1,5R1,5R1,0.002236067977499792,0.1,correct
2987,5,EC1,5R1,5R1,0.003316624790355403,0.1,correct
2988,5,EC1,5R1,5R1,0.0024494897427831805,0.1,correct
2989,5,EC1,5R1,5R1,0.0037416573867739447,0.1,correct
2990,5,EC1,5R1,5R1,0.003605551275463981,0.1,correct
2991,5,EC1,5R1,5R1,0.006065476073648302,0.1,correct
2992,5,EC1,5R1,5R1,0.004582575694955844,0.1,correct
2993,5,EC1,5R1,5R1,0.004558959494226725,0.1,correct
2994,5,EC1,5R1,5R1,0.0035791060336346544,0.1,correct
2995,5,EC1,5R1,5R1,0.0033271609519228322,0.1,correct
2996,5,EC1,1+1+3,1+1+3,0.008520420393384366,0.1,correct
2997,5,EC1,5R1,5R1,0.001732050807568879,0.1,correct
2998,5,EC1,5R1,5R1,0.0007721515265801241,0.1,correct
2999,5,EC1,5R1,5R1,0.009848857801796097,0.1,correct
3000,5,EC1,5R1,5R1,0.0038729833462074204,0.1,correct
3001,5,EC1,5R1,5R1,0.002240188355920102,0.1,correct
3002,5,EC1,5R1,5R1,0.0037416573867739447,0.1,correct
3003,5,EC1,5R1,5R1,0.005099019513592781,0.1,correct
3004,5,EC1,5R2,5R2,0.007819787807223425,0.1,correct
3005,5,EC1,1+1+3,1+1+3,0.010535653752852748,0.1,correct
3006,5,EC1,1+1+3,1+1+3,0.00787450213600834,0.1,correct
3007,5,EC1,1+1+3,1+1+3,0.006316803516811345,0.1,correct
3008,5,EC1,1+1+3,1+1+3,0.0101661040831776,0.1,correct
3009,5,EC1,1+1+3,1+1+3,0.007612318284202261,0.1,correct
3010,5,EC1,1+1+3,1+1+3,0.0037416573867739447,0.1,correct
3011,5,EC1,1+1+3,1+1+3,0.00888763185556196,0.1,correct
3012,5,EC1,1+1+3,1+1+3,0.013700619248048605,0.1,correct
3020,5,EC1,5R1,5R1,0.003316624790355403,0.1,correct
3021,5,EC1,5R1,5R1,0.003464101615137758,0.1,correct
3022,5,EC1,5R1,5R1,0.0028284271247461827,0.1,correct
3023,5,EC1,5R1,5R1,0.0030000000000000027,0.1,correct
3024,5,EC1,5R1,5R1,0.004582575694955844,0.1,correct
3025,5,EC1,5R1,5R1,0.004795831523312717,0.1,correct
3026,5,EC1,5R1,5R1,0.0058309518948453055,0.1,correct
3027,5,EC1,5R1,5R1,0.003223215960806843,0.1,correct
3028,5,EC1,5R1,5R1,0.004242640687119289,0.1,correct
3029,5,EC1,5R1,5R1,0.0031622776601683824,0.1,correct
3030,5,EC1,5R1,5R1,0.003162277660168382,0.1,correct
3031,5,EC1,5R1,5R1,0.007615773105863915,0.1,correct
3032,5,EC1,5R1,5R1,0.009110433579144293,0.1,correct
3033,5,EC1,5R1,5R1,0.0022360679774997795,0.1,correct
3034,5,EC1,5R1,5R1,0.003464101615137758,0.1,correct
3035,5,EC1,5R1,5R1,0.005999999999999994,0.1,correct
3036,5,EC1,5R1,5R1,0.002449489742783175,0.1,correct
3037,5,EC1,5R1,5R1,0.0024494897427831805,0.1,correct
3038,5,EC1,5R1,5R1,0.0060066629670724875,0.1,correct
3045,5,EC1,5R1,5R1,0.002613175790106751,0.1,correct
3046,5,EC1,5R1,5R1,0.0013698162906024937,0.1,correct
3047,5,EC1,5R1,5R1,0.0019416487838947569,0.1,correct
3048,5,EC1,5R1,5R1,0.0040000000000000036,0.1,correct
3049,5,EC1,5R1,5R1,0.002012461179749819,0.1,correct
3050,5,EC1,5R1,5R1,0.0024494897427831805,0.1,correct
3051,5,EC1,5R1,5R1,0.0026739483914241836,0.1,correct
3052,5,EC1,5R1,5R1,0.012077809128314632,0.1,correct
3053,5,EC1,5R1,5R1,0.0030016662039607277,0.1,correct
3054,5,EC1,5R1,5R1,0.0016062378404209023,0.1,correct
3055,5,EC1,5R1,5R1,0.0038729833462074095,0.1,correct
3056,5,EC1,5R1,5R1,0.0037416573867739373,0.1,correct
3057,5,EC1,5R1,5R1,0.007549834435270757,0.1,correct
3058,5,EC1,5R1,5R1,0.0010000000000000009,0.1,correct
3059,5,EC1,1+1+3,1+1+3,0.010673624475781402,0.1,correct
3060,5,EC1,1+1+3,1+1+3,0.006374200886385683,0.1,correct
3061,5,EC1,5R1,5R1,0.005416641025580343,0.1,correct
3062,5,EC1,5R1,5R1,0.0010000000000000009,0.1,correct
3063,5,EC1,5R1,5R1,0.002449489742783169,0.1,correct
3064,5,EC1,5R1,5R1,0.003598610843089329,0.1,correct
3065,5,EC1,5R1,5R1,0.002449489742783169,0.1,correct
3066,5,EC1,1+1+3,1+1+3,0.010949614174481216,0.1,correct
3067,5,EC1,1+1+3,1+1+3,0.006345262086785687,0.1,correct
3068,5,EC1,1+1+3,1+1+3,0.004062937662578649,0.1,correct
3069,5,EC1,5R1,5R1,0.0013258544452540817,0.1,correct
3070,5,EC1,5R1,5R1,0.005656854249492376,0.1,correct
3071,5,EC1,5R1,5R1,0.0037416573867739412,0.1,correct
3081,5,EC1,5R1,5R1,0.0019661382987979396,0.1,correct
3082,5,EC1,5R1,5R1,0.0028043331560283617,0.1,correct
3083,5,EC1,5R1,5R1,0.003464101615137758,0.1,correct
3084,5,EC1,5R1,5R1,0.004795831523312723,0.1,correct
3085,5,EC1,5R1,5R1,0.0030000000000000027,0.1,correct
3086,5,EC1,5R1,5R1,0.0030000000000000027,0.1,correct
3087,5,EC1,5R1,5R1,0.0030000000000000027,0.1,correct
3088,5,EC1,5R1,5R1,0.0037416573867739447,0.1,correct
3089,5,EC1,5R1,5R1,0.0037416573867739373,0.1,correct
3090,5,EC1,5R1,5R1,0.004472135954999564,0.1,correct
3091,5,EC1,5R1,5R1,0.0026457513110645934,0.1,correct
3092,5,EC1,5R1,5R1,0.0058309518948453055,0.1,correct
3093,5,EC1,5R1,5R1,0.004441846462902561,0.1,correct
3103,5,EC1,1+1+3,1+1+3,0.006782329983125274,0.1,correct
3104,5,EC1,1+1+3,1+1+3,0.007135493637443722,0.1,correct
3105,5,EC1,5R1,5R1,0.01246314567033541,0.1,correct
3106,5,EC1,1+1+3,1+1+3,0.015035624363490872,0.1,correct
3107,5,EC1,1+1+3,1+1+3,0.0030606116349514378,0.1,correct
3108,5,EC1,1+1+3,1+1+3,0.00956556323485448,0.1,correct
3109,5,EC1,1+1+3,1+1+3,0.006855654600401002,0.1,correct
3110,5,EC1,1+1+3,1+1+3,0.009644687656943596,0.1,correct
3111,5,EC1,1+1+3,1+1+3,0.007274019445258597,0.1,correct
3112,5,EC1,1+1+3,1+1+3,0.007874007874011792,0.1,correct
3113,5,EC1,5R1,5R1,0.004483317162548287,0.1,correct
3114,5,EC1,5R1,5R1,0.003999999999999997,0.1,correct
3115,5,EC1,5R1,5R1,0.004604242693429619,0.1,correct
3116,5,EC1,5R1,5R1,0.0030000000000000027,0.1,correct
3117,5,EC1,5R1,5R1,0.0017102754836575264,0.1,correct
3118,5,EC1,5R1,5R1,0.002236067977499792,0.1,correct
3119,5,EC1,5R1,5R1,0.004582575694955844,0.1,correct
3120,5,EC1,5R1,5R1,0.0024494897427831805,0.1,correct
3121,5,EC1,5R1,5R1,0.004690415759823428,0.1,correct
3122,5,EC1,5R1,5R1,0.0018457743036460346,0.1,correct
3123,5,EC1,5R1,5R1,0.003180428015220587,0.1,correct
3124,5,EC1,5R1,5R1,0.003316624790355386,0.1,correct
3125,5,EC1,5R1,5R1,0.0038729833462074204,0.1,correct
3126,5,EC1,5R1,5R1,0.0014142135623730963,0.1,correct
3127,5,EC1,5R1,5R1,0.0038729833462074204,0.1,correct
3128,5,EC1,5R1,5R1,0.0016841001573540682,0.1,correct
3129,5,EC1,5R1,5R1,0.003162277660168369,0.1,correct
3130,5,EC1,1+1+3,1+1+3,0.008999999999999972,0.1,correct
3131,5,EC1,1+1+3,1+1+3,0.007718808198161153,0.1,correct
3132,5,EC1,1+1+3,1+1+3,0.008204876598706388,0.1,correct
3133,5,EC1,1+1+3,1+1+3,0.006468760958638054,0.1,correct
3134,5,EC1,1+1+3,1+1+3,0.01746213971253237,0.1,correct
3135,5,EC1,5R1,5R1,0.002236067977499792,0.1,correct
3136,5,EC1,5R1,5R1,0.0010000000000000009,0.1,correct
3137,5,EC1,5R1,5R1,0.002236067977499792,0.1,correct
3150,5,EC1,5R1,5R1,0.00502641258752203,0.1,correct
3151,5,EC1,5R1,5R1,0.0012760276917057833,0.1,correct
3152,5,EC1,5R1,5R1,0.0024406930941845346,0.1,correct
3153,5,EC1,5R1,5R1,0.004838873491836699,0.1,correct
3154,5,EC1,5R1,5R1,0.0015294828243559977,0.1,correct
3155,5,EC1,5R1,5R1,0.001732050807568879,0.1,correct
3156,5,EC1,5R1,5R1,0.004135214625627072,0.1,correct
3157,5,EC1,5R1,5R1,0.0027462205701654745,0.1,correct
3158,5,EC1,5R1,5R1,0.0014142135623730963,0.1,correct
3159,5,EC1,5R1,5R1,0.001732050807568879,0.1,correct
3160,5,EC1,5R1,5R1,0.002236067977499792,0.1,correct
3161,5,EC1,1+1+3,1+1+3,0.004472135954999584,0.1,correct
3162,5,EC1,1+1+3,1+1+3,0.020410567780686548,0.1,correct
3163,5,EC1,5R1,5R1,0.0030050278501205243,0.1,correct
3164,5,EC1,1+1+3,1+1+3,0.027746351111452478,0.1,correct
3165,5,EC1,1+1+3,1+1+3,0.007803724586375402,0.1,correct
3166,5,EC1,1+1+3,1+1+3,0.006717596255358014,0.1,correct
3167,5,EC1,5R1,5R1,0.005386521656876543,0.1,correct
3168,5,EC1,5R1,5R1,0.0026457513110645825,0.1,correct
3169,5,EC1,5R1,5R1,0.003706750598570122,0.1,correct
3170,5,EC1,1+1+3,1+1+3,0.006804410334481594,0.1,correct
3171,5,EC1,5R1,5R1,0.003275667870831833,0.1,correct
3172,5,EC1,5R1,5R1,0.002449489742783175,0.1,correct
3173,5,EC1,5R1,5R1,0.0031622776601683824,0.1,correct
3174,5,EC1,5R1,5R1,0.00318433666561813,0.1,correct
3175,5,EC1,5R1,5R1,0.0014142135623730866,0.1,correct
3181,5,EC1,1+1+3,1+1+3,0.008308804776861724,0.1,correct
3182,5,EC1,1+1+3,1+1+3,0.007348469228349541,0.1,correct
3183,5,EC1,5R1,5R1,0.0028670542373662867,0.1,correct
3184,5,EC1,5R1,5R1,0.004098627414147332,0.1,correct
3185,5,EC1,5R1,5R1,0.001161895003862226,0.1,correct
3186,5,EC1,5R1,5R1,0.0014142135623730963,0.1,correct
3187,5,EC1,5R1,5R1,0.0018216027750308276,0.1,correct
3188,5,EC1,5R1,5R1,0.001732050807568879,0.1,correct
3189,5,EC1,1+1+3,1+1+3,0.020744396833844055,0.1,correct
3190,5,EC1,1+1+3,1+1+3,0.006996173853614557,0.1,correct
3191,5,EC1,1+1+3,1+1+3,0.006403124237432828,0.1,correct
3192,5,EC1,1+1+3,1+1+3,0.006822023160324197,0.1,correct
3193,5,EC1,1+1+3,1+1+3,0.007920227269466487,0.1,correct
3194,5,EC1,1+1+3,1+1+3,0.006082762530298226,0.1,correct
3195,5,EC1,1+1+3,1+1+3,0.007280109889280525,0.1,correct
3196,5,EC1,1+1+3,1+1+3,0.01106977867890772,0.1,correct
3197,5,EC1,1+1+3,1+1+3,0.012612295588036304,0.1,correct
3198,5,EC1,5R1,5R1,0.006480740698407862,0.1,correct
3199,5,EC1,1+1+3,1+1+3,0.01383741710002268,0.1,correct
3200,5,EC1,1+1+3,1+1+3,0.010099504938362086,0.1,correct
3201,5,EC1,1+1+3,1+1+3,0.0026457513110645934,0.1,correct
3202,5,EC1,1+1+3,1+1+3,0.012470755657136425,0.1,correct
3203,5,EC1,5R1,5R1,0.002651117481365177,0.1,correct
3204,5,EC1,5R1,5R1,0.0022655531973449715,0.1,correct
3205,5,EC1,1+1+3,1+1+3,0.005343381472438594,0.1,correct
3206,5,EC1,1+1+3,1+1+3,0.01862793601019713,0.1,correct
3207,5,EC1,5R1,5R1,0.001004006698184825,0.1,correct
3208,5,EC1,5R1,5R1,0.0022749324605359166,0.1,correct
3214,5,EC1,1+1+3,1+1+3,0.008197240209973153,0.1,correct
3215,5,EC1,1+1+3,1+1+3,0.011315197726067391,0.1,correct
3216,5,EC1,5R1,5R1,0.004165096120139367,0.1,correct
3217,5,EC1,5R1,5R1,0.0037416573867739447,0.1,correct
3218,5,EC1,5R1,5R1,0.005744562646538034,0.1,correct
3219,5,EC1,5R1,5R1,0.006782329983125275,0.1,correct
3220,5,EC1,5R1,5R1,0.002449489742783175,0.1,correct
3221,5,EC1,1+1+3,1+1+3,0.009966753344494879,0.1,correct
3222,5,EC1,1+1+3,1+1+3,0.009528903399657281,0.1,correct
3223,5,EC1,1+1+3,1+1+3,0.007478636239315311,0.1,correct
3224,5,EC1,1+1+3,1+1+3,0.009709909143241269,0.1,correct
3225,5,EC1,1+1+3,1+1+3,0.008148770261211233,0.1,correct
3226,5,EC1,1+1+3,1+1+3,0.035287846671198254,0.1,correct
3227,5,EC1,5R1,5R1,0.003593425107053164,0.1,correct
3228,5,EC1,5R1,5R1,0.0019999999999999953,0.1,correct
3229,5,EC1,5R1,5R1,0.005744562646538034,0.1,correct
3230,5,EC1,5R1,5R1,0.01967231557290599,0.1,correct
3231,5,EC1,2+3,2+3,0.016610538823289278,0.1,correct
3232,5,EC1,5R1,5R1,0.002449489742783169,0.1,correct
3233,5,EC1,5R1,5R1,0.002371716806450553,0.1,correct
3234,5,EC1,5R1,5R1,0.0013685135914560768,0.1,correct
3235,5,EC1,5R1,5R1,0.00241992343887157,0.1,correct
3236,5,EC1,5R1,5R1,0.003284997378994388,0.1,correct
3237,5,EC1,5R1,5R1,0.002236067977499792,0.1,correct
3238,5,EC1,5R1,5R1,0.0037416573867739447,0.1,correct
3239,5,EC1,5R1,5R1,0.002749545416973502,0.1,correct
3240,5,EC1,5R1,5R1,0.004898979485566355,0.1,correct
3241,5,EC1,5R1,5R1,0.0031622776601683824,0.1,correct
3242,5,EC1,5R1,5R1,0.003531288716601912,0.1,correct
3243,5,EC1,5R1,5R1,0.0023366642891095926,0.1,correct
3244,5,EC1,5R1,5R1,0.007416198487095663,0.1,correct
3245,5,EC1,5R1,5R1,0.0022360679774997795,0.1,correct
3249,5,EC1,5R1,5R1,0.002449489742783175,0.1,correct
3250,5,EC1,5R1,5R1,0.0024494897427831805,0.1,correct
3251,5,EC1,5R1,5R1,0.0016883713394866668,0.1,correct
3252,5,EC1,5R1,5R1,0.0014142135623730963,0.1,correct
3253,5,EC1,5R1,5R1,0.002585653259816543,0.1,correct
3254,5,EC1,5R1,5R1,0.001732050807568879,0.1,correct
3255,5,EC1,5R1,5R1,0.0019467922333931864,0.1,correct
3256,5,EC1,5R1,5R1,0.0016340134638368228,0.1,correct
3257,5,EC1,5R1,5R1,0.0015501397517643444,0.1,correct
3258,5,EC1,5R1,5R1,0.0020678519942200963,0.1,correct
3259,5,EC1,5R1,5R1,0.0019442222095223502,0.1,correct
3260,5,EC1,5R1,5R1,0.0024494897427831805,0.1,correct
3261,5,EC1,5R1,5R1,0.0014142135623730963,0.1,correct
3262,5,EC1,5R1,5R1,0.005000000000000002,0.1,correct
3266,5,EC1,1+1+3,1+1+3,0.006499010510069993,0.1,correct
3267,5,EC1,5R1,5R1,0.004446346815083144,0.1,correct
3268,5,EC1,5R1,5R1,0.0028284271247461927,0.1,correct
3273,5,EC1,5R1,5R1,0.002236067977499792,0.1,correct
3274,5,EC1,5R1,5R1,0.001732050807568879,0.1,correct
3275,5,EC1,5R1,5R1,0.0003162277660168382,0.1,correct
3276,5,EC1,5R1,5R1,0.0014142135623730866,0.1,correct
3277,5,EC1,5R1,5R1,0.0037416573867739447,0.1,correct
3278,5,EC1,5R1,5R1,0.002508198889641729,0.1,correct
3279,5,EC1,5R1,5R1,0.0020000000000000018,0.1,correct
3280,5,EC1,5R1,5R1,0.013784048752090215,0.1,correct
3281,5,EC1,5R1,5R1,0.0031622776601683824,0.1,correct
3282,5,EC1,5R1,5R1,0.007348469228349531,0.1,correct
3283,5,EC1,5R1,5R1,0.006999999999999998,0.1,correct
3284,5,EC1,5R1,5R1,0.0014142135623730963,0.1,correct
3285,5,EC1,5R1,5R1,0.0024494897427831805,0.1,correct
3286,5,EC1,5R1,5R1,0.0015112239344319631,0.1,correct
3287,5,EC1,5R1,5R1,0.001732050807568879,0.1,correct
3288,5,EC1,5R1,5R1,0.0027156789206384422,0.1,correct
3289,5,EC1,5R1,5R1,0.0028473517924555865,0.1,correct
3290,5,EC1,5R1,5R1,0.001732050807568879,0.1,correct
3291,5,EC1,5R1,5R1,0.001228820572744443,0.1,correct
3292,5,EC1,5R1,5R1,0.0014142135623730963,0.1,correct
3293,5,EC1,5R1,5R1,0.001732050807568879,0.1,correct
3294,5,EC1,5R1,5R1,0.0024494897427831805,0.1,correct
3295,5,EC1,5R1,5R1,0.0024494897427831805,0.1,correct
3296,5,EC1,5R1,5R1,0.003741657386773941,0.1,correct
3297,5,EC1,5R1,5R1,0.002645751311064593,0.1,correct
3298,5,EC1,5R1,5R1,0.0014142135623730963,0.1,correct
3308,5,EC1,5R1,5R1,0.0022248595461286935,0.1,correct
3309,5,EC1,5R1,5R1,0.0030166206257996654,0.1,correct
3310,5,EC1,5R1,5R1,0.0036983044209475263,0.1,correct
3311,5,EC1,5R1,5R1,0.002328089345364568,0.1,correct
3312,5,EC1,5R1,5R1,0.002133072900770164,0.1,correct
3313,5,EC1,5R1,5R1,0.002989983277545211,0.1,correct
3314,5,EC1,5R1,5R1,0.0017154122507432312,0.1,correct
3315,5,EC1,5R1,5R1,0.006537583651472455,0.1,correct
3316,5,EC1,5R1,5R1,0.007742430640955085,0.1,correct
3317,5,EC1,5R1,5R1,0.009137833441248534,0.1,correct
3318,5,EC1,5R1,5R1,0.0026267851073127333,0.1,correct
3319,5,EC1,5R1,5R1,0.001288409872672516,0.1,correct
3320,5,EC1,5R1,5R1,0.002223394427446472,0.1,correct
3321,5,EC1,5R1,5R1,0.00183303027798234,0.1,correct
3322,5,EC1,5R1,5R1,0.0018110770276274816,0.1,correct
3323,5,EC1,5R1,5R1,0.001973796119157195,0.1,correct
3324,5,EC1,5R1,5R1,0.0018654758106177703,0.1,correct
3325,5,EC1,5R1,5R1,0.0023515952032609725,0.1,correct
3333,5,EC1,5R1,5R1,0.005679788728465173,0.1,correct
3335,5,EC1,1+1+3,1+1+3,0.006880769398112386,0.1,correct
3336,5,EC1,5R1,5R1,0.0030886890422961027,0.1,correct
3337,5,EC1,5R1,5R1,0.006221238691771915,0.1,correct
3338,5,EC1,5R1,5R1,0.0045276925690687165,0.1,correct
3339,5,EC1,5R1,5R1,0.00506853035898968,0.1,correct
3340,5,EC1,5R1,5R1,0.010024470060806206,0.1,correct
3341,5,EC1,5R1,5R1,0.005001999600159925,0.1,correct
3342,5,EC1,5R1,5R1,0.004487761134463374,0.1,correct
3343,5,EC1,5R1,5R1,0.0036746054971928638,0.1,correct
3344,5,EC1,1+1+3,1+1+3,0.00568330552319688,0.1,correct
3345,5,EC1,5R2,5R2,0.007710992803134999,0.1,correct
3346,5,EC1,5R2,5R2,0.0013038404810405075,0.1,correct
3347,5,EC1,5R2,5R2,0.0038431757701151204,0.1,correct
3348,5,EC1,5R2,5R2,0.005424020648928247,0.1,correct
3349,5,EC1,5R2,5R2,0.0022912878474779207,0.1,correct
3355,5,EC1,5R1,5R1,0.007619055059520181,0.1,correct
3356,5,EC1,5R1,5R1,0.005145872132107449,0.1,correct
3357,5,EC1,1+1+3,1+1+3,0.015517409577632505,0.1,correct
3358,5,EC1,1+1+3,1+1+3,0.006353351959399037,0.1,correct
3359,5,EC1,1+1+3,1+1+3,0.040437356388245735,0.1,correct
3360,5,EC1,1+1+3,1+1+3,0.009663427416294876,0.1,correct
3361,5,EC1,5R1,5R1,0.005733236433289667,0.1,correct
3362,5,EC1,5R1,5R1,0.00571162916425778,0.1,correct
3363,5,EC1,5R2,5R2,0.0022912878474779207,0.1,correct
3364,5,EC1,5R2,5R2,0.004524378410345456,0.1,correct
3365,5,EC1,5R2,5R2,0.003977436360270262,0.1,correct
3366,5,EC1,5R2,5R2,0.004098531720018768,0.1,correct
3370,5,EC1,5R1,5R1,0.009659710140578752,0.1,correct
3371,5,EC1,5R1,5R1,0.005241183072551466,0.1,correct
3372,5,EC1,5R1,5R1,0.005132250968142537,0.1,correct
3373,5,EC1,5R1,5R1,0.017157797061394572,0.1,correct
3374,5,EC1,5R1,5R1,0.002083266665599969,0.1,correct
3375,5,EC1,1+1+3,1+1+3,0.00902572586831662,0.1,correct
3376,5,EC1,1+1+3,1+1+3,0.006812488532100445,0.1,correct
3377,5,EC1,1+1+3,1+1+3,0.003508560958569783,0.1,correct
3378,5,EC1,5R1,5R1,0.003021588985947626,0.1,correct
3379,5,EC1,5R1,5R1,0.0024284633927650562,0.1,correct
3380,5,EC1,5R1,5R1,0.0,0.1,correct
3381,5,EC1,5R1,5R1,0.0028530685235374233,0.1,correct
3382,5,EC1,5R1,5R1,0.002539685019840055,0.1,correct
3384,5,EC1,5R1,5R1,0.00324725334860093,0.1,correct
3385,5,EC1,5R1,5R1,0.0,0.1,correct
3386,5,EC1,5R1,5R1,0.001984943324127919,0.1,correct
3390,5,EC1,5R1,5R1,0.003275667870831833,0.1,correct
3391,5,EC1,5R1,5R1,0.003043024810940585,0.1,correct
3392,5,EC1,5R1,5R1,0.011905460931858122,0.1,correct
3393,5,EC1,5R1,5R1,0.004239103678845336,0.1,correct
3394,5,EC1,5R1,5R1,0.0027531799795872513,0.1,correct
3396,5,EC1,5R1,5R1,0.00407985353045915,0.1,correct
3397,5,EC1,5R1,5R1,0.0035902646142032435,0.1,correct
3398,5,EC1,5R1,5R1,0.011747718284841533,0.1,correct
3399,5,EC1,5R2,5R2,0.008203756016606044,0.1,correct
3400,5,EC1,5R2,5R2,0.003690528417449196,0.1,correct
3401,5,EC1,5R2,5R2,0.00794030306600447,0.1,correct
3413,5,EC1,1+1+3,1+1+3,0.02809226456393291,0.1,correct
3414,5,EC1,5R2,5R2,0.015295142620453091,0.1,correct
3415,5,EC1,1+1+3,1+1+3,0.007548509786706251,0.1,correct
3416,5,EC1,1+1+3,1+1+3,0.008717224328879003,0.1,correct
3422,5,EC1,1+1+3,1+1+3,0.003819685850956852,0.1,correct
3423,5,EC1,5R1,5R1,0.0006082762530298258,0.1,correct
3424,5,EC1,5R1,5R1,0.004070524763467232,0.1,correct
3425,5,EC1,5R1,5R1,0.006981488167289273,0.1,correct
3426,5,EC1,5R1,5R1,0.006491683739986107,0.1,correct
3427,5,EC1,1+1+3,1+1+3,0.007220607795746837,0.1,correct
3428,5,EC1,5R1,5R1,0.005957348403442596,0.1,correct
3430,5,EC1,5R1,5R1,0.004614108798023728,0.1,correct
3431,5,EC1,1+1+3,1+1+3,0.008677557259966663,0.1,correct
3433,5,EC1,5R1,5R1,0.002539685019840055,0.1,correct
3434,5,EC1,5R2,5R2,0.006546201990467446,0.1,correct
3435,5,EC1,5R2,5R2,0.00423792402008339,0.1,correct
3436,5,EC1,5R2,5R2,0.0045232731511594525,0.1,correct
3437,5,EC1,5R2,5R2,0.003163858403911275,0.1,correct
3438,5,EC1,5R2,5R2,0.0052048054718692414,0.1,correct
3439,5,EC1,5R2,5R2,0.007017595188524348,0.1,correct
3440,5,EC1,5R2,5R2,0.009203260291874803,0.1,correct
3441,5,EC1,5R2,5R2,0.0038948684188300857,0.1,correct
3442,5,EC1,5R2,5R2,0.0055901699437494855,0.1,correct
3443,5,EC1,5R2,5R2,0.005437830449728998,0.1,correct
3449,5,EC1,5R1,5R1,0.0027531799795872513,0.1,correct
3450,5,EC1,5R1,5R1,0.0019442222095223559,0.1,correct
3451,5,EC1,5R1,5R1,0.003834973902127627,0.1,correct
3452,5,EC1,5R1,5R1,0.01625207679036743,0.1,correct
3453,5,EC1,5R1,5R1,0.0036069377593742884,0.1,correct
3454,5,EC1,5R1,5R1,0.005097057974949859,0.1,correct
3455,5,EC1,5R1,5R1,0.0027676705006196047,0.1,correct
3456,5,EC1,5R1,5R1,0.003706750598570122,0.1,correct
3457,5,EC1,5R1,5R1,0.0027676705006196047,0.1,correct
3458,5,EC1,5R1,5R1,0.004806245936279164,0.1,correct
3462,5,EC1,5R1,5R1,0.0035594943461115386,0.1,correct
3463,5,EC1,5R1,5R1,0.004956813492557496,0.1,correct
3464,5,EC1,5R1,5R1,0.0022649503305812316,0.1,correct
3465,5,EC1,5R1,5R1,0.0065075662378496065,0.1,correct
3466,5,EC1,1+1+3,1+1+3,0.008999444427296605,0.1,correct
3467,5,EC1,1+1+3,1+1+3,0.019108805184259937,0.1,correct
3468,5,EC1,5R1,5R1,0.004919349550499545,0.1,correct
3469,5,EC1,5R1,5R1,0.004239103678845336,0.1,correct
3470,5,EC1,5R1,5R1,0.004922397789695582,0.1,correct
3473,5,EC1,1+1+3,1+1+3,0.0055748355042996725,0.1,correct
3474,5,EC1,1+1+3,1+1+3,0.005367917069031529,0.1,correct
3475,5,EC1,1+1+3,1+1+3,0.011483275928497039,0.1,correct
3476,5,EC1,1+1+3,1+1+3,0.005900000000000009,0.1,correct
3478,5,EC1,5R1,5R1,0.004922397789695582,0.1,correct
3479,5,EC1,5R1,5R1,0.009209234495874241,0.1,correct
3480,5,EC1,5R1,5R1,0.02409845791850591,0.1,correct
3482,5,EC1,1+1+3,1+1+3,0.022479233358146368,0.1,correct
3483,5,EC1,1+1+3,1+1+3,0.004539606789139312,0.1,correct
3484,5,EC1,1+1+3,1+1+3,0.011922667486766554,0.1,correct
3485,5,EC1,1+1+3,1+1+3,0.005896764350048261,0.1,correct
3486,5,EC1,1+1+3,1+1+3,0.00868734712095702,0.1,correct
3488,5,EC1,1+1+3,1+1+3,0.007585512507405163,0.1,correct
3489,5,EC1,1+1+3,1+1+3,0.004435571825593606,0.1,correct
3491,5,EC1,1+1+3,1+1+3,0.014128256065417275,0.1,correct
3492,5,EC1,5R1,5R1,0.0014071247279470345,0.1,correct
3493,5,EC1,5R1,5R1,0.0011575836902790234,0.1,correct
3494,5,EC1,5R1,5R1,0.0012864827165570472,0.1,correct
3495,5,EC1,5R1,5R1,0.0016124515496597047,0.1,correct
3496,5,EC1,5R1,5R1,0.0015801069773910923,0.1,correct
3497,5,EC1,5R1,5R1,0.00254950975679639,0.1,correct
3498,5,EC1,5R1,5R1,0.001288409872672516,0.1,correct
3499,5,EC1,5R1,5R1,0.0004000000000000045,0.1,correct
3500,5,EC1,5R1,5R1,0.004645427859734767,0.1,correct
3501,5,EC1,5R1,5R1,0.002118962010041707,0.1,correct
3502,5,EC1,5R1,5R1,0.0022068076490713846,0.1,correct
3503,5,EC1,5R1,5R1,0.0011575836902790234,0.1,correct
3504,5,EC1,5R1,5R1,0.00324191301548947,0.1,correct
3505,5,EC1,5R1,5R1,0.00124899959967968,0.1,correct
3506,5,EC1,5R1,5R1,0.0024664913683205957,0.1,correct
3507,5,EC1,5R1,5R1,0.0004000000000000045,0.1,correct
3508,5,EC1,5R1,5R1,0.003484250278036864,0.1,correct
3509,5,EC1,5R1,5R1,0.0015427248620541478,0.1,correct
3510,5,EC1,5R1,5R1,0.003546829570193642,0.1,correct
3511,5,EC1,5R1,5R1,0.0013994711322496197,0.1,correct
3512,5,EC1,5R1,5R1,0.0010723805294763553,0.1,correct
3513,5,EC1,5R1,5R1,0.0014980070059916251,0.1,correct
3514,5,EC1,5R1,5R1,0.0012361303895625233,0.1,correct
3532,5,EC1,5R1,5R1,0.008400322367028538,0.1,correct
3533,5,EC1,1+1+3,1+1+3,0.007757172386250023,0.1,correct
3534,5,EC1,1+1+3,1+1+3,0.007075968602954691,0.1,correct
3535,5,EC1,1+1+3,1+1+3,0.023546974327925862,0.1,correct
3537,5,EC1,5R1,5R1,0.005733236433289667,0.1,correct
3538,5,EC1,5R1,5R1,0.002846049894151537,0.1,correct
3539,5,EC1,5R1,5R1,0.01333304166347649,0.1,correct
3540,5,EC1,5R1,5R1,0.004693612681080546,0.1,correct
3541,5,EC1,1+1+3,1+1+3,0.03681697977835771,0.1,correct
3543,5,EC1,1+1+3,1+1+3,0.008076509146902524,0.1,correct
3544,5,EC1,1+1+3,1+1+3,0.006208378479119961,0.1,correct
3545,5,EC1,1+1+3,1+1+3,0.0074776766652483425,0.1,correct
3546,5,EC1,5R1,5R1,0.003165438358268879,0.1,correct
3547,5,EC1,5R1,5R1,0.0030534043852722737,0.1,correct
3548,5,EC1,5R1,5R1,0.0011747340124470724,0.1,correct
3549,5,EC1,5R1,5R1,0.0020124611797498154,0.1,correct
3550,5,EC1,5R1,5R1,0.0012529964086141672,0.1,correct
3551,5,EC1,5R1,5R1,0.001228820572744443,0.1,correct
3552,5,EC1,5R1,5R1,0.001380465099160418,0.1,correct
3553,5,EC1,5R1,5R1,0.0025448782996442074,0.1,correct
3554,5,EC1,5R1,5R1,0.002051828452868313,0.1,correct
3559,5,EC1,1+1+3,1+1+3,0.012788147399056688,0.1,correct
3560,5,EC1,1+1+3,1+1+3,0.02525450454869389,0.1,correct
3561,5,EC1,5R1,5R1,0.004818713521262711,0.1,correct
3562,5,EC1,5R1,5R1,0.004783966778730808,0.1,correct
3563,5,EC1,5R1,5R1,0.004955804677345547,0.1,correct
3564,5,EC1,5R1,5R1,0.005262128846769145,0.1,correct
3565,5,EC1,5R1,5R1,0.009723682430026194,0.1,correct
3566,5,EC1,5R1,5R1,0.003648922935607165,0.1,correct
3567,5,EC1,5R1,5R1,0.010968135666557018,0.1,correct
3568,5,EC1,5R1,5R1,0.00618546683767685,0.1,correct
3569,5,EC1,5R1,5R1,0.002636896956651883,0.1,correct
3570,5,EC1,5R1,5R1,0.0035014282800023195,0.1,correct
3571,5,EC1,5R1,5R1,0.0025355771867564985,0.1,correct
3572,5,EC1,5R1,5R1,0.002148549319890049,0.1,correct
3573,5,EC1,5R1,5R1,0.00203469899493758,0.1,correct
3574,5,EC1,5R1,5R1,0.0031591137997862553,0.1,correct
3575,5,EC1,5R1,5R1,0.0014951945258059249,0.1,correct
3576,5,EC1,5R1,5R1,0.0017122273505583358,0.1,correct
3577,5,EC1,5R1,5R1,0.0071267103210387395,0.1,correct
3578,5,EC1,5R1,5R1,0.0018439088914585836,0.1,correct
3579,5,EC1,5R1,5R1,0.0018110770276274816,0.1,correct
3580,5,EC1,5R1,5R1,0.0016217274740226919,0.1,correct
3581,5,EC1,5R1,5R1,0.0025573423705088872,0.1,correct
3585,5,EC1,5R1,5R1,0.0034842502780368656,0.1,correct
3586,5,EC1,5R1,5R1,0.0027419810374982607,0.1,correct
3587,5,EC1,5R1,5R1,0.001732050807568879,0.1,correct
3588,5,EC1,5R1,5R1,0.002449489742783169,0.1,correct
3598,5,EC1,5R1,5R1,0.009327379053088822,0.1,correct
3599,5,EC1,1+1+3,1+1+3,0.025188737084260504,0.1,correct
3600,5,EC1,1+1+3,1+1+3,0.015533559440450194,0.1,correct
3601,5,EC1,5R2,5R2,0.008663717446916193,0.1,correct
3602,5,EC1,5R2,5R2,0.01238426420906788,0.1,correct
3603,5,EC1,1+1+3,1+1+3,0.006293852958244239,0.1,correct
3604,5,EC1,1+1+3,1+1+3,0.008831760866327854,0.1,correct
3605,5,EC1,1+1+3,1+1+3,0.006474325962600286,0.1,correct
3606,5,EC1,1+1+3,1+1+3,0.007483314773547889,0.1,correct
3607,5,EC1,1+1+3,1+1+3,0.009037389987158886,0.1,correct
3608,5,EC1,1+1+3,1+1+3,0.007348469228349541,0.1,correct
3609,5,EC1,1+1+3,1+1+3,0.007874007874011792,0.1,correct
3610,5,EC1,5R1,5R1,0.005196152422706636,0.1,correct
3611,5,EC1,5R2,5R2,0.014787156589419053,0.1,correct
3612,5,EC1,5R1,5R1,0.005196152422706636,0.1,correct
3613,5,EC1,5R1,5R1,0.009055385138137416,0.1,correct
3620,5,EC1,1+1+3,1+1+3,0.011511585816037673,0.1,correct
3621,5,EC1,1+1+3,1+1+3,0.017471665251772694,0.1,correct
3622,5,EC1,1+1+3,1+1+3,0.008509406559801907,0.1,correct
3623,5,EC1,1+1+3,1+1+3,0.009385257973545523,0.1,correct
3624,5,EC1,1+1+3,1+1+3,0.010938007131100231,0.1,correct
3625,5,EC1,1+1+3,1+1+3,0.013076696830622032,0.1,correct
3626,5,EC1,1+1+3,1+1+3,0.012822636234409835,0.1,correct
3627,5,EC1,5R1,5R1,0.0022360679774997795,0.1,correct
3628,5,EC1,5R1,5R1,0.0024333964617382024,0.1,correct
3629,5,EC1,5R1,5R1,0.003120897306865442,0.1,correct
3630,5,EC1,5R1,5R1,0.0014142135623730963,0.1,correct
3631,5,EC1,5R1,5R1,0.003464101615137758,0.1,correct
3632,5,EC1,5R1,5R1,0.0033357270586785105,0.1,correct
3633,5,EC1,5R1,5R1,0.0036055512754639926,0.1,correct
3634,5,EC1,5R1,5R1,0.005477225575051666,0.1,correct
3635,5,EC1,5R1,5R1,0.0034641016151377418,0.1,correct
3636,5,EC1,5R1,5R1,0.005830951894845299,0.1,correct
3637,5,EC1,5R1,5R1,0.001732050807568879,0.1,correct
3638,5,EC1,5R1,5R1,0.008124038404635955,0.1,correct
3639,5,EC1,5R1,5R1,0.0036055512754639926,0.1,correct
3640,5,EC1,5R1,5R1,0.0031622776601683824,0.1,correct
3641,5,EC1,1+1+3,1+1+3,0.0180420079107066,0.1,correct
3642,5,EC1,1+1+3,1+1+3,0.009695359714832666,0.1,correct
3643,5,EC1,1+1+3,1+1+3,0.01691153452528778,0.1,correct
3644,5,EC1,1+1+3,1+1+3,0.0076007549335576135,0.1,correct
3645,5,EC1,1+1+3,1+1+3,0.012688577540449532,0.1,correct
3646,5,EC1,5R1,5R1,0.006782329983125266,0.1,correct
3647,5,EC1,5R1,5R1,0.0035886487707770943,0.1,correct
3648,5,EC1,5R1,5R1,0.0030000000000000027,0.1,correct
3649,5,EC1,5R1,5R1,0.004999999999999998,0.1,correct
3650,5,EC1,5R1,5R1,0.004466810663101805,0.1,correct
3651,5,EC1,1+1+3,1+1+3,0.02080264406271475,0.1,correct
3661,5,EC1,5R1,5R1,0.007483314773547889,0.1,correct
3662,5,EC1,1+1+3,1+1+3,0.00903271830624649,0.1,correct
3663,5,EC1,5R1,5R1,0.004680811895387384,0.1,correct
3670,5,EC1,5R2,5R2,0.004861069841094662,0.1,correct
3671,5,EC1,5R1,5R1,0.0038729833462074204,0.1,correct
3672,5,EC1,5R1,5R1,0.0024494897427831805,0.1,correct
3673,5,EC1,5R1,5R1,0.0020000000000000018,0.1,correct
3674,5,EC1,5R1,5R1,0.001732050807568879,0.1,correct
3675,5,EC1,5R1,5R1,0.0014142135623730963,0.1,correct
3676,5,EC1,5R1,5R1,0.0030000000000000027,0.1,correct
3677,5,EC1,5R1,5R1,0.007348469228349529,0.1,correct
3678,5,EC1,5R1,5R1,0.0020000000000000018,0.1,correct
3679,5,EC1,5R1,5R1,0.002645751311064593,0.1,correct
3680,5,EC1,5R1,5R1,0.0024494897427831805,0.1,correct
3681,5,EC1,5R1,5R1,0.0030000000000000027,0.1,correct
3682,5,EC1,1+1+3,1+1+3,0.012097516440162414,0.1,correct
3686,5,EC1,1+1+3,1+1+3,0.007095068710026718,0.1,correct
3687,5,EC1,1+1+3,1+1+3,0.028427979175453193,0.1,correct
3688,5,EC1,1+1+3,1+1+3,0.008426149773176366,0.1,correct
3689,5,EC1,1+1+3,1+1+3,0.007211102550927985,0.1,correct
3690,5,EC1,1+1+3,1+1+3,0.0036055512754639926,0.1,correct
3691,5,EC1,1+1+3,1+1+3,0.0073898579147369066,0.1,correct
3692,5,EC1,1+1+3,1+1+3,0.005788787953449318,0.1,correct
3693,5,EC1,1+1+3,1+1+3,0.005124451190127583,0.1,correct
3694,5,EC1,1+1+3,1+1+3,0.009752435593224907,0.1,correct
3695,5,EC1,1+1+3,1+1+3,0.006855654600401002,0.1,correct
3696,5,EC1,1+1+3,1+1+3,0.009643623138115662,0.1,correct
3697,5,EC1,5R1,5R1,0.003251153641401779,0.1,correct
3698,5,EC1,5R1,5R1,0.0014142135623730963,0.1,correct
3699,5,EC1,5R1,5R1,0.0022360679774997795,0.1,correct
3700,5,EC1,5R1,5R1,0.003464101615137758,0.1,correct
3701,5,EC1,5R1,5R1,0.002449489742783169,0.1,correct
3702,5,EC1,5R1,5R1,0.0010136034727643657,0.1,correct
3703,5,EC1,5R1,5R1,0.0014142135623730963,0.1,correct
3704,5,EC1,5R1,5R1,0.001999999999999995,0.1,correct
3705,5,EC1,1+1+3,1+1+3,0.007874007874011808,0.1,correct
3706,5,EC1,1+1+3,1+1+3,0.009410844466358996,0.1,correct
3707,5,EC1,1+1+3,1+1+3,0.008028075734570523,0.1,correct
3708,5,EC1,5R1,5R1,0.0028284271247461827,0.1,correct
3709,5,EC1,5R1,5R1,0.006992207289547403,0.1,correct
3710,5,EC1,5R1,5R1,0.0026457513110645877,0.1,correct
3711,5,EC1,1+1+3,1+1+3,0.0026457513110645934,0.1,correct
3712,5,EC1,5R1,5R1,0.0024494897427831805,0.1,correct
3713,5,EC1,5R1,5R1,0.002083266665599969,0.1,correct
3714,5,EC1,5R1,5R1,0.0040000000000000036,0.1,correct
3715,5,EC1,5R1,5R1,0.004123105625617665,0.1,correct
3716,5,EC1,5R1,5R1,0.0014142135623730963,0.1,correct
3717,5,EC1,5R1,5R1,0.0014142135623730963,0.1,correct
3718,5,EC1,5R1,5R1,0.006288313348585607,0.1,correct
3719,5,EC1,5R1,5R1,0.0038729833462074204,0.1,correct
3720,5,EC1,5R1,5R1,0.003811810774422049,0.1,correct
3721,5,EC1,5R1,5R1,0.0021023796041628674,0.1,correct
3722,5,EC1,5R1,5R1,0.0036055512754639926,0.1,correct
3723,5,EC1,5R1,5R1,0.0014142135623730963,0.1,correct
3724,5,EC1,5R1,5R1,0.0028530685235374233,0.1,correct
3725,5,EC1,5R1,5R1,0.021587033144922902,0.1,correct
3726,5,EC1,1+1+3,1+1+3,0.007174956445860829,0.1,correct
3735,5,EC1,1+1+3,1+1+3,0.006082762530298225,0.1,correct
3759,5,EC1,1+1+3,1+1+3,0.009746794344808973,0.1,correct
3760,5,EC1,1+1+3,1+1+3,0.006082762530298226,0.1,correct
3761,5,EC1,5R1,5R1,0.00707106781186547,0.1,correct
3762,5,EC1,5R1,5R1,0.007874007874011818,0.1,correct
3763,5,EC1,5R1,5R1,0.007348469228349529,0.1,correct
3764,5,EC1,5R1,5R1,0.002236067977499792,0.1,correct
3765,5,EC1,5R1,5R1,0.0024396384076333954,0.1,correct
3766,5,EC1,1+1+3,1+1+3,0.006868431048645651,0.1,correct
3767,5,EC1,1+1+3,1+1+3,0.012183185133617564,0.1,correct
3769,5,EC1,5R1,5R1,0.003316624790355403,0.1,correct
3771,5,EC1,1+1+3,1+1+3,0.009685797914988716,0.1,correct
3772,5,EC1,1+1+3,1+1+3,0.018520259177452123,0.1,correct
3774,5,EC1,1+1+3,1+1+3,0.014414886152169236,0.1,correct
3775,5,EC1,1+1+3,1+1+3,0.00538052042092584,0.1,correct
3776,5,EC1,1+1+3,1+1+3,0.005788782255362526,0.1,correct
3777,5,EC1,1+1+3,1+1+3,0.009301548676430193,0.1,correct
3778,5,EC1,1+1+3,1+1+3,0.009578010087173633,0.1,correct
3779,5,EC1,1+1+3,1+1+3,0.013341664064126312,0.1,correct
3781,5,EC1,1+1+3,1+1+3,0.008124038404635967,0.1,correct
3782,5,EC1,1+1+3,1+1+3,0.006634003316248752,0.1,correct
3783,5,EC1,1+1+3,1+1+3,0.017597442996071893,0.1,correct
3784,5,EC1,1+1+3,1+1+3,0.009470312883954774,0.1,correct
3785,5,EC1,1+1+3,1+1+3,0.00906719530946591,0.1,correct
3786,5,EC1,1+1+3,1+1+3,0.00509901951359279,0.1,correct
3787,5,EC1,1+1+3,1+1+3,0.009356946542008245,0.1,correct
3788,5,EC1,1+1+3,1+1+3,0.013341664064126312,0.1,correct
3789,5,EC1,1+1+3,1+1+3,0.005026927491022725,0.1,correct
3790,5,EC1,5R1,5R1,0.0026811449158894783,0.1,correct
3791,5,EC1,5R1,5R1,0.003316624790355403,0.1,correct
3792,5,EC1,5R1,5R1,0.004615770582470501,0.1,correct
3793,5,EC1,5R1,5R1,0.003741657386773934,0.1,correct
3794,5,EC1,5R1,5R1,0.0021152923367704995,0.1,correct
3795,5,EC1,5R1,5R1,0.0030000000000000005,0.1,correct
3796,5,EC1,1+1+3,1+1+3,0.013744242054766053,0.1,correct
3797,5,EC1,1+1+3,1+1+3,0.01027715914054073,0.1,correct
3798,5,EC1,1+1+3,1+1+3,0.006089848109764305,0.1,correct
3799,5,EC1,1+1+3,1+1+3,0.009141686631579536,0.1,correct
3800,5,EC1,1+1+3,1+1+3,0.010385566907973778,0.1,correct
3801,5,EC1,1+1+3,1+1+3,0.018743256965372913,0.1,correct
3802,5,EC1,1+1+3,1+1+3,0.014863474626748625,0.1,correct
3803,5,EC1,1+1+3,1+1+3,0.008256512580987191,0.1,correct
3804,5,EC1,1+1+3,1+1+3,0.008366600265340762,0.1,correct
3805,5,EC1,1+1+3,1+1+3,0.007856207736560934,0.1,correct
3806,5,EC1,5R1,5R1,0.0016583123951777038,0.1,correct
3807,5,EC1,5R1,5R1,0.0022360679774997855,0.1,correct
3808,5,EC1,5R1,5R1,0.0022360679774997855,0.1,correct
3809,5,EC1,5R1,5R1,0.005426776565328625,0.1,correct
3810,5,EC1,5R1,5R1,0.0037416573867739447,0.1,correct
3811,5,EC1,5R1,5R1,0.002236067977499792,0.1,correct
3812,5,EC1,5R1,5R1,0.0010000000000000009,0.1,correct
3813,5,EC1,5R1,5R1,0.0014142135623730963,0.1,correct
3814,5,EC1,5R1,5R1,0.0031897142991183323,0.1,correct
3815,5,EC1,5R1,5R1,0.002999999999999989,0.1,correct
3816,5,EC1,5R1,5R1,0.005830951894845304,0.1,correct
3817,5,EC1,5R1,5R1,0.004194043395102152,0.1,correct
3818,5,EC1,5R1,5R1,0.0037416573867739447,0.1,correct
3819,5,EC1,5R1,5R1,0.0011747340124470724,0.1,correct
3820,5,EC1,1+1+3,1+1+3,0.001732050807568879,0.1,correct
3821,5,EC1,1+1+3,1+1+3,0.008895237334101875,0.1,correct
3822,5,EC1,1+1+3,1+1+3,0.016462077633154343,0.1,correct
3823,5,EC1,1+1+3,1+1+3,0.004584757354539073,0.1,correct
3824,5,EC1,1+1+3,1+1+3,0.004358898943540677,0.1,correct
3825,5,EC1,1+1+3,1+1+3,0.006594694837519017,0.1,correct
3826,5,EC1,1+1+3,1+1+3,0.013596053287995048,0.1,correct
3827,5,EC1,1+1+3,1+1+3,0.016321151920131106,0.1,correct
3828,5,EC1,1+1+3,1+1+3,0.005744562646538034,0.1,correct
3829,5,EC1,5R1,5R1,0.010000000000000009,0.1,correct
3830,5,EC1,5R1,5R1,0.0036055512754639926,0.1,correct
3831,5,EC1,5R1,5R1,0.013601470508735437,0.1,correct
3853,5,EC1,1+1+3,1+1+3,0.01838640802331984,0.1,correct
3854,5,EC1,1+1+3,1+1+3,0.0065931782927507844,0.1,correct
3855,5,EC1,1+1+3,1+1+3,0.008495350983920577,0.1,correct
3856,5,EC1,1+1+3,1+1+3,0.023958297101421847,0.1,correct
3857,5,EC1,1+1+3,1+1+3,0.010124060132674036,0.1,correct
3858,5,EC1,1+1+3,1+1+3,0.008485281374238578,0.1,correct
3868,5,EC1,1+1+3,1+1+3,0.007296574538781897,0.1,correct
3869,5,EC1,1+1+3,1+1+3,0.007551820972454248,0.1,correct
3870,5,EC1,1+1+3,1+1+3,0.018357559750685808,0.1,correct
3871,5,EC1,1+1+3,1+1+3,0.023151673805580447,0.1,correct
3872,5,EC1,2+3,2+3,0.013304134695650081,0.1,correct
3873,5,EC1,2+3,2+3,0.006855654600401035,0.1,correct
3874,5,EC1,2+3,2+3,0.006244997998398399,0.1,correct
3875,5,EC1,2+3,2+3,0.02847490122897706,0.1,correct
3876,5,EC1,2+3,2+3,0.014832396974191314,0.1,correct
3877,5,EC1,2+3,2+3,0.020493901531919195,0.1,correct
3878,5,EC1,2+3,2+3,0.011916375287812996,0.1,correct
3879,5,EC1,2+3,2+3,0.017233687939614092,0.1,correct
3880,5,EC1,1+1+3,1+1+3,0.009374360422983535,0.1,correct
3881,5,EC1,1+1+3,1+1+3,0.018708286933869722,0.1,correct
3882,5,EC1,1+1+3,1+1+3,0.008607293685009227,0.1,correct
3883,5,EC1,2+3,2+3,0.007937253933193762,0.1,correct
3884,5,EC1,1+1+3,1+1+3,0.0055480292807446605,0.1,correct
3885,5,EC1,1+1+3,1+1+3,0.005384548999684177,0.1,correct
3886,5,EC1,1+1+3,1+1+3,0.006284891777111199,0.1,correct
3887,5,EC1,1+1+3,1+1+3,0.012083045973594575,0.1,correct
3888,5,EC1,1+1+3,1+1+3,0.008095060222135485,0.1,correct
3889,5,EC1,1+1+3,1+1+3,0.011314592347937222,0.1,correct
3890,5,EC1,2+3,2+3,0.010816653826391975,0.1,correct
3891,5,EC1,1+1+3,1+1+3,0.01444048676118637,0.1,correct
3902,5,EC1,5R1,5R1,0.00382332076603572,0.1,correct
3903,5,EC1,5R1,5R1,0.010682649465371405,0.1,correct
3904,5,EC1,5R1,5R1,0.0015227544450764218,0.1,correct
3905,5,EC1,5R1,5R1,0.004378355855797918,0.1,correct
3906,5,EC1,5R1,5R1,0.004358898943540673,0.1,correct
3907,5,EC1,5R1,5R1,0.003605551275463987,0.1,correct
3908,5,EC1,5R1,5R1,0.005952310475773242,0.1,correct
3910,5,EC1,5R1,5R1,0.009209234495874241,0.1,correct
3911,5,EC1,5R1,5R1,0.006557438524302007,0.1,correct
3919,5,EC1,5R1,5R1,0.0038729833462074204,0.1,correct
3920,5,EC1,5R1,5R1,0.005291502622129186,0.1,correct
3921,5,EC1,5R1,5R1,0.007416198487095669,0.1,correct
3923,5,EC1,5R1,5R1,0.005291502622129186,0.1,correct
3924,5,EC1,5R1,5R1,0.0022649503305812316,0.1,correct
3925,5,EC1,1+1+3,1+1+3,0.013523252259349397,0.1,correct
3926,5,EC1,5R1,5R1,0.0030000000000000027,0.1,correct
3927,5,EC1,5R1,5R1,0.0014542042531914213,0.1,correct
3928,5,EC1,5R1,5R1,0.0032781226853185394,0.1,correct
3929,5,EC1,5R1,5R1,0.0019209372712298532,0.1,correct
3930,5,EC1,5R1,5R1,0.0018165902124584936,0.1,correct
3931,5,EC1,5R1,5R1,0.0010000000000000009,0.1,correct
3932,5,EC1,5R1,5R1,0.0019349710023667016,0.1,correct
3933,5,EC1,5R1,5R1,0.005916079783099615,0.1,correct
3934,5,EC1,5R1,5R1,0.005477225575051656,0.1,correct
3935,5,EC1,5R1,5R1,0.0030000000000000027,0.1,correct
3936,5,EC1,5R1,5R1,0.0034842502780368656,0.1,correct
3937,5,EC1,5R1,5R1,0.0026579495029063417,0.1,correct
3946,5,EC1,5R1,5R1,0.0035987534897516946,0.1,correct
3947,5,EC1,1+1+3,1+1+3,0.003993745109543178,0.1,correct
3948,5,EC1,5R1,5R1,0.003316624790355403,0.1,correct
3949,5,EC1,5R1,5R1,0.0037416573867739447,0.1,correct
3951,5,EC1,5R1,5R1,0.0032793424157900966,0.1,correct
3952,5,EC1,5R1,5R1,0.013038404810405297,0.1,correct
3953,5,EC1,5R1,5R1,0.004757848531636964,0.1,correct
3954,5,EC1,5R1,5R1,0.0033600595232822833,0.1,correct
3955,5,EC1,5R1,5R1,0.00806225774829854,0.1,correct
3956,5,EC1,5R1,5R1,0.0167332005306815,0.1,correct
3971,5,EC1,5R1,5R1,0.0022360679774997795,0.1,correct
3972,5,EC1,5R1,5R1,0.01791647286716891,0.1,correct
3973,5,EC1,5R1,5R1,0.005477225575051666,0.1,correct
3974,5,EC1,5R1,5R1,0.003981397996935247,0.1,correct
3975,5,EC1,5R1,5R1,0.006743489398671874,0.1,correct
3976,5,EC1,5R1,5R1,0.010968135666557018,0.1,correct
3977,5,EC1,5R1,5R1,0.0016714176826873638,0.1,correct
3978,5,EC1,5R1,5R1,0.0032878564445547064,0.1,correct
3979,5,EC1,5R1,5R1,0.004472135954999564,0.1,correct
3980,5,EC1,5R1,5R1,0.003567912554982264,0.1,correct
3981,5,EC1,5R1,5R1,0.001941648783894754,0.1,correct
3982,5,EC1,5R1,5R1,0.002999999999999989,0.1,correct
3983,5,EC1,5R1,5R1,0.0031622776601683824,0.1,correct
3984,5,EC1,5R1,5R1,0.0024186773244895586,0.1,correct
3985,5,EC1,5R1,5R1,0.004524928850269361,0.1,correct
3986,5,EC1,5R1,5R1,0.0037416573867739447,0.1,correct
3987,5,EC1,5R1,5R1,0.004472135954999571,0.1,correct
3988,5,EC1,5R1,5R1,0.004410910652008268,0.1,correct
3989,5,EC1,5R1,5R1,0.002336664289109589,0.1,correct
3997,5,EC1,5R1,5R1,0.005744562646538034,0.1,correct
3998,5,EC1,5R1,5R1,0.003484250278036864,0.1,correct
3999,5,EC1,5R1,5R1,0.014282856857085706,0.1,correct
4000,5,EC1,5R1,5R1,0.004358898943540667,0.1,correct
4001,5,EC1,5R1,5R1,0.014899664425751337,0.1,correct
4002,5,EC1,5R1,5R1,0.0021189620100417225,0.1,correct
4003,5,EC1,5R1,5R1,0.015132745950421557,0.1,correct
4004,5,EC1,5R1,5R1,0.0031622776601683824,0.1,correct
4005,5,EC1,5R1,5R1,0.008306623862918078,0.1,correct
4006,5,EC1,5R1,5R1,0.004255584566190647,0.1,correct
4007,5,EC1,5R1,5R1,0.005465892272996233,0.1,correct
4008,5,EC1,5R1,5R1,0.002236067977499792,0.1,correct
4009,5,EC1,5R1,5R1,0.002732873105359995,0.1,correct
4010,5,EC1,5R1,5R1,0.0029000247223084138,0.1,correct
4011,5,EC1,5R1,5R1,0.004259510404964402,0.1,correct
4012,5,EC1,5R1,5R1,0.008544003745317538,0.1,correct
4018,5,EC1,2+3,2+3,0.01153949738940133,0.1,correct
4019,5,EC1,2+3,2+3,0.007004561371706288,0.1,correct
4020,5,EC1,2+3,2+3,0.007615773105863914,0.1,correct
4022,5,EC1,2+3,2+3,0.006244997998398389,0.1,correct
4023,5,EC1,2+3,2+3,0.007937253933193762,0.1,correct
4024,5,EC1,2+3,2+3,0.006244997998398389,0.1,correct
4025,5,EC1,2+3,2+3,0.024959967948697374,0.1,correct
4026,5,EC1,1+1+3,1+1+3,0.008290355842785004,0.1,correct
4027,5,EC1,1+1+3,1+1+3,0.010770329614269018,0.1,correct
4028,5,EC1,1+1+3,1+1+3,0.008892859883074719,0.1,correct
4029,5,EC1,1+1+3,1+1+3,0.005392138104685366,0.1,correct
4030,5,EC1,1+1+3,1+1+3,0.021095023109729008,0.1,correct
4031,5,EC1,1+1+3,1+1+3,0.0161864140562386,0.1,correct
4032,5,EC1,1+1+3,1+1+3,0.013764002567567324,0.1,correct
4033,5,EC1,1+1+3,1+1+3,0.012492082693050018,0.1,correct
4034,5,EC1,1+1+3,1+1+3,0.013784048752090203,0.1,correct
4035,5,EC1,2+3,2+3,0.03916697500599197,0.1,correct
4036,5,EC1,2+3,2+3,0.012884098726725114,0.1,correct
4037,5,EC1,1+1+3,1+1+3,0.00930930287454437,0.1,correct
4039,5,EC1,1+1+3,1+1+3,0.0048420034882267595,0.1,correct
4040,5,EC1,1+1+3,1+1+3,0.005848448892655197,0.1,correct
4041,5,EC1,1+1+3,1+1+3,0.00931322005538363,0.1,correct
4042,5,EC1,1+1+3,1+1+3,0.006646001430183424,0.1,correct
4043,5,EC1,1+1+3,1+1+3,0.0043456099824995984,0.1,correct
4044,5,EC1,1+1+3,1+1+3,0.005981638571495261,0.1,correct
4045,5,EC1,1+1+3,1+1+3,0.012833913558614943,0.1,correct
4046,5,EC1,1+1+3,1+1+3,0.019507131175034435,0.1,correct
4047,5,EC1,2+3,2+3,0.02511971337416094,0.1,correct
4048,5,EC1,2+3,2+3,0.013114877048603993,0.1,correct
4049,5,EC1,2+3,2+3,0.012124355652982153,0.1,correct
4050,5,EC1,2+3,2+3,0.008888194417315596,0.1,correct
4051,5,EC1,2+3,2+3,0.014071247279470272,0.1,correct
4052,5,EC1,2+3,2+3,0.007615773105863914,0.1,correct
4053,5,EC1,2+3,2+3,0.018557992348581246,0.1,correct
4054,5,EC1,2+3,2+3,0.01941648783894759,0.1,correct
4055,5,EC1,2+3,2+3,0.013964240043768929,0.1,correct
4056,5,EC1,2+3,2+3,0.010723805294763612,0.1,correct
4057,5,EC1,2+3,2+3,0.017691806012954146,0.1,correct
4058,5,EC1,2+3,2+3,0.02137066988000143,0.1,correct
4059,5,EC1,2+3,2+3,0.013939418014752274,0.1,correct
4061,5,EC1,2+3,2+3,0.020876945099079978,0.1,correct
4062,5,EC1,5R2,5R2,0.0024494897427831805,0.1,correct
4063,5,EC1,5R2,5R2,0.010099504938362066,0.1,correct
4064,5,EC1,1+1+3,1+1+3,0.010093213358985347,0.1,correct
4065,5,EC1,1+1+3,1+1+3,0.014560219778561015,0.1,correct
4066,5,EC1,1+1+3,1+1+3,0.01606237840420897,0.1,correct
4067,5,EC1,2+3,2+3,0.011406198510020787,0.1,correct
4068,5,EC1,1+1+3,1+1+3,0.005576231354597845,0.1,correct
4070,5,EC1,1+1+3,1+1+3,0.004997012501485285,0.1,correct
4071,5,EC1,1+1+3,1+1+3,0.008736704184073078,0.1,correct
4072,5,EC1,1+1+3,1+1+3,0.010770329614269018,0.1,correct
4073,5,EC1,2+3,2+3,0.008196950652529275,0.1,correct
4074,5,EC1,1+1+3,1+1+3,0.0040756358743145905,0.1,correct
4075,5,EC1,5R2,5R2,0.010827742146911326,0.1,correct
4076,5,EC1,2+3,2+3,0.024232607715019033,0.1,correct
4077,5,EC1,1+1+3,1+1+3,0.03555094935441245,0.1,correct
4079,5,EC1,5R1,5R1,0.001732050807568879,0.1,correct
4080,5,EC1,5R1,5R1,0.00848685035157332,0.1,correct
4081,5,EC1,5R1,5R1,0.0029999999999999914,0.1,correct
4082,5,EC1,5R1,5R1,0.003605551275463981,0.1,correct
4083,5,EC1,5R1,5R1,0.0037416573867739373,0.1,correct
4084,5,EC1,5R1,5R1,0.009949874371066201,0.1,correct
4101,5,EC1,1+1+3,1+1+3,0.004321814960175883,0.1,correct
4102,5,EC1,1+1+3,1+1+3,0.00642841165296685,0.1,correct
4103,5,EC1,1+1+3,1+1+3,0.00452979893262381,0.1,correct
4104,5,EC1,1+1+3,1+1+3,0.0054433445601027005,0.1,correct
4105,5,EC1,5R1,5R1,0.0045596052460711925,0.1,correct
4106,5,EC1,1+1+3,1+1+3,0.005916079783099622,0.1,correct
4107,5,EC1,5R1,5R1,0.003464101615137758,0.1,correct
4109,5,EC1,1+1+3,1+1+3,0.007348469228349518,0.1,correct
4110,5,EC1,5R1,5R1,0.0038691084244306235,0.1,correct
4111,5,EC1,5R1,5R1,0.0027590623262260592,0.1,correct
4112,5,EC1,5R1,5R1,0.00404603276061873,0.1,correct
4113,5,EC1,1+1+3,1+1+3,0.007669419795525612,0.1,correct
4116,5,EC2,5R3,5R3,0.005259277516921874,0.1,correct
4117,5,EC2,5R3,5R3,0.006247399458974894,0.1,correct
4118,5,EC2,5R3,5R3,0.006883452057652452,0.1,correct
4119,5,EC2,5R3,5R3,0.0046711882856506496,0.1,correct
4120,5,EC2,5R3,5R3,0.0036496245628831704,0.1,correct
4121,5,EC2,5R3,5R3,0.005346961754117974,0.1,correct
4122,5,EC2,5R3,5R3,0.006169278726074915,0.1,correct
4124,5,EC2,5R3,5R3,0.00739121099685293,0.1,correct
4125,5,EC2,5R3,5R3,0.0070278019323256466,0.1,correct
4126,5,EC2,5R3,5R3,0.005495452665613627,0.1,correct
4127,5,EC2,5R3,5R3,0.006464518543557591,0.1,correct
4130,5,EC2,5R3,5R3,0.01867083286840732,0.1,correct
4131,5,EC2,5R3,5R3,0.005929586832149378,0.1,correct
4133,5,EC2,5R3,5R3,0.006777905281132204,0.1,correct
4134,5,EC2,5R3,5R3,0.00659999999999997,0.1,correct
4135,5,EC2,5R3,5R3,0.004774082394554949,0.1,correct
4136,5,EC2,5R3,5R3,0.007468600939935125,0.1,correct
4137,5,EC2,5R3,5R3,0.004428317965096932,0.1,correct
4138,5,EC2,5R3,5R3,0.005866856057549063,0.1,correct
4139,5,EC2,5R3,5R3,0.005360970061472108,0.1,correct
4140,5,EC2,5R3,5R3,0.005674504383644472,0.1,correct
4147,5,EC2,5R3,5R3,0.0064575537163852025,0.1,correct
4148,5,EC2,5R3,5R3,0.010158740079360273,0.1,correct
4149,5,EC2,5R3,5R3,0.006949820141557667,0.1,correct
4150,5,EC2,5R3,5R3,0.003538361202590848,0.1,correct
4153,5,EC2,5R3,5R3,0.0263732587931412,0.1,correct
4154,5,EC2,5R3,5R3,0.008445116932286929,0.1,correct
4157,5,EC2,5R3,5R3,0.007510659092250165,0.1,correct
4158,5,EC2,5R3,5R3,0.005195190083144232,0.1,correct
4159,5,EC2,5R3,5R3,0.006279331174575818,0.1,correct
4160,5,EC2,5R3,5R3,0.004760252094164726,0.1,correct
4161,5,EC2,5R3,5R3,0.007162401831788002,0.1,correct
4162,5,EC2,5R3,5R3,0.006279331174575818,0.1,correct
4163,5,EC2,5R3,5R3,0.006447345319586967,0.1,correct
4164,5,EC2,5R3,5R3,0.0120950403058444,0.1,correct
4165,5,EC2,5R3,5R3,0.00909340420304737,0.1,correct
4166,5,EC2,5R3,5R3,0.007111258679024367,0.1,correct
4169,5,EC2,5R3,5R3,0.025707197435737725,0.1,correct
4171,5,EC2,5R3,5R3,0.014123738881755114,0.1,correct
4172,5,EC2,5R3,5R3,0.008062257748298525,0.1,correct
4177,5,EC2,5R3,5R3,0.010642837967384435,0.1,correct
4178,5,EC2,5R3,5R3,0.001819340539866026,0.1,correct
4179,5,EC2,5R3,5R3,0.00539444158370453,0.1,correct
4180,5,EC2,5R3,5R3,0.017584936735740596,0.1,correct
4181,5,EC2,5R3,5R3,0.011602674548568588,0.1,correct
4182,5,EC2,5R3,5R3,0.007471947537289058,0.1,correct
4185,5,EC2,5R3,5R3,0.0061854668376768495,0.1,correct
4186,5,EC2,5R3,5R3,0.008368392916205567,0.1,correct
4187,5,EC2,5R3,5R3,0.005738466694161393,0.1,correct
4189,5,EC2,5R3,5R3,0.006786015030929402,0.1,correct
4190,5,EC2,5R3,5R3,0.004488845805995133,0.1,correct
4191,5,EC2,5R3,5R3,0.003671511950137169,0.1,correct
4192,5,EC2,5R3,5R3,0.004066939881532577,0.1,correct
4194,5,EC2,5R3,5R3,0.00589151932866217,0.1,correct
4195,5,EC2,5R3,5R3,0.014744829602270757,0.1,correct
4196,5,EC2,5R3,5R3,0.006044832503882955,0.1,correct
4197,5,EC2,5R3,5R3,0.004312771730569579,0.1,correct
4198,5,EC2,5R3,5R3,0.009081299466486057,0.1,correct
4199,5,EC2,5R3,5R3,0.010307764064044135,0.1,correct
4200,5,EC2,5R3,5R3,0.007166589146867558,0.1,correct
4201,5,EC2,5R3,5R3,0.004648655719667766,0.1,correct
4202,5,EC2,5R3,5R3,0.003095157508108466,0.1,correct
4207,5,EC2,5R3,5R3,0.005529918625079393,0.1,correct
4208,5,EC2,5R3,5R3,0.0033719430600174867,0.1,correct
4209,5,EC2,5R3,5R3,0.028589683454001393,0.1,correct
4210,5,EC2,5R3,5R3,0.02573596705002556,0.1,correct
4211,5,EC2,5R3,5R3,0.0033719430600174867,0.1,correct
4212,5,EC2,5R3,5R3,0.006213694553162406,0.1,correct
4213,5,EC2,5R3,5R3,0.003595830919273038,0.1,correct
4214,5,EC2,5R3,5R3,0.005524490926773236,0.1,correct
4215,5,EC2,5R3,5R3,0.012176616935750263,0.1,correct
4216,5,EC2,5R3,5R3,0.010649413129370039,0.1,correct
4217,5,EC2,5R3,5R3,0.009340770846134711,0.1,correct
4219,5,EC2,5R3,5R3,0.010238163897887209,0.1,correct
4220,5,EC2,5R3,5R3,0.00934879671401619,0.1,correct
4221,5,EC2,5R3,5R3,0.007619055059520163,0.1,correct
4223,5,EC2,5R3,5R3,0.010348429832588126,0.1,correct
4224,5,EC2,5R3,5R3,0.012227428184209455,0.1,correct
4225,5,EC2,5R3,5R3,0.015665567337316562,0.1,correct
4226,5,EC2,5R3,5R3,0.0412208685012822,0.1,correct
4227,5,EC2,5R3,5R3,0.0086821656284593,0.1,correct
4230,5,EC2,5R3,5R3,0.0044833023542919645,0.1,correct
4231,5,EC2,5R3,5R3,0.0093081152168417,0.1,correct
4233,5,EC2,5R3,5R3,0.0022869193252058623,0.1,correct
4234,5,EC2,5R3,5R3,0.0022869193252058623,0.1,correct
4242,5,EC2,5R3,5R3,0.0005744562646538216,0.1,correct
4243,5,EC2,5R3,5R3,0.0005744562646538216,0.1,correct
4244,5,EC2,5R3,5R3,0.0007549834435271021,0.1,correct
4245,5,EC2,5R3,5R3,0.0007549834435271021,0.1,correct
4246,5,EC2,5R3,5R3,0.007166589146867558,0.1,correct
4248,5,EC2,5R3,5R3,0.005925369186810221,0.1,correct
4252,5,EC2,5R3,5R3,0.019679939024295788,0.1,correct
4254,5,EC2,5R3,5R3,0.0035369478367654797,0.1,correct
4255,5,EC2,5R3,5R3,0.005832666628567095,0.1,correct
4258,5,EC2,5R3,5R3,0.008698275691193021,0.1,correct
4260,5,EC2,5R3,5R3,0.02767002586355855,0.1,correct
4261,5,EC2,5R3,5R3,0.004146082488325549,0.1,correct
4262,5,EC2,5R3,5R3,0.007471947537289058,0.1,correct
4263,5,EC2,5R3,5R3,0.008203657720797466,0.1,correct
4266,5,EC2,5R3,5R3,0.003894868418830108,0.1,correct
4267,5,EC2,5R3,5R3,0.028980165630996667,0.1,correct
4268,5,EC2,1+1+3,1+1+3,0.023291629397704235,0.1,correct
4270,5,EC2,1+1+3,1+1+3,0.0077474242203457435,0.1,correct
4273,5,EC2,1+1+3,1+1+3,0.009686362642911953,0.1,correct
4274,5,EC2,1+1+3,1+1+3,0.008688181096754356,0.1,correct
4276,5,EC2,1+1+3,1+1+3,0.007042016756583306,0.1,correct
4277,5,EC2,1+1+3,1+1+3,0.02145694743294116,0.1,correct
4278,5,EC2,1+1+3,1+1+3,0.01904527245985206,0.1,correct
4280,5,EC2,1+1+3,1+1+3,0.01276154027576607,0.1,correct
4281,5,EC2,1+1+3,1+1+3,0.008760707733967645,0.1,correct
4284,5,EC2,1+1+3,1+1+3,0.00909120454065358,0.1,correct
4285,5,EC2,1+1+3,1+1+3,0.008159656855530144,0.1,correct
4286,5,EC2,1+1+3,1+1+3,0.010578162105488818,0.1,correct
4287,5,EC2,1+1+3,1+1+3,0.010415709209650586,0.1,correct
4290,5,EC2,1+1+3,1+1+3,0.007006425622241355,0.1,correct
4294,5,EC2,1+1+3,1+1+3,0.006718630812896341,0.1,correct
4295,5,EC2,5R3,5R3,0.009502631214563677,0.1,correct
4297,5,EC2,5R3,5R3,0.0014247806848774803,0.1,correct
4298,5,EC2,5R3,5R3,0.007461233142048301,0.1,correct
4308,5,EC2,5R3,5R3,0.01574452285717165,0.1,correct
4309,5,EC2,5R3,5R3,0.010054849576199532,0.1,correct
4310,5,EC2,5R3,5R3,0.012377802712921217,0.1,correct
4311,5,EC2,5R3,5R3,0.006411708040764202,0.1,correct
4312,5,EC2,5R3,5R3,0.007276675064890573,0.1,correct
4313,5,EC2,5R3,5R3,0.009009994450608723,0.1,correct
4314,5,EC2,5R3,5R3,0.010160708636704412,0.1,correct
4315,5,EC2,5R3,5R3,0.005109794516416472,0.1,correct
4316,5,EC2,5R3,5R3,0.005668551451649734,0.1,correct
4317,5,EC2,5R3,5R3,0.004899999999999986,0.1,correct
4318,5,EC2,5R3,5R3,0.006041522986797279,0.1,correct
4319,5,EC2,5R3,5R3,0.002177154105707729,0.1,correct
4320,5,EC2,5R3,5R3,0.012634080892569895,0.1,correct
4321,5,EC2,5R3,5R3,0.0070534389959791945,0.1,correct
4322,5,EC2,5R3,5R3,0.006919537556802455,0.1,correct
4323,5,EC2,5R3,5R3,0.0056080299571239925,0.1,correct
4324,5,EC2,5R3,5R3,0.0015652475842498612,0.1,correct
4325,5,EC2,5R3,5R3,0.006013318551349214,0.1,correct
4326,5,EC2,5R3,5R3,0.0055934405047340825,0.1,correct
4327,5,EC2,5R3,5R3,0.006715653356152311,0.1,correct
4328,5,EC2,5R3,5R3,0.00839821409586588,0.1,correct
4329,5,EC2,5R3,5R3,0.004473253849268992,0.1,correct
4330,5,EC2,5R3,5R3,0.011971633138381744,0.1,correct
4331,5,EC2,5R3,5R3,0.005109794516416472,0.1,correct
4332,5,EC2,5R3,5R3,0.01569490363143402,0.1,correct
4333,5,EC2,5R3,5R3,0.012345849504995567,0.1,correct
4334,5,EC2,5R3,5R3,0.012634080892569895,0.1,correct
4335,5,EC2,5R3,5R3,0.011452074047961842,0.1,correct
4336,5,EC2,5R3,5R3,0.011866338946785541,0.1,correct
4337,5,EC2,5R3,5R3,0.011181681447796651,0.1,correct
4338,5,EC2,5R3,5R3,0.004297673789388883,0.1,correct
4339,5,EC2,5R3,5R3,0.005574943945906547,0.1,correct
4340,5,EC2,5R3,5R3,0.006889847603539578,0.1,correct
4342,5,EC2,5R3,5R3,0.009045993588324083,0.1,correct
4343,5,EC2,5R3,5R3,0.008378544026261403,0.1,correct
4344,5,EC2,5R3,5R3,0.0059849812029779985,0.1,correct
4345,5,EC2,5R3,5R3,0.004198809355043393,0.1,correct
4346,5,EC2,5R3,5R3,0.004632493928760176,0.1,correct
4347,5,EC2,5R3,5R3,0.010911461863563487,0.1,correct
4348,5,EC2,5R3,5R3,0.008120344820264682,0.1,correct
4349,5,EC2,5R3,5R3,0.0028160255680657106,0.1,correct
4350,5,EC2,5R3,5R3,0.006152235366108819,0.1,correct
4351,5,EC2,5R3,5R3,0.0059849812029779985,0.1,correct
4353,5,EC2,5R3,5R3,0.004886716689148186,0.1,correct
4354,5,EC2,5R3,5R3,0.005094114250780028,0.1,correct
4357,5,EC2,5R3,5R3,0.005505451843400291,0.1,correct
4359,5,EC2,5R3,5R3,0.006537583651472439,0.1,correct
4361,5,EC2,5R3,5R3,0.007619055059520163,0.1,correct
4362,5,EC2,5R3,5R3,0.004071854614300423,0.1,correct
4363,5,EC2,5R3,5R3,0.006125701693683724,0.1,correct
4364,5,EC2,5R3,5R3,0.006067124524846996,0.1,correct
4365,5,EC2,5R3,5R3,0.007101408311032417,0.1,correct
4366,5,EC2,5R3,5R3,0.005015974481593775,0.1,correct
4367,5,EC2,5R3,5R3,0.00527310113310944,0.1,correct
4368,5,EC2,5R3,5R3,0.007539893898457782,0.1,correct
4369,5,EC2,5R3,5R3,0.006212889826803616,0.1,correct
4370,5,EC2,5R3,5R3,0.00768244752666752,0.1,correct
4372,5,EC2,5R3,5R3,0.007987490219086334,0.1,correct
4373,5,EC2,5R3,5R3,0.0243997734749731,0.1,correct
4374,5,EC2,5R3,5R3,0.002177154105707729,0.1,correct
4375,5,EC2,5R3,5R3,0.004899999999999986,0.1,correct
4376,5,EC2,5R3,5R3,0.004066939881532577,0.1,correct
4377,5,EC2,5R3,5R3,0.007826876771739825,0.1,correct
4378,5,EC2,5R3,5R3,0.00536935750346354,0.1,correct
4379,5,EC2,5R3,5R3,0.0062593929418115184,0.1,correct
4380,5,EC2,5R3,5R3,0.010348429832588126,0.1,correct
4381,5,EC2,5R3,5R3,0.01263210196285635,0.1,correct
4382,5,EC2,5R3,5R3,0.012805467582247815,0.1,correct
4383,5,EC2,5R3,5R3,0.006924593850905632,0.1,correct
4384,5,EC2,5R3,5R3,0.0075458597919653755,0.1,correct
4385,5,EC2,5R3,5R3,0.021376856644511617,0.1,correct
4386,5,EC2,5R3,5R3,0.038639616975327265,0.1,correct
4387,5,EC2,5R3,5R3,0.03106959928933746,0.1,correct
4388,5,EC2,5R3,5R3,0.007531932023060221,0.1,correct
4390,5,EC2,5R3,5R3,0.007403377607551843,0.1,correct
4391,5,EC2,5R3,5R3,0.008206095295571442,0.1,correct
4392,5,EC2,5R3,5R3,0.0038704004960727154,0.1,correct
4393,5,EC2,5R3,5R3,0.007831347265956244,0.1,correct
4394,5,EC2,5R3,5R3,0.0043669211121795636,0.1,correct
4395,5,EC2,5R3,5R3,0.02346765044396223,0.1,correct
4397,5,EC2,5R3,5R3,0.006674578638386072,0.1,correct
4398,5,EC2,5R3,5R3,0.004886716689148186,0.1,correct
4400,5,EC2,5R3,5R3,0.004146082488325549,0.1,correct
4402,5,EC2,5R3,5R3,0.006389835678638388,0.1,correct
4403,5,EC2,5R3,5R3,0.016927787805853443,0.1,correct
4404,5,EC2,5R3,5R3,0.0064591021047820515,0.1,correct
4405,5,EC2,5R3,5R3,0.003894868418830108,0.1,correct
4406,5,EC2,5R3,5R3,0.01044317959244214,0.1,correct
4407,5,EC2,5R3,5R3,0.02006315030098713,0.1,correct
4408,5,EC2,5R3,5R3,0.003974921382870365,0.1,correct
4409,5,EC2,5R3,5R3,0.0073810568348984034,0.1,correct
4411,5,EC2,5R3,5R3,0.00500999001995018,0.1,correct
4413,5,EC2,5R3,5R3,0.007245688373094749,0.1,correct
4414,5,EC2,5R3,5R3,0.027785067932254548,0.1,correct
4415,5,EC2,5R3,5R3,0.008840814442120164,0.1,correct
4416,5,EC2,5R3,5R3,0.008787491109526101,0.1,correct
4420,5,EC2,5R3,5R3,0.0038961519477556054,0.1,correct
4422,5,EC2,5R3,5R3,0.008797158632194862,0.1,correct
4425,5,EC2,5R3,5R3,0.009528903399657234,0.1,correct
4427,5,EC2,5R3,5R3,0.007270488291717377,0.1,correct
4428,5,EC2,5R3,5R3,0.007105359451850427,0.1,correct
4433,5,EC2,5R3,5R3,0.016971562276938426,0.1,correct
4435,5,EC2,5R3,5R3,0.007011419257183266,0.1,correct
4436,5,EC2,5R3,5R3,0.008445116932286929,0.1,correct
4437,5,EC2,5R3,5R3,0.010534488188326935,0.1,correct
4439,5,EC2,5R3,5R3,0.008096144361361109,0.1,correct
4440,5,EC2,5R3,5R3,0.008841945487278229,0.1,correct
4443,5,EC2,5R3,5R3,0.0038340579025361835,0.1,correct
4445,5,EC2,5R3,5R3,0.008606392972668641,0.1,correct
4446,5,EC2,5R3,5R3,0.009516827202382058,0.1,correct
4447,5,EC2,5R3,5R3,0.004632493928760176,0.1,correct
4448,5,EC2,5R3,5R3,0.010435037134576946,0.1,correct
4450,5,EC2,5R3,5R3,0.004075536774462967,0.1,correct
4452,5,EC2,5R3,5R3,0.0043897467660447345,0.1,correct
4454,5,EC2,5R3,5R3,0.00681835757349229,0.1,correct
4455,5,EC2,5R3,5R3,0.02573596705002556,0.1,correct
4456,5,EC2,5R3,5R3,0.015133076356114779,0.1,correct
4457,5,EC2,5R3,5R3,0.008443932733033854,0.1,correct
4458,5,EC2,5R3,5R3,0.009225508206597602,0.1,correct
4459,5,EC2,5R3,5R3,0.0046711882856506496,0.1,correct
4470,5,EC2,5R3,5R3,0.0019773719933285283,0.1,correct
4472,5,EC2,5R3,5R3,0.006489221833163081,0.1,correct
4473,5,EC2,5R3,5R3,0.006411708040764202,0.1,correct
4478,5,EC2,5R3,5R3,0.010191663259743184,0.1,correct
4479,5,EC2,5R3,5R3,0.013487401528834214,0.1,correct
4480,5,EC2,5R3,5R3,0.0060307545133257996,0.1,correct
4481,5,EC2,5R3,5R3,0.014517231140957964,0.1,correct
4482,5,EC2,5R3,5R3,0.015104635050208898,0.1,correct
4483,5,EC2,5R3,5R3,0.013771710133458374,0.1,correct
4484,5,EC2,5R3,5R3,0.007718160402582977,0.1,correct
4485,5,EC2,5R3,5R3,0.007029935988328805,0.1,correct
4486,5,EC2,5R3,5R3,0.005924525297439427,0.1,correct
4487,5,EC2,5R3,5R3,0.008333666660000306,0.1,correct
4490,5,EC2,5R3,5R3,0.006319810123729996,0.1,correct
4491,5,EC2,5R3,5R3,0.006892749814116295,0.1,correct
4492,5,EC2,5R3,5R3,0.001819340539866026,0.1,correct
4493,5,EC2,5R3,5R3,0.008453993139339559,0.1,correct
4495,5,EC2,5R3,5R3,0.005300943312279407,0.1,correct
4499,5,EC2,5R3,5R3,0.0071881847499907755,0.1,correct
4500,5,EC2,5R3,5R3,0.006152235366108819,0.1,correct
4501,5,EC2,5R3,5R3,0.005360970061472108,0.1,correct
4502,5,EC2,5R3,5R3,0.014582523787054139,0.1,correct
4503,5,EC2,5R3,5R3,0.010191663259743184,0.1,correct
4505,5,EC2,5R3,5R3,0.009340770846134711,0.1,correct
4506,5,EC2,5R3,5R3,0.005924525297439427,0.1,correct
4507,5,EC2,5R3,5R3,0.00905483296367198,0.1,correct
4508,5,EC2,5R3,5R3,0.005957348403442553,0.1,correct
4509,5,EC2,5R3,5R3,0.007453187237685635,0.1,correct
4511,5,EC2,5R3,5R3,0.005988321968631964,0.1,correct
4512,5,EC2,5R3,5R3,0.00456289381861994,0.1,correct
4525,5,EC2,5R3,5R3,0.009502631214563677,0.1,correct
4533,5,EC2,5R3,5R3,0.005637375275782127,0.1,correct
4534,5,EC2,5R3,5R3,0.005652433104425023,0.1,correct
4535,5,EC2,5R3,5R3,0.01486135929180102,0.1,correct
4536,5,EC2,5R3,5R3,0.015013660446406814,0.1,correct
4538,5,EC2,5R3,5R3,0.012485191228010903,0.1,correct
4539,5,EC2,5R3,5R3,0.011819040543546704,0.1,correct
4544,5,EC2,5R3,5R3,0.00470922799830293,0.1,correct
4545,5,EC2,5R3,5R3,0.013092746083232513,0.1,correct
4546,5,EC2,5R3,5R3,0.004135214625627061,0.1,correct
4547,5,EC2,5R3,5R3,0.0038704004960727154,0.1,correct
4548,5,EC2,5R3,5R3,0.0038340579025361835,0.1,correct
4549,5,EC2,5R3,5R3,0.00656582058847182,0.1,correct
4550,5,EC2,5R3,5R3,0.008120344820264682,0.1,correct
4551,5,EC2,5R3,5R3,0.005406477596365294,0.1,correct
4552,5,EC2,5R3,5R3,0.005738466694161393,0.1,correct
4553,5,EC2,5R3,5R3,0.003303028912982765,0.1,correct
4554,5,EC2,5R3,5R3,0.008080841540334787,0.1,correct
4555,5,EC2,5R3,5R3,0.004159326868617075,0.1,correct
4556,5,EC2,5R3,5R3,0.005651548460377863,0.1,correct
4557,5,EC2,5R3,5R3,0.0071847059786744084,0.1,correct
4559,5,EC2,5R3,5R3,0.007979348344319818,0.1,correct
4560,5,EC2,5R3,5R3,0.0028857985931107547,0.1,correct
4561,5,EC2,5R3,5R3,0.004978955713801843,0.1,correct
4562,5,EC2,5R3,5R3,0.004061759217383534,0.1,correct
4563,5,EC2,5R3,5R3,0.0028160255680657106,0.1,correct
4564,5,EC2,5R3,5R3,0.013594851966829228,0.1,correct
4565,5,EC2,5R3,5R3,0.006941901756723478,0.1,correct
4569,5,EC2,5R3,5R3,0.010911461863563487,0.1,correct
4570,5,EC2,5R3,5R3,0.004198809355043393,0.1,correct
4571,5,EC2,5R3,5R3,0.004071854614300423,0.1,correct
4572,5,EC2,5R3,5R3,0.00890168523370716,0.1,correct
4573,5,EC2,5R3,5R3,0.0035369478367654797,0.1,correct
4574,5,EC2,5R3,5R3,0.010185774393731672,0.1,correct
4575,5,EC2,5R3,5R3,0.0060307545133257996,0.1,correct
4584,5,EC2,5R3,5R3,0.0038961519477556054,0.1,correct
4585,5,EC2,5R3,5R3,0.004978955713801843,0.1,correct
4586,5,EC2,5R3,5R3,0.00825227241431107,0.1,correct
4587,5,EC2,5R3,5R3,0.015648003067484345,0.1,correct
4588,5,EC2,5R3,5R3,0.009472605598777956,0.1,correct
4589,5,EC2,5R3,5R3,0.013840158958624747,0.1,correct
4590,5,EC2,5R3,5R3,0.005259277516921874,0.1,correct
4591,5,EC2,5R3,5R3,0.022619239598182815,0.1,correct
4592,5,EC2,5R3,5R3,0.004075536774462967,0.1,correct
4596,5,EC2,5R3,5R3,0.025856720596394298,0.1,correct
4597,5,EC2,5R3,5R3,0.007961155694998043,0.1,correct
4598,5,EC2,5R3,5R3,0.013816656614391189,0.1,correct
4601,5,EC2,5R3,5R3,0.013075932089147632,0.1,correct
4602,5,EC2,5R3,5R3,0.006525335240430174,0.1,correct
4603,5,EC2,5R3,5R3,0.005479963503528103,0.1,correct
4604,5,EC2,5R3,5R3,0.008427336471270136,0.1,correct
4605,5,EC2,5R3,5R3,0.00536935750346355,0.1,correct
4606,5,EC2,5R3,5R3,0.01451206394693738,0.1,correct
4607,5,EC2,5R3,5R3,0.00967832630158749,0.1,correct
4608,5,EC2,5R3,5R3,0.008785214852238975,0.1,correct
4609,5,EC2,5R3,5R3,0.0052744667976962565,0.1,correct
4610,5,EC2,5R3,5R3,0.01486135929180102,0.1,correct
4611,5,EC2,5R3,5R3,0.00427901857906687,0.1,correct
4612,5,EC2,5R3,5R3,0.00456289381861994,0.1,correct
4613,5,EC2,5R3,5R3,0.008787491109526101,0.1,correct
4614,5,EC2,5R3,5R3,0.008008745220070375,0.1,correct
4615,5,EC2,5R3,5R3,0.002922327839240462,0.1,correct
4617,5,EC2,5R3,5R3,0.018532673849177866,0.1,correct
4618,5,EC2,5R3,5R3,0.025707197435737725,0.1,correct
4619,5,EC2,5R3,5R3,0.00896548938987713,0.1,correct
4620,5,EC2,5R3,5R3,0.0024062418831032094,0.1,correct
4622,5,EC2,5R3,5R3,0.024119494190384685,0.1,correct
4624,5,EC2,5R3,5R3,0.012392739810066226,0.1,correct
4625,5,EC2,5R3,5R3,0.01088577052853862,0.1,correct
4626,5,EC2,5R3,5R3,0.02859195691099161,0.1,correct
4629,5,EC2,5R3,5R3,0.010420172743289813,0.1,correct
4630,5,EC2,5R3,5R3,0.0022226110770893217,0.1,correct
4631,5,EC2,5R3,5R3,0.008806815542521612,0.1,correct
4632,5,EC2,5R3,5R3,0.004041039470235342,0.1,correct
4633,5,EC2,5R3,5R3,0.003095157508108466,0.1,correct
4635,5,EC2,5R3,5R3,0.0037156441810270243,0.1,correct
4637,5,EC2,5R3,5R3,0.005406477596365294,0.1,correct
4638,5,EC2,5R3,5R3,0.006674578638386072,0.1,correct
4639,5,EC2,5R3,5R3,0.005142882244422842,0.1,correct
4640,5,EC2,5R3,5R3,0.004627094120503729,0.1,correct
4641,5,EC2,5R3,5R3,0.008570880934886468,0.1,correct
4642,5,EC2,5R3,5R3,0.004627094120503729,0.1,correct
4643,5,EC2,5R3,5R3,0.007329392880723455,0.1,correct
4644,5,EC2,5R3,5R3,0.007329392880723455,0.1,correct
4645,5,EC2,5R3,5R3,0.00890168523370716,0.1,correct
4646,5,EC2,5R3,5R3,0.007202083032012323,0.1,correct
4647,5,EC2,5R3,5R3,0.0064591021047820515,0.1,correct
4648,5,EC2,5R3,5R3,0.006156297588648548,0.1,correct
4649,5,EC2,5R3,5R3,0.005652433104425023,0.1,correct
4650,5,EC2,5R3,5R3,0.008024337978923893,0.1,correct
4651,5,EC2,5R3,5R3,0.008432081593533137,0.1,correct
4652,5,EC2,5R3,5R3,0.005933801479658706,0.1,correct
4653,5,EC2,5R3,5R3,0.007029935988328746,0.1,correct
4654,5,EC2,5R3,5R3,0.001516575088810315,0.1,correct
4655,5,EC2,5R3,5R3,0.006485368146836359,0.1,correct
4656,5,EC2,5R3,5R3,0.007973079706111075,0.1,correct
4657,5,EC2,5R3,5R3,0.012730278865759358,0.1,correct
4658,5,EC2,5R3,5R3,0.004041039470235342,0.1,correct
4659,5,EC2,5R3,5R3,0.007622335600063757,0.1,correct
4660,5,EC2,5R3,5R3,0.002922327839240462,0.1,correct
4661,5,EC2,5R3,5R3,0.007292461861401798,0.1,correct
4662,5,EC2,5R3,5R3,0.004827007354458873,0.1,correct
4663,5,EC2,5R3,5R3,0.005558776843874904,0.1,correct
4664,5,EC2,5R3,5R3,0.004428317965096932,0.1,correct
4665,5,EC2,5R3,5R3,0.006485368146836359,0.1,correct
4666,5,EC2,5R3,5R3,0.006884039511798242,0.1,correct
4667,5,EC2,5R3,5R3,0.010097029266076226,0.1,correct
4668,5,EC2,5R3,5R3,0.006543101456496016,0.1,correct
4669,5,EC2,5R3,5R3,0.003974921382870365,0.1,correct
4670,5,EC2,5R3,5R3,0.003069201850644518,0.1,correct
4671,5,EC2,5R3,5R3,0.007675936424958219,0.1,correct
4672,5,EC2,5R3,5R3,0.008828929719960391,0.1,correct
4673,5,EC2,5R3,5R3,0.007723341245859878,0.1,correct
4674,5,EC2,5R3,5R3,0.004760252094164726,0.1,correct
4675,5,EC2,5R3,5R3,0.00586088730483704,0.1,correct
4676,5,EC2,5R3,5R3,0.0030692018506445796,0.1,correct
4677,5,EC2,5R3,5R3,0.003303028912982765,0.1,correct
4678,5,EC2,5R3,5R3,0.005678908345800279,0.1,correct
4679,5,EC2,5R3,5R3,0.005398147830506324,0.1,correct
4680,5,EC2,5R3,5R3,0.006705967491719631,0.1,correct
4681,5,EC2,5R3,5R3,0.005678908345800279,0.1,correct
4682,5,EC2,5R3,5R3,0.009181503144910405,0.1,correct
4683,5,EC2,5R3,5R3,0.0022226110770893217,0.1,correct
4684,5,EC2,5R3,5R3,0.007973706791699835,0.1,correct
4685,5,EC2,5R3,5R3,0.00462168800331654,0.1,correct
4686,5,EC2,5R3,5R3,0.008011866199581703,0.1,correct
4687,5,EC2,5R3,5R3,0.00904765162901403,0.1,correct
4688,5,EC2,5R3,5R3,0.008155979401641492,0.1,correct
4689,5,EC2,5R3,5R3,0.004388621651498344,0.1,correct
4690,5,EC2,5R3,5R3,0.0032403703492039247,0.1,correct
4692,5,EC2,5R3,5R3,0.01232057743533154,0.1,correct
4694,5,EC2,5R3,5R3,0.005491545117724157,0.1,correct
4695,5,EC2,5R3,5R3,0.006322183167229497,0.1,correct
4696,5,EC2,5R3,5R3,0.008055432949258506,0.1,correct
4697,5,EC2,5R3,5R3,0.010271319292087012,0.1,correct
4698,5,EC2,5R3,5R3,0.006884039511798242,0.1,correct
4699,5,EC2,5R3,5R3,0.006322183167229497,0.1,correct
4700,5,EC2,5R3,5R3,0.009429740187301033,0.1,correct
4701,5,EC2,5R3,5R3,0.006799264666123818,0.1,correct
4702,5,EC2,5R3,5R3,0.007165891430938668,0.1,correct
4703,5,EC2,5R3,5R3,0.007671375365604265,0.1,correct
4704,5,EC2,5R3,5R3,0.006219324722186504,0.1,correct
4705,5,EC2,5R3,5R3,0.006030754513325838,0.1,correct
4706,5,EC2,5R3,5R3,0.004388621651498344,0.1,correct
4708,5,EC2,5R3,5R3,0.002362202362203537,0.1,correct
4715,5,EC2,5R3,5R3,0.008274055837375014,0.1,correct
4718,5,EC2,5R3,5R3,0.008008745220070375,0.1,correct
4720,5,EC2,5R3,5R3,0.007718808198161162,0.1,correct
4723,5,EC2,5R3,5R3,0.006169278726074915,0.1,correct
4726,5,EC2,5R3,5R3,0.014485164824743949,0.1,correct
4727,5,EC2,5R3,5R3,0.01177582268888254,0.1,correct
4728,5,EC2,5R3,5R3,0.01005484957619956,0.1,correct
4729,5,EC2,5R3,5R3,0.008521150157109103,0.1,correct
4730,5,EC2,5R3,5R3,0.006610597552415336,0.1,correct
4731,5,EC2,5R3,5R3,0.005558776843874904,0.1,correct
4733,5,EC2,5R3,5R3,0.005033885179461293,0.1,correct
4734,5,EC2,5R3,5R3,0.00609015599143404,0.1,correct
4735,5,EC2,5R3,5R3,0.005637375275782127,0.1,correct
4736,5,EC2,5R3,5R3,0.005346961754117974,0.1,correct
4737,5,EC2,5R3,5R3,0.011714094075087495,0.1,correct
4738,5,EC2,5R3,5R3,0.005449770637375483,0.1,correct
4739,5,EC2,5R3,5R3,0.005936328831862357,0.1,correct
4740,5,EC2,5R3,5R3,0.005566866263886738,0.1,correct
4741,5,EC2,5R3,5R3,0.005664803615307415,0.1,correct
4742,5,EC2,5R3,5R3,0.015882694985423624,0.1,correct
4744,5,EC2,5R3,5R3,0.013855323886506595,0.1,correct
4746,5,EC2,5R3,5R3,0.006948381106416107,0.1,correct
4748,5,EC2,5R3,5R3,0.008151686941977125,0.1,correct
4749,5,EC2,5R3,5R3,0.010314068062602651,0.1,correct
4750,5,EC2,5R3,5R3,0.006948381106416107,0.1,correct
4751,5,EC2,5R3,5R3,0.00847348806572595,0.1,correct
4755,5,EC2,5R3,5R3,0.009516827202382058,0.1,correct
4756,5,EC2,5R3,5R3,0.007011419257183266,0.1,correct
4758,5,EC2,5R3,5R3,0.014159449141827521,0.1,correct
4759,5,EC2,5R3,5R3,0.008797158632194862,0.1,correct
4760,5,EC2,5R3,5R3,0.007718160402582977,0.1,correct
4761,5,EC2,5R3,5R3,0.0070738956735309335,0.1,correct
4762,5,EC2,5R3,5R3,0.0059367530410149175,0.1,correct
4763,5,EC2,5R3,5R3,0.005175905717843,0.1,correct
4764,5,EC2,5R3,5R3,0.003940812099047595,0.1,correct
4765,5,EC2,5R3,5R3,0.007831347265956244,0.1,correct
4766,5,EC2,5R3,5R3,0.008061017305526623,0.1,correct
4767,5,EC2,5R3,5R3,0.0034785054261851616,0.1,correct
4769,5,EC2,5R3,5R3,0.014780730699123083,0.1,correct
4770,5,EC2,5R3,5R3,0.008062257748298525,0.1,correct
4771,5,EC2,5R3,5R3,0.00664755594184812,0.1,correct
4772,5,EC2,5R3,5R3,0.006865857557508774,0.1,correct
4773,5,EC2,5R3,5R3,0.018446408864600194,0.1,correct
4774,5,EC2,5R3,5R3,0.0018514837914494478,0.1,correct
4775,5,EC2,5R3,5R3,0.005835237784358035,0.1,correct
4776,5,EC2,5R3,5R3,0.012406852945046122,0.1,correct
4777,5,EC2,5R3,5R3,0.010975683502178805,0.1,correct
4778,5,EC2,5R3,5R3,0.008453993139339559,0.1,correct
4779,5,EC2,5R3,5R3,0.0076517971745205015,0.1,correct
4781,5,EC2,5R3,5R3,0.0052744667976962565,0.1,correct
4782,5,EC2,5R3,5R3,0.00465725240887803,0.1,correct
4783,5,EC2,5R3,5R3,0.013855323886506595,0.1,correct
4784,5,EC2,5R3,5R3,0.0064907626670523515,0.1,correct
4785,5,EC2,5R3,5R3,0.011480418110852953,0.1,correct
4786,5,EC2,5R3,5R3,0.0032403703492039247,0.1,correct
4787,5,EC2,5R3,5R3,0.008151686941977125,0.1,correct
4788,5,EC2,5R3,5R3,0.007104927867332649,0.1,correct
4789,5,EC2,5R3,5R3,0.008024337978923893,0.1,correct
4790,5,EC2,5R3,5R3,0.008011866199581703,0.1,correct
4791,5,EC2,5R3,5R3,0.006147357155721482,0.1,correct
4793,5,EC2,5R3,5R3,0.015133076356114779,0.1,correct
4794,5,EC2,5R3,5R3,0.006792643079096675,0.1,correct
4795,5,EC2,5R3,5R3,0.008558621384311854,0.1,correct
4796,5,EC2,5R3,5R3,0.007594076639065466,0.1,correct
4797,5,EC2,5R3,5R3,0.005587486017879605,0.1,correct
4798,5,EC2,5R3,5R3,0.007765307463326869,0.1,correct
4799,5,EC2,5R3,5R3,0.005950630218724718,0.1,correct
4800,5,EC2,5R3,5R3,0.0014247806848774803,0.1,correct
4801,5,EC2,5R3,5R3,0.0068132224387583195,0.1,correct
4802,5,EC2,5R3,5R3,0.0015652475842498612,0.1,correct
4803,5,EC2,5R3,5R3,0.006312685640834614,0.1,correct
4804,5,EC2,5R3,5R3,0.009819368615140184,0.1,correct
4805,5,EC2,5R3,5R3,0.005574943945906547,0.1,correct
4806,5,EC2,5R3,5R3,0.004404543109109083,0.1,correct
4807,5,EC2,5R3,5R3,0.005015974481593775,0.1,correct
4808,5,EC2,5R3,5R3,0.006247399458974894,0.1,correct
4809,5,EC2,5R3,5R3,0.005742821606144518,0.1,correct
4812,5,EC2,5R3,5R3,0.003675595189897827,0.1,correct
4813,5,EC2,5R3,5R3,0.006434283176858151,0.1,correct
4814,5,EC2,5R3,5R3,0.016264993083306225,0.1,correct
4815,5,EC2,5R3,5R3,0.010027462291128292,0.1,correct
4821,5,EC2,5R3,5R3,0.003538361202590848,0.1,correct
4822,5,EC2,5R3,5R3,0.007481978348003986,0.1,correct
4824,5,EC2,5R3,5R3,0.0071826179071422126,0.1,correct
4826,5,EC2,5R3,5R3,0.0019773719933285283,0.1,correct
4827,5,EC2,5R3,5R3,0.00539444158370453,0.1,correct
4830,5,EC2,5R3,5R3,0.010454664030948127,0.1,correct
4831,5,EC2,5R3,5R3,0.006421837743200915,0.1,correct
4832,5,EC2,5R3,5R3,0.0036578682316343275,0.1,correct
4833,5,EC2,5R3,5R3,0.006089334939055294,0.1,correct
4834,5,EC2,5R3,5R3,0.0035057096285916194,0.1,correct
4835,5,EC2,5R3,5R3,0.006222539674441611,0.1,correct
4836,5,EC2,5R3,5R3,0.005166236541235774,0.1,correct
4837,5,EC2,5R3,5R3,0.00616250355050606,0.1,correct
4838,5,EC2,5R3,5R3,0.008155979401641492,0.1,correct
4840,5,EC2,5R3,5R3,0.004369108478854718,0.1,correct
4841,5,EC2,5R3,5R3,0.006467567076575226,0.1,correct
4842,5,EC2,5R3,5R3,0.013565028566132897,0.1,correct
4843,5,EC2,5R3,5R3,0.011222299229658764,0.1,correct
4845,5,EC2,5R3,5R3,0.008521150157109103,0.1,correct
4846,5,EC2,5R3,5R3,0.01177582268888254,0.1,correct
4847,5,EC2,5R3,5R3,0.010270832488167687,0.1,correct
4849,5,EC2,5R3,5R3,0.019178373236539124,0.1,correct
4850,5,EC2,5R3,5R3,0.005945586598477931,0.1,correct
4851,5,EC2,5R3,5R3,0.004404543109109083,0.1,correct
4852,5,EC2,5R3,5R3,0.012753430910935303,0.1,correct
4854,5,EC2,5R3,5R3,0.013083195328359212,0.1,correct
4857,5,EC2,5R3,5R3,0.011403508232118728,0.1,correct
4858,5,EC2,5R3,5R3,0.008258934555982396,0.1,correct
4859,5,EC2,5R3,5R3,0.006156297588648548,0.1,correct
4860,5,EC2,5R3,5R3,0.008615103017375949,0.1,correct
4861,5,EC2,5R3,5R3,0.00609015599143404,0.1,correct
4865,5,EC2,5R3,5R3,0.006044832503882955,0.1,correct
4866,5,EC2,5R3,5R3,0.003069201850644518,0.1,correct
4869,5,EC2,5R3,5R3,0.005033885179461293,0.1,correct
4870,5,EC2,5R3,5R3,0.004941659640242326,0.1,correct
4871,5,EC2,5R3,5R3,0.010060531243428492,0.1,correct
4872,5,EC2,5R3,5R3,0.005809475019311116,0.1,correct
4873,5,EC2,5R3,5R3,0.0043150898020782626,0.1,correct
4874,5,EC2,5R3,5R3,0.003675595189897827,0.1,correct
4875,5,EC2,5R3,5R3,0.00536935750346354,0.1,correct
4876,5,EC2,5R3,5R3,0.009528903399657234,0.1,correct
4877,5,EC2,5R3,5R3,0.00536935750346355,0.1,correct
4878,5,EC2,5R3,5R3,0.010307764064044135,0.1,correct
4879,5,EC2,5R3,5R3,0.006673080248281158,0.1,correct
4880,5,EC2,5R3,5R3,0.001516575088810315,0.1,correct
4881,5,EC2,5R3,5R3,0.008664294547163115,0.1,correct
4882,5,EC2,5R3,5R3,0.0050774009099144105,0.1,correct
4883,5,EC2,5R3,5R3,0.003940812099047595,0.1,correct
4884,5,EC2,5R3,5R3,0.021046113588498918,0.1,correct
4885,5,EC2,5R3,5R3,0.0054074023338382985,0.1,correct
4886,5,EC2,5R3,5R3,0.009093404203047393,0.1,correct
4888,5,EC2,5R3,5R3,0.015602884348735002,0.1,correct
4889,5,EC2,5R3,5R3,0.0034785054261851616,0.1,correct
4890,5,EC2,5R3,5R3,0.009998999949995022,0.1,correct
4891,5,EC2,5R3,5R3,0.016699101772251104,0.1,correct
4895,5,EC2,5R3,5R3,0.006421837743200915,0.1,correct
4896,5,EC2,5R3,5R3,0.004766020761599766,0.1,correct
4897,5,EC2,5R3,5R3,0.008916838004584385,0.1,correct
4898,5,EC2,5R3,5R3,0.0030692018506445796,0.1,correct
4899,5,EC2,5R3,5R3,0.004594562003064036,0.1,correct
4901,5,EC2,5R3,5R3,0.002362202362203537,0.1,correct
4903,5,EC2,5R3,5R3,0.003671511950137169,0.1,correct
4905,5,EC2,5R3,5R3,0.01707908690328611,0.1,correct
4906,5,EC2,5R3,5R3,0.0066460514593253165,0.1,correct
4908,5,EC2,5R3,5R3,0.01125655364665398,0.1,correct
4910,5,EC2,5R3,5R3,0.005742821606144518,0.1,correct
4911,5,EC2,5R3,5R3,0.006537583651472439,0.1,correct
4912,5,EC2,5R3,5R3,0.007027801932325642,0.1,correct
4913,5,EC2,5R3,5R3,0.008387348310401787,0.1,correct
4914,5,EC2,5R3,5R3,0.008368392916205567,0.1,correct
4915,5,EC2,5R3,5R3,0.0043669211121795636,0.1,correct
4920,5,EC2,5R3,5R3,0.006941901756723478,0.1,correct
4922,5,EC2,5R3,5R3,0.007638717169787077,0.1,correct
4923,5,EC2,5R3,5R3,0.005151322430211461,0.1,correct
4928,5,EC2,5R3,5R3,0.010160708636704412,0.1,correct
4929,5,EC2,5R3,5R3,0.00934879671401619,0.1,correct
4930,5,EC1,1+1+3,1+1+3,0.010795499885600475,0.1,correct
4931,5,EC1,1+1+3,1+1+3,0.003925237360975788,0.1,correct
4932,5,EC1,1+1+3,1+1+3,0.006388111440793729,0.1,correct
4933,5,EC1,1+1+3,1+1+3,0.007718528069522057,0.1,correct
4934,5,EC1,1+1+3,1+1+3,0.003577160032763427,0.1,correct
4935,5,EC1,1+1+3,1+1+3,0.006800096568431952,0.1,correct
4936,5,EC1,1+1+3,1+1+3,0.0070418501531912875,0.1,correct
4937,5,EC1,1+1+3,1+1+3,0.009352504923281279,0.1,correct
4938,5,EC1,1+1+3,1+1+3,0.00842952045017983,0.1,correct
4939,5,EC1,1+1+3,1+1+3,0.004026629139863775,0.1,correct
4940,5,EC1,1+1+3,1+1+3,0.006156678632184727,0.1,correct
4941,5,EC1,1+1+3,1+1+3,0.011439274025479083,0.1,correct
4942,5,EC1,1+1+3,1+1+3,0.009250266362651383,0.1,correct
4943,5,EC1,1+1+3,1+1+3,0.007667069120596222,0.1,correct
4944,5,EC1,1+1+3,1+1+3,0.011242448304973444,0.1,correct
4945,5,EC1,1+1+3,1+1+3,0.01243059272802388,0.1,correct
4946,5,EC1,1+1+3,1+1+3,0.003742812669637619,0.1,correct
4947,5,EC1,1+1+3,1+1+3,0.008575228244775773,0.1,correct
4948,5,EC1,1+1+3,1+1+3,0.004075946243512033,0.1,correct
4975,5,EC1,5R1,5R1,0.0025355771867564985,0.1,correct
4976,5,EC1,5R1,5R1,0.0018753361192063622,0.1,correct
4978,5,EC1,5R1,5R1,0.0023368963284664487,0.1,correct
4979,5,EC1,5R1,5R1,0.0029580435561363835,0.1,correct
4980,5,EC1,5R1,5R1,0.0029395164007026678,0.1,correct
4981,5,EC1,5R1,5R1,0.0018457743036460346,0.1,correct
4982,5,EC1,5R1,5R1,0.0012378725136297343,0.1,correct
4984,5,EC1,5R1,5R1,0.000965236592758474,0.1,correct
4985,5,EC1,5R1,5R1,0.002581330406980089,0.1,correct
4986,5,EC1,5R1,5R1,0.0026454216223505923,0.1,correct
5001,5,EC1,5R1,5R1,0.003275960920096578,0.1,correct
5007,5,EC1,1+1+3,1+1+3,0.006641153012843485,0.1,correct
5008,5,EC1,1+1+3,1+1+3,0.012980024345893959,0.1,correct
5009,5,EC1,1+1+3,1+1+3,0.007517805568781379,0.1,correct
5010,5,EC1,1+1+3,1+1+3,0.005575997519726863,0.1,correct
5011,5,EC1,1+1+3,1+1+3,0.00966978897908323,0.1,correct
5012,5,EC1,1+1+3,1+1+3,0.009691018942299094,0.1,correct
5014,5,EC1,1+1+3,1+1+3,0.006877724915987818,0.1,correct
5015,5,EC1,1+1+3,1+1+3,0.009024977193322993,0.1,correct
5016,5,EC1,1+1+3,1+1+3,0.0077800216053684895,0.1,correct
5017,5,EC1,1+1+3,1+1+3,0.007228587808140678,0.1,correct
5018,5,EC1,1+1+3,1+1+3,0.00969953667450156,0.1,correct
5020,5,EC1,1+1+3,1+1+3,0.008406135491413395,0.1,correct
5021,5,EC1,1+1+3,1+1+3,0.0032925343536552975,0.1,correct
5022,5,EC1,1+1+3,1+1+3,0.008339693972802627,0.1,correct
5023,5,EC1,1+1+3,1+1+3,0.005792926050796771,0.1,correct
5024,5,EC1,1+1+3,1+1+3,0.008704164617009513,0.1,correct
5025,5,EC1,1+1+3,1+1+3,0.00682458094024825,0.1,correct
5046,5,EC1,5R1,5R1,0.0020546708325179476,0.1,correct
5047,5,EC1,5R1,5R1,0.002853053416955245,0.1,correct
5049,5,EC1,5R1,5R1,0.0026454216223505923,0.1,correct
5051,5,EC1,5R1,5R1,0.004776686556599666,0.1,correct
5052,5,EC1,5R1,5R1,0.002522100977359942,0.1,correct
5053,5,EC1,5R1,5R1,0.003768275247377781,0.1,correct
5054,5,EC1,5R1,5R1,0.007800860565347894,0.1,correct
5071,5,EC1,1+1+3,1+1+3,0.010064971822116534,0.1,correct
5072,5,EC1,1+1+3,1+1+3,0.007578755651820408,0.1,correct
5073,5,EC1,1+1+3,1+1+3,0.008837611211747207,0.1,correct
5075,5,EC1,1+1+3,1+1+3,0.018524369189259895,0.1,correct
5076,5,EC1,1+1+3,1+1+3,0.00591222856966811,0.1,correct
5077,5,EC1,1+1+3,1+1+3,0.008257899898279228,0.1,correct
5079,5,EC1,1+1+3,1+1+3,0.011157973290432284,0.1,correct
5080,5,EC1,1+1+3,1+1+3,0.005973442988762871,0.1,correct
5081,5,EC1,1+1+3,1+1+3,0.014511788971384615,0.1,correct
5084,5,EC1,5R3,5R3,0.05622425310966787,0.1,correct
5086,5,EC1,5R3,1+1+3,0.021289419990690214,0.1,mismatch
5087,5,EC1,1+1+3,1+1+3,0.013540975646902246,0.1,correct
5089,5,EC1,1+1+3,1+1+3,0.04430587850579198,0.1,correct
5091,5,EC1,1+1+3,1+1+3,0.011306398425228051,0.1,correct
5092,5,EC1,5R3,1+1+3,0.026186631357622205,0.1,mismatch
5094,5,EC1,1+1+3,1+1+3,0.016255172826211355,0.1,correct
5097,5,EC1,1+1+3,1+1+3,0.01674057181998271,0.1,correct
5098,5,EC1,1+1+3,1+1+3,0.009141686631579536,0.1,correct
5101,5,EC1,1+1+3,1+1+3,0.023985528027125044,0.1,correct
5102,5,EC1,1+1+3,1+1+3,0.029900629546048017,0.1,correct
5103,5,EC1,1+1+3,1+1+3,0.023162904287027566,0.1,correct
5104,5,EC1,1+1+3,1+1+3,0.012538789767756688,0.1,correct
5105,5,EC1,1+1+3,1+1+3,0.013085460443178891,0.1,correct
5106,5,EC1,1+1+3,1+1+3,0.021544374511458866,0.1,correct
5107,5,EC1,1+1+3,1+1+3,0.012594763852490474,0.1,correct
5108,5,EC1,1+1+3,1+1+3,0.009601980025494724,0.1,correct
5113,5,EC1,1+1+3,1+1+3,0.030283443996018695,0.1,correct
5114,5,EC1,1+1+3,1+1+3,0.019362884532527696,0.1,correct
5115,5,EC1,1+1+3,1+1+3,0.01970287846940132,0.1,correct
5116,5,EC1,1+1+3,1+1+3,0.008329456081281654,0.1,correct
5117,5,EC1,1+1+3,1+1+3,0.01887685577949885,0.1,correct
5118,5,EC1,1+1+3,1+1+3,0.023985528027125044,0.1,correct
5120,5,EC1,1+1+3,1+1+3,0.032274822195947094,0.1,correct
5122,5,EC1,1+1+3,1+1+3,0.014332923754070527,0.1,correct
5123,5,EC1,1+1+3,1+1+3,0.023067903722922032,0.1,correct
5124,5,EC1,1+1+3,1+1+3,0.009667096858416177,0.1,correct
5125,5,EC1,1+1+3,1+1+3,0.011653790645536783,0.1,correct
5126,5,EC1,1+1+3,1+1+3,0.03074715972736343,0.1,correct
5127,5,EC1,1+1+3,1+1+3,0.01371734876825695,0.1,correct
5130,5,EC1,1+1+3,1+1+3,0.012289453851575372,0.1,correct
5131,5,EC1,5R2,5R2,0.008747178116398463,0.1,correct
5132,5,EC1,1+1+3,1+1+3,0.009893795699325929,0.1,correct
5133,5,EC1,1+1+3,1+1+3,0.004046831545789889,0.1,correct
5134,5,EC1,1+1+3,1+1+3,0.017471665251772694,0.1,correct
5138,5,EC1,1+1+3,1+1+3,0.008523475810958815,0.1,correct
5139,5,EC1,1+1+3,1+1+3,0.025913997130508473,0.1,correct
5140,5,EC1,5R1,5R1,0.004466810663101805,0.1,correct
5141,5,EC1,5R1,5R1,0.0012378725136297343,0.1,correct
5142,5,EC1,5R1,5R1,0.0024333964617382024,0.1,correct
5143,5,EC1,1+1+3,1+1+3,0.0033819873358722154,0.1,correct
5144,5,EC1,1+1+3,1+1+3,0.005010212960543665,0.1,correct
5145,5,EC1,1+1+3,1+1+3,0.005561918983588301,0.1,correct
5146,5,EC1,1+1+3,1+1+3,0.007477704148333215,0.1,correct
5147,5,EC1,1+1+3,1+1+3,0.006293424744127804,0.1,correct
5148,5,EC1,1+1+3,1+1+3,0.006977061788460828,0.1,correct
5150,5,EC1,5R1,5R1,0.0031191349409732173,0.1,correct
5151,5,EC1,5R1,5R1,0.004074489471087149,0.1,correct
5152,5,EC1,5R1,5R1,0.00563842826858691,0.1,correct
5153,5,EC1,5R1,5R1,0.005951756417226773,0.1,correct
5154,5,EC1,5R1,5R1,0.0025200764690778655,0.1,correct
5155,5,EC1,5R1,5R1,0.0025885513979830525,0.1,correct
5170,5,EC1,5R1,5R1,0.002398827838757915,0.1,correct
5171,5,EC1,5R1,5R1,0.0020099040897515463,0.1,correct
5172,5,EC1,5R1,5R1,0.0026579495029063417,0.1,correct
5173,5,EC1,5R1,5R1,0.0032793424157900966,0.1,correct
5176,5,EC1,1+1+3,1+1+3,0.017397674333944752,0.1,correct
5177,5,EC1,1+1+3,1+1+3,0.0153540417444398,0.1,correct
5178,5,EC1,1+1+3,1+1+3,0.009160946534065087,0.1,correct
5179,5,EC1,1+1+3,1+1+3,0.002717759089764956,0.1,correct
5180,5,EC1,1+1+3,1+1+3,0.005382789367047575,0.1,correct
5181,5,EC1,1+1+3,1+1+3,0.008747415574899858,0.1,correct
5182,5,EC1,1+1+3,1+1+3,0.01056950211694004,0.1,correct
5183,5,EC1,1+1+3,1+1+3,0.013762792978171266,0.1,correct
5184,5,EC1,1+1+3,1+1+3,0.014737796886916316,0.1,correct
5185,5,EC1,1+1+3,1+1+3,0.008876032269544771,0.1,correct
5186,5,EC1,1+1+3,1+1+3,0.013523845714145086,0.1,correct
5188,5,EC1,1+1+3,1+1+3,0.011326540404730828,0.1,correct
5189,5,EC1,1+1+3,1+1+3,0.008770537358679883,0.1,correct
5190,5,EC1,1+1+3,1+1+3,0.009083034704877013,0.1,correct
5191,5,EC1,1+1+3,1+1+3,0.010121150850570311,0.1,correct
5192,5,EC1,1+1+3,1+1+3,0.018637163756859587,0.1,correct
5193,5,EC1,1+1+3,1+1+3,0.01695896880503059,0.1,correct
5194,5,EC1,1+1+3,1+1+3,0.03554906179732453,0.1,correct
5197,5,EC1,1+1+3,1+1+3,0.015016290931851299,0.1,correct
5198,5,EC1,1+1+3,1+1+3,0.009521115496096043,0.1,correct
5199,5,EC1,1+1+3,1+1+3,0.0055716068938862036,0.1,correct
5200,5,EC1,1+1+3,1+1+3,0.00969953667450156,0.1,correct
5201,5,EC1,1+1+3,1+1+3,0.007157713099866507,0.1,correct
5202,5,EC1,1+1+3,1+1+3,0.006132188326364394,0.1,correct
5203,5,EC1,1+1+3,1+1+3,0.003243325685157153,0.1,correct
5212,5,EC1,1+1+3,1+1+3,0.007212223792284872,0.1,correct
5213,5,EC1,1+1+3,1+1+3,0.007752235578205845,0.1,correct
5214,5,EC1,1+1+3,1+1+3,0.013314751176420822,0.1,correct
5215,5,EC1,1+1+3,1+1+3,0.006870636960282493,0.1,correct
5216,5,EC1,1+1+3,1+1+3,0.005691261078179419,0.1,correct
5217,5,EC1,1+1+3,1+1+3,0.0025738288618321115,0.1,correct
5218,5,EC1,1+1+3,1+1+3,0.010504425258432756,0.1,correct
5219,5,EC1,1+1+3,1+1+3,0.003142254147900825,0.1,correct
5233,5,EC1,1+1+3,1+1+3,0.00958633402401565,0.1,correct
5234,5,EC1,1+1+3,1+1+3,0.017285385863786768,0.1,correct
5235,5,EC1,1+1+3,1+1+3,0.008631266875146412,0.1,correct
5237,5,EC1,1+1+3,1+1+3,0.010853483567961017,0.1,correct
5238,5,EC1,1+1+3,1+1+3,0.0047533652994484026,0.1,correct
5239,5,EC1,1+1+3,1+1+3,0.004412621907664416,0.1,correct
5240,5,EC1,1+1+3,1+1+3,0.007713372021366554,0.1,correct
5241,5,EC1,1+1+3,1+1+3,0.00862504014947179,0.1,correct
5242,5,EC1,1+1+3,1+1+3,0.009037389987158886,0.1,correct
5243,5,EC1,1+1+3,1+1+3,0.008201094507442278,0.1,correct
5244,5,EC1,1+1+3,1+1+3,0.007905503427992433,0.1,correct
5245,5,EC1,1+1+3,1+1+3,0.011447323928761693,0.1,correct
5246,5,EC1,1+1+3,1+1+3,0.006766441186473174,0.1,correct
5247,5,EC1,1+1+3,1+1+3,0.0076007549335576135,0.1,correct
5248,5,EC1,1+1+3,1+1+3,0.007292876890500771,0.1,correct
5249,5,EC1,1+1+3,1+1+3,0.010011079695517351,0.1,correct
5254,5,EC1,1+1+3,1+1+3,0.00914153293764233,0.1,correct
5255,5,EC1,1+1+3,1+1+3,0.009038054296694619,0.1,correct
5256,5,EC1,1+1+3,1+1+3,0.012432806780852033,0.1,correct
5257,5,EC1,1+1+3,1+1+3,0.007957236733942295,0.1,correct
5258,5,EC1,1+1+3,1+1+3,0.011760888012816034,0.1,correct
5259,5,EC1,1+1+3,1+1+3,0.025223768840123784,0.1,correct
5260,5,EC1,1+1+3,1+1+3,0.005788787953449318,0.1,correct
5261,5,EC1,1+1+3,1+1+3,0.016698460638633734,0.1,correct
5262,5,EC1,1+1+3,1+1+3,0.007197838388016241,0.1,correct
5263,5,EC1,1+1+3,1+1+3,0.015564540804983635,0.1,correct
5264,5,EC1,1+1+3,1+1+3,0.00906719530946591,0.1,correct
5265,5,EC1,1+1+3,1+1+3,0.008665597947054779,0.1,correct
5266,5,EC1,1+1+3,1+1+3,0.007597677955138651,0.1,correct
5267,5,EC1,1+1+3,1+1+3,0.02992442595790269,0.1,correct
5268,5,EC1,1+1+3,1+1+3,0.0047443893621834845,0.1,correct
5269,5,EC1,1+1+3,1+1+3,0.005323914816185502,0.1,correct
5270,5,EC1,1+1+3,1+1+3,0.0068529844294292815,0.1,correct
5271,5,EC1,1+1+3,1+1+3,0.005427652931977136,0.1,correct
5272,5,EC1,1+1+3,1+1+3,0.007783205127709266,0.1,correct
5273,5,EC1,1+1+3,1+1+3,0.007920584838255317,0.1,correct
5274,5,EC1,1+1+3,1+1+3,0.008944885877975178,0.1,correct
5275,5,EC1,1+1+3,1+1+3,0.006588314498413105,0.1,correct
5276,5,EC1,1+1+3,1+1+3,0.010032785699894103,0.1,correct
5278,5,EC1,1+1+3,1+1+3,0.019209798136628115,0.1,correct
5280,5,EC1,1+1+3,1+1+3,0.005496281731316195,0.1,correct
5281,5,EC1,1+1+3,1+1+3,0.007928912209754868,0.1,correct
5282,5,EC1,1+1+3,1+1+3,0.007857702108122939,0.1,correct
5283,5,EC1,1+1+3,1+1+3,0.004356312023948706,0.1,correct
5284,5,EC1,1+1+3,1+1+3,0.0050279788553652584,0.1,correct
5285,5,EC1,1+1+3,1+1+3,0.0048751834303952,0.1,correct
5286,5,EC1,1+1+3,1+1+3,0.007957190691443811,0.1,correct
5287,5,EC1,1+1+3,1+1+3,0.010114269643429536,0.1,correct
5288,5,EC1,1+1+3,1+1+3,0.008874490652426204,0.1,correct
5289,5,EC1,1+1+3,1+1+3,0.004321814960175883,0.1,correct
5290,5,EC1,1+1+3,1+1+3,0.00947617432036789,0.1,correct
5291,5,EC1,1+1+3,1+1+3,0.007477704148333215,0.1,correct
5292,5,EC1,1+1+3,1+1+3,0.0055748355042996725,0.1,correct
5293,5,EC1,5R2,5R2,0.008919273063428428,0.1,correct
5294,5,EC1,5R2,5R2,0.0037878660931981336,0.1,correct
5295,5,EC1,1+1+3,1+1+3,0.004424626563903449,0.1,correct
5296,5,EC1,1+1+3,1+1+3,0.008344246400364748,0.1,correct
5298,5,EC1,1+1+3,1+1+3,0.006868431048645651,0.1,correct
5299,5,EC1,1+1+3,1+1+3,0.011873172322509243,0.1,correct
5300,5,EC1,1+1+3,1+1+3,0.012922652838716993,0.1,correct
5301,5,EC1,1+1+3,1+1+3,0.00863979823722753,0.1,correct
5303,5,EC1,1+1+3,1+1+3,0.01710623535147344,0.1,correct
5304,5,EC1,1+1+3,1+1+3,0.02599486393328498,0.1,correct
5305,5,EC1,1+1+3,1+1+3,0.011696696926055676,0.1,correct
5306,5,EC1,1+1+3,1+1+3,0.006496518987119178,0.1,correct
5307,5,EC1,1+1+3,1+1+3,0.008600949742906325,0.1,correct
5308,5,EC1,1+1+3,1+1+3,0.007992653220927343,0.1,correct
5310,5,EC1,1+1+3,1+1+3,0.010780788568560247,0.1,correct
5311,5,EC1,1+1+3,1+1+3,0.006031040631599185,0.1,correct
5312,5,EC1,1+1+3,1+1+3,0.011020413523548022,0.1,correct
5316,5,EC1,1+1+3,1+1+3,0.013025976199502323,0.1,correct
5331,5,EC1,1+1+3,1+1+3,0.006754674321534665,0.1,correct
5332,5,EC1,1+1+3,1+1+3,0.010407585995320904,0.1,correct
5333,5,EC1,1+1+3,1+1+3,0.007663530124557447,0.1,correct
5343,5,EC1,1+1+3,1+1+3,0.013736395153751205,0.1,correct
5344,5,EC1,1+1+3,1+1+3,0.006474325962600286,0.1,correct
5345,5,EC1,1+1+3,1+1+3,0.00803936561303193,0.1,correct
5346,5,EC1,1+1+3,1+1+3,0.005642449955471424,0.1,correct
5356,5,EC1,1+1+3,1+1+3,0.008643273428510737,0.1,correct
5357,5,EC1,1+1+3,1+1+3,0.010078540348681478,0.1,correct
5358,5,EC1,1+1+3,1+1+3,0.009093028648915601,0.1,correct
5359,5,EC1,1+1+3,1+1+3,0.010234954784951424,0.1,correct
5363,5,EC1,1+1+3,1+1+3,0.006585330161806617,0.1,correct
5364,5,EC1,1+1+3,1+1+3,0.004269764867062354,0.1,correct
5365,5,EC1,1+1+3,1+1+3,0.016984748387303242,0.1,correct
5366,5,EC1,1+1+3,1+1+3,0.0019502442872624932,0.1,correct
5367,5,EC1,1+1+3,1+1+3,0.006034392173201842,0.1,correct
5368,5,EC1,1+1+3,1+1+3,0.009389004177760268,0.1,correct
5369,5,EC1,1+1+3,1+1+3,0.002664908692619677,0.1,correct
5370,5,EC1,1+1+3,1+1+3,0.0063884010973012505,0.1,correct
5371,5,EC1,1+1+3,1+1+3,0.014709352939201647,0.1,correct
5372,5,EC1,1+1+3,1+1+3,0.008882629213245364,0.1,correct
5374,5,EC1,1+1+3,1+1+3,0.011123815430417777,0.1,correct
5388,5,EC1,5R3,5R3,0.014497842987493023,0.1,correct
5389,5,EC1,1+1+3,1+1+3,0.01844520658518087,0.1,correct
5390,5,EC1,1+1+3,1+1+3,0.008866621359909328,0.1,correct
5394,5,EC1,1+1+3,1+1+3,0.03232762779651485,0.1,correct
5397,5,EC1,5R1,5R1,0.016226532079899256,0.1,correct
5398,5,EC1,1+1+3,1+1+3,0.008393319599538684,0.1,correct
5399,5,EC1,1+1+3,1+1+3,0.007533752901442966,0.1,correct
5400,5,EC1,1+1+3,1+1+3,0.007858479535508134,0.1,correct
5401,5,EC1,1+1+3,1+1+3,0.006707317456330816,0.1,correct
5402,5,EC1,1+1+3,1+1+3,0.007075968602954691,0.1,correct
5403,5,EC1,1+1+3,1+1+3,0.007876572753425164,0.1,correct
5404,5,EC1,1+1+3,1+1+3,0.00803936561303193,0.1,correct
5405,5,EC1,1+1+3,1+1+3,0.008356696118083994,0.1,correct
5406,5,EC1,1+1+3,1+1+3,0.010099374565783784,0.1,correct
5407,5,EC1,1+1+3,1+1+3,0.00509642354794025,0.1,correct
5408,5,EC1,1+1+3,1+1+3,0.013003456506636993,0.1,correct
5409,5,EC1,1+1+3,1+1+3,0.006306461539564038,0.1,correct
5410,5,EC1,1+1+3,1+1+3,0.010094672275017149,0.1,correct
5411,5,EC1,1+1+3,1+1+3,0.009820837004553115,0.1,correct
5412,5,EC1,1+1+3,1+1+3,0.006781719547430442,0.1,correct
5413,5,EC1,1+1+3,1+1+3,0.0077615866084196974,0.1,correct
5414,5,EC1,1+1+3,1+1+3,0.0055258631805357224,0.1,correct
5415,5,EC1,1+1+3,1+1+3,0.0073916095452884805,0.1,correct
5416,5,EC1,1+1+3,1+1+3,0.005803238800015011,0.1,correct
5417,5,EC1,1+1+3,1+1+3,0.0052370352624362135,0.1,correct
5418,5,EC1,1+1+3,1+1+3,0.005782685795545178,0.1,correct
5419,5,EC1,1+1+3,1+1+3,0.01060052165933355,0.1,correct
5420,5,EC1,1+1+3,1+1+3,0.01305871828856109,0.1,correct
5421,5,EC1,1+1+3,1+1+3,0.011316853025907831,0.1,correct
5423,5,EC1,1+1+3,1+1+3,0.006781719547430442,0.1,correct
5424,5,EC1,1+1+3,1+1+3,0.006919214190209732,0.1,correct
5425,5,EC1,1+1+3,1+1+3,0.008165509972438952,0.1,correct
5426,5,EC1,1+1+3,1+1+3,0.008206206867365664,0.1,correct
5427,5,EC1,1+1+3,1+1+3,0.00840390144218743,0.1,correct
5428,5,EC1,1+1+3,1+1+3,0.00771061966122047,0.1,correct
5429,5,EC1,1+1+3,1+1+3,0.016002529234155436,0.1,correct
5430,5,EC1,1+1+3,1+1+3,0.00544234536390333,0.1,correct
5431,5,EC1,1+1+3,1+1+3,0.006369740727847534,0.1,correct
5432,5,EC1,1+1+3,1+1+3,0.00753183485944827,0.1,correct
5433,5,EC1,1+1+3,1+1+3,0.022822210747427612,0.1,correct
5434,5,EC1,1+1+3,1+1+3,0.008593079095411632,0.1,correct
5435,5,EC1,1+1+3,1+1+3,0.006498754282937634,0.1,correct
5437,5,EC1,1+1+3,1+1+3,0.00819954338179877,0.1,correct
5438,5,EC1,1+1+3,1+1+3,0.007219944523332584,0.1,correct
5440,5,EC1,1+1+3,1+1+3,0.009308430410117488,0.1,correct
5441,5,EC1,1+1+3,1+1+3,0.011000545943724821,0.1,correct
5442,5,EC1,1+1+3,1+1+3,0.0077300176086474775,0.1,correct
5443,5,EC1,5R2,5R2,0.015751973856314008,0.1,correct
5444,5,EC1,1+1+3,1+1+3,0.0054436559020569954,0.1,correct
5445,5,EC1,1+1+3,1+1+3,0.0027377604332738843,0.1,correct
5446,5,EC1,1+1+3,1+1+3,0.006374200886385683,0.1,correct
5447,5,EC1,1+1+3,1+1+3,0.01550654350298606,0.1,correct
5448,5,EC1,1+1+3,1+1+3,0.012227970537255968,0.1,correct
5449,5,EC1,1+1+3,1+1+3,0.010332556083080315,0.1,correct
5450,5,EC1,1+1+3,1+1+3,0.00807320035425853,0.1,correct
5451,5,EC1,1+1+3,1+1+3,0.0032126854748014224,0.1,correct
5452,5,EC1,1+1+3,1+1+3,0.005246768981001564,0.1,correct
5453,5,EC1,1+1+3,1+1+3,0.010121991099581123,0.1,correct
5454,5,EC1,1+1+3,1+1+3,0.0053491465169688435,0.1,correct
5455,5,EC1,1+1+3,1+1+3,0.006678524195509055,0.1,correct
5456,5,EC1,1+1+3,1+1+3,0.006835367630201038,0.1,correct
5457,5,EC1,1+1+3,1+1+3,0.006971788052573037,0.1,correct
5458,5,EC1,1+1+3,1+1+3,0.006835367630201038,0.1,correct
5459,5,EC1,1+1+3,1+1+3,0.010089225783973676,0.1,correct
5460,5,EC1,1+1+3,1+1+3,0.014240887897529426,0.1,correct
5462,5,EC1,1+1+3,1+1+3,0.008643273428510737,0.1,correct
5463,5,EC1,1+1+3,1+1+3,0.006861391865357953,0.1,correct
5464,5,EC1,1+1+3,1+1+3,0.007807604047977816,0.1,correct
5465,5,EC1,1+1+3,1+1+3,0.010023830596633233,0.1,correct
5466,5,EC1,1+1+3,1+1+3,0.007807604047977816,0.1,correct
5469,5,EC1,1+1+3,1+1+3,0.011278835325067906,0.1,correct
5471,5,EC1,1+1+3,1+1+3,0.007572560178697834,0.1,correct
5472,5,EC1,1+1+3,1+1+3,0.0055711799432436385,0.1,correct
5473,5,EC1,1+1+3,1+1+3,0.007169836081110948,0.1,correct
5474,5,EC1,1+1+3,1+1+3,0.005315540641364732,0.1,correct
5475,5,EC1,1+1+3,1+1+3,0.006732504129222635,0.1,correct
5476,5,EC1,1+1+3,1+1+3,0.00888213295723498,0.1,correct
5477,5,EC1,1+1+3,1+1+3,0.005623177293132419,0.1,correct
5478,5,EC1,1+1+3,1+1+3,0.01959753621989254,0.1,correct
5479,5,EC1,1+1+3,1+1+3,0.010372792295712864,0.1,correct
5486,5,EC1,1+1+3,1+1+3,0.004946297676040137,0.1,correct
5488,5,EC1,1+1+3,1+1+3,0.008206206867365664,0.1,correct
5489,5,EC1,1+1+3,1+1+3,0.006306461539564038,0.1,correct
5490,5,EC1,1+1+3,1+1+3,0.009710574152438168,0.1,correct
5491,5,EC1,1+1+3,1+1+3,0.006034392173201842,0.1,correct
5492,5,EC1,1+1+3,1+1+3,0.0049547409770844646,0.1,correct
5493,5,EC1,1+1+3,1+1+3,0.012980328940747196,0.1,correct
5494,5,EC1,1+1+3,1+1+3,0.00441976894305574,0.1,correct
5495,5,EC1,1+1+3,1+1+3,0.008282643096862222,0.1,correct
5503,5,EC1,1+1+3,1+1+3,0.008223888571107965,0.1,correct
5504,5,EC1,1+1+3,1+1+3,0.013559946230719344,0.1,correct
5505,5,EC1,5R1,5R1,0.013798785600551953,0.1,correct
5506,5,EC1,5R1,5R1,0.013878843671934638,0.1,correct
5507,5,EC1,1+1+3,1+1+3,0.00902572586831662,0.1,correct
5509,5,EC1,1+1+3,1+1+3,0.0054436559020569954,0.1,correct
5511,5,EC1,1+1+3,1+1+3,0.016122344842484912,0.1,correct
5513,5,EC1,1+1+3,1+1+3,0.007098708428298802,0.1,correct
5514,5,EC1,1+1+3,1+1+3,0.015604481908092957,0.1,correct
5516,5,EC1,1+1+3,1+1+3,0.01971590893238248,0.1,correct
5517,5,EC1,1+1+3,1+1+3,0.012900307601371362,0.1,correct
5518,5,EC1,1+1+3,1+1+3,0.0030743769043499168,0.1,correct
5519,5,EC1,1+1+3,1+1+3,0.015510813253340408,0.1,correct
5520,5,EC1,1+1+3,1+1+3,0.010609392745581609,0.1,correct
5527,5,EC1,1+1+3,1+1+3,0.007591169353268289,0.1,correct
5528,5,EC1,1+1+3,1+1+3,0.0049798398920045716,0.1,correct
5529,5,EC1,1+1+3,1+1+3,0.008863371707200403,0.1,correct
5530,5,EC1,1+1+3,1+1+3,0.004217249367775152,0.1,correct
5531,5,EC1,1+1+3,1+1+3,0.009067672626424071,0.1,correct
5532,5,EC1,1+1+3,1+1+3,0.007168261241751731,0.1,correct
5536,5,EC1,1+1+3,1+1+3,0.006384984424413264,0.1,correct
5537,5,EC1,1+1+3,1+1+3,0.006996173853614557,0.1,correct
5538,5,EC1,1+1+3,1+1+3,0.014237363718399553,0.1,correct
5539,5,EC1,1+1+3,1+1+3,0.00955171324841776,0.1,correct
5540,5,EC1,1+1+3,1+1+3,0.0029952563980400774,0.1,correct
5541,5,EC1,1+1+3,1+1+3,0.005038106671161316,0.1,correct
5542,5,EC1,1+1+3,1+1+3,0.010383728481138188,0.1,correct
5543,5,EC1,1+1+3,1+1+3,0.0077474242203457435,0.1,correct
5544,5,EC1,1+1+3,1+1+3,0.005263078474619204,0.1,correct
5547,5,EC1,1+1+3,1+1+3,0.013431139747988596,0.1,correct
5550,5,EC1,1+1+3,1+1+3,0.009290994841780954,0.1,correct
5551,5,EC1,1+1+3,1+1+3,0.007168261241751731,0.1,correct
5554,5,EC1,1+1+3,1+1+3,0.009736711652811718,0.1,correct
5555,5,EC1,1+1+3,1+1+3,0.00618813683995435,0.1,correct
5556,5,EC1,1+1+3,1+1+3,0.006694130923428379,0.1,correct
5557,5,EC1,1+1+3,1+1+3,0.010461243213882379,0.1,correct
5558,5,EC1,1+1+3,1+1+3,0.009834834596473965,0.1,correct
5563,5,EC1,1+1+3,1+1+3,0.012310493358919497,0.1,correct
5564,5,EC1,1+1+3,1+1+3,0.009966985732406796,0.1,correct
5565,5,EC1,1+1+3,1+1+3,0.02259698921560123,0.1,correct
5567,5,EC1,1+1+3,1+1+3,0.006855133396951514,0.1,correct
5570,5,EC1,1+1+3,1+1+3,0.013417716968620257,0.1,correct
5571,5,EC1,1+1+3,1+1+3,0.025758839739009984,0.1,correct
5572,5,EC1,1+1+3,1+1+3,0.011708186358697933,0.1,correct
5573,5,EC1,1+1+3,1+1+3,0.012736695673917943,0.1,correct
5576,5,EC1,1+1+3,1+1+3,0.003960458768880172,0.1,correct
5577,5,EC1,1+1+3,1+1+3,0.007309402734834099,0.1,correct
5578,5,EC1,1+1+3,1+1+3,0.007686233110568545,0.1,correct
5579,5,EC1,1+1+3,1+1+3,0.008189564829098031,0.1,correct
5580,5,EC1,1+1+3,1+1+3,0.008311869859423934,0.1,correct
5581,5,EC1,1+1+3,1+1+3,0.013135569607367658,0.1,correct
5582,5,EC1,1+1+3,1+1+3,0.0049547409770844646,0.1,correct
5583,5,EC1,1+1+3,1+1+3,0.008759384861392975,0.1,correct
5584,5,EC1,5R1,5R1,0.0057914400929302565,0.1,correct
5585,5,EC1,5R1,5R1,0.011560728903490466,0.1,correct
5586,5,EC1,5R2,5R2,0.015751973856314008,0.1,correct
5588,5,EC1,1+1+3,1+1+3,0.005428815862598398,0.1,correct
5589,5,EC1,1+1+3,1+1+3,0.006728978914367333,0.1,correct
5590,5,EC1,1+1+3,1+1+3,0.01009255941622344,0.1,correct
5591,5,EC1,1+1+3,1+1+3,0.005898280114575753,0.1,correct
5592,5,EC1,1+1+3,1+1+3,0.005732830036727071,0.1,correct
5593,5,EC1,1+1+3,1+1+3,0.006604653473120291,0.1,correct
5594,5,EC1,1+1+3,1+1+3,0.006682799955856828,0.1,correct
5595,5,EC1,1+1+3,1+1+3,0.005269661525183534,0.1,correct
5596,5,EC1,1+1+3,1+1+3,0.008725457837271371,0.1,correct
5597,5,EC1,1+1+3,1+1+3,0.006156678632184727,0.1,correct
5598,5,EC1,1+1+3,1+1+3,0.037765871630481375,0.1,correct
5599,5,EC1,1+1+3,1+1+3,0.012543282199647782,0.1,correct
5600,5,EC1,1+1+3,1+1+3,0.00462467475937497,0.1,correct
5601,5,EC1,1+1+3,1+1+3,0.004910315310649616,0.1,correct
5602,5,EC1,1+1+3,1+1+3,0.004198250034240441,0.1,correct
5603,5,EC1,1+1+3,1+1+3,0.008315808917357347,0.1,correct
5604,5,EC1,1+1+3,1+1+3,0.008510865735634662,0.1,correct
5605,5,EC1,1+1+3,1+1+3,0.020637175342570507,0.1,correct
5606,5,EC1,1+1+3,1+1+3,0.010094142862076017,0.1,correct
5607,5,EC1,1+1+3,1+1+3,0.016431178510076496,0.1,correct
5609,5,EC1,1+1+3,1+1+3,0.005606349405807663,0.1,correct
5610,5,EC1,1+1+3,1+1+3,0.022568274856754098,0.1,correct
5611,5,EC1,1+1+3,1+1+3,0.01580811117401444,0.1,correct
5612,5,EC1,1+1+3,1+1+3,0.015617623968453072,0.1,correct
5615,5,EC1,1+1+3,1+1+3,0.0032126854748014224,0.1,correct
5616,5,EC1,1+1+3,1+1+3,0.021024625746728486,0.1,correct
5617,5,EC1,1+1+3,1+1+3,0.011322897043159948,0.1,correct
5618,5,EC1,1+1+3,1+1+3,0.009061941417268116,0.1,correct
5619,5,EC1,1+1+3,1+1+3,0.008306674284573788,0.1,correct
5620,5,EC1,1+1+3,1+1+3,0.011775586075435893,0.1,correct
5621,5,EC1,1+1+3,1+1+3,0.01027809472178575,0.1,correct
5622,5,EC1,1+1+3,1+1+3,0.012168577206477361,0.1,correct
5623,5,EC1,1+1+3,1+1+3,0.008876032269544771,0.1,correct
5624,5,EC1,1+1+3,1+1+3,0.011358605760391518,0.1,correct
5625,5,EC1,1+1+3,1+1+3,0.014499193341355215,0.1,correct
5626,5,EC1,1+1+3,1+1+3,0.004943069012263517,0.1,correct
5627,5,EC1,1+1+3,1+1+3,0.008251462022575139,0.1,correct
5628,5,EC1,1+1+3,1+1+3,0.005283106421415352,0.1,correct
5630,5,EC1,1+1+3,1+1+3,0.009374360422983535,0.1,correct
5631,5,EC1,1+1+3,1+1+3,0.008510865735634662,0.1,correct
5632,5,EC1,1+1+3,1+1+3,0.004146858784670617,0.1,correct
5633,5,EC1,1+1+3,1+1+3,0.025291455455350914,0.1,correct
5634,5,EC1,1+1+3,1+1+3,0.011969172971847302,0.1,correct
5635,5,EC1,1+1+3,1+1+3,0.01923219388499397,0.1,correct
5636,5,EC1,1+1+3,1+1+3,0.008197240209973153,0.1,correct
5637,5,EC1,1+1+3,1+1+3,0.009965534722733147,0.1,correct
5638,5,EC1,1+1+3,1+1+3,0.012963137646804518,0.1,correct
5639,5,EC1,5R3,1+1+3,0.021289419990690214,0.1,mismatch
5640,5,EC1,1+1+3,1+1+3,0.014199674944871104,0.1,correct
5641,5,EC1,1+1+3,1+1+3,0.009109835893692023,0.1,correct
5642,5,EC1,1+1+3,1+1+3,0.01143957715826945,0.1,correct
5644,5,EC1,1+1+3,1+1+3,0.0088372769058121,0.1,correct
5645,5,EC1,1+1+3,1+1+3,0.00824967960893029,0.1,correct
5646,5,EC1,1+1+3,1+1+3,0.012404978446172287,0.1,correct
5647,5,EC1,1+1+3,1+1+3,0.008306674284573788,0.1,correct
5648,5,EC1,1+1+3,1+1+3,0.014196606331444142,0.1,correct
5649,5,EC1,1+1+3,1+1+3,0.003796042183643398,0.1,correct
5650,5,EC1,1+1+3,1+1+3,0.02113605906454655,0.1,correct
5652,5,EC1,1+1+3,1+1+3,0.006850190387135243,0.1,correct
5653,5,EC1,1+1+3,1+1+3,0.008234787850333481,0.1,correct
5656,5,EC1,1+1+3,1+1+3,0.006843875350998156,0.1,correct
5658,5,EC1,1+1+3,1+1+3,0.021171709867178878,0.1,correct
5659,5,EC1,1+1+3,1+1+3,0.00914153293764233,0.1,correct
5660,5,EC1,1+1+3,1+1+3,0.010185988240715763,0.1,correct
5661,5,EC1,1+1+3,1+1+3,0.006484134484262335,0.1,correct
5662,5,EC1,1+1+3,1+1+3,0.005837530871866981,0.1,correct
5663,5,EC1,1+1+3,1+1+3,0.0044158715413834225,0.1,correct
5664,5,EC1,1+1+3,1+1+3,0.0047513726679771105,0.1,correct
5665,5,EC1,1+1+3,1+1+3,0.006962492529978014,0.1,correct
5666,5,EC1,1+1+3,1+1+3,0.010772200810419371,0.1,correct
5667,5,EC1,1+1+3,1+1+3,0.00657358701014904,0.1,correct
5668,5,EC1,1+1+3,1+1+3,0.006833282705991361,0.1,correct
5669,5,EC1,1+1+3,1+1+3,0.013055914837727773,0.1,correct
5670,5,EC1,1+1+3,1+1+3,0.010380039367459085,0.1,correct
5671,5,EC1,1+1+3,1+1+3,0.005618567072661844,0.1,correct
5672,5,EC1,1+1+3,1+1+3,0.009152180220035019,0.1,correct
5673,5,EC1,1+1+3,1+1+3,0.007298373496197668,0.1,correct
5674,5,EC1,1+1+3,1+1+3,0.011580718902555274,0.1,correct
5675,5,EC1,1+1+3,1+1+3,0.015825655326399613,0.1,correct
5676,5,EC1,1+1+3,1+1+3,0.020346545362296763,0.1,correct
5677,5,EC1,1+1+3,1+1+3,0.012888188455714015,0.1,correct
5678,5,EC1,1+1+3,1+1+3,0.0083529329465763,0.1,correct
5679,5,EC1,1+1+3,1+1+3,0.019018155375850724,0.1,correct
5680,5,EC1,1+1+3,1+1+3,0.010200012526953123,0.1,correct
5681,5,EC1,1+1+3,1+1+3,0.008322256877794625,0.1,correct
5683,5,EC1,1+1+3,1+1+3,0.020371834682718176,0.1,correct
5685,5,EC1,1+1+3,1+1+3,0.008322256877794625,0.1,correct
5686,5,EC1,1+1+3,1+1+3,0.011035029950571007,0.1,correct
5687,5,EC1,1+1+3,1+1+3,0.0031136928926918804,0.1,correct
5688,5,EC1,1+1+3,1+1+3,0.009726369430573794,0.1,correct
5689,5,EC1,1+1+3,1+1+3,0.004708248901661845,0.1,correct
5690,5,EC1,1+1+3,1+1+3,0.007282846971480308,0.1,correct
5693,5,EC1,1+1+3,1+1+3,0.004485370108474905,0.1,correct
5694,5,EC1,5R2,5R2,0.004098531720018768,0.1,correct
5695,5,EC1,1+1+3,1+1+3,0.006496518987119178,0.1,correct
5696,5,EC1,1+1+3,1+1+3,0.007991833187072923,0.1,correct
5697,5,EC1,1+1+3,1+1+3,0.007891560893764922,0.1,correct
5698,5,EC1,1+1+3,1+1+3,0.007845226261874165,0.1,correct
5699,5,EC1,1+1+3,1+1+3,0.012999124472440426,0.1,correct
5700,5,EC1,1+1+3,1+1+3,0.012045286893220897,0.1,correct
5701,5,EC1,1+1+3,1+1+3,0.006046481840707011,0.1,correct
5702,5,EC1,1+1+3,1+1+3,0.005273797631688162,0.1,correct
5703,5,EC1,1+1+3,1+1+3,0.00846189009973543,0.1,correct
5704,5,EC1,1+1+3,1+1+3,0.00878428299578289,0.1,correct
5705,5,EC1,1+1+3,1+1+3,0.003602329804446022,0.1,correct
5706,5,EC1,1+1+3,1+1+3,0.01026171443619436,0.1,correct
5707,5,EC1,1+1+3,1+1+3,0.0074965104662102384,0.1,correct
5708,5,EC1,1+1+3,1+1+3,0.0015570289271557834,0.1,correct
5709,5,EC1,1+1+3,1+1+3,0.009209778021754881,0.1,correct
5710,5,EC1,1+1+3,1+1+3,0.003513873220535961,0.1,correct
5711,5,EC1,1+1+3,1+1+3,0.009047673032885315,0.1,correct
5712,5,EC1,1+1+3,1+1+3,0.011053620773303182,0.1,correct
5713,5,EC1,1+1+3,1+1+3,0.0022709040358412555,0.1,correct
5714,5,EC1,1+1+3,1+1+3,0.015029061827339686,0.1,correct
5715,5,EC1,1+1+3,1+1+3,0.004267595609942425,0.1,correct
5716,5,EC1,1+1+3,1+1+3,0.004082642159190535,0.1,correct
5717,5,EC1,1+1+3,1+1+3,0.005915615908762168,0.1,correct
5718,5,EC1,1+1+3,1+1+3,0.0070584577996896485,0.1,correct
5719,5,EC1,1+1+3,1+1+3,0.006530498191562422,0.1,correct
5720,5,EC1,5R2,5R2,0.00962493314054701,0.1,correct
5721,5,EC1,1+1+3,1+1+3,0.010868845245931132,0.1,correct
5723,5,EC1,1+1+3,1+1+3,0.010357754977310455,0.1,correct
5724,5,EC1,1+1+3,1+1+3,0.030984839914222562,0.1,correct
5725,5,EC1,1+1+3,1+1+3,0.011770709527891684,0.1,correct
5728,5,EC1,1+1+3,1+1+3,0.007789236412511835,0.1,correct
5729,5,EC1,1+1+3,1+1+3,0.004106778273781066,0.1,correct
5730,5,EC1,1+1+3,1+1+3,0.007767401224347815,0.1,correct
5737,5,EC1,1+1+3,1+1+3,0.018062805307315924,0.1,correct
5738,5,EC1,1+1+3,1+1+3,0.021349759964926995,0.1,correct
5739,5,EC1,1+1+3,1+1+3,0.024357193210220278,0.1,correct
5740,5,EC1,1+1+3,1+1+3,0.007777230083390871,0.1,correct
5741,5,EC1,1+1+3,1+1+3,0.008099457389850273,0.1,correct
5742,5,EC1,1+1+3,1+1+3,0.006450707282926399,0.1,correct
5743,5,EC1,1+1+3,1+1+3,0.012835013591344603,0.1,correct
5744,5,EC1,1+1+3,1+1+3,0.020370178137905415,0.1,correct
5745,5,EC1,1+1+3,1+1+3,0.00544234536390333,0.1,correct
5754,5,EC1,1+1+3,1+1+3,0.012892346798391676,0.1,correct
5755,5,EC1,1+1+3,1+1+3,0.008638933592174441,0.1,correct
5756,5,EC1,1+1+3,1+1+3,0.010086275450333481,0.1,correct
5757,5,EC1,1+1+3,1+1+3,0.005792926050796771,0.1,correct
5758,5,EC1,1+1+3,1+1+3,0.00807128462885556,0.1,correct
5759,5,EC1,1+1+3,1+1+3,0.012131952371320955,0.1,correct
5760,5,EC1,1+1+3,1+1+3,0.009543709883478196,0.1,correct
5767,5,EC1,1+1+3,1+1+3,0.008917373367758042,0.1,correct
5768,5,EC1,1+1+3,1+1+3,0.009736711652811718,0.1,correct
5769,5,EC1,1+1+3,1+1+3,0.011483275928497039,0.1,correct
5770,5,EC1,1+1+3,1+1+3,0.008280832312636204,0.1,correct
5771,5,EC1,1+1+3,1+1+3,0.015078574339107786,0.1,correct
5772,5,EC1,1+1+3,1+1+3,0.0069384700777621044,0.1,correct
5773,5,EC1,1+1+3,1+1+3,0.014918212784378703,0.1,correct
5774,5,EC1,1+1+3,1+1+3,0.0033859294986753673,0.1,correct
5776,5,EC1,1+1+3,1+1+3,0.005001849514929444,0.1,correct
5777,5,EC1,1+1+3,1+1+3,0.010868845245931132,0.1,correct
5778,5,EC1,1+1+3,1+1+3,0.00022083262892968927,0.1,correct
5779,5,EC1,1+1+3,1+1+3,0.00040423773945540435,0.1,correct
5780,5,EC1,1+1+3,1+1+3,0.0053911708171787585,0.1,correct
5781,5,EC1,1+1+3,1+1+3,0.004402228540182803,0.1,correct
5782,5,EC1,1+1+3,1+1+3,0.012323712554258995,0.1,correct
5783,5,EC1,1+1+3,1+1+3,0.008656785238181653,0.1,correct
5786,5,EC1,1+1+3,1+1+3,0.005681394618401353,0.1,correct
5787,5,EC1,1+1+3,1+1+3,0.011587868255205537,0.1,correct
5788,5,EC1,1+1+3,1+1+3,0.0050998966989537955,0.1,correct
5789,5,EC1,1+1+3,1+1+3,0.0026096692319142805,0.1,correct
5790,5,EC1,1+1+3,1+1+3,0.006662219413228611,0.1,correct
5792,5,EC1,1+1+3,1+1+3,0.008308250364547267,0.1,correct
5793,5,EC1,1+1+3,1+1+3,0.00022083262892968927,0.1,correct
5794,5,EC1,1+1+3,1+1+3,0.00040423773945540435,0.1,correct
5795,5,EC1,1+1+3,1+1+3,0.006897719544168219,0.1,correct
5796,5,EC1,1+1+3,1+1+3,0.006691373215566432,0.1,correct
5797,5,EC1,1+1+3,1+1+3,0.00753183485944827,0.1,correct
5798,5,EC1,1+1+3,1+1+3,0.009221712272132572,0.1,correct
5799,5,EC1,1+1+3,1+1+3,0.007921051497118272,0.1,correct
5800,5,EC1,1+1+3,1+1+3,0.007767401224347815,0.1,correct
5801,5,EC1,1+1+3,1+1+3,0.007324117886134825,0.1,correct
5802,5,EC1,1+1+3,1+1+3,0.010337001178291476,0.1,correct
5803,5,EC1,1+1+3,1+1+3,0.00970215236790271,0.1,correct
5805,5,EC1,1+1+3,1+1+3,0.012480763578403347,0.1,correct
5806,5,EC1,1+1+3,1+1+3,0.00966978897908323,0.1,correct
5807,5,EC1,1+1+3,1+1+3,0.010915477848907933,0.1,correct
5808,5,EC1,5R2,5R2,0.0047496395357963725,0.1,correct
5811,5,EC1,5R2,5R2,0.004132690273901485,0.1,correct
5812,5,EC1,1+1+3,1+1+3,0.006033496009777464,0.1,correct
5813,5,EC1,1+1+3,1+1+3,0.00961638672943222,0.1,correct
5814,5,EC1,1+1+3,1+1+3,0.006691373215566432,0.1,correct
5815,5,EC1,1+1+3,1+1+3,0.009685797914988716,0.1,correct
5816,5,EC1,1+1+3,1+1+3,0.006615400932672169,0.1,correct
5817,5,EC1,1+1+3,1+1+3,0.006861391865357953,0.1,correct
5818,5,EC1,1+1+3,1+1+3,0.007298373496197668,0.1,correct
5819,5,EC1,1+1+3,1+1+3,0.005210242883973854,0.1,correct
5820,5,EC1,1+1+3,1+1+3,0.004302690228217679,0.1,correct
5822,5,EC1,1+1+3,1+1+3,0.0022794046218256327,0.1,correct
5823,5,EC1,5R1,5R1,0.0057914400929302565,0.1,correct
5824,5,EC1,5R1,5R1,0.0059787384405073285,0.1,correct
5825,5,EC1,1+1+3,1+1+3,0.010953336133343096,0.1,correct
5826,5,EC1,1+1+3,1+1+3,0.01089059006574025,0.1,correct
5827,5,EC1,1+1+3,1+1+3,0.004943069012263517,0.1,correct
5828,5,EC1,1+1+3,1+1+3,0.007827954679863672,0.1,correct
5829,5,EC1,1+1+3,1+1+3,0.004974440986683817,0.1,correct
5830,5,EC1,1+1+3,1+1+3,0.005322544433821099,0.1,correct
5831,5,EC1,1+1+3,1+1+3,0.01005980356567663,0.1,correct
5832,5,EC1,1+1+3,1+1+3,0.024620286106176753,0.1,correct
5834,5,EC1,1+1+3,1+1+3,0.004910315310649616,0.1,correct
5835,5,EC1,1+1+3,1+1+3,0.005496281731316195,0.1,correct
5836,5,EC1,1+1+3,1+1+3,0.010988298448804513,0.1,correct
5837,5,EC1,1+1+3,1+1+3,0.006705860486171756,0.1,correct
5838,5,EC1,1+1+3,1+1+3,0.02762385034331745,0.1,correct
5839,5,EC1,1+1+3,1+1+3,0.010716677786515737,0.1,correct
5840,5,EC1,1+1+3,1+1+3,0.013470414123923632,0.1,correct
5841,5,EC1,1+1+3,1+1+3,0.006012366284583803,0.1,correct
5842,5,EC1,1+1+3,1+1+3,0.010075923751696433,0.1,correct
5843,5,EC1,1+1+3,1+1+3,0.008601265928338679,0.1,correct
5844,5,EC1,1+1+3,1+1+3,0.0075894207071423095,0.1,correct
5845,5,EC1,1+1+3,1+1+3,0.0028196908358896562,0.1,correct
5846,5,EC1,1+1+3,1+1+3,0.007648374467166205,0.1,correct
5847,5,EC1,1+1+3,1+1+3,0.007972596990943414,0.1,correct
5848,5,EC1,1+1+3,1+1+3,0.008662484439812854,0.1,correct
5849,5,EC1,5R1,5R1,0.00584656488290347,0.1,correct
5850,5,EC1,5R1,5R1,0.005654562715188502,0.1,correct
5851,5,EC1,1+1+3,1+1+3,0.0026096692319142805,0.1,correct
5852,5,EC1,1+1+3,1+1+3,0.005829356825585477,0.1,correct
5853,5,EC1,1+1+3,1+1+3,0.007611500620771171,0.1,correct
5854,5,EC1,1+1+3,1+1+3,0.007832487332259155,0.1,correct
5855,5,EC1,1+1+3,1+1+3,0.008364314741806428,0.1,correct
5856,5,EC1,1+1+3,1+1+3,0.006175590968482273,0.1,correct
5857,5,EC1,1+1+3,1+1+3,0.003700220986643942,0.1,correct
5858,5,EC1,1+1+3,1+1+3,0.004262105679121552,0.1,correct
5859,5,EC1,1+1+3,1+1+3,0.00452979893262381,0.1,correct
5860,5,EC1,1+1+3,1+1+3,0.0047443893621834845,0.1,correct
5861,5,EC1,5R1,5R1,0.0047022903876728014,0.1,correct
5862,5,EC1,1+1+3,1+1+3,0.011822039231029483,0.1,correct
5863,5,EC1,1+1+3,1+1+3,0.009384270107472389,0.1,correct
5864,5,EC1,1+1+3,1+1+3,0.00460886794017795,0.1,correct
5867,5,EC1,1+1+3,1+1+3,0.006817926366572173,0.1,correct
5868,5,EC1,1+1+3,1+1+3,0.011053620773303182,0.1,correct
5869,5,EC1,1+1+3,1+1+3,0.00846189009973543,0.1,correct
5870,5,EC1,1+1+3,1+1+3,0.007612318284202261,0.1,correct
5871,5,EC1,1+1+3,1+1+3,0.004269764867062354,0.1,correct
5872,5,EC1,1+1+3,1+1+3,0.00890441601622476,0.1,correct
5873,5,EC1,1+1+3,1+1+3,0.00610197680264355,0.1,correct
5874,5,EC1,1+1+3,1+1+3,0.008572266266863152,0.1,correct
5875,5,EC1,1+1+3,1+1+3,0.008572266266863152,0.1,correct
5876,5,EC1,1+1+3,1+1+3,0.008537406092016451,0.1,correct
5877,5,EC1,1+1+3,1+1+3,0.025705691652628194,0.1,correct
5878,5,EC1,1+1+3,1+1+3,0.0028196908358896562,0.1,correct
5879,5,EC1,1+1+3,1+1+3,0.0040398175862284,0.1,correct
5880,5,EC1,1+1+3,1+1+3,0.018819624540888157,0.1,correct
5881,5,EC1,1+1+3,1+1+3,0.004489738671682311,0.1,correct
5882,5,EC1,1+1+3,1+1+3,0.0074196436349733145,0.1,correct
5883,5,EC1,1+1+3,1+1+3,0.007347333757221055,0.1,correct
5885,5,EC1,1+1+3,1+1+3,0.0022794046218256327,0.1,correct
5886,5,EC1,1+1+3,1+1+3,0.00460886794017795,0.1,correct
5887,5,EC1,1+1+3,1+1+3,0.007460973465976154,0.1,correct
5888,5,EC1,1+1+3,1+1+3,0.011311957182556884,0.1,correct
5889,5,EC1,1+1+3,1+1+3,0.011866350150741363,0.1,correct
5890,5,EC1,1+1+3,1+1+3,0.005367917069031529,0.1,correct
5891,5,EC1,1+1+3,1+1+3,0.006684783051827506,0.1,correct
5892,5,EC1,1+1+3,1+1+3,0.014053004689033578,0.1,correct
5893,5,EC1,1+1+3,1+1+3,0.013490618884988185,0.1,correct
5894,5,EC1,1+1+3,1+1+3,0.013953712158060294,0.1,correct
5895,5,EC1,1+1+3,1+1+3,0.0267764331734083,0.1,correct
5898,5,EC1,1+1+3,1+1+3,0.020543732499475335,0.1,correct
5900,5,EC1,1+1+3,1+1+3,0.007885390020791597,0.1,correct
5901,5,EC1,1+1+3,1+1+3,0.010337001178291476,0.1,correct
5902,5,EC1,1+1+3,1+1+3,0.009617946160693563,0.1,correct
5903,5,EC1,1+1+3,1+1+3,0.0065595291584076235,0.1,correct
5904,5,EC1,1+1+3,1+1+3,0.0076736101191030096,0.1,correct
5905,5,EC1,1+1+3,1+1+3,0.009405432060782757,0.1,correct
5906,5,EC1,1+1+3,1+1+3,0.016009007100379453,0.1,correct
5907,5,EC1,1+1+3,1+1+3,0.009576900507993218,0.1,correct
5909,5,EC1,1+1+3,1+1+3,0.025403534377916773,0.1,correct
5910,5,EC1,1+1+3,1+1+3,0.012736695673917943,0.1,correct
5913,5,EC1,1+1+3,1+1+3,0.01580811117401444,0.1,correct
5914,5,EC1,1+1+3,1+1+3,0.005374855495731952,0.1,correct
5915,5,EC1,1+1+3,1+1+3,0.02442182179629522,0.1,correct
5916,5,EC1,1+1+3,1+1+3,0.01292021302649457,0.1,correct
5917,5,EC1,1+1+3,1+1+3,0.011442788701623364,0.1,correct
5919,5,EC1,1+1+3,1+1+3,0.007277615139590718,0.1,correct
5920,5,EC1,1+1+3,1+1+3,0.007227759714462003,0.1,correct
5922,5,EC1,1+1+3,1+1+3,0.00761787443451254,0.1,correct
5923,5,EC1,1+1+3,1+1+3,0.007972933522863459,0.1,correct
5924,5,EC1,1+1+3,1+1+3,0.007899534605278966,0.1,correct
5925,5,EC1,1+1+3,1+1+3,0.012427359361505562,0.1,correct
5927,5,EC1,1+1+3,1+1+3,0.009168930145333234,0.1,correct
5929,5,EC1,1+1+3,1+1+3,0.014484074956309791,0.1,correct
5930,5,EC1,1+1+3,1+1+3,0.010369121448319514,0.1,correct
5931,5,EC1,1+1+3,1+1+3,0.02623223506813707,0.1,correct
5932,5,EC1,1+1+3,1+1+3,0.005223955080205028,0.1,correct
5934,5,EC1,1+1+3,1+1+3,0.015669262139296807,0.1,correct
5935,5,EC1,1+1+3,1+1+3,0.006371465165093512,0.1,correct
5936,5,EC1,1+1+3,1+1+3,0.014207992429967007,0.1,correct
5939,5,EC1,5R1,5R1,0.011648039677988739,0.1,correct
5940,5,EC1,1+1+3,1+1+3,0.0053789698009935015,0.1,correct
5942,5,EC1,1+1+3,1+1+3,0.008495350983920577,0.1,correct
5944,5,EC1,1+1+3,1+1+3,0.014487508680929222,0.1,correct
5945,5,EC1,1+1+3,1+1+3,0.011567827669445991,0.1,correct
5947,5,EC1,1+1+3,1+1+3,0.005494546847557114,0.1,correct
5948,5,EC1,1+1+3,1+1+3,0.010871560187480015,0.1,correct
5949,5,EC1,1+1+3,1+1+3,0.006195209637292328,0.1,correct
5951,5,EC1,1+1+3,1+1+3,0.0048969464873531016,0.1,correct
5953,5,EC1,1+1+3,1+1+3,0.004189051220741991,0.1,correct
5954,5,EC1,1+1+3,1+1+3,0.014936359872137513,0.1,correct
5955,5,EC1,1+1+3,1+1+3,0.007832487332259155,0.1,correct
5956,5,EC1,1+1+3,1+1+3,0.008373334303012153,0.1,correct
5959,5,EC1,1+1+3,1+1+3,0.004821147740943022,0.1,correct
5960,5,EC1,1+1+3,1+1+3,0.006053362842255531,0.1,correct
5962,5,EC1,1+1+3,1+1+3,0.010707892961269273,0.1,correct
5963,5,EC1,1+1+3,1+1+3,0.010953336133343096,0.1,correct
5964,5,EC1,1+1+3,1+1+3,0.010201266534112312,0.1,correct
5965,5,EC1,1+1+3,1+1+3,0.006843875350998156,0.1,correct
5966,5,EC1,1+1+3,1+1+3,0.009161858587644768,0.1,correct
5967,5,EC1,1+1+3,1+1+3,0.007905503427992433,0.1,correct
5968,5,EC1,1+1+3,1+1+3,0.010576970055738981,0.1,correct
5969,5,EC1,1+1+3,1+1+3,0.006327716469627888,0.1,correct
5971,5,EC1,1+1+3,1+1+3,0.011818568874021917,0.1,correct
5985,5,EC1,1+1+3,1+1+3,0.03633218973224705,0.1,correct
5987,5,EC1,1+1+3,1+1+3,0.0043419401711677205,0.1,correct
5998,5,EC1,1+1+3,1+1+3,0.02200503576502435,0.1,correct
5999,5,EC1,1+1+3,1+1+3,0.027825731440880443,0.1,correct
6000,5,EC1,1+1+3,1+1+3,0.009659574726663686,0.1,correct
6001,5,EC1,1+1+3,1+1+3,0.0040912683632340855,0.1,correct
6002,5,EC1,1+1+3,1+1+3,0.007379773285135495,0.1,correct
6003,5,EC1,1+1+3,1+1+3,0.009207842662643633,0.1,correct
6004,5,EC1,1+1+3,1+1+3,0.00584138699796543,0.1,correct
6005,5,EC1,1+1+3,1+1+3,0.012724708073665186,0.1,correct
6007,5,EC1,1+1+3,1+1+3,0.0047513726679771105,0.1,correct
6008,5,EC1,1+1+3,1+1+3,0.006031040631599185,0.1,correct
6009,5,EC1,1+1+3,1+1+3,0.010595499651738944,0.1,correct
6010,5,EC1,1+1+3,1+1+3,0.009194281248145487,0.1,correct
6011,5,EC1,1+1+3,1+1+3,0.0105940883085804,0.1,correct
6012,5,EC1,1+1+3,1+1+3,0.008609826844948723,0.1,correct
6013,5,EC1,1+1+3,1+1+3,0.009709909143241269,0.1,correct
6014,5,EC1,1+1+3,1+1+3,0.005462610923358919,0.1,correct
6015,5,EC1,1+1+3,1+1+3,0.020278640941887607,0.1,correct
6016,5,EC1,1+1+3,1+1+3,0.007933697058748867,0.1,correct
6023,5,EC1,1+1+3,1+1+3,0.006268130658338253,0.1,correct
6024,5,EC1,1+1+3,1+1+3,0.004974440986683817,0.1,correct
6025,5,EC1,1+1+3,1+1+3,0.0032925343536552975,0.1,correct
6026,5,EC1,1+1+3,1+1+3,0.008419001718731237,0.1,correct
6027,5,EC1,1+1+3,1+1+3,0.008951635141134824,0.1,correct
6028,5,EC1,1+1+3,1+1+3,0.007356900933817171,0.1,correct
6029,5,EC1,1+1+3,1+1+3,0.008321343058064598,0.1,correct
6033,5,EC1,1+1+3,1+1+3,0.00832848256166752,0.1,correct
6034,5,EC1,1+1+3,1+1+3,0.003348225385185408,0.1,correct
6035,5,EC1,1+1+3,1+1+3,0.005697165680406349,0.1,correct
6036,5,EC1,1+1+3,1+1+3,0.0013194444171695885,0.1,correct
6037,5,EC1,1+1+3,1+1+3,0.010734329795101322,0.1,correct
6038,5,EC1,1+1+3,1+1+3,0.013799837563174443,0.1,correct
6039,5,EC1,1+1+3,1+1+3,0.012376531875287197,0.1,correct
6040,5,EC1,5R2,5R2,0.019141382362567242,0.1,correct
6042,5,EC1,1+1+3,1+1+3,0.014748536048028631,0.1,correct
6043,5,EC1,1+1+3,1+1+3,0.00495322571765109,0.1,correct
6044,5,EC1,1+1+3,1+1+3,0.007113046814832605,0.1,correct
6045,5,EC1,1+1+3,1+1+3,0.005416407682218927,0.1,correct
6046,5,EC1,1+1+3,1+1+3,0.008844522304794078,0.1,correct
6047,5,EC1,1+1+3,1+1+3,0.0027377604332738843,0.1,correct
6049,5,EC1,5R1,5R1,0.005199917415690371,0.1,correct
6050,5,EC1,5R1,5R1,0.0051045947175069545,0.1,correct
6051,5,EC1,5R1,5R1,0.00418450687417287,0.1,correct
6052,5,EC1,5R1,5R1,0.007159998370809865,0.1,correct
6054,5,EC1,5R1,5R1,0.005535619056618698,0.1,correct
6055,5,EC1,5R1,5R1,0.0076411184109395945,0.1,correct
6056,5,EC1,5R1,5R1,0.003877709447599193,0.1,correct
6057,5,EC1,5R1,5R1,0.0024396384076333954,0.1,correct
6059,5,EC1,5R1,5R1,0.00565488763283587,0.1,correct
6060,5,EC1,5R1,5R1,0.01541700448433482,0.1,correct
6061,5,EC1,5R1,5R1,0.02275860508115556,0.1,correct
6062,5,EC1,5R1,5R1,0.015749821279303453,0.1,correct
6063,5,EC1,5R1,5R1,0.002853053416955245,0.1,correct
6064,5,EC1,5R1,5R1,0.002890219123180803,0.1,correct
6065,5,EC1,5R1,5R1,0.0024664913683205957,0.1,correct
6067,5,EC1,5R1,5R1,0.007698820581102018,0.1,correct
6068,5,EC1,5R1,5R1,0.003571755309368206,0.1,correct
6070,5,EC1,5R1,5R1,0.0025793512401377137,0.1,correct
6071,5,EC1,5R1,5R1,0.0037709866825540493,0.1,correct
6074,5,EC1,5R1,5R1,0.010647360049796387,0.1,correct
6077,5,EC1,5R1,5R1,0.002651117481365177,0.1,correct
6081,5,EC1,5R1,5R1,0.004452255834967261,0.1,correct
6082,5,EC1,5R1,5R1,0.004259510404964402,0.1,correct
6083,5,EC1,5R1,5R1,0.02019776233497166,0.1,correct
6084,5,EC1,5R1,5R1,0.002072135374438652,0.1,correct
6085,5,EC1,5R1,5R1,0.002755395113227856,0.1,correct
6086,5,EC1,5R1,5R1,0.0032871282649145216,0.1,correct
6087,5,EC1,5R1,5R1,0.0016455601903303365,0.1,correct
6088,5,EC1,5R1,5R1,0.0019349710023667016,0.1,correct
6095,5,EC1,1+1+3,1+1+3,0.009428064253069105,0.1,correct
6096,5,EC1,1+1+3,1+1+3,0.010842085798406138,0.1,correct
6097,5,EC1,1+1+3,1+1+3,0.003988730616374065,0.1,correct
6101,5,EC1,1+1+3,1+1+3,0.009807704933367432,0.1,correct
6103,5,EC1,1+1+3,1+1+3,0.016358845297269612,0.1,correct
6104,5,EC1,1+1+3,1+1+3,0.006982274170354558,0.1,correct
6105,5,EC1,1+1+3,1+1+3,0.003896133982552441,0.1,correct
6106,5,EC1,1+1+3,1+1+3,0.0059729600283276426,0.1,correct
6107,5,EC1,1+1+3,1+1+3,0.003369369478107151,0.1,correct
6108,5,EC1,1+1+3,1+1+3,0.006369740727847534,0.1,correct
6109,5,EC1,1+1+3,1+1+3,0.007154080778828251,0.1,correct
6110,5,EC1,1+1+3,1+1+3,0.008599639123823737,0.1,correct
6114,5,EC1,1+1+3,1+1+3,0.006415603463431939,0.1,correct
6116,5,EC1,1+1+3,1+1+3,0.009559167967454063,0.1,correct
6117,5,EC1,1+1+3,1+1+3,0.010854138448536565,0.1,correct
6118,5,EC1,1+1+3,1+1+3,0.008899127937050937,0.1,correct
6119,5,EC1,1+1+3,1+1+3,0.019358212667754233,0.1,correct
6120,5,EC1,1+1+3,1+1+3,0.006272945571260747,0.1,correct
6121,5,EC1,1+1+3,1+1+3,0.009766028465041437,0.1,correct
6123,5,EC1,1+1+3,1+1+3,0.008107558990226346,0.1,correct
6127,5,EC1,1+1+3,1+1+3,0.004023040595122076,0.1,correct
6128,5,EC1,1+1+3,1+1+3,0.004369639116677724,0.1,correct
6129,5,EC1,1+1+3,1+1+3,0.007726343800919025,0.1,correct
6130,5,EC1,1+1+3,1+1+3,0.012347101455402378,0.1,correct
6131,5,EC1,1+1+3,1+1+3,0.0038802806934550758,0.1,correct
6132,5,EC1,1+1+3,1+1+3,0.009207842662643633,0.1,correct
6133,5,EC1,1+1+3,1+1+3,0.005271846007804105,0.1,correct
6134,5,EC1,1+1+3,1+1+3,0.010257701362878522,0.1,correct
6139,5,EC1,5R2,5R2,0.01083938797626509,0.1,correct
6140,5,EC1,5R2,5R2,0.010456564716004965,0.1,correct
6141,5,EC1,5R2,5R2,0.007390904569130892,0.1,correct
6142,5,EC1,5R2,5R2,0.0036919870368136336,0.1,correct
6143,5,EC1,5R2,5R2,0.0036947238151179957,0.1,correct
6144,5,EC1,5R2,5R2,0.004856906713125147,0.1,correct
6145,5,EC1,1+1+3,1+1+3,0.005662001634581168,0.1,correct
6146,5,EC1,5R2,5R2,0.010359551928051726,0.1,correct
6147,5,EC1,5R2,5R2,0.009400791439554445,0.1,correct
6148,5,EC1,1+1+3,1+1+3,0.005733056139616977,0.1,correct
6149,5,EC1,1+1+3,1+1+3,0.011501172616303084,0.1,correct
6150,5,EC1,1+1+3,1+1+3,0.010569870617467392,0.1,correct
6151,5,EC1,1+1+3,1+1+3,0.005289815314356407,0.1,correct
6152,5,EC1,1+1+3,1+1+3,0.010515723155827173,0.1,correct
6153,5,EC1,1+1+3,1+1+3,0.009290994841780954,0.1,correct
6154,5,EC1,1+1+3,1+1+3,0.011641455307219967,0.1,correct
6155,5,EC1,1+1+3,1+1+3,0.01427878519587714,0.1,correct
6156,5,EC1,1+1+3,1+1+3,0.003492210141157005,0.1,correct
6157,5,EC1,1+1+3,1+1+3,0.011375872641252614,0.1,correct
6158,5,EC1,1+1+3,1+1+3,0.007585120852036562,0.1,correct
6159,5,EC1,1+1+3,1+1+3,0.007557877936299323,0.1,correct
6160,5,EC1,1+1+3,1+1+3,0.010625817563368943,0.1,correct
6161,5,EC1,1+1+3,1+1+3,0.008143269034607693,0.1,correct
6162,5,EC1,1+1+3,1+1+3,0.005037265793066699,0.1,correct
6163,5,EC1,1+1+3,1+1+3,0.006140237295903168,0.1,correct
6164,5,EC1,1+1+3,1+1+3,0.003142254147900825,0.1,correct
6165,5,EC1,1+1+3,1+1+3,0.005782140895896595,0.1,correct
6166,5,EC1,1+1+3,1+1+3,0.005341378463468019,0.1,correct
6167,5,EC1,1+1+3,1+1+3,0.003991885370348194,0.1,correct
6171,5,EC1,1+1+3,1+1+3,0.009324730024510093,0.1,correct
6172,5,EC1,5R2,5R2,0.014163142342008701,0.1,correct
6173,5,EC1,1+1+3,1+1+3,0.011046202154586906,0.1,correct
6174,5,EC1,1+1+3,1+1+3,0.011233916933999465,0.1,correct
6175,5,EC1,1+1+3,1+1+3,0.012495133849223043,0.1,correct
6176,5,EC1,1+1+3,1+1+3,0.00509642354794025,0.1,correct
6177,5,EC1,1+1+3,1+1+3,0.007822267516519744,0.1,correct
6178,5,EC1,1+1+3,1+1+3,0.010449263450597823,0.1,correct
6179,5,EC1,1+1+3,1+1+3,0.010449263450597823,0.1,correct
6180,5,EC1,1+1+3,1+1+3,0.01256753969438726,0.1,correct
6181,5,EC1,1+1+3,1+1+3,0.008100434788948079,0.1,correct
6182,5,EC1,1+1+3,1+1+3,0.005736388769949279,0.1,correct
6183,5,EC1,1+1+3,1+1+3,0.007110298065482183,0.1,correct
6184,5,EC1,1+1+3,1+1+3,0.010702852193224022,0.1,correct
6185,5,EC1,1+1+3,1+1+3,0.007663530124557447,0.1,correct
6186,5,EC1,1+1+3,1+1+3,0.004003635160700838,0.1,correct
6187,5,EC1,1+1+3,1+1+3,0.010089225783973676,0.1,correct
6188,5,EC1,1+1+3,1+1+3,0.006526010152459159,0.1,correct
6189,5,EC1,1+1+3,1+1+3,0.009307012867187828,0.1,correct
6191,5,EC1,1+1+3,1+1+3,0.008725457837271371,0.1,correct
6192,5,EC1,5R2,5R2,0.011777095551960184,0.1,correct
6193,5,EC1,5R2,5R2,0.00674930730297562,0.1,correct
6196,5,EC1,1+1+3,1+1+3,0.000359729439996198,0.1,correct
6197,5,EC1,1+1+3,1+1+3,0.0009127830958118862,0.1,correct
6198,5,EC1,1+1+3,1+1+3,5.9787373248868745e-05,0.1,correct
6203,5,EC1,1+1+3,1+1+3,0.006897719544168219,0.1,correct
6204,5,EC1,1+1+3,1+1+3,0.006801086800651802,0.1,correct
6205,5,EC1,1+1+3,1+1+3,0.006800096568431952,0.1,correct
6206,5,EC1,1+1+3,1+1+3,0.004946297676040137,0.1,correct
6207,5,EC1,1+1+3,1+1+3,0.006302076943357641,0.1,correct
6208,5,EC1,1+1+3,1+1+3,0.005492557095743277,0.1,correct
6209,5,EC1,1+1+3,1+1+3,0.00020597829982789534,0.1,correct
6211,5,EC1,1+1+3,1+1+3,0.00023016945931203685,0.1,correct
6212,5,EC1,1+1+3,1+1+3,0.010759170465235697,0.1,correct
6213,5,EC1,1+1+3,1+1+3,0.007090053129561163,0.1,correct
6214,5,EC1,1+1+3,1+1+3,0.013226802208772915,0.1,correct
6215,5,EC1,1+1+3,1+1+3,0.00047006664421123356,0.1,correct
6216,5,EC1,1+1+3,1+1+3,0.003796042183643398,0.1,correct
6217,5,EC1,1+1+3,1+1+3,0.006232643322058473,0.1,correct
6218,5,EC1,1+1+3,1+1+3,0.005575228745083036,0.1,correct
6219,5,EC1,1+1+3,1+1+3,0.010951021655078557,0.1,correct
6220,5,EC1,1+1+3,1+1+3,0.004128896208431501,0.1,correct
6224,5,EC1,5R2,5R2,0.006623708736802957,0.1,correct
6225,5,EC1,1+1+3,1+1+3,0.0006621517575299528,0.1,correct
6227,5,EC1,1+1+3,1+1+3,0.01395074686244433,0.1,correct
6228,5,EC1,5R2,5R2,0.01354871536973155,0.1,correct
6229,5,EC1,5R2,5R2,0.012681715069737207,0.1,correct
6230,5,EC1,1+1+3,1+1+3,0.012922787131652345,0.1,correct
6232,5,EC1,5R2,5R2,0.0047331054953381165,0.1,correct
6233,5,EC1,5R2,5R2,0.004984077930771138,0.1,correct
6234,5,EC1,5R2,5R2,0.009833951492152066,0.1,correct
6235,5,EC1,1+1+3,1+1+3,0.011793964977902882,0.1,correct
6236,5,EC1,1+1+3,1+1+3,0.012168577206477361,0.1,correct
6237,5,EC1,1+1+3,1+1+3,0.005606349405807663,0.1,correct
6239,5,EC1,1+1+3,1+1+3,0.01483648196642314,0.1,correct
6240,5,EC1,1+1+3,1+1+3,0.013774465751527305,0.1,correct
6241,5,EC1,1+1+3,1+1+3,0.009006385189963852,0.1,correct
6249,5,EC1,1+1+3,1+1+3,0.011328579263526383,0.1,correct
6250,5,EC1,1+1+3,1+1+3,0.016471299189195734,0.1,correct
6251,5,EC1,1+1+3,1+1+3,0.004705064967670492,0.1,correct
6252,5,EC1,1+1+3,1+1+3,0.004409085012788957,0.1,correct
6253,5,EC1,1+1+3,1+1+3,0.010661095768259451,0.1,correct
6254,5,EC1,1+1+3,1+1+3,0.009524855754288365,0.1,correct
6255,5,EC1,1+1+3,1+1+3,0.006928555415813572,0.1,correct
6256,5,EC1,1+1+3,1+1+3,0.011951433407336553,0.1,correct
6257,5,EC1,1+1+3,1+1+3,0.010375520733919853,0.1,correct
6258,5,EC1,1+1+3,1+1+3,0.00722104845088302,0.1,correct
6259,5,EC1,1+1+3,1+1+3,0.007115049032157115,0.1,correct
6260,5,EC1,1+1+3,1+1+3,0.007034107145899883,0.1,correct
6261,5,EC1,1+1+3,1+1+3,0.005651437765737141,0.1,correct
6262,5,EC1,1+1+3,1+1+3,0.0054815093769873145,0.1,correct
6263,5,EC1,1+1+3,1+1+3,0.006372641437426042,0.1,correct
6264,5,EC1,1+1+3,1+1+3,0.007298257935288392,0.1,correct
6265,5,EC1,1+1+3,1+1+3,0.00931322005538363,0.1,correct
6266,5,EC1,1+1+3,1+1+3,0.0025921108946185107,0.1,correct
6267,5,EC1,1+1+3,1+1+3,0.008694905613058702,0.1,correct
6268,5,EC1,1+1+3,1+1+3,0.019187464383028815,0.1,correct
6269,5,EC1,1+1+3,1+1+3,0.01644201330585767,0.1,correct
6270,5,EC1,1+1+3,1+1+3,0.01103714787886802,0.1,correct
6271,5,EC1,1+1+3,1+1+3,0.006999167212604676,0.1,correct
6272,5,EC1,1+1+3,1+1+3,0.009742321213140125,0.1,correct
6273,5,EC1,1+1+3,1+1+3,0.018637163756859587,0.1,correct
6274,5,EC1,1+1+3,1+1+3,0.008380756994448662,0.1,correct
6275,5,EC1,1+1+3,1+1+3,0.018563564500116914,0.1,correct
6278,5,EC1,1+1+3,1+1+3,0.004418433860543835,0.1,correct
6279,5,EC1,1+1+3,1+1+3,0.0047456390117665,0.1,correct
6280,5,EC1,1+1+3,1+1+3,0.005163320439407177,0.1,correct
6281,5,EC1,1+1+3,1+1+3,0.0038381321173195596,0.1,correct
6282,5,EC1,1+1+3,1+1+3,0.014280475835559525,0.1,correct
6283,5,EC1,1+1+3,1+1+3,0.004046994221641525,0.1,correct
6284,5,EC1,1+1+3,1+1+3,0.003701482363864534,0.1,correct
6285,5,EC1,1+1+3,1+1+3,0.00678823091092223,0.1,correct
6286,5,EC1,1+1+3,1+1+3,0.007367948908617641,0.1,correct
6287,5,EC1,1+1+3,1+1+3,0.006053676294616329,0.1,correct
6288,5,EC1,1+1+3,1+1+3,0.0059575352856697395,0.1,correct
6289,5,EC1,1+1+3,1+1+3,0.009616912048573633,0.1,correct
6290,5,EC1,1+1+3,1+1+3,0.015237728942988853,0.1,correct
6291,5,EC1,1+1+3,1+1+3,0.02192865456702712,0.1,correct
6292,5,EC1,1+1+3,1+1+3,0.005117210135415583,0.1,correct
6293,5,EC1,1+1+3,1+1+3,0.008777418188169002,0.1,correct
6294,5,EC1,1+1+3,1+1+3,0.010498636805319074,0.1,correct
6295,5,EC1,1+1+3,1+1+3,0.007713119775421592,0.1,correct
6296,5,EC1,1+1+3,1+1+3,0.011375882750362692,0.1,correct
6297,5,EC1,1+1+3,1+1+3,0.011375882750362692,0.1,correct
6298,5,EC1,1+1+3,1+1+3,0.012093031694327107,0.1,correct
6300,5,EC1,1+1+3,1+1+3,0.010904813590795573,0.1,correct
6302,5,EC1,1+1+3,1+1+3,0.009731840496535096,0.1,correct
6303,5,EC1,1+1+3,1+1+3,0.016953255014893157,0.1,correct
6304,5,EC1,1+1+3,1+1+3,0.004997012501485285,0.1,correct
6305,5,EC1,1+1+3,1+1+3,0.00645498676141168,0.1,correct
6306,5,EC1,1+1+3,1+1+3,0.011104586619050685,0.1,correct
6307,5,EC1,1+1+3,1+1+3,0.007775375584497486,0.1,correct
6308,5,EC1,1+1+3,1+1+3,0.008374878013439982,0.1,correct
6313,5,EC1,5R2,5R2,0.00022695893901761405,0.1,correct
6314,5,EC1,1+1+3,1+1+3,0.0001293792873685821,0.1,correct
6315,5,EC1,5R2,5R2,5.7912002210265564e-05,0.1,correct
6316,5,EC1,5R2,5R2,0.00035241984904371487,0.1,correct
6317,5,EC1,1+1+3,1+1+3,0.00866211649252076,0.1,correct
6319,5,EC1,5R3,5R3,0.045159009055669046,0.1,correct
6330,5,EC1,1+1+3,1+1+3,0.000359729439996198,0.1,correct
6331,5,EC1,1+1+3,1+1+3,0.0009127830958118862,0.1,correct
6332,5,EC1,1+1+3,1+1+3,5.9787373248868745e-05,0.1,correct
6333,5,EC1,5R2,5R2,0.00022695893901761405,0.1,correct
6334,5,EC1,1+1+3,1+1+3,0.0001293792873685821,0.1,correct
6335,5,EC1,1+1+3,1+1+3,0.009710574152438168,0.1,correct
6336,5,EC1,5R2,5R2,5.7912002210265564e-05,0.1,correct
6337,5,EC1,5R2,5R2,0.00035241984904371487,0.1,correct
6339,5,EC1,1+1+3,1+1+3,0.00020597829982789534,0.1,correct
6340,5,EC1,1+1+3,1+1+3,0.0006621517575299528,0.1,correct
6342,5,EC1,5R2,5R2,0.00644503166633028,0.1,correct
6343,5,EC1,1+1+3,1+1+3,0.00023016945931203685,0.1,correct
6344,5,EC1,1+1+3,1+1+3,0.00047006664421123356,0.1,correct
6346,5,EC1,1+1+3,1+1+3,0.0061677047837911695,0.1,correct
6347,5,EC1,1+1+3,1+1+3,0.006928555415813572,0.1,correct
6349,5,EC1,1+1+3,1+1+3,0.008723029225561474,0.1,correct
6352,5,EC1,1+1+3,1+1+3,0.007827954679863672,0.1,correct
6353,5,EC1,1+1+3,1+1+3,0.012779589989510634,0.1,correct
6354,5,EC1,1+1+3,1+1+3,0.01996808683124151,0.1,correct
6355,5,EC1,1+1+3,1+1+3,0.008363088445664087,0.1,correct
6356,5,EC1,1+1+3,1+1+3,0.006493245438915711,0.1,correct
6357,5,EC1,1+1+3,1+1+3,0.016036685096677543,0.1,correct
6359,5,EC1,1+1+3,1+1+3,0.013135186882949176,0.1,correct
6360,5,EC1,1+1+3,1+1+3,0.011663475604638604,0.1,correct
6361,5,EC1,1+1+3,1+1+3,0.006948829204981262,0.1,correct
6362,5,EC1,1+1+3,1+1+3,0.005466627338679684,0.1,correct
6363,5,EC1,1+1+3,1+1+3,0.007686233110568545,0.1,correct
6364,5,EC1,1+1+3,1+1+3,0.009256776036504296,0.1,correct
6365,5,EC1,1+1+3,1+1+3,0.004851149116446535,0.1,correct
6367,5,EC1,5R1,5R1,0.002526589929133731,0.1,correct
6368,5,EC1,5R1,5R1,0.0042086211126686045,0.1,correct
6369,5,EC1,5R1,5R1,0.0062686903209522166,0.1,correct
6370,5,EC1,1+1+3,1+1+3,0.007291392812076454,0.1,correct
6372,5,EC1,1+1+3,1+1+3,0.011874735413052383,0.1,correct
6373,5,EC1,1+1+3,1+1+3,0.0137863235773719,0.1,correct
6374,5,EC1,5R1,5R1,0.007113671710164874,0.1,correct
6375,5,EC1,5R1,5R1,0.007249907011127798,0.1,correct
6376,5,EC1,5R1,5R1,0.004483317162548287,0.1,correct
6377,5,EC1,5R1,5R1,0.010682583957545103,0.1,correct
6378,5,EC1,5R1,5R1,0.004807157568667801,0.1,correct
6379,5,EC1,5R1,5R1,0.003168875185298405,0.1,correct
6380,5,EC1,5R1,5R1,0.010156008448696756,0.1,correct
6381,5,EC1,5R1,5R1,0.004703412034895515,0.1,correct
6384,5,EC1,1+1+3,1+1+3,0.006469895945067415,0.1,correct
6385,5,EC1,1+1+3,1+1+3,0.0031381849642747556,0.1,correct
6386,5,EC1,1+1+3,1+1+3,0.004621310609556546,0.1,correct
6387,5,EC1,1+1+3,1+1+3,0.004756404027203749,0.1,correct
6388,5,EC1,1+1+3,1+1+3,0.005661170424037784,0.1,correct
6389,5,EC1,1+1+3,1+1+3,0.00830271660361837,0.1,correct
6390,5,EC1,1+1+3,1+1+3,0.00533102627267955,0.1,correct
6391,5,EC1,1+1+3,1+1+3,0.016706976609787913,0.1,correct
6392,5,EC1,1+1+3,1+1+3,0.014764113592762694,0.1,correct
6393,5,EC1,1+1+3,1+1+3,0.009176969791821287,0.1,correct
6394,5,EC1,1+1+3,1+1+3,0.0156674691638439,0.1,correct
6395,5,EC1,1+1+3,1+1+3,0.007738587661841118,0.1,correct
6396,5,EC1,1+1+3,1+1+3,0.009298654828522226,0.1,correct
6397,5,EC1,1+1+3,1+1+3,0.0065514208390241475,0.1,correct
6398,5,EC1,1+1+3,1+1+3,0.004789070187416318,0.1,correct
6399,5,EC1,1+1+3,1+1+3,0.014045460364473631,0.1,correct
6400,5,EC1,1+1+3,1+1+3,0.003341052925351557,0.1,correct
6401,5,EC1,1+1+3,1+1+3,0.005378212686385667,0.1,correct
6402,5,EC1,1+1+3,1+1+3,0.01808747789964099,0.1,correct
6403,5,EC1,1+1+3,1+1+3,0.012890047113955817,0.1,correct
6404,5,EC1,1+1+3,1+1+3,0.01529976359490567,0.1,correct
6405,5,EC1,1+1+3,1+1+3,0.004267595609942425,0.1,correct
6406,5,EC1,1+1+3,1+1+3,0.014628473747797474,0.1,correct
6407,5,EC1,1+1+3,1+1+3,0.005273797631688162,0.1,correct
6408,5,EC1,1+1+3,1+1+3,0.005874160650680199,0.1,correct
6409,5,EC1,1+1+3,1+1+3,0.0068942932531188585,0.1,correct
6410,5,EC1,1+1+3,1+1+3,0.006967681427131983,0.1,correct
6411,5,EC1,1+1+3,1+1+3,0.005550143243196521,0.1,correct
6412,5,EC1,1+1+3,1+1+3,0.007229446076291042,0.1,correct
6413,5,EC1,1+1+3,1+1+3,0.006344153000204196,0.1,correct
6414,5,EC1,1+1+3,1+1+3,0.019621484290950092,0.1,correct
6415,5,EC1,1+1+3,1+1+3,0.0083529329465763,0.1,correct
6416,5,EC1,1+1+3,1+1+3,0.009083034704877013,0.1,correct
6417,5,EC1,1+1+3,1+1+3,0.008017470507585273,0.1,correct
6418,5,EC1,1+1+3,1+1+3,0.00795676372842629,0.1,correct
6419,5,EC1,1+1+3,1+1+3,0.006391613385523257,0.1,correct
6420,5,EC1,1+1+3,1+1+3,0.00936981486156478,0.1,correct
6421,5,EC1,1+1+3,1+1+3,0.013174361242200701,0.1,correct
6422,5,EC1,1+1+3,1+1+3,0.009961500221854089,0.1,correct
6423,5,EC1,1+1+3,1+1+3,0.006742604922431661,0.1,correct
6424,5,EC1,1+1+3,1+1+3,0.004046994221641525,0.1,correct
6425,5,EC1,1+1+3,1+1+3,0.010498636805319074,0.1,correct
6426,5,EC1,1+1+3,1+1+3,0.009617995985651068,0.1,correct
6427,5,EC1,1+1+3,1+1+3,0.004326030968451367,0.1,correct
6428,5,EC1,1+1+3,1+1+3,0.009964950365154854,0.1,correct
6429,5,EC1,1+1+3,1+1+3,0.005985793178017419,0.1,correct
6430,5,EC1,1+1+3,1+1+3,0.003602329804446022,0.1,correct
6431,5,EC1,1+1+3,1+1+3,0.007394991999995653,0.1,correct
6432,5,EC1,1+1+3,1+1+3,0.004029249444995936,0.1,correct
6433,5,EC1,1+1+3,1+1+3,0.005874160650680199,0.1,correct
6434,5,EC1,1+1+3,1+1+3,0.006695973832087457,0.1,correct
6435,5,EC1,1+1+3,1+1+3,0.007750802899055014,0.1,correct
6436,5,EC1,1+1+3,1+1+3,0.005186176526112455,0.1,correct
6437,5,EC1,1+1+3,1+1+3,0.010628001254704492,0.1,correct
6438,5,EC1,1+1+3,1+1+3,0.006527197387853385,0.1,correct
6439,5,EC1,1+1+3,1+1+3,0.006672423207501146,0.1,correct
6440,5,EC1,1+1+3,1+1+3,0.005964889708117001,0.1,correct
6441,5,EC1,1+1+3,1+1+3,0.01026171443619436,0.1,correct
6442,5,EC1,1+1+3,1+1+3,0.004424182035133744,0.1,correct
6443,5,EC1,1+1+3,1+1+3,0.009103369858464508,0.1,correct
6445,5,EC1,1+1+3,1+1+3,0.008590857648686787,0.1,correct
6446,5,EC1,1+1+3,1+1+3,0.007636183603738187,0.1,correct
6447,5,EC1,1+1+3,1+1+3,0.009723738808709335,0.1,correct
6448,5,EC1,1+1+3,1+1+3,0.011645484705240931,0.1,correct
6449,5,EC1,1+1+3,1+1+3,0.004207596052379558,0.1,correct
6450,5,EC1,1+1+3,1+1+3,0.004620802868549982,0.1,correct
6451,5,EC1,1+1+3,1+1+3,0.005124252337658634,0.1,correct
6452,5,EC1,1+1+3,1+1+3,0.021522357843414837,0.1,correct
6453,5,EC1,1+1+3,1+1+3,0.00945702759169076,0.1,correct
6454,5,EC1,1+1+3,1+1+3,0.006698149454886772,0.1,correct
6455,5,EC1,1+1+3,1+1+3,0.009897606756181019,0.1,correct
6456,5,EC1,1+1+3,1+1+3,0.006172397198009843,0.1,correct
6457,5,EC1,1+1+3,1+1+3,0.00731873688214026,0.1,correct
6458,5,EC1,1+1+3,1+1+3,0.02020912523416092,0.1,correct
6459,5,EC1,1+1+3,1+1+3,0.007570716252112489,0.1,correct
6460,5,EC1,1+1+3,1+1+3,0.007405906421904107,0.1,correct
6461,5,EC1,1+1+3,1+1+3,0.004051276068104984,0.1,correct
6462,5,EC1,1+1+3,1+1+3,0.005448779520222832,0.1,correct
6463,5,EC1,1+1+3,1+1+3,0.011419691647763533,0.1,correct
6464,5,EC1,1+1+3,1+1+3,0.005553745387574051,0.1,correct
6465,5,EC1,1+1+3,1+1+3,0.00767797450178105,0.1,correct
6466,5,EC1,1+1+3,1+1+3,0.008284806405100858,0.1,correct
6467,5,EC1,1+1+3,1+1+3,0.022279728125809785,0.1,correct
6468,5,EC1,1+1+3,1+1+3,0.011598584157559938,0.1,correct
6469,5,EC1,1+1+3,1+1+3,0.018016816851208723,0.1,correct
6470,5,EC1,1+1+3,1+1+3,0.008686500683244058,0.1,correct
6471,5,EC1,1+1+3,1+1+3,0.0069584898404754444,0.1,correct
6472,5,EC1,1+1+3,1+1+3,0.00800847865827211,0.1,correct
6473,5,EC1,1+1+3,1+1+3,0.015576568087675819,0.1,correct
6474,5,EC1,1+1+3,1+1+3,0.012296529953202231,0.1,correct
6475,5,EC1,1+1+3,1+1+3,0.0160649244199903,0.1,correct
6477,5,EC1,1+1+3,1+1+3,0.021073324298505905,0.1,correct
6478,5,EC1,1+1+3,1+1+3,0.013557991350122638,0.1,correct
6479,5,EC1,1+1+3,1+1+3,0.01746213971253237,0.1,correct
6481,5,EC1,1+1+3,1+1+3,0.010713669889911669,0.1,correct
6482,5,EC1,1+1+3,1+1+3,0.007615002968482672,0.1,correct
6483,5,EC1,1+1+3,1+1+3,0.00991969228655809,0.1,correct
6484,5,EC1,1+1+3,1+1+3,0.008234787850333481,0.1,correct
6485,5,EC1,1+1+3,1+1+3,0.008842271741470049,0.1,correct
6486,5,EC1,1+1+3,1+1+3,0.01089059006574025,0.1,correct
6487,5,EC1,1+1+3,1+1+3,0.01020266440347813,0.1,correct
6488,5,EC1,1+1+3,1+1+3,0.009182409312375487,0.1,correct
6489,5,EC1,1+1+3,1+1+3,0.005642449955471424,0.1,correct
6490,5,EC1,1+1+3,1+1+3,0.008675712603008461,0.1,correct
6491,5,EC1,1+1+3,1+1+3,0.007285111210544404,0.1,correct
6492,5,EC1,1+1+3,1+1+3,0.013058691455884843,0.1,correct
6493,5,EC1,1+1+3,1+1+3,0.014396858453843336,0.1,correct
6494,5,EC1,1+1+3,1+1+3,0.012126096096023642,0.1,correct
6495,5,EC1,1+1+3,1+1+3,0.010519887479436253,0.1,correct
6497,5,EC1,1+1+3,1+1+3,0.005618567072661844,0.1,correct
6498,5,EC1,1+1+3,1+1+3,0.003252556516034743,0.1,correct
6499,5,EC1,1+1+3,1+1+3,0.013058691455884843,0.1,correct
6503,5,EC1,1+1+3,1+1+3,0.0013194444171695885,0.1,correct
6504,5,EC1,1+1+3,1+1+3,0.009848652887070389,0.1,correct
6505,5,EC1,1+1+3,1+1+3,0.0165579995437251,0.1,correct
6506,5,EC1,1+1+3,1+1+3,0.0024775954512389724,0.1,correct
6508,5,EC1,1+1+3,1+1+3,0.009374090156916589,0.1,correct
6509,5,EC1,1+1+3,1+1+3,0.008466597440530623,0.1,correct
6510,5,EC1,1+1+3,1+1+3,0.008354812718427636,0.1,correct
6511,5,EC1,1+1+3,1+1+3,0.008790482638058057,0.1,correct
6512,5,EC1,1+1+3,1+1+3,0.007248826610562577,0.1,correct
6513,5,EC1,1+1+3,1+1+3,0.008177542928043834,0.1,correct
6514,5,EC1,1+1+3,1+1+3,0.005679952514766305,0.1,correct
6515,5,EC1,1+1+3,1+1+3,0.0023497012129204873,0.1,correct
6516,5,EC1,1+1+3,1+1+3,0.006765656041360652,0.1,correct
6517,5,EC1,1+1+3,1+1+3,0.005741099948616127,0.1,correct
6518,5,EC1,1+1+3,1+1+3,0.006426025037299541,0.1,correct
6519,5,EC1,1+1+3,1+1+3,0.0062753130886036125,0.1,correct
6520,5,EC1,1+1+3,1+1+3,0.010607173963408012,0.1,correct
6521,5,EC1,1+1+3,1+1+3,0.009815785727592053,0.1,correct
6522,5,EC1,1+1+3,1+1+3,0.010737247862930252,0.1,correct
6528,5,EC1,1+1+3,1+1+3,0.007403408858762301,0.1,correct
6529,5,EC1,1+1+3,1+1+3,0.005789641549353476,0.1,correct
6530,5,EC1,1+1+3,1+1+3,0.006833282705991361,0.1,correct
6531,5,EC1,1+1+3,1+1+3,0.004522599608632205,0.1,correct
6532,5,EC1,1+1+3,1+1+3,0.006446637065168192,0.1,correct
6533,5,EC1,1+1+3,1+1+3,0.0056240761703590025,0.1,correct
6534,5,EC1,1+1+3,1+1+3,0.0060768428299569945,0.1,correct
6535,5,EC1,1+1+3,1+1+3,0.010009139157290204,0.1,correct
6536,5,EC1,1+1+3,1+1+3,0.0045817434825620685,0.1,correct
6537,5,EC1,1+1+3,1+1+3,0.008190346214904469,0.1,correct
6538,5,EC1,1+1+3,1+1+3,0.005284344125811658,0.1,correct
6540,5,EC1,1+1+3,1+1+3,0.004242792163186911,0.1,correct
6542,5,EC1,1+1+3,1+1+3,0.004232259703751648,0.1,correct
6543,5,EC1,1+1+3,1+1+3,0.00599251148517881,0.1,correct
6544,5,EC1,1+1+3,1+1+3,0.008808913917731271,0.1,correct
6545,5,EC1,1+1+3,1+1+3,0.006762325487581918,0.1,correct
6546,5,EC1,1+1+3,1+1+3,0.010966618466054153,0.1,correct
6547,5,EC1,1+1+3,1+1+3,0.0071143902296683294,0.1,correct
6548,5,EC1,1+1+3,1+1+3,0.00720509486821651,0.1,correct
6549,5,EC1,1+1+3,1+1+3,0.005064596018440149,0.1,correct
6550,5,EC1,1+1+3,1+1+3,0.004705064967670492,0.1,correct
6551,5,EC1,1+1+3,1+1+3,0.004251216944593627,0.1,correct
6552,5,EC1,1+1+3,1+1+3,0.005661170424037784,0.1,correct
6553,5,EC1,1+1+3,1+1+3,0.007356455963301903,0.1,correct
6554,5,EC1,1+1+3,1+1+3,0.004424182035133744,0.1,correct
6555,5,EC1,1+1+3,1+1+3,0.007227901468614514,0.1,correct
6556,5,EC1,1+1+3,1+1+3,0.01192922352879683,0.1,correct
6557,5,EC1,1+1+3,1+1+3,0.013317423987768806,0.1,correct
6558,5,EC1,1+1+3,1+1+3,0.0063613741322138834,0.1,correct
6559,5,EC1,1+1+3,1+1+3,0.006650972026704072,0.1,correct
6560,5,EC1,1+1+3,1+1+3,0.004942851899460476,0.1,correct
6561,5,EC1,1+1+3,1+1+3,0.010152682185511382,0.1,correct
6563,5,EC1,1+1+3,1+1+3,0.0033349970029971586,0.1,correct
6564,5,EC1,1+1+3,1+1+3,0.0033349970029971586,0.1,correct
6565,5,EC1,1+1+3,1+1+3,0.005861839634449234,0.1,correct
6566,5,EC1,2+3,2+3,0.010057032301330263,0.1,correct
6567,5,EC1,2+3,2+3,0.006695895741422488,0.1,correct
6568,5,EC1,2+3,2+3,0.0086751642318748,0.1,correct
6570,5,EC1,1+1+3,1+1+3,0.010425719119082397,0.1,correct
6571,5,EC1,1+1+3,1+1+3,0.004263542679509591,0.1,correct
6572,5,EC1,1+1+3,1+1+3,0.005525575317557478,0.1,correct
6573,5,EC1,1+1+3,1+1+3,0.007549943698465624,0.1,correct
6574,5,EC1,1+1+3,1+1+3,0.004925750990458219,0.1,correct
6575,5,EC1,1+1+3,1+1+3,0.014328483234801919,0.1,correct
6576,5,EC1,1+1+3,1+1+3,0.004374617713583668,0.1,correct
6577,5,EC1,1+1+3,1+1+3,0.008736110378194628,0.1,correct
6578,5,EC1,1+1+3,1+1+3,0.005756933319051035,0.1,correct
6579,5,EC1,1+1+3,1+1+3,0.004029249444995936,0.1,correct
6580,5,EC1,1+1+3,1+1+3,0.0060032681016259455,0.1,correct
6581,5,EC1,1+1+3,1+1+3,0.0086483095671929,0.1,correct
6582,5,EC1,1+1+3,1+1+3,0.00348551464923043,0.1,correct
6583,5,EC1,1+1+3,1+1+3,0.005582705811700997,0.1,correct
6584,5,EC1,1+1+3,1+1+3,0.004116041876609123,0.1,correct
6591,5,EC1,5R2,5R2,0.00794030306600447,0.1,correct
6592,5,EC1,5R2,5R2,0.004038101727297109,0.1,correct
6593,5,EC1,5R2,5R2,0.004038101727297109,0.1,correct
6594,5,EC1,5R2,5R2,0.0036438465637290496,0.1,correct
6595,5,EC1,5R2,5R2,0.0020194615643779955,0.1,correct
6596,5,EC1,5R2,5R2,0.004692646198042209,0.1,correct
6597,5,EC1,1+1+3,1+1+3,0.008061299639015999,0.1,correct
6598,5,EC1,1+1+3,1+1+3,0.005304974814266321,0.1,correct
6599,5,EC1,1+1+3,1+1+3,0.007637322367819762,0.1,correct
6600,5,EC1,1+1+3,1+1+3,0.004255310538609349,0.1,correct
6601,5,EC1,1+1+3,1+1+3,0.008208073397576336,0.1,correct
6602,5,EC1,1+1+3,1+1+3,0.005758837991296511,0.1,correct
6603,5,EC1,5R2,5R2,0.008266760047322052,0.1,correct
6604,5,EC1,5R2,5R2,0.0046454405366983175,0.1,correct
6606,5,EC1,1+1+3,1+1+3,0.01017819339617794,0.1,correct
6607,5,EC1,1+1+3,1+1+3,0.010294089081604058,0.1,correct
6608,5,EC1,1+1+3,1+1+3,0.005582705811700997,0.1,correct
6609,5,EC1,1+1+3,1+1+3,0.00348551464923043,0.1,correct
6610,5,EC1,1+1+3,1+1+3,0.00797085158185751,0.1,correct
6611,5,EC1,1+1+3,1+1+3,0.005393188606010353,0.1,correct
6612,5,EC1,1+1+3,1+1+3,0.0029712363689211848,0.1,correct
6613,5,EC1,1+1+3,1+1+3,0.009323395060813451,0.1,correct
6614,5,EC1,1+1+3,1+1+3,0.007108030541577592,0.1,correct
6615,5,EC1,1+1+3,1+1+3,0.005284344125811658,0.1,correct
6616,5,EC1,1+1+3,1+1+3,0.0052212758661078175,0.1,correct
6617,5,EC1,1+1+3,1+1+3,0.006483247491805325,0.1,correct
6623,5,EC1,1+1+3,1+1+3,0.008596568502024542,0.1,correct
6624,5,EC1,1+1+3,1+1+3,0.0019821119494115606,0.1,correct
6625,5,EC1,1+1+3,1+1+3,0.0046820758932336805,0.1,correct
6626,5,EC1,1+1+3,1+1+3,0.006468760958638054,0.1,correct
6627,5,EC1,1+1+3,1+1+3,0.0066174979750658215,0.1,correct
6628,5,EC1,1+1+3,1+1+3,0.00958938142947708,0.1,correct
6629,5,EC1,1+1+3,1+1+3,0.009242803927921437,0.1,correct
6630,5,EC1,1+1+3,1+1+3,0.0066174979750658215,0.1,correct
6633,5,EC1,5R2,5R2,0.010956250510553324,0.1,correct
6634,5,EC1,5R2,5R2,0.009405273398471735,0.1,correct
6635,5,EC1,1+1+3,1+1+3,0.008609826844948723,0.1,correct
6636,5,EC1,1+1+3,1+1+3,0.003369369478107151,0.1,correct
6637,5,EC1,1+1+3,1+1+3,0.004744206212845311,0.1,correct
6638,5,EC1,5R2,5R2,0.007819787807223425,0.1,correct
6639,5,EC1,5R2,5R2,0.006561092962304386,0.1,correct
6640,5,EC1,1+1+3,1+1+3,0.005434539694399145,0.1,correct
6641,5,EC1,1+1+3,1+1+3,0.012898012800427796,0.1,correct
6642,5,EC1,1+1+3,1+1+3,0.006632247216441814,0.1,correct
6644,5,EC1,1+1+3,1+1+3,0.004949104535165935,0.1,correct
6645,5,EC1,1+1+3,1+1+3,0.007216612261303779,0.1,correct
6646,5,EC1,1+1+3,1+1+3,0.009444065547210076,0.1,correct
6647,5,EC1,1+1+3,1+1+3,0.006955271592827988,0.1,correct
6648,5,EC1,1+1+3,1+1+3,0.01949520082866553,0.1,correct
6649,5,EC1,1+1+3,1+1+3,0.0055716068938862036,0.1,correct
6650,5,EC1,5R2,5R2,0.005120339881296934,0.1,correct
6651,5,EC1,5R2,5R2,0.0022636343697691177,0.1,correct
6652,5,EC1,5R2,5R2,0.0034508127071749286,0.1,correct
6653,5,EC1,1+1+3,1+1+3,0.011032601772020943,0.1,correct
6654,5,EC1,1+1+3,1+1+3,0.010242512271898915,0.1,correct
6655,5,EC1,1+1+3,1+1+3,0.010849416527168606,0.1,correct
6656,5,EC1,1+1+3,1+1+3,0.007262312131821386,0.1,correct
6657,5,EC1,1+1+3,1+1+3,0.00895395479941684,0.1,correct
6658,5,EC1,1+1+3,1+1+3,0.011280816084840673,0.1,correct
6659,5,EC1,1+1+3,1+1+3,0.0086483095671929,0.1,correct
6660,5,EC1,1+1+3,1+1+3,0.011280816084840673,0.1,correct
6661,5,EC1,1+1+3,1+1+3,0.004263542679509591,0.1,correct
6663,5,EC1,1+1+3,1+1+3,0.012941934661788399,0.1,correct
6664,5,EC1,1+1+3,1+1+3,0.009061941417268116,0.1,correct
6666,5,EC1,1+1+3,1+1+3,0.002613833431953914,0.1,correct
6667,5,EC1,1+1+3,1+1+3,0.009405432060782757,0.1,correct
6668,5,EC1,1+1+3,1+1+3,0.006138163656176001,0.1,correct
6669,5,EC1,1+1+3,1+1+3,0.006967681427131983,0.1,correct
6670,5,EC1,1+1+3,1+1+3,0.005307904012884933,0.1,correct
6671,5,EC1,1+1+3,1+1+3,0.006562278441212338,0.1,correct
6672,5,EC1,1+1+3,1+1+3,0.0078216804728907,0.1,correct
6673,5,EC1,1+1+3,1+1+3,0.008425460192772837,0.1,correct
6674,5,EC1,1+1+3,1+1+3,0.005975736588906849,0.1,correct
6675,5,EC1,1+1+3,1+1+3,0.006039747632144887,0.1,correct
6676,5,EC1,1+1+3,1+1+3,0.004942851899460476,0.1,correct
6677,5,EC1,1+1+3,1+1+3,0.005182994791623834,0.1,correct
6678,5,EC1,1+1+3,1+1+3,0.004159850425195602,0.1,correct
6679,5,EC1,1+1+3,1+1+3,0.003966245707214829,0.1,correct
6680,5,EC1,1+1+3,1+1+3,0.00906513777997887,0.1,correct
6681,5,EC1,1+1+3,1+1+3,0.010562352608675768,0.1,correct
6682,5,EC1,1+1+3,1+1+3,0.005110340797833311,0.1,correct
6683,5,EC1,1+1+3,1+1+3,0.004354073063236314,0.1,correct
6684,5,EC1,1+1+3,1+1+3,0.0049597693262892675,0.1,correct
6685,5,EC1,2+3,2+3,0.013048986061759766,0.1,correct
6686,5,EC1,2+3,2+3,0.00404667106891579,0.1,correct
6687,5,EC1,2+3,2+3,0.00404667106891579,0.1,correct
6688,5,EC1,1+1+3,1+1+3,0.006479785318974696,0.1,correct
6693,5,EC1,1+1+3,1+1+3,0.007240552174385558,0.1,correct
6694,5,EC1,1+1+3,1+1+3,0.005691261078179419,0.1,correct
6695,5,EC1,1+1+3,1+1+3,0.007790832438834761,0.1,correct
6696,5,EC1,1+1+3,1+1+3,0.004424626563903449,0.1,correct
6697,5,EC1,1+1+3,1+1+3,0.005306889000158197,0.1,correct
6698,5,EC1,1+1+3,1+1+3,0.00524317989678019,0.1,correct
6699,5,EC1,1+1+3,1+1+3,0.005037265793066699,0.1,correct
6700,5,EC1,5R2,5R2,0.005384980863475751,0.1,correct
6701,5,EC1,5R2,5R2,0.0029887740396356485,0.1,correct
6702,5,EC1,5R2,5R2,0.0020194615643779955,0.1,correct
6703,5,EC1,5R2,5R2,0.0049472541171846005,0.1,correct
6704,5,EC1,5R2,5R2,0.008158400476809179,0.1,correct
6705,5,EC1,5R2,5R2,0.0035075366926092277,0.1,correct
6706,5,EC1,5R1,5R1,0.002240188355920102,0.1,correct
6707,5,EC1,5R1,5R1,0.002354001794816644,0.1,correct
6708,5,EC1,5R1,5R1,0.002785594467972682,0.1,correct
6709,5,EC1,5R1,5R1,0.0034617478807677494,0.1,correct
6710,5,EC1,5R1,5R1,0.002279724342985353,0.1,correct
6711,5,EC1,5R2,5R2,0.005074721176577096,0.1,correct
6712,5,EC1,5R2,5R2,0.0036919870368136336,0.1,correct
6713,5,EC1,5R2,5R2,0.006670351274108418,0.1,correct
6714,5,EC1,5R2,5R2,0.0062098732330056385,0.1,correct
6715,5,EC1,5R2,5R2,0.004846295377914955,0.1,correct
6716,5,EC1,5R2,5R2,0.01560988134548114,0.1,correct
6717,5,EC1,5R2,5R2,0.005384980863475751,0.1,correct
6719,5,EC1,5R2,5R2,0.0026941922184580496,0.1,correct
6720,5,EC1,5R2,5R2,0.0047522558559067365,0.1,correct
6721,5,EC1,5R2,5R2,0.004050694159030021,0.1,correct
6722,5,EC1,1+1+3,1+1+3,0.00539925061744686,0.1,correct
6723,5,EC1,1+1+3,1+1+3,0.00868107213079119,0.1,correct
6724,5,EC1,1+1+3,1+1+3,0.005197221870384225,0.1,correct
6725,5,EC1,1+1+3,1+1+3,0.0070221708865563556,0.1,correct
6726,5,EC1,5R2,5R2,0.00556367044405039,0.1,correct
6727,5,EC1,5R2,5R2,0.004984176137537684,0.1,correct
6728,5,EC1,5R2,5R2,0.00940647436768952,0.1,correct
6730,5,EC1,5R2,5R2,0.004309071518320394,0.1,correct
6731,5,EC1,5R2,5R2,0.003757651753422605,0.1,correct
6733,5,EC1,1+1+3,1+1+3,0.01367751772618116,0.1,correct
6734,5,EC1,1+1+3,1+1+3,0.006397050732173383,0.1,correct
6735,5,EC1,1+1+3,1+1+3,0.009518630944101164,0.1,correct
6736,5,EC1,1+1+3,1+1+3,0.014717899859354922,0.1,correct
6737,5,EC1,1+1+3,1+1+3,0.009006385189963852,0.1,correct
6738,5,EC1,1+1+3,1+1+3,0.0065815529671955355,0.1,correct
6739,5,EC1,1+1+3,1+1+3,0.003270667959301266,0.1,correct
6740,5,EC1,1+1+3,1+1+3,0.005773858764292688,0.1,correct
6741,5,EC1,1+1+3,1+1+3,0.003116185881811276,0.1,correct
6742,5,EC1,1+1+3,1+1+3,0.0049933273816164,0.1,correct
6743,5,EC1,1+1+3,1+1+3,0.004561912181311686,0.1,correct
6744,5,EC1,1+1+3,1+1+3,0.004561912181311686,0.1,correct
6745,5,EC1,1+1+3,1+1+3,0.005008821219608422,0.1,correct
6746,5,EC1,1+1+3,1+1+3,0.005763710024801709,0.1,correct
6747,5,EC1,1+1+3,1+1+3,0.00653161410219555,0.1,correct
6748,5,EC1,1+1+3,1+1+3,0.006129555508354585,0.1,correct
6749,5,EC1,1+1+3,1+1+3,0.003116185881811276,0.1,correct
6750,5,EC1,1+1+3,1+1+3,0.005919458452426193,0.1,correct
6751,5,EC1,1+1+3,1+1+3,0.013191164850004709,0.1,correct
6752,5,EC1,1+1+3,1+1+3,0.011283995360686758,0.1,correct
6753,5,EC1,1+1+3,1+1+3,0.00618813683995435,0.1,correct
6754,5,EC1,1+1+3,1+1+3,0.007016331618445667,0.1,correct
6755,5,EC1,1+1+3,1+1+3,0.015018202544579043,0.1,correct
6756,5,EC1,1+1+3,1+1+3,0.007670772692499739,0.1,correct
6757,5,EC1,1+1+3,1+1+3,0.010820693025402742,0.1,correct
6758,5,EC1,1+1+3,1+1+3,0.0070481094841098975,0.1,correct
6759,5,EC1,1+1+3,1+1+3,0.009968946046097384,0.1,correct
6760,5,EC1,1+1+3,1+1+3,0.006377938332251274,0.1,correct
6762,5,EC1,1+1+3,1+1+3,0.003991406882290991,0.1,correct
6763,5,EC1,1+1+3,1+1+3,0.005576231354597845,0.1,correct
6764,5,EC1,1+1+3,1+1+3,0.006021272235997968,0.1,correct
6765,5,EC1,1+1+3,1+1+3,0.004251216944593627,0.1,correct
6766,5,EC1,1+1+3,1+1+3,0.0046000317488034655,0.1,correct
6767,5,EC1,1+1+3,1+1+3,0.009341700304548391,0.1,correct
6768,5,EC1,1+1+3,1+1+3,0.011595537915508675,0.1,correct
6769,5,EC1,1+1+3,1+1+3,0.004647258668290338,0.1,correct
6770,5,EC1,1+1+3,1+1+3,0.005764653711195472,0.1,correct
6771,5,EC1,1+1+3,1+1+3,0.007001887358419892,0.1,correct
6772,5,EC1,1+1+3,1+1+3,0.005183434083693923,0.1,correct
6773,5,EC1,1+1+3,1+1+3,0.005201363284755246,0.1,correct
6774,5,EC1,1+1+3,1+1+3,0.004760313073737896,0.1,correct
6775,5,EC1,1+1+3,1+1+3,0.002554156447831653,0.1,correct
6776,5,EC1,1+1+3,1+1+3,0.0028374382037323854,0.1,correct
6777,5,EC1,1+1+3,1+1+3,0.0049231665490820226,0.1,correct
6778,5,EC1,1+1+3,1+1+3,0.007991833187072923,0.1,correct
6779,5,EC1,1+1+3,1+1+3,0.007946053842631577,0.1,correct
6780,5,EC1,1+1+3,1+1+3,0.015117602795747713,0.1,correct
6781,5,EC1,1+1+3,1+1+3,0.011724672988616814,0.1,correct
6782,5,EC1,1+1+3,1+1+3,0.005064596018440149,0.1,correct
6783,5,EC1,1+1+3,1+1+3,0.014737796886916316,0.1,correct
6784,5,EC1,1+1+3,1+1+3,0.006053676294616329,0.1,correct
6785,5,EC1,1+1+3,1+1+3,0.004082642159190535,0.1,correct
6786,5,EC1,1+1+3,1+1+3,0.005287493522454671,0.1,correct
6787,5,EC1,1+1+3,1+1+3,0.007857663248065548,0.1,correct
6788,5,EC1,1+1+3,1+1+3,0.005704308090382204,0.1,correct
6789,5,EC1,1+1+3,1+1+3,0.005425603840126912,0.1,correct
6790,5,EC1,1+1+3,1+1+3,0.0055807894477394974,0.1,correct
6791,5,EC1,1+1+3,1+1+3,0.004862869640448903,0.1,correct
6792,5,EC1,1+1+3,1+1+3,0.006284891777111199,0.1,correct
6793,5,EC1,1+1+3,1+1+3,0.0059792535303330105,0.1,correct
6800,5,EC1,5R2,5R2,0.005668164236329072,0.1,correct
6801,5,EC1,5R2,5R2,0.004824983449712537,0.1,correct
6802,5,EC1,5R2,5R2,0.007017595188524348,0.1,correct
6803,5,EC1,1+1+3,1+1+3,0.009063848336661412,0.1,correct
6804,5,EC1,1+1+3,1+1+3,0.004079461512258738,0.1,correct
6805,5,EC1,1+1+3,1+1+3,0.007865058653309573,0.1,correct
6806,5,EC1,1+1+3,1+1+3,0.009524855754288365,0.1,correct
6807,5,EC1,1+1+3,1+1+3,0.0074196436349733145,0.1,correct
6808,5,EC1,1+1+3,1+1+3,0.006046481840707011,0.1,correct
6809,5,EC1,1+1+3,1+1+3,0.006154301253594921,0.1,correct
6810,5,EC1,1+1+3,1+1+3,0.006500257559512548,0.1,correct
6811,5,EC1,1+1+3,1+1+3,0.01698835336370188,0.1,correct
6812,5,EC1,1+1+3,1+1+3,0.003896133982552441,0.1,correct
6813,5,EC1,1+1+3,1+1+3,0.006154301253594921,0.1,correct
6814,5,EC1,1+1+3,1+1+3,0.004899081457783705,0.1,correct
6815,5,EC1,1+1+3,1+1+3,0.007096968876217515,0.1,correct
6816,5,EC1,1+1+3,1+1+3,0.010152682185511382,0.1,correct
6817,5,EC1,1+1+3,1+1+3,0.008022579317152325,0.1,correct
6818,5,EC1,1+1+3,1+1+3,0.006391613385523257,0.1,correct
6819,5,EC1,1+1+3,1+1+3,0.010629231277472517,0.1,correct
6820,5,EC1,5R2,5R2,0.004061770649605915,0.1,correct
6821,5,EC1,5R2,5R2,0.004166017689592774,0.1,correct
6822,5,EC1,1+1+3,1+1+3,0.007075387857919852,0.1,correct
6823,5,EC1,1+1+3,1+1+3,0.006353351959399037,0.1,correct
6824,5,EC1,1+1+3,1+1+3,0.009097719641206804,0.1,correct
6825,5,EC1,1+1+3,1+1+3,0.002554156447831653,0.1,correct
6826,5,EC1,1+1+3,1+1+3,0.0064807294172800935,0.1,correct
6827,5,EC1,1+1+3,1+1+3,0.008392067226851787,0.1,correct
6828,5,EC1,1+1+3,1+1+3,0.012583600483168603,0.1,correct
6829,5,EC1,1+1+3,1+1+3,0.0049546786071348525,0.1,correct
6830,5,EC1,1+1+3,1+1+3,0.007554248075089923,0.1,correct
6831,5,EC1,1+1+3,1+1+3,0.005773858764292688,0.1,correct
6832,5,EC1,1+1+3,1+1+3,0.005128183083705185,0.1,correct
6833,5,EC1,1+1+3,1+1+3,0.008612917259558437,0.1,correct
6834,5,EC1,1+1+3,1+1+3,0.00826306114947723,0.1,correct
6835,5,EC1,1+1+3,1+1+3,0.009150126236834115,0.1,correct
6836,5,EC1,1+1+3,1+1+3,0.009187093685709316,0.1,correct
6837,5,EC1,1+1+3,1+1+3,0.005606166793808406,0.1,correct
6838,5,EC1,1+1+3,1+1+3,0.006527197387853385,0.1,correct
6839,5,EC1,1+1+3,1+1+3,0.0055789449441628405,0.1,correct
6840,5,EC1,1+1+3,1+1+3,0.006150354249146995,0.1,correct
6841,5,EC1,1+1+3,1+1+3,0.008165583333112207,0.1,correct
6842,5,EC1,1+1+3,1+1+3,0.012227026076278695,0.1,correct
6843,5,EC1,1+1+3,1+1+3,0.002147394318703461,0.1,correct
6844,5,EC1,1+1+3,1+1+3,0.007715299392116946,0.1,correct
6845,5,EC1,1+1+3,1+1+3,0.006960634789299045,0.1,correct
6846,5,EC1,1+1+3,1+1+3,0.009824074766103924,0.1,correct
6847,5,EC1,1+1+3,1+1+3,0.02159016840300233,0.1,correct
6848,5,EC1,1+1+3,1+1+3,0.014016935246336841,0.1,correct
6849,5,EC1,1+1+3,1+1+3,0.009864745658657387,0.1,correct
6850,5,EC1,1+1+3,1+1+3,0.007098708428298802,0.1,correct
6851,5,EC1,1+1+3,1+1+3,0.004489738671682311,0.1,correct
6852,5,EC1,1+1+3,1+1+3,0.008588064780845563,0.1,correct
6853,5,EC1,1+1+3,1+1+3,0.004207596052379558,0.1,correct
6854,5,EC1,1+1+3,1+1+3,0.008392067226851787,0.1,correct
6855,5,EC1,1+1+3,1+1+3,0.0068942932531188585,0.1,correct
6856,5,EC1,1+1+3,1+1+3,0.004638521785008688,0.1,correct
6857,5,EC1,1+1+3,1+1+3,0.012319081653272718,0.1,correct
6858,5,EC1,1+1+3,1+1+3,0.007882174582562865,0.1,correct
6859,5,EC1,1+1+3,1+1+3,0.006444013113735883,0.1,correct
6860,5,EC1,1+1+3,1+1+3,0.004760313073737896,0.1,correct
6861,5,EC1,1+1+3,1+1+3,0.012360165485138104,0.1,correct
6862,5,EC1,1+1+3,1+1+3,0.009630219855226553,0.1,correct
6864,5,EC1,1+1+3,1+1+3,0.004572921144082872,0.1,correct
6865,5,EC1,1+1+3,1+1+3,0.007154854219339499,0.1,correct
6866,5,EC1,1+1+3,1+1+3,0.017439021822051835,0.1,correct
6867,5,EC1,1+1+3,1+1+3,0.005212323644978332,0.1,correct
6868,5,EC1,1+1+3,1+1+3,0.011035029950571007,0.1,correct
6869,5,EC1,1+1+3,1+1+3,0.005929882904408815,0.1,correct
6870,5,EC1,1+1+3,1+1+3,0.005719009433459624,0.1,correct
6871,5,EC1,1+1+3,1+1+3,0.0055807894477394974,0.1,correct
6872,5,EC1,1+1+3,1+1+3,0.004907296669246721,0.1,correct
6873,5,EC1,1+1+3,1+1+3,7.699357116019345e-05,0.1,correct
6874,5,EC1,1+1+3,1+1+3,2.5449165015763074e-05,0.1,correct
6875,5,EC1,1+1+3,1+1+3,0.013085460443178891,0.1,correct
6876,5,EC1,1+1+3,1+1+3,0.0019446691878054934,0.1,correct
6877,5,EC1,1+1+3,1+1+3,3.5549824190843545e-05,0.1,correct
6878,5,EC1,1+1+3,1+1+3,2.0913870995098702e-05,0.1,correct
6879,5,EC1,1+1+3,1+1+3,0.00401048856749401,0.1,correct
6880,5,EC1,1+1+3,1+1+3,3.750266657187482e-05,0.1,correct
6881,5,EC1,1+1+3,1+1+3,7.763929417506948e-05,0.1,correct
6882,5,EC1,1+1+3,1+1+3,0.010215032992604576,0.1,correct
6883,5,EC1,1+1+3,1+1+3,0.007463775863462131,0.1,correct
6884,5,EC1,1+1+3,1+1+3,0.004232259703751648,0.1,correct
6885,5,EC1,1+1+3,1+1+3,0.0037777759409472677,0.1,correct
6886,5,EC1,1+1+3,1+1+3,7.317772885238446e-05,0.1,correct
6887,5,EC1,1+1+3,1+1+3,0.004620771410706209,0.1,correct
6888,5,EC1,1+1+3,1+1+3,0.0034479805451887295,0.1,correct
6889,5,EC1,1+1+3,1+1+3,6.427122217601253e-05,0.1,correct
6890,5,EC1,1+1+3,1+1+3,0.0014672825597000679,0.1,correct
6891,5,EC1,1+1+3,1+1+3,3.558735730564117e-05,0.1,correct
6892,5,EC1,1+1+3,1+1+3,9.76847992269141e-05,0.1,correct
6893,5,EC1,1+1+3,1+1+3,4.3693706640661916e-05,0.1,correct
6894,5,EC1,1+1+3,1+1+3,0.0063199555030079135,0.1,correct
6895,5,EC1,1+1+3,1+1+3,5.17541302699941e-05,0.1,correct
6896,5,EC1,1+1+3,1+1+3,5.1631676323771036e-05,0.1,correct
6897,5,EC1,1+1+3,1+1+3,0.00020673192786796032,0.1,correct
6898,5,EC1,1+1+3,1+1+3,0.0002874906781097512,0.1,correct
6899,5,EC1,1+1+3,1+1+3,3.7218140738081544e-05,0.1,correct
6900,5,EC1,1+1+3,1+1+3,0.00018703296500886333,0.1,correct
6901,5,EC1,1+1+3,1+1+3,0.00015026117262954315,0.1,correct
6902,5,EC1,1+1+3,1+1+3,3.434312158204905e-05,0.1,correct
6903,5,EC1,1+1+3,1+1+3,3.059526107094647e-05,0.1,correct
6904,5,EC1,1+1+3,1+1+3,0.00023488971880438391,0.1,correct
6905,5,EC1,1+1+3,1+1+3,3.969848863624277e-05,0.1,correct
6906,5,EC1,1+1+3,1+1+3,2.0412986062796323e-05,0.1,correct
6907,5,EC1,1+1+3,1+1+3,0.0002611811248923026,0.1,correct
6908,5,EC1,1+1+3,1+1+3,3.300590856195653e-05,0.1,correct
6909,5,EC1,1+1+3,1+1+3,0.004949104535165935,0.1,correct
6910,5,EC1,1+1+3,1+1+3,4.379931506313636e-05,0.1,correct
6915,5,EC1,5R1,5R1,0.0030234535733164466,0.1,correct
6916,5,EC1,5R1,5R1,0.0022206340513465997,0.1,correct
6917,5,EC1,5R1,5R1,0.0021736024889569858,0.1,correct
6918,5,EC1,5R1,5R1,7.596709814128648e-06,0.1,correct
6919,5,EC1,5R1,5R1,4.5588814417580045e-05,0.1,correct
6920,5,EC1,5R1,5R1,8.576467804404673e-05,0.1,correct
6921,5,EC1,5R1,5R1,0.00017120978359895048,0.1,correct
6922,5,EC1,5R1,5R1,0.00016764551887837845,0.1,correct
6923,5,EC1,5R2,5R2,0.005703189000024452,0.1,correct
6924,5,EC1,5R2,5R2,0.0017231365326055876,0.1,correct
6925,5,EC1,5R2,5R2,0.0025609234857761672,0.1,correct
6926,5,EC1,5R2,5R2,0.002973970973294798,0.1,correct
6927,5,EC1,5R2,5R2,0.0026941922184580496,0.1,correct
6929,5,EC1,1+1+3,1+1+3,8.365901027383447e-05,0.1,correct
6930,5,EC1,1+1+3,1+1+3,8.083223366948005e-05,0.1,correct
6931,5,EC1,1+1+3,1+1+3,7.541120606380298e-05,0.1,correct
6932,5,EC1,1+1+3,1+1+3,3.131708798722991e-05,0.1,correct
6933,5,EC1,1+1+3,1+1+3,5.83654007096728e-05,0.1,correct
6934,5,EC1,1+1+3,1+1+3,6.0751543190282205e-05,0.1,correct
6935,5,EC1,1+1+3,1+1+3,2.6077384838227398e-05,0.1,correct
6936,5,EC1,1+1+3,1+1+3,0.00022887275941014151,0.1,correct
6937,5,EC1,1+1+3,1+1+3,2.045336158193439e-05,0.1,correct
6938,5,EC1,1+1+3,1+1+3,1.864912866595028e-05,0.1,correct
6939,5,EC1,1+1+3,1+1+3,8.300602387795514e-06,0.1,correct
6940,5,EC1,1+1+3,1+1+3,4.211187480987642e-05,0.1,correct
6941,5,EC1,1+1+3,1+1+3,5.1375675178050115e-05,0.1,correct
6942,5,EC1,1+1+3,1+1+3,0.00020362548956354146,0.1,correct
6943,5,EC1,1+1+3,1+1+3,7.77175012464899e-05,0.1,correct
6944,5,EC1,1+1+3,1+1+3,3.0092523988544316e-05,0.1,correct
6945,5,EC1,1+1+3,1+1+3,1.4434334068461863e-05,0.1,correct
6946,5,EC1,1+1+3,1+1+3,2.764868893817581e-05,0.1,correct
6948,5,EC1,1+1+3,1+1+3,0.003106530271862847,0.1,correct
6949,5,EC1,1+1+3,1+1+3,0.0002611260615104985,0.1,correct
6950,5,EC1,1+1+3,1+1+3,0.0035458369646671583,0.1,correct
6951,5,EC1,1+1+3,1+1+3,0.00042172396185184523,0.1,correct
6952,5,EC1,1+1+3,1+1+3,0.0049231665490820226,0.1,correct
6953,5,EC1,1+1+3,1+1+3,0.007684353961134273,0.1,correct
6954,5,EC1,1+1+3,1+1+3,0.0038558585982890916,0.1,correct
6955,5,EC1,1+1+3,1+1+3,0.0002985092460879674,0.1,correct
6956,5,EC1,1+1+3,1+1+3,0.004633994123863331,0.1,correct
6957,5,EC1,1+1+3,1+1+3,0.007287958747138987,0.1,correct
6958,5,EC1,1+1+3,1+1+3,0.0004002610772982844,0.1,correct
6959,5,EC1,1+1+3,1+1+3,0.00814777087122606,0.1,correct
6960,5,EC1,1+1+3,1+1+3,0.007087919560068371,0.1,correct
6963,5,EC1,1+1+3,1+1+3,5.26835837809313e-05,0.1,correct
6964,5,EC1,1+1+3,1+1+3,0.00021045457942272264,0.1,correct
6965,5,EC1,1+1+3,1+1+3,6.616902598646348e-05,0.1,correct
6966,5,EC1,1+1+3,1+1+3,0.0001034032881489108,0.1,correct
6967,5,EC1,1+1+3,1+1+3,0.00033035541466729427,0.1,correct
6968,5,EC1,1+1+3,1+1+3,8.433878111522681e-05,0.1,correct
6969,5,EC1,1+1+3,1+1+3,7.132243686245651e-05,0.1,correct
6970,5,EC1,1+1+3,1+1+3,2.3617578199271415e-05,0.1,correct
6971,5,EC1,1+1+3,1+1+3,6.611860555089452e-05,0.1,correct
6972,5,EC1,1+1+3,1+1+3,0.00016645825302456666,0.1,correct
6973,5,EC1,1+1+3,1+1+3,7.452831676617528e-05,0.1,correct
6974,5,EC1,1+1+3,1+1+3,0.0038408464002092062,0.1,correct
6975,5,EC1,1+1+3,1+1+3,0.005039957120849357,0.1,correct
6976,5,EC1,1+1+3,1+1+3,0.004862869640448903,0.1,correct
6977,5,EC1,1+1+3,1+1+3,0.010120527380527156,0.1,correct
6978,5,EC1,1+1+3,1+1+3,7.441263333603855e-05,0.1,correct
6979,5,EC1,1+1+3,1+1+3,0.0003555474792485438,0.1,correct
6980,5,EC1,1+1+3,1+1+3,0.006508305307835527,0.1,correct
6981,5,EC1,1+1+3,1+1+3,0.0005300506202241253,0.1,correct
6982,5,EC1,1+1+3,1+1+3,4.0064198481927164e-05,0.1,correct
6983,5,EC1,1+1+3,1+1+3,0.0012358855044056524,0.1,correct
6987,5,EC1,1+1+3,1+1+3,5.402166232172221e-05,0.1,correct
6988,5,EC1,1+1+3,1+1+3,4.2439604145158805e-05,0.1,correct
6989,5,EC1,1+1+3,1+1+3,9.930876094280134e-05,0.1,correct
6990,5,EC1,1+1+3,1+1+3,0.0048143207070156955,0.1,correct
6991,5,EC1,1+1+3,1+1+3,0.004471061852625192,0.1,correct
6992,5,EC1,1+1+3,1+1+3,0.00015255933272009936,0.1,correct
7001,5,EC1,5R2,5R2,0.0001850105672657626,0.1,correct
7002,5,EC1,5R2,5R2,4.7906262638596653e-05,0.1,correct
7003,5,EC1,5R2,5R2,0.000227191813232784,0.1,correct
7004,5,EC1,5R2,5R2,0.0002534572153244027,0.1,correct
7005,5,EC1,5R2,5R2,4.103193877943754e-05,0.1,correct
7006,5,EC1,5R2,5R2,0.00017400499992815843,0.1,correct
7007,5,EC1,5R2,5R2,0.00025560183880403344,0.1,correct
7008,5,EC1,1+1+3,1+1+3,0.00013288890096617296,0.1,correct
7009,5,EC1,1+1+3,1+1+3,5.402166232169225e-05,0.1,correct
7010,5,EC1,1+1+3,1+1+3,0.001009888439383304,0.1,correct
7011,5,EC1,1+1+3,1+1+3,0.01157402386121611,0.1,correct
7012,5,EC1,1+1+3,1+1+3,0.006877724915987818,0.1,correct
7013,5,EC1,1+1+3,1+1+3,1.8699465233000004e-05,0.1,correct
7014,5,EC1,1+1+3,1+1+3,1.876512723115022e-05,0.1,correct
7015,5,EC1,1+1+3,1+1+3,2.9776332883665058e-05,0.1,correct
7016,5,EC1,1+1+3,1+1+3,6.682492050126059e-05,0.1,correct
7018,5,EC1,1+1+3,1+1+3,5.264627242263049e-05,0.1,correct
7020,5,EC1,1+1+3,1+1+3,6.525526798656135e-05,0.1,correct
7021,5,EC1,1+1+3,1+1+3,0.00011881515054909207,0.1,correct
7022,5,EC1,1+1+3,1+1+3,8.90913014834115e-05,0.1,correct
7023,5,EC1,1+1+3,1+1+3,0.00010614268698313149,0.1,correct
7024,5,EC1,1+1+3,1+1+3,8.725583075072822e-05,0.1,correct
7026,5,EC1,5R2,5R2,0.0002580870008349747,0.1,correct
7027,5,EC1,5R2,5R2,0.006180058203609423,0.1,correct
7028,5,EC1,5R2,5R2,0.00029617000185704214,0.1,correct
7029,5,EC1,1+1+3,1+1+3,0.009418822421088553,0.1,correct
7030,5,EC1,1+1+3,1+1+3,0.009663427416294876,0.1,correct
7031,5,EC1,1+1+3,1+1+3,0.006457690388211575,0.1,correct
7032,5,EC1,1+1+3,1+1+3,0.0031590809074792856,0.1,correct
7033,5,EC1,1+1+3,1+1+3,0.0001931765254889691,0.1,correct
7034,5,EC1,1+1+3,1+1+3,0.00016801815378105983,0.1,correct
7035,5,EC1,1+1+3,1+1+3,0.00011297990971847947,0.1,correct
7036,5,EC1,1+1+3,1+1+3,8.561133102574717e-05,0.1,correct
7037,5,EC1,1+1+3,1+1+3,0.00011238549728503661,0.1,correct
7038,5,EC1,1+1+3,1+1+3,8.033343015204439e-05,0.1,correct
7039,5,EC1,1+1+3,1+1+3,0.00014765899904852956,0.1,correct
7043,5,EC1,1+1+3,1+1+3,3.9073776372396395e-05,0.1,correct
7044,5,EC1,1+1+3,1+1+3,0.0030606116349514378,0.1,correct
7045,5,EC1,5R2,5R2,0.003016694651435568,0.1,correct
7046,5,EC1,1+1+3,1+1+3,0.00017450415467830065,0.1,correct
7047,5,EC1,1+1+3,1+1+3,6.75772890844383e-05,0.1,correct
7048,5,EC1,1+1+3,1+1+3,0.00019818054899509507,0.1,correct
7049,5,EC1,1+1+3,1+1+3,0.0004987735257609382,0.1,correct
7050,5,EC1,1+1+3,1+1+3,0.005258600116000448,0.1,correct
7051,5,EC1,1+1+3,1+1+3,0.00020324037492582884,0.1,correct
7052,5,EC1,1+1+3,1+1+3,0.00019060445954907832,0.1,correct
7053,5,EC1,1+1+3,1+1+3,0.005886908443317252,0.1,correct
7054,5,EC1,1+1+3,1+1+3,1.0744766167778066e-05,0.1,correct
7055,5,EC1,1+1+3,1+1+3,5.561456643719539e-05,0.1,correct
7056,5,EC1,1+1+3,1+1+3,0.00010063856119799883,0.1,correct
7057,5,EC1,1+1+3,1+1+3,1.7350504315398485e-05,0.1,correct
7058,5,EC1,1+1+3,1+1+3,0.0001148283937011791,0.1,correct
7059,5,EC1,1+1+3,1+1+3,0.000923395424506734,0.1,correct
7060,5,EC1,1+1+3,1+1+3,0.0005259744195300979,0.1,correct
7061,5,EC1,1+1+3,1+1+3,0.0004491683760017178,0.1,correct
7062,5,EC1,5R1,5R1,2.4446267608783348e-05,0.1,correct
7063,5,EC1,5R1,5R1,2.8318015467190207e-05,0.1,correct
7064,5,EC1,5R1,5R1,0.00013381584360605756,0.1,correct
7065,5,EC1,5R2,5R2,0.0006448471369247255,0.1,correct
7066,5,EC1,5R2,5R2,0.000795644908234829,0.1,correct
7067,5,EC1,5R2,5R2,0.0021837782167610296,0.1,correct
7068,5,EC1,5R1,5R1,0.00013999224978547672,0.1,correct
7069,5,EC1,5R1,5R1,0.0017690229534972125,0.1,correct
7070,5,EC1,5R1,5R1,0.002964395005730512,0.1,correct
7071,5,EC1,5R1,5R1,0.0001268924347626722,0.1,correct
7072,5,EC1,5R1,5R1,0.0007267477003747573,0.1,correct
7073,5,EC1,5R2,5R2,0.003014739665377434,0.1,correct
7074,5,EC1,5R2,5R2,0.0005109595776575592,0.1,correct
7075,5,EC1,1+1+3,1+1+3,7.30220514639116e-05,0.1,correct
7076,5,EC1,1+1+3,1+1+3,8.080160889486317e-05,0.1,correct
7077,5,EC1,1+1+3,1+1+3,0.00021769377574935855,0.1,correct
7078,5,EC1,1+1+3,1+1+3,0.004440738293347192,0.1,correct
7079,5,EC1,1+1+3,1+1+3,0.0006881307288590187,0.1,correct
7080,5,EC1,1+1+3,1+1+3,0.00038528803511139525,0.1,correct
7082,5,EC1,1+1+3,1+1+3,0.0002832166485219578,0.1,correct
7083,5,EC1,1+1+3,1+1+3,0.0003924969936190541,0.1,correct
7084,5,EC1,1+1+3,1+1+3,0.00021109246789028009,0.1,correct
7085,5,EC1,1+1+3,1+1+3,0.003353589488890965,0.1,correct
7087,5,EC1,1+1+3,1+1+3,0.0048075684644111084,0.1,correct
7088,5,EC1,1+1+3,1+1+3,0.00032872204063614694,0.1,correct
7089,5,EC1,1+1+3,1+1+3,0.00010532022597774238,0.1,correct
7090,5,EC1,1+1+3,1+1+3,0.0002491000200722777,0.1,correct
7091,5,EC1,1+1+3,1+1+3,0.004222717735061141,0.1,correct
7092,5,EC1,1+1+3,1+1+3,0.006642532367252696,0.1,correct
7093,5,EC1,1+1+3,1+1+3,0.0031642734553132545,0.1,correct
7094,5,EC1,1+1+3,1+1+3,9.325572368491417e-05,0.1,correct
7095,5,EC1,1+1+3,1+1+3,0.0007123459903726448,0.1,correct
7102,5,EC1,5R1,5R1,3.4111874765248274e-05,0.1,correct
7103,5,EC1,5R1,5R1,4.64367311511095e-05,0.1,correct
7104,5,EC1,5R1,5R1,0.0002377369554781003,0.1,correct
7105,5,EC1,5R1,5R1,6.836080748499151e-05,0.1,correct
7106,5,EC1,5R1,5R1,0.00022030326824630089,0.1,correct
7107,5,EC1,5R1,5R1,0.0017888419186725337,0.1,correct
7108,5,EC1,5R1,5R1,0.0001418234465805898,0.1,correct
7109,5,EC1,5R2,5R2,0.003229258687377031,0.1,correct
7110,5,EC1,5R2,5R2,0.004257985831352654,0.1,correct
7111,5,EC1,5R2,5R2,0.004818246857519861,0.1,correct
7112,5,EC1,5R2,5R2,0.004566335369856234,0.1,correct
7113,5,EC1,5R2,5R2,0.004574679528666454,0.1,correct
7114,5,EC1,5R2,5R2,0.0006430869459101185,0.1,correct
7115,5,EC1,5R2,5R2,0.0047496395357963725,0.1,correct
7116,5,EC1,5R2,5R2,0.0031132899431308932,0.1,correct
7117,5,EC1,5R2,5R2,0.0004368826844817692,0.1,correct
7118,5,EC1,5R2,5R2,0.00033980142730718896,0.1,correct
7119,5,EC1,5R2,5R2,0.00028867041760456333,0.1,correct
7120,5,EC1,5R2,5R2,0.0005586951852307237,0.1,correct
7121,5,EC1,5R2,5R2,0.00047580864851324114,0.1,correct
7122,5,EC1,5R2,5R2,0.0001647064965324716,0.1,correct
7123,5,EC1,5R2,5R2,0.0002936044788486494,0.1,correct
7124,5,EC1,1+1+3,1+1+3,0.005447552810207516,0.1,correct
7125,5,EC1,1+1+3,1+1+3,0.009859028829453755,0.1,correct
7126,5,EC1,1+1+3,1+1+3,0.005310340103044282,0.1,correct
7127,5,EC1,1+1+3,1+1+3,0.009565821273157905,0.1,correct
7128,5,EC1,1+1+3,1+1+3,0.009301548676430193,0.1,correct
7129,5,EC1,1+1+3,1+1+3,0.007813132535673511,0.1,correct
7130,5,EC1,1+1+3,1+1+3,0.012561832956619048,0.1,correct
7131,5,EC1,1+1+3,1+1+3,0.006438794142539432,0.1,correct
7132,5,EC1,1+1+3,1+1+3,0.007023686630965264,0.1,correct
7133,5,EC1,1+1+3,1+1+3,0.0023497012129204873,0.1,correct
7134,5,EC1,1+1+3,1+1+3,0.005343381472438594,0.1,correct
7135,5,EC1,1+1+3,1+1+3,0.0043419401711677205,0.1,correct
7136,5,EC1,1+1+3,1+1+3,0.014031201065482614,0.1,correct
7138,5,EC1,1+1+3,1+1+3,0.013578780935341749,0.1,correct
7139,5,EC1,1+1+3,1+1+3,0.007532061249750956,0.1,correct
7140,5,EC1,1+1+3,1+1+3,0.010914885987494316,0.1,correct
7141,5,EC1,1+1+3,1+1+3,0.007813132535673511,0.1,correct
7142,5,EC1,1+1+3,1+1+3,0.0062753130886036125,0.1,correct
7143,5,EC1,1+1+3,1+1+3,0.00941754833701428,0.1,correct
7144,5,EC1,1+1+3,1+1+3,0.009385257973545523,0.1,correct
7146,5,EC1,1+1+3,1+1+3,0.005157810534519449,0.1,correct
7147,5,EC1,1+1+3,1+1+3,2.5449165015763074e-05,0.1,correct
7148,5,EC1,1+1+3,1+1+3,0.02785713368672377,0.1,correct
7149,5,EC1,1+1+3,1+1+3,0.002857074319999377,0.1,correct
7150,5,EC1,1+1+3,1+1+3,7.317772885238446e-05,0.1,correct
7151,5,EC1,1+1+3,1+1+3,0.004620771410706209,0.1,correct
7152,5,EC1,1+1+3,1+1+3,0.0034479805451887295,0.1,correct
7153,5,EC1,1+1+3,1+1+3,6.427122217601253e-05,0.1,correct
7154,5,EC1,1+1+3,1+1+3,0.0014672825597000679,0.1,correct
7155,5,EC1,1+1+3,1+1+3,0.0002874906781097512,0.1,correct
7156,5,EC1,1+1+3,1+1+3,3.7218140738081544e-05,0.1,correct
7157,5,EC1,1+1+3,1+1+3,0.00018703296500886333,0.1,correct
7158,5,EC1,1+1+3,1+1+3,0.00015026117262954315,0.1,correct
7159,5,EC1,1+1+3,1+1+3,7.699357116019345e-05,0.1,correct
7160,5,EC1,1+1+3,1+1+3,0.005258600116000448,0.1,correct
7162,5,EC1,1+1+3,1+1+3,0.0019446691878054934,0.1,correct
7163,5,EC1,1+1+3,1+1+3,3.5549824190843545e-05,0.1,correct
7164,5,EC1,1+1+3,1+1+3,2.0913870995098702e-05,0.1,correct
7165,5,EC1,1+1+3,1+1+3,0.00401048856749401,0.1,correct
7166,5,EC1,1+1+3,1+1+3,3.750266657187482e-05,0.1,correct
7167,5,EC1,1+1+3,1+1+3,7.763929417506948e-05,0.1,correct
7168,5,EC1,1+1+3,1+1+3,3.558735730564117e-05,0.1,correct
7169,5,EC1,1+1+3,1+1+3,9.76847992269141e-05,0.1,correct
7170,5,EC1,1+1+3,1+1+3,4.3693706640661916e-05,0.1,correct
7171,5,EC1,1+1+3,1+1+3,0.008723972943561894,0.1,correct
7172,5,EC1,1+1+3,1+1+3,5.17541302699941e-05,0.1,correct
7173,5,EC1,1+1+3,1+1+3,5.1631676323771036e-05,0.1,correct
7174,5,EC1,1+1+3,1+1+3,0.00020673192786796032,0.1,correct
7175,5,EC1,1+1+3,1+1+3,3.434312158204905e-05,0.1,correct
7176,5,EC1,1+1+3,1+1+3,3.059526107094647e-05,0.1,correct
7177,5,EC1,1+1+3,1+1+3,0.00023488971880438391,0.1,correct
7178,5,EC1,1+1+3,1+1+3,3.969848863624277e-05,0.1,correct
7179,5,EC1,1+1+3,1+1+3,2.0412986062796323e-05,0.1,correct
7180,5,EC1,1+1+3,1+1+3,0.0002611811248923026,0.1,correct
7181,5,EC1,1+1+3,1+1+3,3.300590856195653e-05,0.1,correct
7182,5,EC1,1+1+3,1+1+3,0.010984491836220746,0.1,correct
7183,5,EC1,1+1+3,1+1+3,4.379931506313636e-05,0.1,correct
7188,5,EC1,5R2,5R2,0.0047522558559067365,0.1,correct
7189,5,EC1,5R2,5R2,0.0017231365326055876,0.1,correct
7190,5,EC1,5R2,5R2,0.0025609234857761672,0.1,correct
7191,5,EC1,5R2,5R2,0.002973970973294798,0.1,correct
7192,5,EC1,5R2,5R2,0.0029887740396356485,0.1,correct
7193,5,EC1,5R1,5R1,0.0015501397517643444,0.1,correct
7194,5,EC1,5R1,5R1,0.002371716806450553,0.1,correct
7195,5,EC1,5R1,5R1,0.0015227544450764218,0.1,correct
7196,5,EC1,5R1,5R1,7.596709814128648e-06,0.1,correct
7197,5,EC1,5R1,5R1,4.5588814417580045e-05,0.1,correct
7198,5,EC1,5R1,5R1,8.576467804404673e-05,0.1,correct
7199,5,EC1,5R1,5R1,0.00017120978359895048,0.1,correct
7200,5,EC1,5R1,5R1,0.00016764551887837845,0.1,correct
7201,5,EC1,1+1+3,1+1+3,0.003513873220535961,0.1,correct
7202,5,EC1,1+1+3,1+1+3,0.003106530271862847,0.1,correct
7203,5,EC1,1+1+3,1+1+3,0.0002611260615104985,0.1,correct
7204,5,EC1,1+1+3,1+1+3,0.00042172396185184523,0.1,correct
7205,5,EC1,1+1+3,1+1+3,0.004633994123863331,0.1,correct
7206,5,EC1,1+1+3,1+1+3,0.011171165421297806,0.1,correct
7207,5,EC1,1+1+3,1+1+3,0.0004002610772982844,0.1,correct
7208,5,EC1,1+1+3,1+1+3,0.009556732578658887,0.1,correct
7209,5,EC1,1+1+3,1+1+3,0.008975277766732343,0.1,correct
7210,5,EC1,1+1+3,1+1+3,0.00020362548956354146,0.1,correct
7211,5,EC1,1+1+3,1+1+3,7.77175012464899e-05,0.1,correct
7212,5,EC1,1+1+3,1+1+3,3.0092523988544316e-05,0.1,correct
7213,5,EC1,1+1+3,1+1+3,1.4434334068461863e-05,0.1,correct
7214,5,EC1,1+1+3,1+1+3,2.764868893817581e-05,0.1,correct
7218,5,EC1,1+1+3,1+1+3,0.0035458369646671583,0.1,correct
7219,5,EC1,1+1+3,1+1+3,0.004637938738275874,0.1,correct
7220,5,EC1,1+1+3,1+1+3,0.0002985092460879674,0.1,correct
7222,5,EC1,1+1+3,1+1+3,8.365901027383447e-05,0.1,correct
7223,5,EC1,1+1+3,1+1+3,8.083223366948005e-05,0.1,correct
7224,5,EC1,1+1+3,1+1+3,7.541120606380298e-05,0.1,correct
7225,5,EC1,1+1+3,1+1+3,3.131708798722991e-05,0.1,correct
7226,5,EC1,1+1+3,1+1+3,5.83654007096728e-05,0.1,correct
7227,5,EC1,1+1+3,1+1+3,6.0751543190282205e-05,0.1,correct
7228,5,EC1,1+1+3,1+1+3,2.6077384838227398e-05,0.1,correct
7229,5,EC1,1+1+3,1+1+3,0.00022887275941014151,0.1,correct
7230,5,EC1,1+1+3,1+1+3,2.045336158193439e-05,0.1,correct
7231,5,EC1,1+1+3,1+1+3,1.864912866595028e-05,0.1,correct
7232,5,EC1,1+1+3,1+1+3,8.300602387795514e-06,0.1,correct
7233,5,EC1,1+1+3,1+1+3,4.211187480987642e-05,0.1,correct
7234,5,EC1,1+1+3,1+1+3,5.1375675178050115e-05,0.1,correct
7235,5,EC1,1+1+3,1+1+3,5.26835837809313e-05,0.1,correct
7236,5,EC1,1+1+3,1+1+3,0.00021045457942272264,0.1,correct
7237,5,EC1,1+1+3,1+1+3,6.616902598646348e-05,0.1,correct
7238,5,EC1,1+1+3,1+1+3,0.0001034032881489108,0.1,correct
7239,5,EC1,1+1+3,1+1+3,0.00033035541466729427,0.1,correct
7240,5,EC1,1+1+3,1+1+3,8.433878111522681e-05,0.1,correct
7241,5,EC1,1+1+3,1+1+3,7.441263333603855e-05,0.1,correct
7242,5,EC1,1+1+3,1+1+3,0.0003555474792485438,0.1,correct
7244,5,EC1,1+1+3,1+1+3,2.3617578199271415e-05,0.1,correct
7245,5,EC1,1+1+3,1+1+3,7.452831676617528e-05,0.1,correct
7246,5,EC1,1+1+3,1+1+3,0.004387129734803806,0.1,correct
7247,5,EC1,1+1+3,1+1+3,0.00925403536842175,0.1,correct
7248,5,EC1,1+1+3,1+1+3,0.005964889708117001,0.1,correct
7250,5,EC1,1+1+3,1+1+3,7.132243686245651e-05,0.1,correct
7251,5,EC1,1+1+3,1+1+3,6.611860555089452e-05,0.1,correct
7252,5,EC1,1+1+3,1+1+3,0.00016645825302456666,0.1,correct
7256,5,EC1,1+1+3,1+1+3,0.0005300506202241253,0.1,correct
7257,5,EC1,1+1+3,1+1+3,4.0064198481927164e-05,0.1,correct
7258,5,EC1,1+1+3,1+1+3,0.0012358855044056524,0.1,correct
7259,5,EC1,1+1+3,1+1+3,0.003701482363864534,0.1,correct
7260,5,EC1,1+1+3,1+1+3,0.00015255933272009936,0.1,correct
7263,5,EC1,1+1+3,1+1+3,0.005813341600147029,0.1,correct
7264,5,EC1,1+1+3,1+1+3,0.005274692094331171,0.1,correct
7265,5,EC1,1+1+3,1+1+3,0.0048143207070156955,0.1,correct
7266,5,EC1,1+1+3,1+1+3,5.402166232172221e-05,0.1,correct
7267,5,EC1,1+1+3,1+1+3,4.2439604145158805e-05,0.1,correct
7268,5,EC1,1+1+3,1+1+3,9.930876094280134e-05,0.1,correct
7275,5,EC1,5R2,5R2,0.0001850105672657626,0.1,correct
7276,5,EC1,5R2,5R2,4.7906262638596653e-05,0.1,correct
7277,5,EC1,5R2,5R2,0.000227191813232784,0.1,correct
7278,5,EC1,5R2,5R2,0.0002534572153244027,0.1,correct
7279,5,EC1,5R2,5R2,4.103193877943754e-05,0.1,correct
7280,5,EC1,5R2,5R2,0.00017400499992815843,0.1,correct
7281,5,EC1,5R2,5R2,0.00025560183880403344,0.1,correct
7282,5,EC1,1+1+3,1+1+3,0.00013288890096617296,0.1,correct
7283,5,EC1,1+1+3,1+1+3,5.402166232169225e-05,0.1,correct
7284,5,EC1,1+1+3,1+1+3,0.001009888439383304,0.1,correct
7286,5,EC1,5R2,5R2,0.003016694651435568,0.1,correct
7287,5,EC1,5R2,5R2,0.00029617000185704214,0.1,correct
7288,5,EC1,1+1+3,1+1+3,0.00491750820233174,0.1,correct
7289,5,EC1,1+1+3,1+1+3,0.009418822421088553,0.1,correct
7290,5,EC1,1+1+3,1+1+3,0.008080466064528682,0.1,correct
7291,5,EC1,1+1+3,1+1+3,0.007405906421904107,0.1,correct
7292,5,EC1,1+1+3,1+1+3,0.0031590809074792856,0.1,correct
7293,5,EC1,1+1+3,1+1+3,0.006781579255601176,0.1,correct
7294,5,EC1,1+1+3,1+1+3,0.0001931765254889691,0.1,correct
7295,5,EC1,1+1+3,1+1+3,0.00016801815378105983,0.1,correct
7296,5,EC1,1+1+3,1+1+3,0.00011297990971847947,0.1,correct
7297,5,EC1,1+1+3,1+1+3,8.561133102574717e-05,0.1,correct
7298,5,EC1,1+1+3,1+1+3,0.00011238549728503661,0.1,correct
7299,5,EC1,1+1+3,1+1+3,8.033343015204439e-05,0.1,correct
7300,5,EC1,1+1+3,1+1+3,0.00014765899904852956,0.1,correct
7303,5,EC1,1+1+3,1+1+3,3.9073776372396395e-05,0.1,correct
7304,5,EC1,1+1+3,1+1+3,0.0019957165254614615,0.1,correct
7305,5,EC1,1+1+3,1+1+3,8.725583075072822e-05,0.1,correct
7307,5,EC1,5R2,5R2,0.0002580870008349747,0.1,correct
7308,5,EC1,5R2,5R2,0.006180058203609423,0.1,correct
7309,5,EC1,1+1+3,1+1+3,1.8699465233000004e-05,0.1,correct
7310,5,EC1,1+1+3,1+1+3,1.876512723115022e-05,0.1,correct
7311,5,EC1,1+1+3,1+1+3,2.9776332883665058e-05,0.1,correct
7312,5,EC1,1+1+3,1+1+3,6.682492050126059e-05,0.1,correct
7313,5,EC1,1+1+3,1+1+3,5.264627242263049e-05,0.1,correct
7314,5,EC1,1+1+3,1+1+3,0.005157810534519449,0.1,correct
7315,5,EC1,1+1+3,1+1+3,6.525526798656135e-05,0.1,correct
7316,5,EC1,1+1+3,1+1+3,0.00011881515054909207,0.1,correct
7317,5,EC1,1+1+3,1+1+3,8.90913014834115e-05,0.1,correct
7318,5,EC1,1+1+3,1+1+3,0.00010614268698313149,0.1,correct
7319,5,EC1,1+1+3,1+1+3,0.00017450415467830065,0.1,correct
7320,5,EC1,1+1+3,1+1+3,6.75772890844383e-05,0.1,correct
7321,5,EC1,1+1+3,1+1+3,0.00019818054899509507,0.1,correct
7322,5,EC1,1+1+3,1+1+3,0.0004987735257609382,0.1,correct
7323,5,EC1,1+1+3,1+1+3,0.008217775483669542,0.1,correct
7324,5,EC1,1+1+3,1+1+3,0.00020324037492582884,0.1,correct
7325,5,EC1,1+1+3,1+1+3,0.00019060445954907832,0.1,correct
7326,5,EC1,1+1+3,1+1+3,0.0159336096221164,0.1,correct
7327,5,EC1,1+1+3,1+1+3,1.0744766167778066e-05,0.1,correct
7328,5,EC1,1+1+3,1+1+3,0.000923395424506734,0.1,correct
7329,5,EC1,1+1+3,1+1+3,0.0005259744195300979,0.1,correct
7330,5,EC1,1+1+3,1+1+3,0.0004491683760017178,0.1,correct
7331,5,EC1,1+1+3,1+1+3,5.561456643719539e-05,0.1,correct
7332,5,EC1,1+1+3,1+1+3,0.00010063856119799883,0.1,correct
7333,5,EC1,1+1+3,1+1+3,1.7350504315398485e-05,0.1,correct
7334,5,EC1,1+1+3,1+1+3,0.0001148283937011791,0.1,correct
7335,5,EC1,5R1,5R1,2.4446267608783348e-05,0.1,correct
7336,5,EC1,5R1,5R1,2.8318015467190207e-05,0.1,correct
7337,5,EC1,5R1,5R1,0.00013381584360605756,0.1,correct
7338,5,EC1,5R2,5R2,0.0006448471369247255,0.1,correct
7339,5,EC1,5R2,5R2,0.000795644908234829,0.1,correct
7340,5,EC1,5R2,5R2,0.002995696563405585,0.1,correct
7341,5,EC1,5R2,5R2,0.003361288031395093,0.1,correct
7342,5,EC1,5R2,5R2,0.0005109595776575592,0.1,correct
7343,5,EC1,5R1,5R1,0.00013999224978547672,0.1,correct
7344,5,EC1,5R1,5R1,0.0016458796736092153,0.1,correct
7345,5,EC1,5R1,5R1,0.002964395005730512,0.1,correct
7346,5,EC1,5R1,5R1,0.0001268924347626722,0.1,correct
7347,5,EC1,5R1,5R1,0.0007267477003747573,0.1,correct
7348,5,EC1,1+1+3,1+1+3,0.003353589488890965,0.1,correct
7349,5,EC1,1+1+3,1+1+3,0.004833861762607631,0.1,correct
7350,5,EC1,1+1+3,1+1+3,0.0048075684644111084,0.1,correct
7351,5,EC1,1+1+3,1+1+3,0.00032872204063614694,0.1,correct
7352,5,EC1,1+1+3,1+1+3,0.00010532022597774238,0.1,correct
7353,5,EC1,1+1+3,1+1+3,0.0002491000200722777,0.1,correct
7354,5,EC1,1+1+3,1+1+3,0.0045509811898095075,0.1,correct
7355,5,EC1,1+1+3,1+1+3,0.0032993759849401783,0.1,correct
7356,5,EC1,1+1+3,1+1+3,0.0031642734553132545,0.1,correct
7357,5,EC1,1+1+3,1+1+3,9.325572368491417e-05,0.1,correct
7358,5,EC1,1+1+3,1+1+3,0.0007123459903726448,0.1,correct
7359,5,EC1,1+1+3,1+1+3,0.009990157174939772,0.1,correct
7360,5,EC1,1+1+3,1+1+3,0.0002832166485219578,0.1,correct
7361,5,EC1,1+1+3,1+1+3,0.0003924969936190541,0.1,correct
7362,5,EC1,1+1+3,1+1+3,0.00021109246789028009,0.1,correct
7363,5,EC1,1+1+3,1+1+3,7.30220514639116e-05,0.1,correct
7364,5,EC1,1+1+3,1+1+3,8.080160889486317e-05,0.1,correct
7365,5,EC1,1+1+3,1+1+3,0.00021769377574935855,0.1,correct
7366,5,EC1,1+1+3,1+1+3,0.004440738293347192,0.1,correct
7367,5,EC1,1+1+3,1+1+3,0.0006881307288590187,0.1,correct
7368,5,EC1,1+1+3,1+1+3,0.00038528803511139525,0.1,correct
7373,5,EC1,1+1+3,1+1+3,0.010391266992046717,0.1,correct
7374,5,EC1,1+1+3,1+1+3,0.013129811604893647,0.1,correct
7377,5,EC1,1+1+3,1+1+3,0.006076216504536378,0.1,correct
7378,5,EC1,1+1+3,1+1+3,0.021311856376909067,0.1,correct
7383,5,EC1,5R2,5R2,0.003229258687377031,0.1,correct
7384,5,EC1,5R2,5R2,0.004257985831352654,0.1,correct
7386,5,EC1,5R2,5R2,0.004566335369856234,0.1,correct
7387,5,EC1,5R2,5R2,0.004574679528666454,0.1,correct
7388,5,EC1,5R2,5R2,0.0006430869459101185,0.1,correct
7389,5,EC1,5R2,5R2,0.0061815427435228465,0.1,correct
7390,5,EC1,5R2,5R2,0.0028647402622227385,0.1,correct
7391,5,EC1,5R2,5R2,0.0004368826844817692,0.1,correct
7392,5,EC1,5R2,5R2,0.00033980142730718896,0.1,correct
7393,5,EC1,5R2,5R2,0.00028867041760456333,0.1,correct
7394,5,EC1,5R2,5R2,0.0005586951852307237,0.1,correct
7395,5,EC1,5R2,5R2,0.00047580864851324114,0.1,correct
7396,5,EC1,5R2,5R2,0.0001647064965324716,0.1,correct
7397,5,EC1,5R2,5R2,0.0002936044788486494,0.1,correct
7398,5,EC1,5R1,5R1,3.4111874765248274e-05,0.1,correct
7399,5,EC1,5R1,5R1,4.64367311511095e-05,0.1,correct
7400,5,EC1,5R1,5R1,0.0002377369554781003,0.1,correct
7401,5,EC1,5R1,5R1,6.836080748499151e-05,0.1,correct
7402,5,EC1,5R1,5R1,0.00022030326824630089,0.1,correct
7404,5,EC1,5R1,5R1,0.0001418234465805898,0.1,correct
7405,5,EC1,1+1+3,1+1+3,0.009961500221854089,0.1,correct
7406,5,EC1,1+1+3,1+1+3,0.006777609544669845,0.1,correct
7407,5,EC1,1+1+3,1+1+3,0.010744588388114226,0.1,correct
7408,5,EC1,1+1+3,1+1+3,0.007522212885182091,0.1,correct
7409,5,EC1,1+1+3,1+1+3,0.01204328116669211,0.1,correct
7410,5,EC1,1+1+3,1+1+3,0.011647040483315918,0.1,correct
7411,5,EC1,1+1+3,1+1+3,0.003925900466135113,0.1,correct
7412,5,EC1,1+1+3,1+1+3,0.007569026395118481,0.1,correct
7413,5,EC1,1+1+3,1+1+3,0.007248370949392692,0.1,correct
7414,5,EC1,1+1+3,1+1+3,0.008948667933832385,0.1,correct
7415,5,EC1,1+1+3,1+1+3,0.005704308090382204,0.1,correct
7416,5,EC1,1+1+3,1+1+3,0.007303165314437291,0.1,correct
7417,5,EC1,1+1+3,1+1+3,0.009897606756181019,0.1,correct
7418,5,EC1,2+3,2+3,0.028691869802785604,0.1,correct
7419,5,EC1,2+3,2+3,0.02057925789624107,0.1,correct
7420,5,EC1,2+3,2+3,0.012882462821603633,0.1,correct
7421,5,EC1,2+3,2+3,0.012882462821603633,0.1,correct
7422,5,EC1,2+3,2+3,0.04830809198954146,0.1,correct
7423,5,EC1,2+3,2+3,0.011406198510020787,0.1,correct
7424,5,EC1,2+3,2+3,0.030672713425779582,0.1,correct
7428,5,EC1,5R1,5R1,0.00015329536848841975,0.1,correct
7429,5,EC1,5R1,5R1,2.631026415679041e-05,0.1,correct
7430,5,EC1,5R1,5R1,2.041249617268568e-05,0.1,correct
7431,5,EC1,5R1,5R1,1.9616574624536654e-05,0.1,correct
7432,5,EC1,5R1,5R1,2.0454583838358157e-05,0.1,correct
7433,5,EC1,5R1,5R1,1.5852760012063994e-05,0.1,correct
7434,5,EC1,5R1,5R1,2.341730129626168e-05,0.1,correct
7435,5,EC1,5R1,5R1,1.18088949525309e-05,0.1,correct
7436,5,EC1,5R1,5R1,5.1548326839961733e-05,0.1,correct
7437,5,EC1,5R1,5R1,3.911674833111497e-05,0.1,correct
7438,5,EC1,5R1,5R1,0.002809018317847002,0.1,correct
7439,5,EC1,5R1,5R1,0.0046377983720726716,0.1,correct
7440,5,EC1,5R1,5R1,0.00022131050585093238,0.1,correct
7441,5,EC1,5R1,5R1,2.631045419600531e-05,0.1,correct
7442,5,EC1,5R1,5R1,3.914370958403371e-05,0.1,correct
7443,5,EC1,5R1,5R1,3.993056473430656e-05,0.1,correct
7444,5,EC1,5R1,5R1,0.00012555660078227641,0.1,correct
7445,5,EC1,5R1,5R1,8.30000000000275e-06,0.1,correct
7446,5,EC1,5R1,5R1,0.0010791540297844413,0.1,correct
7447,5,EC1,5R1,5R1,2.5033377718570162e-05,0.1,correct
7448,5,EC1,5R1,5R1,0.0001500000666666492,0.1,correct
7449,5,EC1,5R1,5R1,0.00028390729120612575,0.1,correct
7450,5,EC1,5R1,5R1,3.6293663358773144e-05,0.1,correct
7451,5,EC1,5R1,5R1,1.4434334068469747e-05,0.1,correct
7452,5,EC1,5R1,5R1,0.0006711632066792643,0.1,correct
7453,5,EC1,5R1,5R1,0.002686173283688148,0.1,correct
7454,5,EC1,5R1,5R1,1.767766952966386e-05,0.1,correct
7455,5,EC1,5R1,5R1,0.0004518804045319891,0.1,correct
7456,5,EC1,1+1+3,1+1+3,0.016493704439573303,0.1,correct
7457,5,EC1,1+1+3,1+1+3,0.007953960052074676,0.1,correct
7458,5,EC1,1+1+3,1+1+3,0.006984520941338762,0.1,correct
7459,5,EC1,1+1+3,1+1+3,0.004523787057322667,0.1,correct
7460,5,EC1,1+1+3,1+1+3,0.006105380232221393,0.1,correct
7461,5,EC1,1+1+3,1+1+3,0.007953960052074676,0.1,correct
7462,5,EC1,1+1+3,1+1+3,0.008923277866344857,0.1,correct
7463,5,EC1,1+1+3,1+1+3,0.004682671068952004,0.1,correct
7464,5,EC1,1+1+3,1+1+3,0.005890590145308016,0.1,correct
7465,5,EC1,1+1+3,1+1+3,0.006722353416029234,0.1,correct
7466,5,EC1,1+1+3,1+1+3,0.007042422781969277,0.1,correct
7469,5,EC1,5R1,5R1,0.0002919570173843979,0.1,correct
7470,5,EC1,5R1,5R1,0.00028366746376699614,0.1,correct
7471,5,EC1,5R1,5R1,0.0004499999999999921,0.1,correct
7472,5,EC1,5R1,5R1,1.4318868670397457e-05,0.1,correct
7473,5,EC1,5R1,5R1,0.002888138770904201,0.1,correct
7474,5,EC1,5R1,5R1,0.00022996377975672828,0.1,correct
7475,5,EC1,5R1,5R1,0.00034381519745351624,0.1,correct
7476,5,EC1,5R1,5R1,0.001006623623803856,0.1,correct
7477,5,EC1,5R1,5R1,0.0003711820846969893,0.1,correct
7478,5,EC1,5R1,5R1,0.00027299558604490206,0.1,correct
7479,5,EC1,5R1,5R1,2.7709023800922643e-05,0.1,correct
7480,5,EC1,5R1,5R1,0.0002312418214770038,0.1,correct
7481,5,EC1,5R1,5R1,0.00035450514805852477,0.1,correct
7482,5,EC1,5R1,5R1,0.000350723067390785,0.1,correct
7483,5,EC1,5R1,5R1,0.0004718739344358851,0.1,correct
7484,5,EC1,5R1,5R1,2.0061156497070196e-05,0.1,correct
7486,5,EC1,5R1,5R1,0.003569827315151254,0.1,correct
7487,5,EC1,5R1,5R1,0.0010648831485191234,0.1,correct
7488,5,EC1,5R1,5R1,1.93295111164318e-05,0.1,correct
7489,5,EC1,5R1,5R1,0.000316920084563906,0.1,correct
7490,5,EC1,5R1,5R1,3.528469923353091e-05,0.1,correct
7491,5,EC1,5R1,5R1,0.0003089777176431958,0.1,correct
7492,5,EC1,5R1,5R1,1.6700299398522182e-05,0.1,correct
7493,5,EC1,5R1,5R1,0.00020101410398277986,0.1,correct
7494,5,EC1,5R1,5R1,3.006492973549702e-05,0.1,correct
7495,5,EC1,5R1,5R1,0.00017019109847463208,0.1,correct
7496,5,EC1,5R1,5R1,0.009999090345626446,0.1,correct
7497,5,EC1,5R1,5R1,0.0003362064990448601,0.1,correct
7498,5,EC1,5R1,5R1,0.004757848531636964,0.1,correct
7500,5,EC1,5R1,5R1,2.018737229062908e-05,0.1,correct
7501,5,EC1,5R1,5R1,0.0019654491344219408,0.1,correct
7502,5,EC1,5R1,5R1,2.248399430705757e-05,0.1,correct
7503,5,EC1,5R1,5R1,0.0007022027128970729,0.1,correct
7504,5,EC1,5R1,5R1,0.0006066516216083184,0.1,correct
7505,5,EC1,5R1,5R1,0.00018671764780009388,0.1,correct
7506,5,EC1,5R1,5R1,0.0023122858235953446,0.1,correct
7507,5,EC1,5R1,5R1,0.00034641566073144144,0.1,correct
7508,5,EC1,5R1,5R1,5.1548326839961733e-05,0.1,correct
7509,5,EC1,5R1,5R1,3.911674833111497e-05,0.1,correct
7511,5,EC1,5R1,5R1,0.0015351243272126102,0.1,correct
7513,5,EC1,5R1,5R1,0.00015329536848841975,0.1,correct
7514,5,EC1,5R1,5R1,2.631026415679041e-05,0.1,correct
7515,5,EC1,5R1,5R1,2.041249617268568e-05,0.1,correct
7516,5,EC1,5R1,5R1,1.9616574624536654e-05,0.1,correct
7517,5,EC1,5R1,5R1,2.0454583838358157e-05,0.1,correct
7518,5,EC1,5R1,5R1,1.5852760012063994e-05,0.1,correct
7519,5,EC1,5R1,5R1,2.341730129626168e-05,0.1,correct
7520,5,EC1,5R1,5R1,1.18088949525309e-05,0.1,correct
7521,5,EC1,5R1,5R1,0.00022131050585093238,0.1,correct
7522,5,EC1,5R1,5R1,2.631045419600531e-05,0.1,correct
7523,5,EC1,5R1,5R1,3.914370958403371e-05,0.1,correct
7524,5,EC1,5R1,5R1,3.993056473430656e-05,0.1,correct
7525,5,EC1,5R1,5R1,0.00012555660078227641,0.1,correct
7526,5,EC1,5R1,5R1,8.30000000000275e-06,0.1,correct
7527,5,EC1,5R1,5R1,3.6293663358773144e-05,0.1,correct
7528,5,EC1,5R1,5R1,1.4434334068469747e-05,0.1,correct
7529,5,EC1,5R1,5R1,0.0006711632066792643,0.1,correct
7530,5,EC1,5R1,5R1,0.003972572944578859,0.1,correct
7531,5,EC1,5R1,5R1,0.0010791540297844413,0.1,correct
7532,5,EC1,5R1,5R1,2.5033377718570162e-05,0.1,correct
7533,5,EC1,5R1,5R1,0.0001500000666666492,0.1,correct
7534,5,EC1,5R1,5R1,0.00028390729120612575,0.1,correct
7535,5,EC1,5R1,5R1,1.767766952966386e-05,0.1,correct
7536,5,EC1,5R1,5R1,0.0004518804045319891,0.1,correct
7539,5,EC1,5R1,5R1,0.0002919570173843979,0.1,correct
7540,5,EC1,5R1,5R1,0.00028366746376699614,0.1,correct
7541,5,EC1,5R1,5R1,0.0004499999999999921,0.1,correct
7542,5,EC1,5R1,5R1,1.4318868670397457e-05,0.1,correct
7543,5,EC1,5R1,5R1,2.7709023800922643e-05,0.1,correct
7544,5,EC1,5R1,5R1,0.0002312418214770038,0.1,correct
7545,5,EC1,5R1,5R1,0.00035450514805852477,0.1,correct
7546,5,EC1,5R1,5R1,0.000350723067390785,0.1,correct
7547,5,EC1,5R1,5R1,0.0004718739344358851,0.1,correct
7548,5,EC1,5R1,5R1,2.0061156497070196e-05,0.1,correct
7549,5,EC1,5R1,5R1,0.002888138770904201,0.1,correct
7550,5,EC1,5R1,5R1,0.00022996377975672828,0.1,correct
7551,5,EC1,5R1,5R1,0.00034381519745351624,0.1,correct
7552,5,EC1,5R1,5R1,0.001006623623803856,0.1,correct
7553,5,EC1,5R1,5R1,0.0003711820846969893,0.1,correct
7554,5,EC1,5R1,5R1,0.00027299558604490206,0.1,correct
7555,5,EC1,5R1,5R1,0.009999090345626446,0.1,correct
7556,5,EC1,5R1,5R1,0.0003362064990448601,0.1,correct
7557,5,EC1,5R1,5R1,0.0015351243272126102,0.1,correct
7558,5,EC1,5R1,5R1,0.0029919047277612363,0.1,correct
7559,5,EC1,5R1,5R1,2.018737229062908e-05,0.1,correct
7560,5,EC1,5R1,5R1,0.0019654491344219408,0.1,correct
7561,5,EC1,5R1,5R1,2.248399430705757e-05,0.1,correct
7562,5,EC1,5R1,5R1,0.0007022027128970729,0.1,correct
7563,5,EC1,5R1,5R1,0.0006066516216083184,0.1,correct
7564,5,EC1,5R1,5R1,0.00018671764780009388,0.1,correct
7565,5,EC1,5R1,5R1,0.0023122858235953446,0.1,correct
7566,5,EC1,5R1,5R1,0.00034641566073144144,0.1,correct
7568,5,EC1,5R1,5R1,0.003718319750908997,0.1,correct
7569,5,EC1,5R1,5R1,0.0014690871825729093,0.1,correct
7570,5,EC1,5R1,5R1,1.93295111164318e-05,0.1,correct
7571,5,EC1,5R1,5R1,0.000316920084563906,0.1,correct
7572,5,EC1,5R1,5R1,3.528469923353091e-05,0.1,correct
7573,5,EC1,5R1,5R1,0.0003089777176431958,0.1,correct
7574,5,EC1,5R1,5R1,1.6700299398522182e-05,0.1,correct
7575,5,EC1,5R1,5R1,0.00020101410398277986,0.1,correct
7576,5,EC1,5R1,5R1,3.006492973549702e-05,0.1,correct
7577,5,EC1,5R1,5R1,0.00017019109847463208,0.1,correct
7578,5,EC1,1+1+3,1+1+3,0.008777965564411842,0.1,correct
7579,5,EC1,1+1+3,1+1+3,0.007536971835558388,0.1,correct
7580,5,EC1,2+3,2+3,0.02193049748660529,0.1,correct
7581,5,EC1,2+3,2+3,0.030472873027989997,0.1,correct
7582,5,EC1,1+1+3,1+1+3,0.00571302781194001,0.1,correct
7583,5,EC1,1+1+3,1+1+3,0.006060363163210569,0.1,correct
7586,5,EC1,1+1+3,1+1+3,0.011793964977902882,0.1,correct
7587,5,EC1,1+1+3,1+1+3,0.006750988306166747,0.1,correct
7589,5,EC1,1+1+3,1+1+3,0.004789070187416318,0.1,correct
7593,5,EC1,1+1+3,1+1+3,0.007752235578205845,0.1,correct
7594,5,EC1,1+1+3,1+1+3,0.0029575156922660734,0.1,correct
7596,5,EC1,5R1,5R1,0.0017209779952108571,0.1,correct
7597,5,EC1,5R1,5R1,0.0013654165042213309,0.1,correct
7598,5,EC1,5R1,5R1,0.0017089772818852723,0.1,correct
7599,5,EC1,5R1,5R1,0.001380465099160418,0.1,correct
7600,5,EC1,5R1,5R1,0.0024253399534910577,0.1,correct
7601,5,EC1,5R1,5R1,0.0005784364528623601,0.1,correct
7602,5,EC1,5R1,5R1,0.002358954338260909,0.1,correct
7603,5,EC1,5R1,5R1,0.0029919047277612363,0.1,correct
7604,5,EC1,5R1,5R1,0.002067024973240535,0.1,correct
7605,5,EC1,5R1,5R1,0.002481016257504176,0.1,correct
7606,5,EC1,5R1,5R1,0.0032416151051597735,0.1,correct
7607,5,EC1,5R1,5R1,0.0020000877805736407,0.1,correct
7608,5,EC1,5R1,5R1,0.002375584723810127,0.1,correct
7609,5,EC1,5R1,5R1,0.002665962134014661,0.1,correct
7610,5,EC1,5R1,5R1,0.00275178649426151,0.1,correct
7611,5,EC1,1+1+3,1+1+3,0.004343956148489519,0.1,correct
7612,5,EC1,1+1+3,1+1+3,0.005059906587082396,0.1,correct
7613,5,EC1,1+1+3,1+1+3,0.005123692555179329,0.1,correct
7614,5,EC1,1+1+3,1+1+3,0.0040811739916352206,0.1,correct
7615,5,EC1,1+1+3,1+1+3,0.005179555326473485,0.1,correct
7616,5,EC1,5R1,5R1,0.0020144451270759454,0.1,correct
7617,5,EC1,5R1,5R1,0.000882313578043543,0.1,correct
7618,5,EC1,5R1,5R1,0.0019362581336175163,0.1,correct
7619,5,EC1,5R1,5R1,0.0014542042531914213,0.1,correct
7620,5,EC1,5R1,5R1,0.0013413463422994043,0.1,correct
7621,5,EC1,5R1,5R1,0.0030279989976880715,0.1,correct
7622,5,EC1,5R1,5R1,0.0019343622876803563,0.1,correct
7625,5,EC1,5R1,5R1,0.0026727977439379913,0.1,correct
7626,5,EC1,5R1,5R1,0.002081841334011794,0.1,correct
7627,5,EC1,5R1,5R1,0.00518406985581791,0.1,correct
7628,5,EC1,5R1,5R1,0.0031228247293115883,0.1,correct
7629,5,EC1,5R1,5R1,0.007746286243742861,0.1,correct
7630,5,EC1,5R1,5R1,0.00502174499153432,0.1,correct
7631,5,EC1,5R1,5R1,0.011268581544276105,0.1,correct
7632,5,EC1,5R1,5R1,0.0019262984737573774,0.1,correct
7633,5,EC1,5R1,5R1,0.0019262984737573774,0.1,correct
7634,5,EC1,5R1,5R1,0.002613175790106751,0.1,correct
7635,5,EC1,5R1,5R1,0.003063428505775834,0.1,correct
7637,5,EC1,5R1,5R1,0.002510550296249806,0.1,correct
7638,5,EC1,5R1,5R1,0.002078972503425673,0.1,correct
7639,5,EC1,5R1,5R1,0.0012760276917057833,0.1,correct
7640,5,EC1,5R1,5R1,0.0028473517924555865,0.1,correct
7641,5,EC1,5R1,5R1,0.0006113673282078523,0.1,correct
7643,5,EC1,5R1,5R1,0.0018216027750308276,0.1,correct
7644,5,EC1,5R1,5R1,0.001117267004793395,0.1,correct
7645,5,EC1,5R1,5R1,0.0005784364528623601,0.1,correct
7646,5,EC1,5R1,5R1,0.00152841384448062,0.1,correct
7647,5,EC1,5R1,5R1,0.0025200764690778655,0.1,correct
7649,5,EC1,5R1,5R1,0.0029598796293092717,0.1,correct
7650,5,EC1,5R1,5R1,0.005465892272996233,0.1,correct
7651,5,EC1,5R1,5R1,0.003373114206486335,0.1,correct
7652,5,EC1,5R1,5R1,0.0023307119813481838,0.1,correct
7653,5,EC1,1+1+3,1+1+3,0.008422057547891717,0.1,correct
7654,5,EC1,1+1+3,1+1+3,0.014748536048028631,0.1,correct
7655,5,EC1,5R1,5R1,0.0009500256207071471,0.1,correct
7656,5,EC1,5R1,5R1,0.0009500256207071471,0.1,correct
7657,5,EC1,5R1,5R1,0.010474489872542719,0.1,correct
7658,5,EC1,5R1,5R1,0.002190981560853497,0.1,correct
7659,5,EC1,5R1,5R1,0.0035291270563696147,0.1,correct
7660,5,EC1,5R1,5R1,0.0026064135646516303,0.1,correct
7661,5,EC1,5R1,5R1,0.0013258544452540817,0.1,correct
7662,5,EC1,5R1,5R1,0.001077801261828912,0.1,correct
7663,5,EC1,5R1,5R1,0.0013654165042213309,0.1,correct
7664,5,EC1,5R1,5R1,0.0013698162906024937,0.1,correct
7665,5,EC1,5R1,5R1,0.002223394427446472,0.1,correct
7666,5,EC1,5R1,5R1,0.001077801261828912,0.1,correct
7667,5,EC1,5R1,5R1,0.0020321711173028677,0.1,correct
7669,5,EC1,5R1,5R1,0.002017537003378137,0.1,correct
7670,5,EC1,5R1,5R1,0.002786537677836067,0.1,correct
7671,5,EC1,5R1,5R1,0.0015958699633742174,0.1,correct
7672,5,EC1,5R1,5R1,0.0030534043852722737,0.1,correct
7674,5,EC1,5R1,5R1,0.003361754089757307,0.1,correct
7675,5,EC1,5R1,5R1,0.0033247373339859395,0.1,correct
7680,5,EC1,1+1+3,1+1+3,0.0022044675865160956,0.1,correct
7681,5,EC1,1+1+3,1+1+3,0.009739288988422135,0.1,correct
7682,5,EC1,1+1+3,1+1+3,0.008389714999927017,0.1,correct
7683,5,EC1,1+1+3,1+1+3,0.009963588701868456,0.1,correct
7684,5,EC1,1+1+3,1+1+3,0.007404299652229102,0.1,correct
7685,5,EC1,1+1+3,1+1+3,0.006570597682098633,0.1,correct
7686,5,EC1,1+1+3,1+1+3,0.011120789442301335,0.1,correct
7687,5,EC1,1+1+3,1+1+3,0.008037890602639482,0.1,correct
7688,5,EC1,1+1+3,1+1+3,0.006570597682098633,0.1,correct
7689,5,EC1,1+1+3,1+1+3,0.012833913558614943,0.1,correct
7690,5,EC1,1+1+3,1+1+3,0.006750988306166747,0.1,correct
7691,5,EC1,1+1+3,1+1+3,0.009589653470798615,0.1,correct
7692,5,EC1,1+1+3,1+1+3,0.012407055784915307,0.1,correct
7693,5,EC1,1+1+3,1+1+3,0.007522212885182091,0.1,correct
7694,5,EC1,1+1+3,1+1+3,0.00806182227291078,0.1,correct
7695,5,EC1,1+1+3,1+1+3,0.010795195889839158,0.1,correct
7696,5,EC1,1+1+3,1+1+3,0.013077428484606596,0.1,correct
7697,5,EC1,1+1+3,1+1+3,0.005925592390639087,0.1,correct
7698,5,EC1,1+1+3,1+1+3,0.007651362842004035,0.1,correct
7699,5,EC1,1+1+3,1+1+3,0.007124734613303183,0.1,correct
7700,5,EC1,1+1+3,1+1+3,0.002947425904072922,0.1,correct
7706,5,EC1,1+1+3,1+1+3,0.0054817380665259695,0.1,correct
7707,5,EC1,1+1+3,1+1+3,0.0031440270148330356,0.1,correct
7708,5,EC1,1+1+3,1+1+3,0.005972634121558083,0.1,correct
7709,5,EC1,1+1+3,1+1+3,0.005671516254935674,0.1,correct
7710,5,EC1,1+1+3,1+1+3,0.004423410936144167,0.1,correct
7711,5,EC1,1+1+3,1+1+3,0.005465672319120457,0.1,correct
7712,5,EC1,1+1+3,1+1+3,0.00567117090643544,0.1,correct
7713,5,EC1,1+1+3,1+1+3,0.004699780610837065,0.1,correct
7714,5,EC1,1+1+3,1+1+3,0.006399019172498241,0.1,correct
7715,5,EC1,1+1+3,1+1+3,0.004062937662578649,0.1,correct
7716,5,EC1,1+1+3,1+1+3,0.005123692555179329,0.1,correct
7717,5,EC1,1+1+3,1+1+3,0.003407221338569004,0.1,correct
7718,5,EC1,1+1+3,1+1+3,0.005197221870384225,0.1,correct
7719,5,EC1,5R1,5R1,0.00531930615118175,0.1,correct
7720,5,EC1,5R1,5R1,0.0033260766392252594,0.1,correct
7721,5,EC1,5R1,5R1,0.0004981065950175753,0.1,correct
7722,5,EC1,5R1,5R1,0.002597622640030688,0.1,correct
7723,5,EC1,5R1,5R1,0.00290058275179317,0.1,correct
7724,5,EC1,5R1,5R1,0.003928028719345117,0.1,correct
7725,5,EC1,5R1,5R1,0.00207745570590566,0.1,correct
7728,5,EC1,5R1,5R1,0.0038810145774011147,0.1,correct
7733,5,EC1,5R1,5R1,0.0018545400804512238,0.1,correct
7735,5,EC1,5R1,5R1,0.0018545400804512238,0.1,correct
7736,5,EC1,5R1,5R1,0.00629865012046231,0.1,correct
7737,5,EC1,5R1,5R1,0.002195433635981741,0.1,correct
7738,5,EC1,5R1,5R1,0.003192709491951944,0.1,correct
7739,5,EC1,1+1+3,1+1+3,0.01236697892696515,0.1,correct
7740,5,EC1,1+1+3,1+1+3,0.005949092357662651,0.1,correct
7741,5,EC1,1+1+3,1+1+3,0.0035347284549170103,0.1,correct
7742,5,EC1,1+1+3,1+1+3,0.002890075692780384,0.1,correct
7743,5,EC1,1+1+3,1+1+3,0.004286821428517878,0.1,correct
7744,5,EC1,1+1+3,1+1+3,0.003400140364749662,0.1,correct
7745,5,EC1,1+1+3,1+1+3,0.005769076520553363,0.1,correct
7746,5,EC1,1+1+3,1+1+3,0.0036455049197607987,0.1,correct
7747,5,EC1,1+1+3,1+1+3,0.002890075692780384,0.1,correct
7748,5,EC1,1+1+3,1+1+3,0.004502485205972358,0.1,correct
7749,5,EC1,1+1+3,1+1+3,0.004343956148489519,0.1,correct
7750,5,EC1,5R1,5R1,0.0004981065950175753,0.1,correct
7751,5,EC1,5R1,5R1,0.0021695271696846787,0.1,correct
7752,5,EC1,5R1,5R1,0.0021695271696846787,0.1,correct
7753,5,EC1,5R1,5R1,0.003519548699762515,0.1,correct
7754,5,EC1,5R1,5R1,0.002746709247445027,0.1,correct
7755,5,EC1,5R1,5R1,0.002597622640030688,0.1,correct
7756,5,EC1,5R1,5R1,0.0031003693102596747,0.1,correct
7757,5,EC1,5R1,5R1,0.005163188386065327,0.1,correct
7758,5,EC1,1+1+3,1+1+3,0.007366823967626769,0.1,correct
7759,5,EC1,5R1,5R1,0.0025932591675341707,0.1,correct
7760,5,EC1,5R1,5R1,0.002698697496941804,0.1,correct
7761,5,EC1,5R1,5R1,0.0026233585992006445,0.1,correct
7762,5,EC1,5R1,5R1,0.0038542769464583113,0.1,correct
7763,5,EC1,5R1,5R1,0.0019700339540221104,0.1,correct
7764,5,EC1,5R1,5R1,0.0015136563612656675,0.1,correct
7765,5,EC1,5R1,5R1,0.0016458796736092153,0.1,correct
7766,5,EC1,5R1,5R1,0.0030416362192083324,0.1,correct
7767,5,EC1,5R1,5R1,0.0029594681397170004,0.1,correct
7768,5,EC1,5R1,5R1,0.0013553478446509542,0.1,correct
7769,5,EC1,5R1,5R1,0.00418450687417287,0.1,correct
7770,5,EC1,5R1,5R1,0.0017122273505583358,0.1,correct
7771,5,EC1,5R1,5R1,0.0006113673282078523,0.1,correct
7772,5,EC1,5R1,5R1,0.004897246146560333,0.1,correct
7773,5,EC1,5R1,5R1,0.004555098060415393,0.1,correct
7774,5,EC1,5R1,5R1,0.00284254580965724,0.1,correct
7775,5,EC1,5R1,5R1,0.001004006698184825,0.1,correct
7776,5,EC1,5R1,5R1,0.0031003693102596747,0.1,correct
7777,5,EC1,5R1,5R1,0.0026811449158894783,0.1,correct
7778,5,EC1,1+1+3,1+1+3,0.010063673368606522,0.1,correct
7779,5,EC1,1+1+3,1+1+3,0.005931056696744714,0.1,correct
7780,5,EC1,1+1+3,1+1+3,0.004368260057505725,0.1,correct
7781,5,EC1,1+1+3,1+1+3,0.0031440270148330356,0.1,correct
7782,5,EC1,1+1+3,1+1+3,0.010912215021250265,0.1,correct
7783,5,EC1,1+1+3,1+1+3,0.004213528859519059,0.1,correct
7784,5,EC1,1+1+3,1+1+3,0.009491961336309807,0.1,correct
7785,5,EC1,1+1+3,1+1+3,0.0038316727574259158,0.1,correct
7786,5,EC1,1+1+3,1+1+3,0.0019050807935622918,0.1,correct
7787,5,EC1,1+1+3,1+1+3,0.004188908694397618,0.1,correct
7788,5,EC1,1+1+3,1+1+3,0.0050543249974650505,0.1,correct
7789,5,EC1,1+1+3,1+1+3,0.006805314877358713,0.1,correct
7790,5,EC1,1+1+3,1+1+3,0.008041520275420556,0.1,correct
7791,5,EC1,1+1+3,1+1+3,0.005234503160759394,0.1,correct
7792,5,EC1,1+1+3,1+1+3,0.004090848731009248,0.1,correct
7793,5,EC1,1+1+3,1+1+3,0.006932474884195413,0.1,correct
7794,5,EC1,1+1+3,1+1+3,0.0038316727574259158,0.1,correct
7795,5,EC1,1+1+3,1+1+3,0.0027741661395813957,0.1,correct
7796,5,EC1,1+1+3,1+1+3,0.00631597586442509,0.1,correct
7797,5,EC1,1+1+3,1+1+3,0.004423410936144167,0.1,correct
7798,5,EC1,1+1+3,1+1+3,0.005985023903043308,0.1,correct
7799,5,EC1,1+1+3,1+1+3,0.003348225385185408,0.1,correct
7800,5,EC1,1+1+3,1+1+3,0.006208378479119961,0.1,correct
7801,5,EC1,1+1+3,1+1+3,0.004885474104935989,0.1,correct
7802,5,EC1,1+1+3,1+1+3,0.009139404430267879,0.1,correct
7803,5,EC1,1+1+3,1+1+3,0.007000905497148222,0.1,correct
7804,5,EC1,1+1+3,1+1+3,0.007451139473261776,0.1,correct
7806,5,EC1,1+1+3,1+1+3,0.0062291281918098445,0.1,correct
7807,5,EC1,1+1+3,1+1+3,0.011900666916185828,0.1,correct
7821,5,EC1,1+1+3,1+1+3,0.011514261980257358,0.1,correct
7822,5,EC1,5R1,5R1,0.018182116236291096,0.1,correct
7823,5,EC1,1+1+3,1+1+3,0.007180059116051912,0.1,correct
7824,5,EC1,1+1+3,1+1+3,0.0049172863461466295,0.1,correct
7825,5,EC1,1+1+3,1+1+3,0.007326730459079283,0.1,correct
7826,5,EC1,1+1+3,1+1+3,0.01286876444496518,0.1,correct
7827,5,EC1,1+1+3,1+1+3,0.007564603463500253,0.1,correct
7828,5,EC1,1+1+3,1+1+3,0.009547169476342198,0.1,correct
7829,5,EC1,1+1+3,1+1+3,0.005859535589106026,0.1,correct
7830,5,EC1,1+1+3,1+1+3,0.002948297861478731,0.1,correct
7831,5,EC1,1+1+3,1+1+3,0.002651513826100124,0.1,correct
7832,5,EC1,1+1+3,1+1+3,0.005701271108270475,0.1,correct
7833,5,EC1,1+1+3,1+1+3,0.005233122981547444,0.1,correct
7834,5,EC1,1+1+3,1+1+3,0.008483772551170892,0.1,correct
7835,5,EC1,1+1+3,1+1+3,0.009422310174792576,0.1,correct
7836,5,EC1,1+1+3,1+1+3,0.009297908726159869,0.1,correct
7837,5,EC1,1+1+3,1+1+3,0.004975053396698354,0.1,correct
7838,5,EC1,1+1+3,1+1+3,0.012313898686849775,0.1,correct
7839,5,EC1,1+1+3,1+1+3,0.006904897888455715,0.1,correct
7840,5,EC1,1+1+3,1+1+3,0.006604653473120291,0.1,correct
7841,5,EC1,1+1+3,1+1+3,0.009617995985651068,0.1,correct
7842,5,EC1,1+1+3,1+1+3,0.007742909193578338,0.1,correct
7843,5,EC1,1+1+3,1+1+3,0.009892846311350475,0.1,correct
7844,5,EC1,1+1+3,1+1+3,0.013025976199502323,0.1,correct
7845,5,EC1,1+1+3,1+1+3,0.007264812916379926,0.1,correct
7846,5,EC1,1+1+3,1+1+3,0.006508305307835527,0.1,correct
7847,5,EC1,1+1+3,1+1+3,0.0040756358743145905,0.1,correct
7848,5,EC1,1+1+3,1+1+3,0.007326730459079283,0.1,correct
7849,5,EC1,1+1+3,1+1+3,0.005859535589106026,0.1,correct
7850,5,EC1,1+1+3,1+1+3,0.006907999694556985,0.1,correct
7851,5,EC1,1+1+3,1+1+3,0.007535280064470051,0.1,correct
7852,5,EC1,1+1+3,1+1+3,0.003988730616374065,0.1,correct
7853,5,EC1,1+1+3,1+1+3,0.0037777759409472677,0.1,correct
7854,5,EC1,1+1+3,1+1+3,0.007162119383255231,0.1,correct
7855,5,EC1,1+1+3,1+1+3,0.010628001254704492,0.1,correct
7856,5,EC1,1+1+3,1+1+3,0.011149789980533262,0.1,correct
7857,5,EC1,1+1+3,1+1+3,0.007862079768102093,0.1,correct
7858,5,EC1,1+1+3,1+1+3,0.00872245604058853,0.1,correct
7859,5,EC1,1+1+3,1+1+3,0.006669916297825637,0.1,correct
7860,5,EC1,1+1+3,1+1+3,0.009168213541361245,0.1,correct
7861,5,EC1,1+1+3,1+1+3,0.002717759089764956,0.1,correct
7862,5,EC1,1+1+3,1+1+3,0.005728581105300001,0.1,correct
7863,5,EC1,1+1+3,1+1+3,0.004023040595122076,0.1,correct
7864,5,EC1,1+1+3,1+1+3,0.024233069220591923,0.1,correct
7865,5,EC1,1+1+3,1+1+3,0.00628384342102826,0.1,correct
7866,5,EC1,1+1+3,1+1+3,0.003583061558220852,0.1,correct
7867,5,EC1,1+1+3,1+1+3,0.010451013759439786,0.1,correct
7868,5,EC1,1+1+3,1+1+3,0.005524397873071767,0.1,correct
7869,5,EC1,1+1+3,1+1+3,0.0078985593711765,0.1,correct
7870,5,EC1,1+1+3,1+1+3,0.004870204509052984,0.1,correct
7871,5,EC1,1+1+3,1+1+3,0.005559605171232931,0.1,correct
7872,5,EC1,1+1+3,1+1+3,0.004830942734084116,0.1,correct
7873,5,EC1,1+1+3,1+1+3,0.00965991557261245,0.1,correct
7874,5,EC1,1+1+3,1+1+3,0.006895700287135467,0.1,correct
7875,5,EC1,1+1+3,1+1+3,0.008382827085178384,0.1,correct
7876,5,EC1,1+1+3,1+1+3,0.0049933273816164,0.1,correct
7877,5,EC1,1+1+3,1+1+3,0.005848448892655197,0.1,correct
7880,5,EC1,5R1,5R1,0.0035344786150152273,0.1,correct
7881,5,EC1,5R1,5R1,0.0017174924803328737,0.1,correct
7884,5,EC1,1+1+3,1+1+3,0.0050543249974650505,0.1,correct
7885,5,EC1,1+1+3,1+1+3,0.005972634121558083,0.1,correct
7887,5,EC1,1+1+3,1+1+3,0.008748718597600435,0.1,correct
7888,5,EC1,1+1+3,1+1+3,0.008047481507900463,0.1,correct
7890,5,EC1,1+1+3,1+1+3,0.0071964713561578075,0.1,correct
7891,5,EC1,1+1+3,1+1+3,0.004315910037292249,0.1,correct
7892,5,EC1,1+1+3,1+1+3,0.004292516765255573,0.1,correct
7893,5,EC1,1+1+3,1+1+3,0.003407221338569004,0.1,correct
7894,5,EC1,1+1+3,1+1+3,0.006197512286393618,0.1,correct
7895,5,EC1,1+1+3,1+1+3,0.003064762400252266,0.1,correct
7897,5,EC2,5R3,5R3,0.024816795791157257,0.1,correct
7909,5,EC2,5R3,5R3,0.013210650817049094,0.1,correct
7910,5,EC2,5R3,5R3,0.0055934405047340825,0.1,correct
7916,5,EC2,5R3,5R3,0.00470922799830293,0.1,correct
7920,5,EC2,5R3,5R3,0.011909710325192672,0.1,correct
7921,5,EC2,5R3,5R3,0.006244334359241195,0.1,correct
7922,5,EC2,5R3,5R3,0.011904830800141595,0.1,correct
7924,5,EC2,5R3,5R3,0.015269724861961357,0.1,correct
7926,5,EC2,5R3,5R3,0.004316699357147744,0.1,correct
7927,5,EC2,5R3,5R3,0.0046930632618791615,0.1,correct
7928,5,EC2,5R3,5R3,0.0018514837914494478,0.1,correct
7929,5,EC2,5R3,5R3,0.004136476963552428,0.1,correct
7930,5,EC2,5R3,5R3,0.004316699357147744,0.1,correct
7931,5,EC2,5R3,5R3,0.005610384430678525,0.1,correct
7932,5,EC2,5R3,5R3,0.010534488188326935,0.1,correct
7935,5,EC2,5R3,5R3,0.008282553104568647,0.1,correct
7936,5,EC2,5R3,5R3,0.0074615307022084685,0.1,correct
7944,5,EC2,5R3,5R3,0.0033802332271605016,0.1,correct
7950,5,EC2,5R3,5R3,0.01184195836633452,0.1,correct
7951,5,EC2,5R3,5R3,0.0037156441810270243,0.1,correct
7952,5,EC2,5R3,5R3,0.004565709571359079,0.1,correct
7953,5,EC2,5R3,5R3,0.005955902115548923,0.1,correct
7954,5,EC2,5R3,5R3,0.005142882244422842,0.1,correct
7955,5,EC2,5R3,5R3,0.009001089111324249,0.1,correct
7957,5,EC2,5R3,5R3,0.009472605598777956,0.1,correct
7964,5,EC2,5R3,5R3,0.015329177954802391,0.1,correct
7965,5,EC2,5R3,5R3,0.011819040543546704,0.1,correct
7966,5,EC2,5R3,5R3,0.017869234375876324,0.1,correct
7967,5,EC2,5R3,5R3,0.005610384430678525,0.1,correct
7969,5,EC2,5R3,5R3,0.004061759217383534,0.1,correct
7971,5,EC2,5R3,5R3,0.005413664091906694,0.1,correct
7972,5,EC2,5R3,5R3,0.012158616167969096,0.1,correct
7981,5,EC2,5R3,5R3,0.0093081152168417,0.1,correct
7982,5,EC2,5R3,5R3,0.007970033765298612,0.1,correct
7983,5,EC2,5R3,5R3,0.004369108478854718,0.1,correct
7984,5,EC2,5R3,5R3,0.009019893727201002,0.1,correct
7985,5,EC2,5R3,5R3,0.004477165336460105,0.1,correct
7986,5,EC2,5R3,5R3,0.0043897467660447345,0.1,correct
7987,5,EC2,5R3,5R3,0.006960732840728773,0.1,correct
7988,5,EC2,5R3,5R3,0.005149892879468464,0.1,correct
7989,5,EC2,5R3,5R3,0.016971562276938426,0.1,correct
7990,5,EC2,5R3,5R3,0.00527310113310944,0.1,correct
7991,5,EC2,5R3,5R3,0.008298452502123474,0.1,correct
7992,5,EC2,5R3,5R3,0.015097214470225972,0.1,correct
7997,5,EC2,5R3,5R3,0.008298452502123474,0.1,correct
7998,5,EC2,5R3,5R3,0.028520729178441437,0.1,correct
7999,5,EC2,5R3,5R3,0.03667512296243873,0.1,correct
8000,5,EC2,5R3,5R3,0.03621048091312787,0.1,correct
8001,5,EC2,5R3,5R3,0.01786030268108578,0.1,correct
8002,5,EC2,5R3,5R3,0.0243997734749731,0.1,correct
8004,5,EC2,5R3,5R3,0.007754194481698256,0.1,correct
8009,5,EC2,5R3,5R3,0.0028857985931107547,0.1,correct
8010,5,EC2,5R3,5R3,0.008120998599925986,0.1,correct
8011,5,EC2,5R3,5R3,0.007105359451850427,0.1,correct
8012,5,EC2,5R3,5R3,0.008500633685202545,0.1,correct
8014,5,EC2,5R3,5R3,0.01386575215377803,0.1,correct
8015,5,EC2,5R3,5R3,0.004753475222403099,0.1,correct
8017,5,EC2,5R3,5R3,0.004774082394554949,0.1,correct
8019,5,EC2,5R3,5R3,0.004244525624849019,0.1,correct
8020,5,EC2,5R3,5R3,0.0046315778456158955,0.1,correct
8021,5,EC2,5R3,5R3,0.004418871776822657,0.1,correct
8022,5,EC2,5R3,5R3,0.008107869736866799,0.1,correct
8024,5,EC2,5R3,5R3,0.005574264675273343,0.1,correct
8025,5,EC2,5R3,5R3,0.008500633685202545,0.1,correct
8026,5,EC2,5R3,5R3,0.012850722612756077,0.1,correct
8027,5,EC2,5R3,5R3,0.0070534389959791945,0.1,correct
8028,5,EC2,5R3,5R3,0.0036496245628831704,0.1,correct
8046,5,EC1,5R1,5R1,0.0007721515265801241,0.1,correct
8047,5,EC1,5R1,5R1,0.007064922336445038,0.1,correct
8050,5,EC1,5R1,5R1,0.003571755309368206,0.1,correct
8051,5,EC1,5R1,5R1,0.008884341556919115,0.1,correct
8053,5,EC1,5R1,5R1,0.00502174499153432,0.1,correct
8056,5,EC1,1+1+3,1+1+3,0.02159826451893763,0.1,correct
8057,5,EC1,1+1+3,1+1+3,0.005458562966569151,0.1,correct
8058,5,EC1,1+1+3,1+1+3,0.006563964122388225,0.1,correct
8060,5,EC1,5R1,5R1,0.007077057084692769,0.1,correct
8064,5,EC1,5R1,5R1,0.005602216773742336,0.1,correct
8065,5,EC1,5R1,5R1,0.0027462205701654745,0.1,correct
8066,5,EC1,5R1,5R1,0.005269544730809303,0.1,correct
8067,5,EC1,5R1,5R1,0.003576535275933954,0.1,correct
8068,5,EC1,5R1,5R1,0.0027694233280594616,0.1,correct
8069,5,EC1,5R1,5R1,0.003063428505775834,0.1,correct
8070,5,EC1,5R1,5R1,0.002636896956651883,0.1,correct
8071,5,EC1,5R1,5R1,0.007123128507194006,0.1,correct
8072,5,EC1,5R1,5R1,0.004486501812102612,0.1,correct
8084,5,EC1,1+1+3,1+1+3,0.002828578777407491,0.1,correct
8085,5,EC1,1+1+3,1+1+3,0.010047003121329298,0.1,correct
8086,5,EC1,1+1+3,1+1+3,0.010347714577142135,0.1,correct
8087,5,EC1,1+1+3,1+1+3,0.012587215096279232,0.1,correct
8088,5,EC1,1+1+3,1+1+3,0.014863474626748625,0.1,correct
8089,5,EC1,1+1+3,1+1+3,0.016898495764120544,0.1,correct
8090,5,EC1,1+1+3,1+1+3,0.013522452925782361,0.1,correct
8091,5,EC1,1+1+3,1+1+3,0.011403642168184678,0.1,correct
8092,5,EC1,1+1+3,1+1+3,0.007827141169673632,0.1,correct
8094,5,EC1,1+1+3,1+1+3,0.010646592214412987,0.1,correct
8095,5,EC1,1+1+3,1+1+3,0.009365563398429368,0.1,correct
8096,5,EC1,1+1+3,1+1+3,0.007212223792284872,0.1,correct
8097,5,EC1,1+1+3,1+1+3,0.011045813526399956,0.1,correct
8101,5,EC1,1+1+3,1+1+3,0.0077800216053684895,0.1,correct
8102,5,EC1,1+1+3,1+1+3,0.006955271592827988,0.1,correct
8103,5,EC1,1+1+3,1+1+3,0.007939833427723801,0.1,correct
8105,5,EC1,1+1+3,1+1+3,0.009425959279564071,0.1,correct
8110,5,EC1,1+1+3,1+1+3,0.019394703151891752,0.1,correct
8115,5,EC1,5R1,5R1,0.002644421382835951,0.1,correct
8116,5,EC1,5R1,5R1,0.005905537680855149,0.1,correct
8117,5,EC1,5R1,5R1,0.0022655531973449715,0.1,correct
8118,5,EC1,5R1,5R1,0.0031897142991183323,0.1,correct
8119,5,EC1,5R1,5R1,0.0015958699633742174,0.1,correct
8125,5,EC1,5R1,5R1,0.0029704529048614806,0.1,correct
8127,5,EC1,5R3,5R3,0.036844039232282855,0.1,correct
8134,5,EC1,1+1+3,1+1+3,0.008202925915793696,0.1,correct
8135,5,EC1,1+1+3,1+1+3,0.01608032021540616,0.1,correct
8138,5,EC1,1+1+3,1+1+3,0.007285111210544404,0.1,correct
8139,5,EC1,1+1+3,1+1+3,0.009036693286816829,0.1,correct
8142,5,EC1,1+1+3,1+1+3,0.008817326017563387,0.1,correct
8143,5,EC1,1+1+3,1+1+3,0.01920221100029891,0.1,correct
8144,5,EC1,1+1+3,1+1+3,0.014455465172037872,0.1,correct
8148,5,EC1,1+1+3,1+1+3,0.006915039808996077,0.1,correct
8149,5,EC1,1+1+3,1+1+3,0.00869650328407919,0.1,correct
8153,5,EC1,1+1+3,1+1+3,0.01886904783289288,0.1,correct
8154,5,EC1,1+1+3,1+1+3,0.002447050824972762,0.1,correct
8155,5,EC1,1+1+3,1+1+3,0.0072929548565722115,0.1,correct
8167,5,EC1,1+1+3,1+1+3,0.018129861279392062,0.1,correct
8168,5,EC1,1+1+3,1+1+3,0.012045286893220897,0.1,correct
8169,5,EC1,1+1+3,1+1+3,0.01220349540131842,0.1,correct
8175,5,EC1,5R1,5R1,0.008400322367028538,0.1,correct
8177,5,EC1,5R1,5R1,0.0012429572880835462,0.1,correct
8183,5,EC1,5R1,5R1,0.007742430640955085,0.1,correct
8184,5,EC1,5R1,5R1,0.003801667661697951,0.1,correct
8185,5,EC1,5R1,5R1,0.005654562715188502,0.1,correct
8186,5,EC1,5R1,5R1,0.009324938695777031,0.1,correct
8187,5,EC1,5R1,5R1,0.003834973902127627,0.1,correct
8189,5,EC1,1+1+3,1+1+3,0.02321852659472608,0.1,correct
8190,5,EC1,1+1+3,1+1+3,0.007043069802294993,0.1,correct
8191,5,EC1,1+1+3,1+1+3,0.010711980053659564,0.1,correct
8192,5,EC1,1+1+3,1+1+3,0.009966753344494879,0.1,correct
8193,5,EC1,1+1+3,1+1+3,0.009731840496535096,0.1,correct
8194,5,EC1,1+1+3,1+1+3,0.012078209442628517,0.1,correct
8195,5,EC1,1+1+3,1+1+3,0.01702872064102291,0.1,correct
8196,5,EC1,1+1+3,1+1+3,0.011505865171294174,0.1,correct
8198,5,EC1,1+1+3,1+1+3,0.010160237464744598,0.1,correct
8199,5,EC1,1+1+3,1+1+3,0.010160237464744598,0.1,correct
8200,5,EC1,1+1+3,1+1+3,0.020205217368046303,0.1,correct
8201,5,EC1,1+1+3,1+1+3,0.01512331668087395,0.1,correct
8202,5,EC1,1+1+3,1+1+3,0.009259977622003184,0.1,correct
8203,5,EC1,1+1+3,1+1+3,0.00969005873563211,0.1,correct
8204,5,EC1,1+1+3,1+1+3,0.0038802806934550758,0.1,correct
8205,5,EC1,1+1+3,1+1+3,0.007680344646563714,0.1,correct
8206,5,EC1,1+1+3,1+1+3,0.007539571877765987,0.1,correct
8207,5,EC1,1+1+3,1+1+3,0.012770913915221564,0.1,correct
8208,5,EC1,1+1+3,1+1+3,0.011109471834880367,0.1,correct
8209,5,EC1,1+1+3,1+1+3,0.007633539873479378,0.1,correct
8210,5,EC1,1+1+3,1+1+3,0.008686500683244058,0.1,correct
8211,5,EC1,1+1+3,1+1+3,0.010820693025402742,0.1,correct
8212,5,EC1,1+1+3,1+1+3,0.013563044867949094,0.1,correct
8213,5,EC1,1+1+3,1+1+3,0.010128165780140015,0.1,correct
8214,5,EC1,1+1+3,1+1+3,0.005770700949624751,0.1,correct
8215,5,EC1,1+1+3,1+1+3,0.006892005554263592,0.1,correct
8216,5,EC1,1+1+3,1+1+3,0.008662484439812854,0.1,correct
8217,5,EC1,1+1+3,1+1+3,0.007460881687843664,0.1,correct
8218,5,EC1,1+1+3,1+1+3,0.015315463777829287,0.1,correct
8219,5,EC1,1+1+3,1+1+3,0.008034586071478755,0.1,correct
8221,5,EC1,1+1+3,1+1+3,0.032421269476225034,0.1,correct
8222,5,EC1,1+1+3,1+1+3,0.008899127937050937,0.1,correct
8223,5,EC1,1+1+3,1+1+3,0.012352431407216901,0.1,correct
8224,5,EC1,1+1+3,1+1+3,0.008132104999937013,0.1,correct
8225,5,EC1,1+1+3,1+1+3,0.004360333703972666,0.1,correct
8226,5,EC1,1+1+3,1+1+3,0.005274692094331171,0.1,correct
8227,5,EC1,1+1+3,1+1+3,0.015075391603868876,0.1,correct
8228,5,EC1,1+1+3,1+1+3,0.005310340103044282,0.1,correct
8229,5,EC1,5R1,5R1,0.001973796119157195,0.1,correct
8230,5,EC1,5R1,5R1,0.0033260766392252594,0.1,correct
8231,5,EC1,5R1,5R1,0.004240314323254827,0.1,correct
8232,5,EC1,5R1,5R1,0.004898036007421751,0.1,correct
8233,5,EC1,5R1,5R1,0.004431442516833533,0.1,correct
8234,5,EC1,5R1,5R1,0.012619712160346606,0.1,correct
8235,5,EC1,5R1,5R1,0.003317944897071082,0.1,correct
8236,5,EC1,1+1+3,1+1+3,0.005108679869594491,0.1,correct
8237,5,EC1,1+1+3,1+1+3,0.007460881687843664,0.1,correct
8238,5,EC1,1+1+3,1+1+3,0.009684081928608396,0.1,correct
8247,5,EC1,5R1,5R1,0.0018565128601763193,0.1,correct
8248,5,EC1,5R1,5R1,0.002009995766164697,0.1,correct
8249,5,EC1,5R1,5R1,0.0027230828650630563,0.1,correct
8250,5,EC1,5R1,5R1,0.0018825935833312502,0.1,correct
8251,5,EC1,5R1,5R1,0.003275960920096578,0.1,correct
8252,5,EC1,5R1,5R1,0.0014685480856955345,0.1,correct
8254,5,EC1,5R1,5R1,0.004165096120139367,0.1,correct
8255,5,EC1,5R1,5R1,0.0028025376732525803,0.1,correct
8256,5,EC1,5R1,5R1,0.003593425107053164,0.1,correct
8257,5,EC1,5R1,5R1,0.0010136034727643657,0.1,correct
8258,5,EC1,5R1,5R1,0.0027672021971659497,0.1,correct
8259,5,EC1,5R1,5R1,0.0035623363120289436,0.1,correct
8261,5,EC1,5R1,5R1,0.0036916788023878843,0.1,correct
8262,5,EC1,5R1,5R1,0.002359309083185152,0.1,correct
8263,5,EC1,5R1,5R1,0.0027730770310252836,0.1,correct
8264,5,EC1,5R1,5R1,0.00324725334860093,0.1,correct
8265,5,EC1,5R1,5R1,0.0018785576514975552,0.1,correct
8266,5,EC1,5R1,5R1,0.0018358472539947367,0.1,correct
8267,5,EC1,5R1,5R1,0.002220048931893172,0.1,correct
8268,5,EC1,5R1,5R1,0.0030242764374309268,0.1,correct
8269,5,EC1,5R1,5R1,0.0024787382657311704,0.1,correct
8270,5,EC1,5R1,5R1,0.003330968444761976,0.1,correct
8271,5,EC1,5R1,5R1,0.002258884689398731,0.1,correct
8272,5,EC1,5R1,5R1,0.00157037771889441,0.1,correct
8274,5,EC1,5R1,5R1,0.0019661382987979396,0.1,correct
8276,5,EC1,5R1,5R1,0.0027156789206384422,0.1,correct
8277,5,EC1,5R1,5R1,0.0041201553368774785,0.1,correct
8278,5,EC1,5R1,5R1,0.000896990523918721,0.1,correct
8284,5,EC1,1+1+3,1+1+3,0.00022821888615977498,0.1,correct
8285,5,EC1,1+1+3,1+1+3,0.00023211350671599736,0.1,correct
8286,5,EC1,1+1+3,1+1+3,0.00018724911214742477,0.1,correct
8287,5,EC1,1+1+3,1+1+3,0.0002693830729648465,0.1,correct
8288,5,EC1,1+1+3,1+1+3,1.8604569331253877e-05,0.1,correct
8289,5,EC1,1+1+3,1+1+3,0.00015232823113266183,0.1,correct
8290,5,EC1,1+1+3,1+1+3,3.910102300453188e-05,0.1,correct
8291,5,EC1,1+1+3,1+1+3,0.0003689523139919678,0.1,correct
8292,5,EC1,1+1+3,1+1+3,0.00012757354741480358,0.1,correct
8293,5,EC1,1+1+3,1+1+3,0.00015209105825128892,0.1,correct
8294,5,EC1,1+1+3,1+1+3,0.00015961068259988097,0.1,correct
8295,5,EC1,1+1+3,1+1+3,4.5698358832652064e-05,0.1,correct
8298,5,EC1,1+1+3,1+1+3,4.68541353564406e-05,0.1,correct
8299,5,EC1,1+1+3,1+1+3,0.00936981486156478,0.1,correct
8300,5,EC1,1+1+3,1+1+3,0.010086275450333481,0.1,correct
8301,5,EC1,1+1+3,1+1+3,0.02615686768632665,0.1,correct
8302,5,EC1,1+1+3,1+1+3,0.0002802724924069436,0.1,correct
8303,5,EC1,1+1+3,1+1+3,0.001341500201267198,0.1,correct
8304,5,EC1,1+1+3,1+1+3,1.1737972567700577e-05,0.1,correct
8305,5,EC1,1+1+3,1+1+3,7.85777958459181e-05,0.1,correct
8306,5,EC1,1+1+3,1+1+3,0.0002954460018345453,0.1,correct
8307,5,EC1,1+1+3,1+1+3,8.057009370727483e-05,0.1,correct
8308,5,EC1,1+1+3,1+1+3,0.00021703303895949234,0.1,correct
8309,5,EC1,1+1+3,1+1+3,0.00023162350916949002,0.1,correct
8310,5,EC1,1+1+3,1+1+3,0.00012521781023479365,0.1,correct
8311,5,EC1,1+1+3,1+1+3,0.00019191573671799756,0.1,correct
8312,5,EC1,1+1+3,1+1+3,0.00020918893374171637,0.1,correct
8313,5,EC1,1+1+3,1+1+3,3.535562190093083e-05,0.1,correct
8314,5,EC1,1+1+3,1+1+3,4.8568405368086774e-05,0.1,correct
8315,5,EC1,1+1+3,1+1+3,0.00015895147058141485,0.1,correct
8316,5,EC1,1+1+3,1+1+3,0.00015865935207228987,0.1,correct
8317,5,EC1,1+1+3,1+1+3,0.00047651747082346743,0.1,correct
8318,5,EC1,1+1+3,1+1+3,9.310988132311162e-05,0.1,correct
8319,5,EC1,1+1+3,1+1+3,0.00010098683082460311,0.1,correct
8320,5,EC1,1+1+3,1+1+3,0.0002881974670256826,0.1,correct
8321,5,EC1,1+1+3,1+1+3,7.72839569380602e-05,0.1,correct
8323,5,EC1,1+1+3,1+1+3,5.0684317101040173e-05,0.1,correct
8324,5,EC1,1+1+3,1+1+3,4.251811378698566e-05,0.1,correct
8325,5,EC1,5R2,5R2,0.00749664925216592,0.1,correct
8326,5,EC1,5R2,5R2,0.0028343792248039,0.1,correct
8327,5,EC1,5R2,5R2,0.0027147535394580575,0.1,correct
8328,5,EC1,5R2,5R2,0.005630590160897871,0.1,correct
8329,5,EC1,5R2,5R2,0.0002071024625638023,0.1,correct
8330,5,EC1,1+1+3,1+1+3,0.0010937030812793714,0.1,correct
8331,5,EC1,1+1+3,1+1+3,0.001736919048199995,0.1,correct
8332,5,EC1,1+1+3,1+1+3,0.002570295844839648,0.1,correct
8333,5,EC1,1+1+3,1+1+3,0.004106778273781066,0.1,correct
8334,5,EC1,1+1+3,1+1+3,0.0017349757981020885,0.1,correct
8335,5,EC1,1+1+3,1+1+3,0.0030802009317575144,0.1,correct
8336,5,EC1,1+1+3,1+1+3,0.007573736639202595,0.1,correct
8337,5,EC1,1+1+3,1+1+3,0.0023888689080818104,0.1,correct
8338,5,EC1,1+1+3,1+1+3,0.00043608104751295614,0.1,correct
8339,5,EC1,1+1+3,1+1+3,4.162006727529178e-05,0.1,correct
8340,5,EC1,1+1+3,1+1+3,5.770623883080793e-05,0.1,correct
8341,5,EC1,1+1+3,1+1+3,7.992358850802497e-05,0.1,correct
8342,5,EC1,1+1+3,1+1+3,0.0001367032552648421,0.1,correct
8343,5,EC1,2+3,2+3,1.6650225223712423e-05,0.1,correct
8344,5,EC1,2+3,2+3,2.5000199999201846e-05,0.1,correct
8346,5,EC1,2+3,2+3,0.00039699987405540036,0.1,correct
8347,5,EC1,2+3,2+3,7.259869144825343e-05,0.1,correct
8348,5,EC1,1+1+3,1+1+3,0.002147394318703461,0.1,correct
8349,5,EC1,1+1+3,1+1+3,9.535276608466206e-05,0.1,correct
8350,5,EC1,1+1+3,1+1+3,0.00856532380298606,0.1,correct
8351,5,EC1,1+1+3,1+1+3,0.011882250311283664,0.1,correct
8352,5,EC1,1+1+3,1+1+3,0.008253159638586933,0.1,correct
8354,5,EC1,1+1+3,1+1+3,0.005569245860078397,0.1,correct
8355,5,EC1,1+1+3,1+1+3,0.009587824552524948,0.1,correct
8356,5,EC1,1+1+3,1+1+3,0.00832362631969983,0.1,correct
8357,5,EC1,1+1+3,1+1+3,0.007007338312797503,0.1,correct
8358,5,EC1,1+1+3,1+1+3,0.00010605611722100253,0.1,correct
8359,5,EC1,1+1+3,1+1+3,0.006439806587157763,0.1,correct
8360,5,EC1,1+1+3,1+1+3,4.5753141968612736e-05,0.1,correct
8361,5,EC1,1+1+3,1+1+3,8.265119478869141e-05,0.1,correct
8363,5,EC1,5R1,5R1,3.1216341874092716e-05,0.1,correct
8364,5,EC1,5R1,5R1,0.00021003459238896622,0.1,correct
8365,5,EC1,5R1,5R1,1.1808894952540655e-05,0.1,correct
8366,5,EC1,5R1,5R1,1.1808894952540655e-05,0.1,correct
8367,5,EC1,5R1,5R1,1.4433987667999188e-05,0.1,correct
8368,5,EC1,5R1,5R1,2.5786430540109014e-05,0.1,correct
8369,5,EC1,5R1,5R1,2.04533615818947e-05,0.1,correct
8370,5,EC1,5R1,5R1,8.30060238778147e-06,0.1,correct
8371,5,EC1,5R1,5R1,1.864886055501315e-05,0.1,correct
8372,5,EC1,5R1,5R1,1.187939392393214e-05,0.1,correct
8373,5,EC1,5R1,5R1,2.045336158190033e-05,0.1,correct
8374,5,EC1,5R1,5R1,1.1737972567700577e-05,0.1,correct
8375,5,EC1,5R1,5R1,8.400595217012606e-06,0.1,correct
8376,5,EC1,5R1,5R1,0.000142910251556698,0.1,correct
8379,5,EC1,1+1+3,1+1+3,0.00022821888615977498,0.1,correct
8380,5,EC1,1+1+3,1+1+3,0.00023211350671599736,0.1,correct
8381,5,EC1,1+1+3,1+1+3,0.00018724911214742477,0.1,correct
8382,5,EC1,1+1+3,1+1+3,0.0002693830729648465,0.1,correct
8383,5,EC1,1+1+3,1+1+3,1.8604569331253877e-05,0.1,correct
8384,5,EC1,1+1+3,1+1+3,0.00015232823113266183,0.1,correct
8385,5,EC1,1+1+3,1+1+3,3.910102300453188e-05,0.1,correct
8386,5,EC1,1+1+3,1+1+3,0.0003689523139919678,0.1,correct
8387,5,EC1,1+1+3,1+1+3,0.00012757354741480358,0.1,correct
8388,5,EC1,1+1+3,1+1+3,0.00015209105825128892,0.1,correct
8389,5,EC1,1+1+3,1+1+3,0.00015961068259988097,0.1,correct
8390,5,EC1,1+1+3,1+1+3,4.5698358832652064e-05,0.1,correct
8391,5,EC1,1+1+3,1+1+3,0.00920159041144519,0.1,correct
8392,5,EC1,1+1+3,1+1+3,0.0002802724924069436,0.1,correct
8393,5,EC1,1+1+3,1+1+3,0.001341500201267198,0.1,correct
8394,5,EC1,1+1+3,1+1+3,1.1737972567700577e-05,0.1,correct
8395,5,EC1,1+1+3,1+1+3,7.85777958459181e-05,0.1,correct
8396,5,EC1,1+1+3,1+1+3,0.0002954460018345453,0.1,correct
8397,5,EC1,1+1+3,1+1+3,8.057009370727483e-05,0.1,correct
8398,5,EC1,1+1+3,1+1+3,0.00021703303895949234,0.1,correct
8399,5,EC1,1+1+3,1+1+3,0.00023162350916949002,0.1,correct
8400,5,EC1,1+1+3,1+1+3,0.00012521781023479365,0.1,correct
8401,5,EC1,1+1+3,1+1+3,0.00019191573671799756,0.1,correct
8402,5,EC1,1+1+3,1+1+3,0.00020918893374171637,0.1,correct
8403,5,EC1,1+1+3,1+1+3,3.535562190093083e-05,0.1,correct
8404,5,EC1,1+1+3,1+1+3,4.8568405368086774e-05,0.1,correct
8405,5,EC1,1+1+3,1+1+3,0.00015895147058141485,0.1,correct
8406,5,EC1,1+1+3,1+1+3,0.00015865935207228987,0.1,correct
8409,5,EC1,1+1+3,1+1+3,4.68541353564406e-05,0.1,correct
8410,5,EC1,1+1+3,1+1+3,0.011941651585521972,0.1,correct
8411,5,EC1,1+1+3,1+1+3,0.010838035480657943,0.1,correct
8412,5,EC1,1+1+3,1+1+3,0.00047651747082346743,0.1,correct
8413,5,EC1,1+1+3,1+1+3,9.310988132311162e-05,0.1,correct
8414,5,EC1,1+1+3,1+1+3,0.00010098683082460311,0.1,correct
8415,5,EC1,1+1+3,1+1+3,0.0002881974670256826,0.1,correct
8416,5,EC1,1+1+3,1+1+3,7.72839569380602e-05,0.1,correct
8418,5,EC1,1+1+3,1+1+3,5.0684317101040173e-05,0.1,correct
8419,5,EC1,1+1+3,1+1+3,4.251811378698566e-05,0.1,correct
8420,5,EC1,1+1+3,1+1+3,0.0010937030812793714,0.1,correct
8421,5,EC1,1+1+3,1+1+3,0.0030802009317575144,0.1,correct
8423,5,EC1,1+1+3,1+1+3,0.0023888689080818104,0.1,correct
8424,5,EC1,1+1+3,1+1+3,0.00043608104751295614,0.1,correct
8425,5,EC1,1+1+3,1+1+3,4.162006727529178e-05,0.1,correct
8426,5,EC1,1+1+3,1+1+3,5.770623883080793e-05,0.1,correct
8427,5,EC1,1+1+3,1+1+3,7.992358850802497e-05,0.1,correct
8428,5,EC1,1+1+3,1+1+3,0.0001367032552648421,0.1,correct
8429,5,EC1,2+3,2+3,1.6650225223712423e-05,0.1,correct
8430,5,EC1,2+3,2+3,2.5000199999201846e-05,0.1,correct
8432,5,EC1,2+3,2+3,0.00039699987405540036,0.1,correct
8433,5,EC1,2+3,2+3,7.259869144825343e-05,0.1,correct
8434,5,EC1,1+1+3,1+1+3,0.003933763504584396,0.1,correct
8435,5,EC1,1+1+3,1+1+3,9.535276608466206e-05,0.1,correct
8436,5,EC1,5R2,5R2,0.0028343792248039,0.1,correct
8437,5,EC1,1+1+3,1+1+3,0.002570295844839648,0.1,correct
8438,5,EC1,5R2,5R2,0.01655477938542221,0.1,correct
8439,5,EC1,5R2,5R2,0.0002071024625638023,0.1,correct
8440,5,EC1,1+1+3,1+1+3,0.001736919048199995,0.1,correct
8441,5,EC1,5R2,5R2,0.0027147535394580575,0.1,correct
8442,5,EC1,1+1+3,1+1+3,0.0030708792845046727,0.1,correct
8443,5,EC1,1+1+3,1+1+3,0.0017349757981020885,0.1,correct
8444,5,EC1,1+1+3,1+1+3,0.00856532380298606,0.1,correct
8445,5,EC1,1+1+3,1+1+3,0.019688305027858555,0.1,correct
8446,5,EC1,1+1+3,1+1+3,0.008253159638586933,0.1,correct
8448,5,EC1,1+1+3,1+1+3,0.007913654152791862,0.1,correct
8449,5,EC1,1+1+3,1+1+3,0.007001887358419892,0.1,correct
8450,5,EC1,1+1+3,1+1+3,0.00832362631969983,0.1,correct
8451,5,EC1,1+1+3,1+1+3,0.007007338312797503,0.1,correct
8452,5,EC1,1+1+3,1+1+3,0.00010605611722100253,0.1,correct
8453,5,EC1,1+1+3,1+1+3,0.006439806587157763,0.1,correct
8454,5,EC1,1+1+3,1+1+3,4.5753141968612736e-05,0.1,correct
8455,5,EC1,1+1+3,1+1+3,8.265119478869141e-05,0.1,correct
8457,5,EC1,5R1,5R1,3.1216341874092716e-05,0.1,correct
8458,5,EC1,5R1,5R1,0.00021003459238896622,0.1,correct
8459,5,EC1,5R1,5R1,1.1808894952540655e-05,0.1,correct
8460,5,EC1,5R1,5R1,1.1808894952540655e-05,0.1,correct
8461,5,EC1,5R1,5R1,1.4433987667999188e-05,0.1,correct
8462,5,EC1,5R1,5R1,2.5786430540109014e-05,0.1,correct
8463,5,EC1,5R1,5R1,2.04533615818947e-05,0.1,correct
8464,5,EC1,5R1,5R1,8.30060238778147e-06,0.1,correct
8465,5,EC1,5R1,5R1,1.864886055501315e-05,0.1,correct
8466,5,EC1,5R1,5R1,1.187939392393214e-05,0.1,correct
8467,5,EC1,5R1,5R1,2.045336158190033e-05,0.1,correct
8468,5,EC1,5R1,5R1,1.1737972567700577e-05,0.1,correct
8469,5,EC1,5R1,5R1,8.400595217012606e-06,0.1,correct
8470,5,EC1,5R1,5R1,0.000142910251556698,0.1,correct
8473,5,EC1,5R1,5R1,0.003317944897071082,0.1,correct
8475,5,EC1,5R1,5R1,0.006510252300026473,0.1,correct
8476,5,EC1,5R1,5R1,0.006475646814797737,0.1,correct
8477,5,EC1,1+1+3,1+1+3,0.00015243414971723835,0.1,correct
8478,5,EC1,1+1+3,1+1+3,0.00020095439781200498,0.1,correct
8479,5,EC1,1+1+3,1+1+3,0.000255960426628795,0.1,correct
8480,5,EC1,1+1+3,1+1+3,0.00027969166952200786,0.1,correct
8481,5,EC1,1+1+3,1+1+3,0.00015963148185746637,0.1,correct
8482,5,EC1,1+1+3,1+1+3,0.010774937921862918,0.1,correct
8483,5,EC1,1+1+3,1+1+3,0.00020672933995925346,0.1,correct
8484,5,EC1,1+1+3,1+1+3,0.00014732131549770924,0.1,correct
8485,5,EC1,1+1+3,1+1+3,0.0002544972887871618,0.1,correct
8486,5,EC1,1+1+3,1+1+3,4.566333321166526e-05,0.1,correct
8490,5,EC1,5R1,5R1,0.0016588851738441794,0.1,correct
8491,5,EC1,5R1,5R1,0.004035363434685902,0.1,correct
8492,5,EC1,5R1,5R1,0.006551078325741492,0.1,correct
8493,5,EC1,5R1,5R1,0.002629882022068679,0.1,correct
8494,5,EC1,5R1,5R1,0.0032781226853185394,0.1,correct
8495,5,EC1,5R1,5R1,0.0017102754836575264,0.1,correct
8496,5,EC1,5R1,5R1,0.0015136563612656675,0.1,correct
8497,5,EC1,5R1,5R1,0.0029468794257654926,0.1,correct
8498,5,EC1,5R1,5R1,0.0015838946808421396,0.1,correct
8499,5,EC1,5R1,5R1,0.003161344868880966,0.1,correct
8500,5,EC1,5R1,5R1,0.003524611799900798,0.1,correct
8501,5,EC1,1+1+3,1+1+3,0.0060598629415194085,0.1,correct
8502,5,EC1,1+1+3,1+1+3,0.0036455049197607987,0.1,correct
8503,5,EC1,1+1+3,1+1+3,0.0119449454921318,0.1,correct
8504,5,EC1,1+1+3,1+1+3,0.0038486623312522505,0.1,correct
8505,5,EC1,1+1+3,1+1+3,0.0038486623312522505,0.1,correct
8506,5,EC1,1+1+3,1+1+3,0.005766881046111485,0.1,correct
8507,5,EC1,1+1+3,1+1+3,0.004539606789139312,0.1,correct
8508,5,EC1,1+1+3,1+1+3,0.006150313534284241,0.1,correct
8509,5,EC1,1+1+3,1+1+3,0.004699780610837065,0.1,correct
8510,5,EC1,1+1+3,1+1+3,0.005766881046111485,0.1,correct
8511,5,EC1,1+1+3,1+1+3,0.012730688273223871,0.1,correct
8512,5,EC1,1+1+3,1+1+3,0.007803724586375402,0.1,correct
8513,5,EC1,5R1,5R1,0.0027025964885642813,0.1,correct
8514,5,EC1,5R1,5R1,0.0027419810374982607,0.1,correct
8515,5,EC1,5R1,5R1,0.003223215960806843,0.1,correct
8516,5,EC1,5R1,5R1,0.006981488167289273,0.1,correct
8517,5,EC1,1+1+3,1+1+3,0.005924400815272392,0.1,correct
8518,5,EC1,1+1+3,1+1+3,0.00417401881045118,0.1,correct
8519,5,EC1,1+1+3,1+1+3,0.006359235716656522,0.1,correct
8520,5,EC1,1+1+3,1+1+3,0.006061388023382106,0.1,correct
8521,5,EC1,1+1+3,1+1+3,0.0065771939708358955,0.1,correct
8522,5,EC1,1+1+3,1+1+3,0.0033058837471998228,0.1,correct
8523,5,EC1,5R1,5R1,0.003764934121601605,0.1,correct
8524,5,EC1,5R1,5R1,0.004405943493736617,0.1,correct
8525,5,EC1,1+1+3,1+1+3,0.007548305240250946,0.1,correct
8526,5,EC1,1+1+3,1+1+3,0.009187208498776963,0.1,correct
8527,5,EC1,1+1+3,1+1+3,0.00362947048479527,0.1,correct
8528,5,EC1,1+1+3,1+1+3,0.005447552810207516,0.1,correct
8529,5,EC1,1+1+3,1+1+3,0.009187208498776963,0.1,correct
8530,5,EC1,1+1+3,1+1+3,0.008056539449416259,0.1,correct
8531,5,EC1,1+1+3,1+1+3,0.010461276003432855,0.1,correct
8532,5,EC1,1+1+3,1+1+3,0.007581058501291223,0.1,correct
8533,5,EC1,1+1+3,1+1+3,0.011317616710244264,0.1,correct
8535,5,EC1,1+1+3,1+1+3,0.006278878880819407,0.1,correct
8536,5,EC1,1+1+3,1+1+3,0.006278878880819407,0.1,correct
8537,5,EC1,1+1+3,1+1+3,0.003243325685157153,0.1,correct
8538,5,EC1,1+1+3,1+1+3,0.00799479264083816,0.1,correct
8539,5,EC1,1+1+3,1+1+3,0.0055370735953208985,0.1,correct
8540,5,EC1,1+1+3,1+1+3,0.00015243414971723835,0.1,correct
8541,5,EC1,1+1+3,1+1+3,0.00020095439781200498,0.1,correct
8542,5,EC1,1+1+3,1+1+3,0.000255960426628795,0.1,correct
8543,5,EC1,1+1+3,1+1+3,0.0108623916335216,0.1,correct
8544,5,EC1,1+1+3,1+1+3,0.010517617252971312,0.1,correct
8545,5,EC1,1+1+3,1+1+3,0.0049597693262892675,0.1,correct
8546,5,EC1,1+1+3,1+1+3,0.006199876952004775,0.1,correct
8547,5,EC1,1+1+3,1+1+3,0.002918410342977828,0.1,correct
8548,5,EC1,1+1+3,1+1+3,0.0040371310147182555,0.1,correct
8549,5,EC1,1+1+3,1+1+3,0.008289470530136426,0.1,correct
8550,5,EC1,1+1+3,1+1+3,0.005374855495731952,0.1,correct
8551,5,EC1,1+1+3,1+1+3,0.0015570289271557834,0.1,correct
8552,5,EC1,1+1+3,1+1+3,0.004419961879926123,0.1,correct
8553,5,EC1,1+1+3,1+1+3,0.005271846007804105,0.1,correct
8554,5,EC1,1+1+3,1+1+3,0.004369639116677724,0.1,correct
8555,5,EC1,1+1+3,1+1+3,0.012848802590124907,0.1,correct
8556,5,EC1,1+1+3,1+1+3,0.005772438016990753,0.1,correct
8557,5,EC1,1+1+3,1+1+3,0.002918410342977828,0.1,correct
8558,5,EC1,1+1+3,1+1+3,0.007715299392116946,0.1,correct
8559,5,EC1,1+1+3,1+1+3,0.007633539873479378,0.1,correct
8560,5,EC1,1+1+3,1+1+3,0.0060032681016259455,0.1,correct
8561,5,EC1,1+1+3,1+1+3,0.005880244152243976,0.1,correct
8562,5,EC1,1+1+3,1+1+3,0.002828578777407491,0.1,correct
8563,5,EC1,1+1+3,1+1+3,0.003341052925351557,0.1,correct
8564,5,EC1,1+1+3,1+1+3,0.011229170020086087,0.1,correct
8565,5,EC1,1+1+3,1+1+3,0.012008573909086823,0.1,correct
8566,5,EC1,1+1+3,1+1+3,0.00892413626072574,0.1,correct
8567,5,EC1,1+1+3,1+1+3,0.011069483226420283,0.1,correct
8568,5,EC1,1+1+3,1+1+3,0.011551520282629494,0.1,correct
8569,5,EC1,1+1+3,1+1+3,0.010996303847657162,0.1,correct
8570,5,EC1,1+1+3,1+1+3,0.010865007651170815,0.1,correct
8571,5,EC1,1+1+3,1+1+3,0.013091777475194135,0.1,correct
8572,5,EC1,1+1+3,1+1+3,0.0175392984554685,0.1,correct
8573,5,EC1,1+1+3,1+1+3,0.0018414413566551606,0.1,correct
8574,5,EC1,1+1+3,1+1+3,0.0016512620264512623,0.1,correct
8575,5,EC1,1+1+3,1+1+3,0.016490681754857826,0.1,correct
8577,5,EC1,1+1+3,1+1+3,0.0018414413566551606,0.1,correct
8578,5,EC1,1+1+3,1+1+3,0.0016512620264512623,0.1,correct
8585,5,EC1,1+1+3,1+1+3,0.008928657881227183,0.1,correct
8586,5,EC1,1+1+3,1+1+3,0.0074493668784669205,0.1,correct
8587,5,EC1,1+1+3,1+1+3,0.0034874449099591494,0.1,correct
8588,5,EC1,1+1+3,1+1+3,0.011643990956282995,0.1,correct
8590,5,EC1,1+1+3,1+1+3,0.00552928767292858,0.1,correct
8591,5,EC1,1+1+3,1+1+3,0.0035229512840798797,0.1,correct
8592,5,EC1,1+1+3,1+1+3,0.005179555326473485,0.1,correct
8593,5,EC1,5R1,5R1,0.001341484778146965,0.1,correct
8594,5,EC1,5R1,5R1,0.001528755945205126,0.1,correct
8595,5,EC1,5R1,5R1,0.0019798764885719513,0.1,correct
8596,5,EC1,5R1,5R1,0.003669056570836701,0.1,correct
8597,5,EC1,5R1,5R1,0.0036512377819035583,0.1,correct
8598,5,EC1,1+1+3,1+1+3,0.0024775954512389724,0.1,correct
8599,5,EC1,1+1+3,1+1+3,0.00417401881045118,0.1,correct
8600,5,EC1,1+1+3,1+1+3,0.008324793171604937,0.1,correct
8601,5,EC1,1+1+3,1+1+3,0.008313315437898433,0.1,correct
8602,5,EC1,1+1+3,1+1+3,0.006707317456330816,0.1,correct
8603,5,EC1,1+1+3,1+1+3,0.004938634385131178,0.1,correct
8604,5,EC1,1+1+3,1+1+3,0.00788531252963382,0.1,correct
8607,5,EC1,5R1,5R1,0.002823639544984442,0.1,correct
8608,5,EC1,5R1,5R1,0.000882313578043543,0.1,correct
8609,5,EC1,1+1+3,1+1+3,0.0036228720347260346,0.1,correct
8610,5,EC1,1+1+3,1+1+3,0.006331638639404479,0.1,correct
8611,5,EC1,1+1+3,1+1+3,0.003400140364749662,0.1,correct
8612,5,EC1,5R1,5R1,0.0027050877268584126,0.1,correct
8613,5,EC1,5R1,5R1,0.0024415538105886556,0.1,correct
8614,5,EC1,1+1+3,1+1+3,0.006131370949469608,0.1,correct
8615,5,EC1,1+1+3,1+1+3,0.0033058837471998228,0.1,correct
8616,5,EC1,1+1+3,1+1+3,0.014205311816007486,0.1,correct
8617,5,EC1,1+1+3,1+1+3,0.024149652130413812,0.1,correct
8618,5,EC1,1+1+3,1+1+3,0.015892709977848318,0.1,correct
8619,5,EC1,1+1+3,1+1+3,0.011544696878220783,0.1,correct
8621,5,EC1,1+1+3,1+1+3,0.013275882285558243,0.1,correct
8622,5,EC1,1+1+3,1+1+3,0.01804546260144085,0.1,correct
8623,5,EC1,1+1+3,1+1+3,0.011105850264162569,0.1,correct
8624,5,EC1,1+1+3,1+1+3,0.011381618865521775,0.1,correct
8625,5,EC1,1+1+3,1+1+3,0.010774937921862918,0.1,correct
8630,5,EC1,1+1+3,1+1+3,0.008135201411766057,0.1,correct
8631,5,EC1,1+1+3,1+1+3,0.008325808218425402,0.1,correct
8632,5,EC1,1+1+3,1+1+3,0.007264018901407112,0.1,correct
8633,5,EC1,1+1+3,1+1+3,0.007300158621564321,0.1,correct
8634,5,EC1,1+1+3,1+1+3,0.010607173963408012,0.1,correct
8635,5,EC1,1+1+3,1+1+3,0.007827722046674871,0.1,correct
8636,5,EC1,1+1+3,1+1+3,0.009272830936127352,0.1,correct
8637,5,EC1,1+1+3,1+1+3,0.002951853116264407,0.1,correct
8638,5,EC1,1+1+3,1+1+3,0.01007907507661295,0.1,correct
8641,5,EC1,1+1+3,1+1+3,0.0051576623105821775,0.1,correct
8642,5,EC1,1+1+3,1+1+3,0.009834834596473965,0.1,correct
8643,5,EC1,1+1+3,1+1+3,0.008251462022575139,0.1,correct
8644,5,EC1,1+1+3,1+1+3,0.010208976819446724,0.1,correct
8645,5,EC1,1+1+3,1+1+3,0.009757368634011943,0.1,correct
8650,5,EC1,5R1,5R1,0.0035399798332758866,0.1,correct
8651,5,EC1,5R1,5R1,0.0035344786150152273,0.1,correct
8652,5,EC1,5R1,5R1,0.001341484778146965,0.1,correct
8654,5,EC1,5R1,5R1,0.002061582785143497,0.1,correct
8655,5,EC1,5R1,5R1,0.00502641258752203,0.1,correct
8656,5,EC1,5R1,5R1,0.002890219123180803,0.1,correct
8657,5,EC1,5R1,5R1,0.002148549319890049,0.1,correct
8658,5,EC1,5R1,5R1,0.002668870238509177,0.1,correct
8660,5,EC1,5R1,5R1,0.002768241111247353,0.1,correct
8661,5,EC1,5R1,5R1,0.002061582785143497,0.1,correct
8662,5,EC1,1+1+3,1+1+3,0.01796337822153729,0.1,correct
8663,5,EC1,1+1+3,1+1+3,0.004188908694397618,0.1,correct
8664,5,EC1,1+1+3,1+1+3,0.005616048510296188,0.1,correct
8665,5,EC1,1+1+3,1+1+3,0.005513533594710394,0.1,correct
8666,5,EC1,1+1+3,1+1+3,0.004090191022434033,0.1,correct
8667,5,EC1,1+1+3,1+1+3,0.005616048510296188,0.1,correct
8668,5,EC1,1+1+3,1+1+3,0.001637876674234054,0.1,correct
8669,5,EC1,1+1+3,1+1+3,0.006806308478903962,0.1,correct
8670,5,EC1,1+1+3,1+1+3,0.004435571825593606,0.1,correct
8672,5,EC1,1+1+3,1+1+3,0.00027969166952200786,0.1,correct
8673,5,EC1,1+1+3,1+1+3,0.00015963148185746637,0.1,correct
8675,5,EC1,1+1+3,1+1+3,0.00020672933995925346,0.1,correct
8676,5,EC1,1+1+3,1+1+3,0.00014732131549770924,0.1,correct
8677,5,EC1,1+1+3,1+1+3,0.0002544972887871618,0.1,correct
8678,5,EC1,1+1+3,1+1+3,4.566333321166526e-05,0.1,correct
8682,5,EC1,1+1+3,1+1+3,0.011203192134387432,0.1,correct
8683,5,EC1,1+1+3,1+1+3,0.006268130658338253,0.1,correct
8684,5,EC1,1+1+3,1+1+3,0.006889128827362705,0.1,correct
8685,5,EC1,1+1+3,1+1+3,0.005077379076846646,0.1,correct
8686,5,EC1,1+1+3,1+1+3,0.004529480323392523,0.1,correct
8687,5,EC1,1+1+3,1+1+3,0.006883396835865246,0.1,correct
8688,5,EC1,1+1+3,1+1+3,0.005743627454840718,0.1,correct
8689,5,EC1,1+1+3,1+1+3,0.008766311596104729,0.1,correct
8690,5,EC1,1+1+3,1+1+3,0.007785136671889591,0.1,correct
8691,5,EC1,1+1+3,1+1+3,0.005789641549353476,0.1,correct
8693,5,EC1,1+1+3,1+1+3,0.009393754611974907,0.1,correct
8694,5,EC1,1+1+3,1+1+3,0.008664299163810084,0.1,correct
8695,5,EC1,1+1+3,1+1+3,0.0027741661395813957,0.1,correct
8696,5,EC1,1+1+3,1+1+3,0.002447050824972762,0.1,correct
8697,5,EC1,1+1+3,1+1+3,0.0042352327740042784,0.1,correct
8698,5,EC1,1+1+3,1+1+3,0.00815122832277443,0.1,correct
8699,5,EC1,1+1+3,1+1+3,0.004502485205972358,0.1,correct
8700,5,EC1,1+1+3,1+1+3,0.003960458768880172,0.1,correct
8706,5,EC1,5R1,5R1,0.0021722538986039337,0.1,correct
8707,5,EC1,5R1,5R1,0.0017152557010545121,0.1,correct
8708,5,EC1,5R1,5R1,0.0026315634744387287,0.1,correct
8709,5,EC1,5R1,5R1,0.002350274877540935,0.1,correct
8710,5,EC1,1+1+3,1+1+3,0.006033917467118697,0.1,correct
8711,5,EC1,1+1+3,1+1+3,0.005681394618401353,0.1,correct
8712,5,EC1,1+1+3,1+1+3,0.004673239561588956,0.1,correct
8713,5,EC1,5R1,5R1,0.00294779709444188,0.1,correct
8714,5,EC1,5R1,5R1,0.0033473617790731845,0.1,correct
8715,5,EC1,5R1,5R1,0.0017152557010545121,0.1,correct
8716,5,EC1,5R1,5R1,0.0036132289271508995,0.1,correct
8717,5,EC1,5R1,5R1,0.0017154122507432312,0.1,correct
8718,5,EC1,5R1,5R1,0.00244621643972891,0.1,correct
14,6,EC1,6i,6i,0.011445523142259592,0.1,correct
15,6,EC1,6i,6i,0.00790632658065678,0.1,correct
16,6,EC1,6i,6i,0.01972308292331602,0.1,correct
17,6,EC1,6i,6i,0.008752142594816416,0.1,correct
18,6,EC1,6i,6i,0.007483314773547889,0.1,correct
20,6,EC1,6i,6i,0.01124855546281388,0.1,correct
40,6,EC1,6i,6i,0.012922847983320076,0.1,correct
153,6,EC1,6i,6i,0.0059033557312769165,0.1,correct
154,6,EC1,6i,6i,0.02034698994937581,0.1,correct
188,6,EC1,6i,6i,0.02080865204668479,0.1,correct
215,6,EC1,6i,6i,0.03508560958569767,0.1,correct
231,6,EC1,6i,6i,0.02080865204668479,0.1,correct
245,6,EC1,6i,6i,0.01774823934929885,0.1,correct
265,6,EC1,6i,6i,0.012041594578792295,0.1,correct
266,6,EC1,6i,6i,0.0128062484748657,0.1,correct
267,6,EC1,6i,6i,0.013638181696985852,0.1,correct
380,6,EC1,6i,6i,0.039610604640676714,0.1,correct
381,6,EC1,6i,6i,0.0128062484748657,0.1,correct
410,6,EC1,6i,6i,0.011489125293076049,0.1,correct
412,6,EC1,6i,6i,0.020258331619360956,0.1,correct
413,6,EC1,6i,6i,0.04854348565976695,0.1,correct
444,6,EC1,6i,6i,0.038393749491290895,0.1,correct
465,6,EC1,6i,6i,0.014456832294800964,0.1,correct
502,6,EC1,6i,6i,0.01322951246267223,0.1,correct
503,6,EC1,6i,6i,0.041284326885998764,0.1,correct
523,6,EC1,6i,6i,0.010962207806824324,0.1,correct
524,6,EC1,6i,6i,0.03351119216023207,0.1,correct
525,6,EC1,6i,6i,0.007483314773547889,0.1,correct
526,6,EC1,6i,6i,0.03685105154537655,0.1,correct
527,6,EC1,6i,6i,0.011135528725660036,0.1,correct
528,6,EC1,6i,6i,0.016904733065032408,0.1,correct
562,6,EC1,6i,6i,0.011090536506409412,0.1,correct
563,6,EC1,6i,6i,0.011090536506409412,0.1,correct
595,6,EC1,6i,6i,0.01635579850695159,0.1,correct
596,6,EC1,6i,6i,0.014452681412111739,0.1,correct
600,6,EC1,6i,6i,0.010951255635770719,0.1,correct
684,6,EC1,6i,6i,0.008200000000000002,0.1,correct
685,6,EC1,6i,6i,0.014703060905811409,0.1,correct
686,6,EC1,6i,6i,0.00964313227120732,0.1,correct
697,6,EC1,6i,6i,0.00964313227120732,0.1,correct
728,6,EC1,6i,6i,0.005631163290120433,0.1,correct
729,6,EC1,6i,6i,0.007012845356914696,0.1,correct
730,6,EC1,6i,6i,0.010073728207570423,0.1,correct
731,6,EC1,6i,6i,0.0066121101019266165,0.1,correct
759,6,EC1,6i,6i,0.009617692030835675,0.1,correct
771,6,EC1,6i,6i,0.014703060905811409,0.1,correct
941,6,EC1,6i,6i,0.008024337978923868,0.1,correct
942,6,EC1,6i,6i,0.0066121101019266165,0.1,correct
943,6,EC1,6i,6i,0.007080254232723566,0.1,correct
944,6,EC1,6i,6i,0.006727555276621665,0.1,correct
945,6,EC1,6i,6i,0.008875809822207776,0.1,correct
946,6,EC1,6i,6i,0.005631163290120433,0.1,correct
947,6,EC1,6i,6i,0.007791020472312984,0.1,correct
948,6,EC1,6i,6i,0.010393748120865735,0.1,correct
1038,6,EC1,6i,6i,0.005115978782207759,0.1,correct
1223,6,EC1,6i,6i,0.02147067767910459,0.1,correct
1224,6,EC1,6i,6i,0.014003928020380564,0.1,correct
1225,6,EC1,6i,6i,0.01322951246267223,0.1,correct
1226,6,EC1,6i,6i,0.016170652429633135,0.1,correct
1227,6,EC1,6i,6i,0.021245705448395925,0.1,correct
1268,6,EC1,6i,6i,0.021245705448395925,0.1,correct
1269,6,EC1,6i,6i,0.017358859409534952,0.1,correct
1339,6,EC1,6i,6i,0.005926212956011618,0.1,correct
1340,6,EC1,6i,6i,0.007012845356914696,0.1,correct
1586,6,EC1,6i,6i,0.006727555276621665,0.1,correct
1593,6,EC1,6R,6R,0.06327945954257197,0.1,correct
1660,6,EC1,6i,6i,0.014003928020380564,0.1,correct
1676,6,EC1,6i,6i,0.048685007959329736,0.1,correct
1721,6,EC1,6i,6i,0.018417383093154143,0.1,correct
1735,6,EC1,6i,6i,0.010996363035113019,0.1,correct
1950,6,EC1,6i,6i,0.010266450214168481,0.1,correct
1975,6,EC1,6i,6i,0.015161134522191927,0.1,correct
2012,6,EC1,6R,6R,0.016983815825661792,0.1,correct
2026,6,EC1,6R,6R,0.019077735714701612,0.1,correct
2027,6,EC1,6i,6i,0.010962207806824324,0.1,correct
2116,6,EC1,6i,6i,0.008369587803470375,0.1,correct
2117,6,EC1,6i,6i,0.007030647196382428,0.1,correct
2179,6,EC1,6i,6i,0.026663843015589477,0.1,correct
2545,6,EC1,6i,6i,0.009380831519646858,0.1,correct
2546,6,EC1,6i,6i,0.011678716634545085,0.1,correct
2547,6,EC1,6i,6i,0.010392304845413262,0.1,correct
2548,6,EC1,6i,6i,0.009662815324738437,0.1,correct
2633,6,EC1,6i,6i,0.017147886167105258,0.1,correct
2643,6,EC1,6i,6i,0.01863384018392343,0.1,correct
2644,6,EC1,6i,6i,0.023388031127053,0.1,correct
2685,6,EC1,6i,6i,0.017269336987852196,0.1,correct
2734,6,EC1,6i,6i,0.019824227601599007,0.1,correct
2749,6,EC1,6i,6i,0.012578155667664473,0.1,correct
2880,6,EC1,6i,6i,0.005064582904840239,0.1,correct
2881,6,EC1,6i,6i,0.012083045973594568,0.1,correct
2922,6,EC1,6i,6i,0.019849433241279205,0.1,correct
2955,6,EC1,6i,6i,0.011445523142259592,0.1,correct
3013,6,EC1,6i,6i,0.01950512753098528,0.1,correct
3014,6,EC1,6i,6i,0.010266450214168481,0.1,correct
3015,6,EC1,6i,6i,0.018788294228055932,0.1,correct
3016,6,EC1,6i,6i,0.01060188662455886,0.1,correct
3039,6,EC1,6i,6i,0.008369587803470375,0.1,correct
3176,6,EC1,6i,6i,0.01774823934929885,0.1,correct
3209,6,EC1,6i,6i,0.009463132762462965,0.1,correct
3263,6,EC1,6i,6i,0.009380831519646858,0.1,correct
3299,6,EC1,6i,6i,0.011489125293076049,0.1,correct
3326,6,EC1,6i,6i,0.005926212956011618,0.1,correct
3327,6,EC1,6i,6i,0.01033907550170711,0.1,correct
3350,6,EC1,6i,6i,0.009662815324738437,0.1,correct
3351,6,EC1,6i,6i,0.005064582904840239,0.1,correct
3352,6,EC1,6i,6i,0.008886506625215564,0.1,correct
3367,6,EC1,6i,6i,0.007673982017179862,0.1,correct
3368,6,EC1,6i,6i,0.0131373513312235,0.1,correct
3383,6,EC1,6i,6i,0.017269336987852196,0.1,correct
3402,6,EC1,6i,6i,0.01859167729765123,0.1,correct
3403,6,EC1,6i,6i,0.00790632658065678,0.1,correct
3404,6,EC1,6i,6i,0.008886506625215564,0.1,correct
3515,6,EC1,6i,6i,0.01680118229976689,0.1,correct
3516,6,EC1,6i,6i,0.01679652387013456,0.1,correct
3518,6,EC1,6i,6i,0.010718675291284837,0.1,correct
3520,6,EC1,6i,6i,0.01771270730295061,0.1,correct
3521,6,EC1,6i,6i,0.015733268048946484,0.1,correct
3522,6,EC1,6i,6i,0.012096803251272624,0.1,correct
3523,6,EC1,6i,6i,0.008257723657279885,0.1,correct
3525,6,EC1,6i,6i,0.008652167358529304,0.1,correct
3555,6,EC1,6i,6i,0.01925149344856134,0.1,correct
3556,6,EC1,6i,6i,0.012854403202016034,0.1,correct
3833,6,EC1,6i,6i,0.013928388277184116,0.1,correct
3835,6,EC1,6i,6i,0.006708203932499357,0.1,correct
3836,6,EC1,6i,6i,0.014491376746189433,0.1,correct
3938,6,EC1,6i,6i,0.007271013035334207,0.1,correct
3939,6,EC1,6i,6i,0.017860571099491768,0.1,correct
3957,6,EC1,6i,6i,0.007762320153794231,0.1,correct
3958,6,EC1,6i,6i,0.010537772140258101,0.1,correct
3959,6,EC1,6i,6i,0.01303840481040529,0.1,correct
3990,6,EC1,6i,6i,0.011828413648921812,0.1,correct
3991,6,EC1,6i,6i,0.0124847907471451,0.1,correct
3992,6,EC1,6i,6i,0.0131373513312235,0.1,correct
4013,6,EC1,6i,6i,0.014456832294800959,0.1,correct
4014,6,EC1,6i,6i,0.034856850115866776,0.1,correct
4015,6,EC1,6i,6i,0.013341664064126346,0.1,correct
4085,6,EC1,6i,6i,0.008431396418150442,0.1,correct
4086,6,EC1,6i,6i,0.007464012772631094,0.1,correct
4087,6,EC1,6i,6i,0.01334166406412633,0.1,correct
4088,6,EC1,6i,6i,0.010392304845413262,0.1,correct
4089,6,EC1,6i,6i,0.006446742847360991,0.1,correct
4090,6,EC1,6i,6i,0.006708203932499357,0.1,correct
4128,6,EC2,6R,6R,0.028517012466245478,0.1,correct
4129,6,EC2,6i,6i,0.0661879898471014,0.1,correct
4143,6,EC2,6R,6R,0.03416357709608289,0.1,correct
4145,6,EC2,6R,6R,0.031235781999495407,0.1,correct
4151,6,EC2,6R,6R,0.024873479853048337,0.1,correct
4183,6,EC2,6R,6R,0.04159915864533802,0.1,correct
4184,6,EC2,6R,6R,0.018046329266640338,0.1,correct
4193,6,EC2,6R,6R,0.025267172378404385,0.1,correct
4218,6,EC2,6R,6R,0.03696958209122737,0.1,correct
4222,6,EC2,6R,6R,0.019356135978030337,0.1,correct
4247,6,EC2,6R,6R,0.013490366933482557,0.1,correct
4251,6,EC2,6R,6R,0.010138540328863892,0.1,correct
4253,6,EC2,6R,6R,0.03560491539099624,0.1,correct
4256,6,EC2,6R,6R,0.01607233648229154,0.1,correct
4293,6,EC2,6R,6R,0.019356135978030337,0.1,correct
4301,6,EC2,6R,6R,0.05727608576011459,0.1,correct
4307,6,EC2,6R,6R,0.049011325221830104,0.1,correct
4341,6,EC2,6R,6R,0.03346610225287672,0.1,correct
4358,6,EC2,6R,6R,0.010138540328863892,0.1,correct
4360,6,EC2,6R,6R,0.02289606953169036,0.1,correct
4417,6,EC2,6R,6R,0.013490366933482557,0.1,correct
4418,6,EC2,6R,6R,0.019185411124080738,0.1,correct
4424,6,EC2,6R,6R,0.02320258606276461,0.1,correct
4451,6,EC2,6R,6R,0.02314670602915241,0.1,correct
4453,6,EC2,6R,6R,0.019185411124080738,0.1,correct
4465,6,EC2,6R,6R,0.009350401060917106,0.1,correct
4468,6,EC2,6R,6R,0.015043603291764915,0.1,correct
4469,6,EC2,6R,6R,0.016934580006601873,0.1,correct
4471,6,EC2,6R,6R,0.015043603291764915,0.1,correct
4474,6,EC2,6R,6R,0.0076177424477334565,0.1,correct
4475,6,EC2,6R,6R,0.021770163067832093,0.1,correct
4476,6,EC2,6R,6R,0.01155984428960877,0.1,correct
4477,6,EC2,6R,6R,0.0076177424477334565,0.1,correct
4488,6,EC2,6R,6R,0.018656366205668223,0.1,correct
4489,6,EC2,6R,6R,0.010832358930537675,0.1,correct
4494,6,EC2,6R,6R,0.010832358930537675,0.1,correct
4497,6,EC2,6R,6R,0.009350401060917106,0.1,correct
4498,6,EC2,6R,6R,0.027679234093449873,0.1,correct
4516,6,EC2,6R,6R,0.01577868046193975,0.1,correct
4523,6,EC2,6R,6R,0.01789916199155703,0.1,correct
4524,6,EC2,6R,6R,0.016983815825661792,0.1,correct
4528,6,EC2,6R,6R,0.014738385257551103,0.1,correct
4531,6,EC2,6R,6R,0.013855684753919621,0.1,correct
4558,6,EC2,6R,6R,0.03271543978001825,0.1,correct
4593,6,EC2,6R,6R,0.0275288939116703,0.1,correct
4594,6,EC2,6R,6R,0.020163829001457047,0.1,correct
4616,6,EC2,6R,6R,0.014738385257551103,0.1,correct
4623,6,EC2,6i,6i,0.010871062505569535,0.1,correct
4627,6,EC2,6i,6i,0.01581107206991354,0.1,correct
4628,6,EC2,6i,6i,0.010996363035113019,0.1,correct
4634,6,EC2,6R,6R,0.018046329266640338,0.1,correct
4711,6,EC2,6i,6i,0.010951255635770719,0.1,correct
4714,6,EC2,6R,6R,0.01686949910341142,0.1,correct
4719,6,EC2,6R,6R,0.009455157322858244,0.1,correct
4722,6,EC2,6R,6R,0.013855684753919621,0.1,correct
4732,6,EC2,6R,6R,0.009455157322858244,0.1,correct
4743,6,EC2,6R,6R,0.03664232525372811,0.1,correct
4747,6,EC2,6R,6R,0.015174649913589439,0.1,correct
4780,6,EC2,6R,6R,0.03544869532154884,0.1,correct
4839,6,EC2,6R,6R,0.022549057629976495,0.1,correct
4853,6,EC2,6R,6R,0.015174649913589439,0.1,correct
4864,6,EC2,6R,6R,0.02052047757728855,0.1,correct
4892,6,EC2,6R,6R,0.022366939889041586,0.1,correct
4894,6,EC2,6R,6R,0.018326210737629304,0.1,correct
4924,6,EC2,6R,6R,0.018326210737629304,0.1,correct
4977,6,EC1,6i,6i,0.007464012772631094,0.1,correct
4983,6,EC1,6i,6i,0.005539343856450861,0.1,correct
4987,6,EC1,6i,6i,0.008671266602405909,0.1,correct
5000,6,EC1,6i,6i,0.013630224727421042,0.1,correct
5003,6,EC1,6i,6i,0.007917562090062828,0.1,correct
5045,6,EC1,6i,6i,0.007271013035334207,0.1,correct
5048,6,EC1,6i,6i,0.008073855165904326,0.1,correct
5055,6,EC1,6i,6i,0.010537772140258101,0.1,correct
5149,6,EC1,6i,6i,0.014223341605614344,0.1,correct
5933,6,EC1,6i,6i,0.04754708362949298,0.1,correct
6006,6,EC1,6i,6i,0.058491190585591595,0.1,correct
6048,6,EC1,6i,6i,0.005115978782207759,0.1,correct
6053,6,EC1,6i,6i,0.009926426234048191,0.1,correct
6058,6,EC1,6i,6i,0.027965089228715143,0.1,correct
6073,6,EC1,6i,6i,0.008431396418150442,0.1,correct
6080,6,EC1,6i,6i,0.010283475715437857,0.1,correct
6366,6,EC1,6i,6i,0.012096803251272624,0.1,correct
6382,6,EC1,6i,6i,0.005640769110679852,0.1,correct
6500,6,EC1,6i,6i,0.03436568517838688,0.1,correct
6718,6,EC1,6i,6i,0.029959649304022236,0.1,correct
7567,6,EC1,6i,6i,0.018084152279551288,0.1,correct
7623,6,EC1,6i,6i,0.0059033557312769165,0.1,correct
7624,6,EC1,6i,6i,0.007134790168603415,0.1,correct
7642,6,EC1,6i,6i,0.015806157357498376,0.1,correct
7673,6,EC1,6i,6i,0.01680118229976689,0.1,correct
7734,6,EC1,6i,6i,0.007798594852920631,0.1,correct
7882,6,EC1,6i,6i,0.01033907550170711,0.1,correct
7883,6,EC1,6i,6i,0.009778243606599298,0.1,correct
7886,6,EC1,6i,6i,0.01276756811338792,0.1,correct
7896,6,EC2,6R,6R,0.01577868046193975,0.1,correct
7918,6,EC2,6i,6i,0.019299795742183393,0.1,correct
7956,6,EC2,6R,6R,0.0567269834768252,0.1,correct
7970,6,EC2,6R,6R,0.04854794779977831,0.1,correct
8018,6,EC2,6R,6R,0.021070876174948183,0.1,correct
8049,6,EC1,6i,6i,0.011722464685380796,0.1,correct
8052,6,EC1,6i,6i,0.009778243606599298,0.1,correct
8061,6,EC1,6i,6i,0.011225259115049414,0.1,correct
8141,6,EC1,6i,6i,0.005640769110679852,0.1,correct
8174,6,EC1,6i,6i,0.011473606718028991,0.1,correct
8176,6,EC1,6i,6i,0.015667356653245618,0.1,correct
8178,6,EC1,6i,6i,0.012231760091663015,0.1,correct
8179,6,EC1,6i,6i,0.012231760091663015,0.1,correct
8260,6,EC1,6i,6i,0.01276756811338792,0.1,correct
8273,6,EC1,6i,6i,0.007762320153794231,0.1,correct
8474,6,EC1,6i,6i,0.017014739799656065,0.1,correct
8489,6,EC1,6i,6i,0.017613070809770794,0.1,correct
8629,6,EC1,6i,6i,0.030139869352901978,0.1,correct
8653,6,EC1,6i,6i,0.005539343856450861,0.1,correct
22,7,EC1,7i,7i,0.013087780560507582,0.1,correct
23,7,EC1,7i,7D1,0.02467792535850613,0.1,mismatch
24,7,EC1,7D1,7D1,0.02854820484724039,0.1,correct
25,7,EC1,7D1,7D1,0.02854820484724039,0.1,correct
26,7,EC1,7D1,7D1,0.02467792535850613,0.1,correct
27,7,EC1,7D1,7D1,0.04357751713900184,0.1,correct
28,7,EC1,7D1,7D1,0.027982137159266438,0.1,correct
29,7,EC1,7D1,7D1,0.037242448899072154,0.1,correct
30,7,EC1,7i,7i,0.006782329983125262,0.1,correct
31,7,EC1,7i,7i,0.006782329983125262,0.1,correct
32,7,EC1,7i,7i,0.011445523142259596,0.1,correct
33,7,EC1,7i,7i,0.021516970046918785,0.1,correct
155,7,EC1,7i,7i,0.023388031127053,0.1,correct
156,7,EC1,7i,7i,0.023388031127053,0.1,correct
157,7,EC1,7i,7i,0.02641968962724581,0.1,correct
216,7,EC1,7D1,7D1,0.054972720507539,0.1,correct
246,7,EC1,7i,7i,0.006244997998398395,0.1,correct
268,7,EC1,7i,7i,0.02641968962724581,0.1,correct
337,7,EC1,7i,7i,0.00824621125123532,0.1,correct
338,7,EC1,7i,7i,0.007416198487095667,0.1,correct
339,7,EC1,7i,7i,0.006253780925967904,0.1,correct
382,7,EC1,7i,7i,0.01644367337002289,0.1,correct
415,7,EC1,7i,7i,0.013038404810405307,0.1,correct
416,7,EC1,7i,7i,0.013038404810405307,0.1,correct
417,7,EC1,7i,7i,0.010246950765959597,0.1,correct
418,7,EC1,7i,7i,0.006244997998398395,0.1,correct
466,7,EC1,7i,7i,0.009433981132056601,0.1,correct
504,7,EC1,7i,7i,0.00774596669241484,0.1,correct
505,7,EC1,7i,7i,0.007416198487095667,0.1,correct
529,7,EC1,7i,7i,0.03304542328371662,0.1,correct
530,7,EC1,7i,7i,0.03008321791298266,0.1,correct
531,7,EC1,7i,7i,0.03008321791298266,0.1,correct
533,7,EC1,7D1,7D1,0.05646078284969134,0.1,correct
560,7,EC1,7i,7i,0.006480740698407862,0.1,correct
561,7,EC1,7i,7i,0.018845954473042745,0.1,correct
687,7,EC1,7D1,7D1,0.028308126041827655,0.1,correct
688,7,EC1,7i,7i,0.010154801819828883,0.1,correct
689,7,EC1,7i,7i,0.004343961325794698,0.1,correct
732,7,EC1,7i,7i,0.005592852581643826,0.1,correct
733,7,EC1,7i,7i,0.004752893855326458,0.1,correct
734,7,EC1,7i,7i,0.014594176920950363,0.1,correct
735,7,EC1,7i,7i,0.004752893855326458,0.1,correct
736,7,EC1,7i,7i,0.004343961325794698,0.1,correct
737,7,EC1,7i,7i,0.007918964578781752,0.1,correct
738,7,EC1,7i,7i,0.006371812928829596,0.1,correct
739,7,EC1,7i,7i,0.021781184540791164,0.1,correct
740,7,EC1,7i,7i,0.009092304438369846,0.1,correct
741,7,EC1,7i,7i,0.010544666898484746,0.1,correct
742,7,EC1,7i,7i,0.009679852058270311,0.1,correct
743,7,EC1,7i,7i,0.006673243548680056,0.1,correct
875,7,EC1,7i,7i,0.00864638652848691,0.1,correct
876,7,EC1,7i,7i,0.008466404195406688,0.1,correct
926,7,EC1,7i,7i,0.007877816956492445,0.1,correct
927,7,EC1,7i,7i,0.008019351594736327,0.1,correct
928,7,EC1,7i,7i,0.008762419757121885,0.1,correct
949,7,EC1,7i,7i,0.01808784122000191,0.1,correct
950,7,EC1,7i,7i,0.01557433786714543,0.1,correct
951,7,EC1,7i,7i,0.011314150432091665,0.1,correct
952,7,EC1,7i,7i,0.005592852581643826,0.1,correct
953,7,EC1,7i,7i,0.010128178513434683,0.1,correct
954,7,EC1,7i,7i,0.008534049449118512,0.1,correct
955,7,EC1,7i,7i,0.010784247771634335,0.1,correct
956,7,EC1,7i,7i,0.011260994627474078,0.1,correct
982,7,EC1,7i,7i,0.045315339566199896,0.1,correct
1151,7,EC1,7i,7i,0.014027473043994779,0.1,correct
1170,7,EC1,7D1,7D1,0.01303648725692623,0.1,correct
1171,7,EC1,7D1,7D1,0.03690067750055545,0.1,correct
1172,7,EC1,7D1,7D1,0.017096490868011495,0.1,correct
1173,7,EC1,7D1,7D1,0.01303648725692623,0.1,correct
1174,7,EC1,7D1,7D1,0.013992497989994487,0.1,correct
1175,7,EC1,7D1,7D1,0.009859006035092998,0.1,correct
1176,7,EC1,7D1,7D1,0.011185258155268468,0.1,correct
1177,7,EC1,7D1,7D1,0.009250405396521827,0.1,correct
1178,7,EC1,7D1,7D1,0.009859006035092998,0.1,correct
1179,7,EC1,7D1,7D1,0.016244691440590684,0.1,correct
1180,7,EC1,7D1,7D1,0.019802777582955382,0.1,correct
1181,7,EC1,7D1,7D1,0.009250405396521827,0.1,correct
1207,7,EC1,7i,7i,0.011884443613396462,0.1,correct
1232,7,EC1,7D1,7D1,0.016244691440590684,0.1,correct
1233,7,EC1,7D1,7D1,0.023036058690670158,0.1,correct
1234,7,EC1,7D1,7D1,0.02028176520917249,0.1,correct
1235,7,EC1,7D1,7D1,0.027019067341416486,0.1,correct
1236,7,EC1,7D1,7D1,0.01359006990416163,0.1,correct
1237,7,EC1,7D1,7D1,0.03533723248925983,0.1,correct
1238,7,EC1,7D1,7D1,0.013748818131024928,0.1,correct
1239,7,EC1,7D1,7D1,0.017096490868011495,0.1,correct
1240,7,EC1,7D1,7D1,0.013748818131024928,0.1,correct
1282,7,EC1,7D1,7D1,0.023827714955488258,0.1,correct
1283,7,EC1,7D1,7D1,0.03523194573111171,0.1,correct
1284,7,EC1,7D1,7D1,0.015304247776352815,0.1,correct
1285,7,EC1,7D1,7D1,0.01582971888569092,0.1,correct
1286,7,EC1,7D1,7D1,0.014286707108357773,0.1,correct
1287,7,EC1,7D1,7D1,0.014286707108357773,0.1,correct
1288,7,EC1,7D1,7D1,0.01223846395590556,0.1,correct
1289,7,EC1,7D1,7D1,0.01656381598545458,0.1,correct
1290,7,EC1,7D1,7D1,0.01878243860631522,0.1,correct
1291,7,EC1,7D1,7D1,0.015304247776352815,0.1,correct
1292,7,EC1,7D1,7D1,0.011945291959596448,0.1,correct
1296,7,EC1,7D1,7D1,0.006685805860178699,0.1,correct
1313,7,EC1,7D2,7D2,0.04721057827425967,0.1,correct
1314,7,EC1,7D1,7D1,0.012242140335741952,0.1,correct
1315,7,EC1,7D1,7D1,0.03452940775628796,0.1,correct
1316,7,EC1,7D1,7D1,0.009431860898041287,0.1,correct
1317,7,EC1,7D1,7D1,0.01587230292049645,0.1,correct
1318,7,EC1,7D1,7D1,0.022806139524259708,0.1,correct
1319,7,EC1,7D1,7D1,0.015494463117513959,0.1,correct
1320,7,EC1,7D1,7D1,0.01694550087781415,0.1,correct
1321,7,EC1,7D1,7D1,0.018733392645220455,0.1,correct
1322,7,EC1,7D1,7D1,0.01816232363988704,0.1,correct
1347,7,EC1,7D1,7D1,0.023608896628178107,0.1,correct
1348,7,EC1,7D1,7D1,0.01441492282324121,0.1,correct
1349,7,EC1,7D1,7D1,0.0518218100803127,0.1,correct
1350,7,EC1,7D1,7D1,0.024328584011405197,0.1,correct
1351,7,EC1,7D1,7D1,0.03647944626772724,0.1,correct
1352,7,EC1,7D1,7D1,0.03457744929863971,0.1,correct
1353,7,EC1,7D1,7D1,0.01984032915855987,0.1,correct
1354,7,EC1,7D1,7D1,0.012915107432770336,0.1,correct
1384,7,EC1,7D1,7D1,0.023316303309058255,0.1,correct
1385,7,EC1,7D1,7D1,0.02038945806047822,0.1,correct
1386,7,EC1,7D1,7D1,0.02247042500710658,0.1,correct
1387,7,EC1,7D1,7D1,0.015043935655273205,0.1,correct
1388,7,EC1,7D1,7D1,0.008692525524840301,0.1,correct
1389,7,EC1,7D1,7D1,0.014342245291445831,0.1,correct
1390,7,EC1,7D1,7D1,0.035043829699392175,0.1,correct
1391,7,EC1,7D1,7D1,0.009431860898041287,0.1,correct
1392,7,EC1,7D1,7D1,0.012388704532758853,0.1,correct
1393,7,EC1,7D1,7D1,0.02344248280366223,0.1,correct
1394,7,EC1,7D1,7D1,0.017832834883999824,0.1,correct
1395,7,EC1,7D1,7D1,0.01659608387542073,0.1,correct
1396,7,EC1,7D1,7D1,0.028346075566116707,0.1,correct
1397,7,EC1,7D1,7D1,0.018542653531789893,0.1,correct
1398,7,EC1,7D1,7D1,0.030189236492498456,0.1,correct
1399,7,EC1,7D1,7D1,0.014992664873197174,0.1,correct
1400,7,EC1,7D1,7D1,0.014751949023773123,0.1,correct
1401,7,EC1,7D1,7D1,0.015043935655273205,0.1,correct
1402,7,EC1,7D1,7D1,0.02385309204275202,0.1,correct
1403,7,EC1,7D1,7D1,0.023316303309058255,0.1,correct
1404,7,EC1,7D1,7D1,0.006685805860178699,0.1,correct
1405,7,EC1,7D1,7D1,0.01220778440176594,0.1,correct
1406,7,EC1,7D1,7D1,0.012864680330268599,0.1,correct
1407,7,EC1,7D1,7D1,0.014859004004306639,0.1,correct
1408,7,EC1,7D1,7D1,0.0200189909835636,0.1,correct
1409,7,EC1,7D1,7D1,0.014751949023773123,0.1,correct
1410,7,EC1,7D1,7D1,0.022353299532731172,0.1,correct
1411,7,EC1,7D1,7D1,0.020945643938537706,0.1,correct
1412,7,EC1,7D1,7D1,0.019760566793490534,0.1,correct
1413,7,EC1,7D1,7D1,0.01220778440176594,0.1,correct
1414,7,EC1,7D1,7D1,0.012478381305281535,0.1,correct
1415,7,EC1,7D1,7D1,0.008692525524840301,0.1,correct
1416,7,EC1,7D1,7D1,0.018058239116813125,0.1,correct
1417,7,EC1,7D1,7D1,0.01659608387542073,0.1,correct
1418,7,EC1,7D1,7D1,0.02038945806047822,0.1,correct
1420,7,EC1,7D1,7D1,0.013458454591816988,0.1,correct
1421,7,EC1,7D1,7D1,0.03729986595150176,0.1,correct
1422,7,EC1,7D1,7D1,0.024481625763008448,0.1,correct
1423,7,EC1,7D1,7D1,0.015891821796131494,0.1,correct
1424,7,EC1,7D1,7D1,0.01771327186038763,0.1,correct
1425,7,EC1,7D1,7D1,0.015464152094440868,0.1,correct
1426,7,EC1,7D1,7D1,0.01983885077316728,0.1,correct
1427,7,EC1,7D1,7D1,0.014988328792764051,0.1,correct
1428,7,EC1,7D1,7D1,0.01951102252574171,0.1,correct
1429,7,EC1,7D1,7D1,0.01260119041995636,0.1,correct
1455,7,EC1,7D1,7D1,0.019637718808456363,0.1,correct
1456,7,EC1,7D1,7D1,0.01266885945931991,0.1,correct
1457,7,EC1,7D1,7D1,0.024485710118352697,0.1,correct
1458,7,EC1,7D1,7D1,0.014680599442802061,0.1,correct
1459,7,EC1,7D1,7D1,0.027407845592092795,0.1,correct
1460,7,EC1,7D1,7D1,0.014988328792764051,0.1,correct
1461,7,EC1,7D1,7D1,0.015085754870075272,0.1,correct
1462,7,EC1,7D1,7D1,0.01805768534447315,0.1,correct
1463,7,EC1,7D1,7D1,0.015496128548769854,0.1,correct
1464,7,EC1,7D1,7D1,0.01260119041995636,0.1,correct
1465,7,EC1,7D1,7D1,0.020501463362404153,0.1,correct
1466,7,EC1,7D1,7D1,0.013458454591816988,0.1,correct
1467,7,EC1,7D1,7D1,0.015529327094243307,0.1,correct
1468,7,EC1,7D1,7D1,0.01816232363988704,0.1,correct
1469,7,EC1,7D1,7D1,0.013148383931114888,0.1,correct
1470,7,EC1,7D1,7D1,0.08728739886146226,0.1,correct
1471,7,EC1,7D1,7D1,0.015496128548769854,0.1,correct
1472,7,EC1,7D1,7D1,0.015529327094243307,0.1,correct
1507,7,EC1,7D1,7D1,0.01223846395590556,0.1,correct
1508,7,EC1,7D1,7D1,0.015055231648832245,0.1,correct
1509,7,EC1,7D1,7D1,0.028479817415145058,0.1,correct
1510,7,EC1,7D1,7D1,0.01359006990416163,0.1,correct
1511,7,EC1,7D1,7D1,0.02248599564173221,0.1,correct
1512,7,EC1,7D1,7D1,0.013106126789406545,0.1,correct
1513,7,EC1,7i,7i,0.04272259355423077,0.1,correct
1518,7,EC1,7D1,7D1,0.013923002549737608,0.1,correct
1594,7,EC1,7i,7i,0.045315339566199896,0.1,correct
1595,7,EC1,7i,7i,0.0184331223616619,0.1,correct
1596,7,EC1,7D1,7D1,0.03710067384832787,0.1,correct
1597,7,EC1,7D1,7D1,0.012388704532758853,0.1,correct
1598,7,EC1,7D1,7D1,0.01332403842684343,0.1,correct
1599,7,EC1,7D1,7D1,0.01121561411604377,0.1,correct
1600,7,EC1,7D1,7D1,0.011185258155268468,0.1,correct
1601,7,EC1,7D1,7D1,0.015209904907658034,0.1,correct
1602,7,EC1,7D1,7D1,0.011945291959596448,0.1,correct
1603,7,EC1,7i,7i,0.034467956133197114,0.1,correct
1604,7,EC1,7i,7i,0.028495262764185913,0.1,correct
1605,7,EC1,7D1,7D1,0.05646078284969134,0.1,correct
1607,7,EC1,7D1,7D1,0.01332403842684343,0.1,correct
1682,7,EC1,7D1,7D1,0.05822164545939938,0.1,correct
1683,7,EC1,7D1,7D1,0.020493413576073635,0.1,correct
1684,7,EC1,7D1,7D1,0.023412603443444747,0.1,correct
1685,7,EC1,7D1,7D1,0.0694604923679641,0.1,correct
1686,7,EC1,7D1,7D1,0.02400203936710379,0.1,correct
1687,7,EC1,7D1,7D1,0.022843598665709397,0.1,correct
1688,7,EC1,7D1,7D1,0.012242140335741952,0.1,correct
1689,7,EC1,7D1,7D1,0.031484281792666005,0.1,correct
1690,7,EC1,7D1,7D1,0.026104022678506828,0.1,correct
1691,7,EC1,7D1,7D1,0.027181979324545157,0.1,correct
1722,7,EC1,7i,7i,0.011365737987477982,0.1,correct
1723,7,EC1,7i,7i,0.029954799281584246,0.1,correct
1724,7,EC1,7i,7i,0.011358256908522543,0.1,correct
1725,7,EC1,7i,7i,0.013087780560507582,0.1,correct
1736,7,EC1,7i,7i,0.03565992148056414,0.1,correct
2096,7,EC1,7D1,7D1,0.028308126041827655,0.1,correct
2097,7,EC1,7i,7i,0.03488556543643803,0.1,correct
2261,7,EC1,7i,7i,0.02610823624835657,0.1,correct
2262,7,EC1,7i,7i,0.020065393093582788,0.1,correct
2549,7,EC1,7i,7i,0.008306363623150624,0.1,correct
2676,7,EC1,7i,7i,0.006940642581922802,0.1,correct
2886,7,EC1,7i,7i,0.03258834147360065,0.1,correct
2887,7,EC1,7i,7i,0.0304959013639538,0.1,correct
2888,7,EC1,7i,7i,0.015056892109595522,0.1,correct
2889,7,EC1,7i,7i,0.024526312401174387,0.1,correct
2890,7,EC1,7D1,7D1,0.03036445290137798,0.1,correct
2891,7,EC1,7i,7i,0.03943227103477556,0.1,correct
2892,7,EC1,7i,7i,0.02958039891549807,0.1,correct
2893,7,EC1,7i,7i,0.02958039891549807,0.1,correct
2894,7,EC1,7D1,7D1,0.019209372712298556,0.1,correct
2895,7,EC1,7D1,7D1,0.07786752403216632,0.1,correct
2923,7,EC1,7D1,7D1,0.03408812109811861,0.1,correct
2924,7,EC1,7D1,7D1,0.019209372712298556,0.1,correct
2956,7,EC1,7i,7i,0.02092844953645635,0.1,correct
3017,7,EC1,7i,7i,0.012409673645990856,0.1,correct
3040,7,EC1,7i,7i,0.015305227865013968,0.1,correct
3041,7,EC1,7i,7i,0.0103440804327886,0.1,correct
3042,7,EC1,7i,7i,0.007877816956492445,0.1,correct
3043,7,EC1,7i,7i,0.015528683137986948,0.1,correct
3072,7,EC1,7i,7i,0.01506651917331936,0.1,correct
3073,7,EC1,7i,7i,0.01506651917331936,0.1,correct
3210,7,EC1,7i,7i,0.025258661880630178,0.1,correct
3264,7,EC1,7i,7i,0.01232882800593795,0.1,correct
3300,7,EC1,7i,7i,0.010052620940829315,0.1,correct
3354,7,EC1,7i,7i,0.01225275479229059,0.1,correct
3369,7,EC1,7i,7i,0.011037368396497417,0.1,correct
3405,7,EC1,7i,7i,0.017980823117977652,0.1,correct
3406,7,EC1,7i,7i,0.016094098297201986,0.1,correct
3418,7,EC1,7i,7i,0.02091340907073737,0.1,correct
3526,7,EC1,7i,7i,0.014990819236786235,0.1,correct
3527,7,EC1,7i,7i,0.00954463199919201,0.1,correct
3589,7,EC1,7i,7i,0.006480740698407862,0.1,correct
3590,7,EC1,7i,7i,0.009386524354626688,0.1,correct
3614,7,EC1,7i,7i,0.011789826122551599,0.1,correct
3615,7,EC1,7i,7i,0.013674794331177345,0.1,correct
3653,7,EC1,7D1,7D1,0.05581227463560324,0.1,correct
3727,7,EC1,7i,7i,0.036027767069303634,0.1,correct
3728,7,EC1,7D1,7D1,0.02048367960572515,0.1,correct
3837,7,EC1,7D1,7D1,0.04242670303228852,0.1,correct
3838,7,EC1,7D1,7D1,0.056418082207746155,0.1,correct
3839,7,EC1,7i,7i,0.009448248632947796,0.1,correct
3840,7,EC1,7D2,7D2,0.097894126483666,0.1,correct
3912,7,EC1,7i,7i,0.008124038404635965,0.1,correct
3913,7,EC1,7i,7i,0.006928203230275506,0.1,correct
3917,7,EC1,7i,7i,0.006928203230275506,0.1,correct
3940,7,EC1,7i,7i,0.010246950765959597,0.1,correct
3941,7,EC1,7i,7i,0.016094098297201986,0.1,correct
3960,7,EC1,7i,7i,0.025748786379167467,0.1,correct
3961,7,EC1,7i,7i,0.025748786379167467,0.1,correct
3962,7,EC1,7i,7i,0.011365737987477982,0.1,correct
3963,7,EC1,7i,7i,0.03686868590009685,0.1,correct
3993,7,EC1,7i,7i,0.034467956133197114,0.1,correct
4091,7,EC1,7i,7i,0.007810249675906655,0.1,correct
4092,7,EC1,7i,7i,0.00774596669241484,0.1,correct
4152,7,EC2,7R,7R,0.021449009301130893,0.1,correct
4272,7,EC2,7i,7i,0.01089670210247119,0.1,correct
4292,7,EC2,7R,7R,0.026354506256046614,0.1,correct
4296,7,EC2,7D1,7D1,0.01865100533483381,0.1,correct
4303,7,EC2,7D1,7D1,0.01865100533483381,0.1,correct
4305,7,EC2,7R,7R,0.026354506256046614,0.1,correct
4396,7,EC2,7R,7D1,0.025128867861485524,0.1,mismatch
4399,7,EC2,7D1,7D1,0.020089300634915114,0.1,correct
4421,7,EC2,7R,7R,0.03754344150447584,0.1,correct
4430,7,EC2,7R,7R,0.036452023263462356,0.1,correct
4432,7,EC2,7R,7R,0.039534288914814225,0.1,correct
4449,7,EC2,7R,7R,0.0735087069672702,0.1,correct
4514,7,EC2,7R,7R,0.016562608490210736,0.1,correct
4515,7,EC2,7R,7R,0.02640265138201086,0.1,correct
4518,7,EC2,7R,7R,0.024216936222404343,0.1,correct
4519,7,EC2,7R,7D1,0.022816222299057293,0.1,mismatch
4520,7,EC2,7D1,7D1,0.0204702222752954,0.1,correct
4527,7,EC2,7R,7R,0.02657122503762293,0.1,correct
4709,7,EC2,7R,7R,0.033256127254988666,0.1,correct
4710,7,EC2,7i,7i,0.024526312401174387,0.1,correct
4713,7,EC2,7i,7i,0.01906646270287176,0.1,correct
4717,7,EC2,7R,7R,0.022220486043288936,0.1,correct
4724,7,EC2,7R,7R,0.021449009301130893,0.1,correct
4725,7,EC2,7R,7R,0.053106873378123066,0.1,correct
4745,7,EC2,7R,7R,0.026618602517788224,0.1,correct
4752,7,EC2,7R,7R,0.016562608490210736,0.1,correct
4825,7,EC2,7i,7i,0.017927074496414636,0.1,correct
4828,7,EC2,7i,7i,0.011358256908522543,0.1,correct
4829,7,EC2,7i,7i,0.017927074496414636,0.1,correct
4855,7,EC2,7R,7R,0.023159879101584274,0.1,correct
4856,7,EC2,7D1,7D1,0.020089300634915114,0.1,correct
4863,7,EC2,7R,7R,0.030422853252119537,0.1,correct
4867,7,EC2,7R,7R,0.023159879101584274,0.1,correct
4868,7,EC2,7D1,7D1,0.019640264763999497,0.1,correct
4893,7,EC2,7R,7R,0.022220486043288936,0.1,correct
5063,7,EC1,7i,7i,0.006673243548680056,0.1,correct
5064,7,EC1,7i,7i,0.006940642581922802,0.1,correct
5067,7,EC1,7i,7D1,0.21441268617488568,0.1,reject
5111,7,EC1,7D2,7D2,0.03183697734914544,0.1,correct
5128,7,EC1,7D2,7D2,0.023513411273143683,0.1,correct
5228,7,EC1,7D2,7D2,0.07297647130383875,0.1,correct
5309,7,EC1,7D2,7D2,0.05037459808822298,0.1,correct
5487,7,EC1,7i,7i,0.07099425950983643,0.1,correct
5643,7,EC1,7D1,7D1,0.03992332575900963,0.1,correct
5651,7,EC1,7D2,7D2,0.09420489222996857,0.1,correct
5654,7,EC1,7D1,7D1,0.027860297448160886,0.1,correct
5732,7,EC1,7D1,7D1,0.027860297448160886,0.1,correct
6017,7,EC1,7D2,7D2,0.038964373810315464,0.1,correct
6030,7,EC1,7D2,7D2,0.022022349120609276,0.1,correct
6135,7,EC1,7D2,7D2,0.019619813144624996,0.1,correct
6137,7,EC1,7D2,7D2,0.044936279645182035,0.1,correct
6195,7,EC1,7i,7i,0.02091340907073737,0.1,correct
6243,7,EC1,7D1,7D1,0.013469354163804563,0.1,correct
6244,7,EC1,7D1,7D1,0.013106126789406545,0.1,correct
6245,7,EC1,7D1,7D1,0.013538552180347817,0.1,correct
6247,7,EC1,7D1,7D1,0.018545958421715494,0.1,correct
6345,7,EC1,7D1,7D1,0.015209904907658034,0.1,correct
6348,7,EC1,7i,7i,0.057343376978863055,0.1,correct
6527,7,EC1,7D2,7D2,0.03551434044650132,0.1,correct
6562,7,EC1,7D2,7D2,0.0266378887532402,0.1,correct
6590,7,EC1,7i,7i,0.008662127185628254,0.1,correct
6620,7,EC1,7D2,7D2,0.02314431599226903,0.1,correct
6621,7,EC1,7D2,7D2,0.045587528173284396,0.1,correct
6689,7,EC1,7D2,7D2,0.02214550545550947,0.1,correct
6691,7,EC1,7D2,7D2,0.03269433619008038,0.1,correct
6863,7,EC1,7i,7i,0.05089725478648136,0.1,correct
6984,7,EC1,7D2,7D2,3.3275216002317306e-05,0.1,correct
6985,7,EC1,7D2,7D2,4.08453179691371e-05,0.1,correct
6993,7,EC1,7D2,7D2,0.0022364716921973644,0.1,correct
6994,7,EC1,7D2,7D2,0.0007184249369280118,0.1,correct
7096,7,EC1,7D2,7D2,1.864939677306398e-05,0.1,correct
7145,7,EC1,7D1,7D1,0.07150995672324241,0.1,correct
7253,7,EC1,7D2,7D2,3.3275216002317306e-05,0.1,correct
7254,7,EC1,7D2,7D2,4.08453179691371e-05,0.1,correct
7261,7,EC1,7D2,7D2,0.0022364716921973644,0.1,correct
7262,7,EC1,7D2,7D2,0.0007184249369280118,0.1,correct
7370,7,EC1,7D2,7D2,1.864939677306398e-05,0.1,correct
7426,7,EC1,7D2,7D2,0.08541593473515349,0.1,correct
7427,7,EC1,7i,7i,0.00014677278358060712,0.1,correct
7467,7,EC1,7i,7i,1.670029939851175e-05,0.1,correct
7468,7,EC1,7i,7i,2.2111083193732643e-05,0.1,correct
7512,7,EC1,7i,7i,0.00014677278358060712,0.1,correct
7537,7,EC1,7i,7i,1.670029939851175e-05,0.1,correct
7538,7,EC1,7i,7i,2.2111083193732643e-05,0.1,correct
7588,7,EC1,7D2,7D2,0.03551434044650132,0.1,correct
7591,7,EC1,7D2,7D2,0.0572983946934816,0.1,correct
7677,7,EC1,7i,7i,0.014990819236786235,0.1,correct
7701,7,EC1,7D2,7D2,0.022022349120609276,0.1,correct
7702,7,EC1,7D2,7D2,0.04100481600580599,0.1,correct
7703,7,EC1,7D2,7D2,0.04100481600580599,0.1,correct
7730,7,EC1,7i,7i,0.004763859140444859,0.1,correct
7731,7,EC1,7i,7i,0.004763859140444859,0.1,correct
7810,7,EC1,7D1,7D1,0.02048367960572515,0.1,correct
7817,7,EC1,7D1,7D1,0.024160022429004512,0.1,correct
8038,7,EC1,7i,7i,0.008185170805792634,0.1,correct
8059,7,EC1,7i,7i,0.012816436725939084,0.1,correct
8120,7,EC1,7i,7i,0.01089670210247119,0.1,correct
8121,7,EC1,7i,7i,0.0103673630953102,0.1,correct
8122,7,EC1,7i,7i,0.008385595789805267,0.1,correct
8126,7,EC1,7i,7i,0.018702080850803736,0.1,correct
8280,7,EC1,7i,7i,0.02587503593987843,0.1,correct
8377,7,EC1,7i,7i,0.00015295613750353185,0.1,correct
8378,7,EC1,7i,7i,0.00013611895532952362,0.1,correct
8471,7,EC1,7i,7i,0.00015295613750353185,0.1,correct
8472,7,EC1,7i,7i,0.00013611895532952362,0.1,correct
8487,7,EC1,7D2,7D2,0.06766909336462251,0.1,correct
8488,7,EC1,7D1,7D1,0.02567196847886812,0.1,correct
8583,7,EC1,7D2,7D2,0.027819257235950755,0.1,correct
8640,7,EC1,7D1,7D1,0.024160022429004512,0.1,correct
8671,7,EC1,7i,7i,0.006253780925967904,0.1,correct
8705,7,EC1,7i,7i,0.005817567466733842,0.1,correct
35,8,EC1,8i,8i,0.006377197748227661,0.1,correct
36,8,EC1,8R,8R,0.07948484132210368,0.1269737004678301,correct
269,8,EC1,8i,8i,0.02154228400147022,0.1,correct
419,8,EC1,8i,8i,0.02712176247960299,0.1,correct
420,8,EC1,8i,8i,0.0098488578017961,0.1,correct
421,8,EC1,8i,8i,0.008888194417315582,0.1,correct
422,8,EC1,8i,8i,0.008799431799837991,0.1,correct
467,8,EC1,8i,8i,0.011799599819061658,0.1,correct
601,8,EC1,8i,8i,0.01252996408614167,0.1,correct
602,8,EC1,8i,8i,0.006480740698407857,0.1,correct
642,8,EC1,8i,8i,0.011343720729989787,0.1,correct
690,8,EC1,8i,8i,0.028832793829249363,0.1,correct
691,8,EC1,8i,8i,0.009500526301210893,0.1,correct
744,8,EC1,8i,8i,0.008250454532933323,0.1,correct
745,8,EC1,8i,8i,0.008680437776978762,0.1,correct
746,8,EC1,8i,8i,0.009500526301210893,0.1,correct
747,8,EC1,8i,8i,0.03114466246405635,0.1,correct
748,8,EC1,8i,8i,0.007556494173226101,0.1,correct
772,8,EC1,8i,8i,0.010747557862137798,0.1,correct
877,8,EC1,8i,8i,0.010771258050942797,0.1,correct
896,8,EC1,8i,8i,0.00395192554838777,0.1,correct
897,8,EC1,8i,8i,0.004544090608691689,0.1,correct
898,8,EC1,8i,8i,0.006884765791223402,0.1,correct
899,8,EC1,8i,8i,0.009491799888851422,0.1,correct
900,8,EC1,8i,8i,0.007998857791584995,0.1,correct
957,8,EC1,8i,8i,0.009959417653658268,0.1,correct
1039,8,EC1,8i,8i,0.03352655663798476,0.1,correct
1040,8,EC1,8i,8i,0.04486011591603392,0.1,correct
1182,8,EC1,8R,8R,0.04219526039734796,0.1269737004678301,correct
1208,8,EC1,8i,8i,0.007220420156057399,0.1,correct
1209,8,EC1,8i,8i,0.010499047575851822,0.1,correct
1241,8,EC1,8D,8D,0.036664508148753355,0.104226189193291,correct
1242,8,EC1,8R,8R,0.06463590333553015,0.1269737004678301,correct
1243,8,EC1,8R,8R,0.026094252240675526,0.1269737004678301,correct
1245,8,EC1,8R,8R,0.08136362823768371,0.1269737004678301,correct
1293,8,EC1,8R,8R,0.023744894188014412,0.1269737004678301,correct
1294,8,EC1,8R,8R,0.022727736358907374,0.1269737004678301,correct
1295,8,EC1,8R,8R,0.022727736358907374,0.1269737004678301,correct
1355,8,EC1,8R,8R,0.026094252240675526,0.1269737004678301,correct
1419,8,EC1,8R,8R,0.03090113266532476,0.1269737004678301,correct
1473,8,EC1,8R,8R,0.06934709799263415,0.1269737004678301,correct
1514,8,EC1,8i,8i,0.031358433980031596,0.1,correct
1515,8,EC1,8i,8i,0.04302092514114497,0.1,correct
1610,8,EC1,8R,8R,0.03568431027776774,0.1269737004678301,correct
1611,8,EC1,8i,8i,0.043586465789279126,0.1,correct
1612,8,EC1,8R,8R,0.04988566928487582,0.1269737004678301,correct
1726,8,EC1,8i,8i,0.03866574711550262,0.1,correct
1727,8,EC1,8R,8R,0.058027751981271844,0.1269737004678301,correct
1728,8,EC1,8i,8i,0.012558451527955188,0.1,correct
1737,8,EC1,8R,8i,0.06771152043781029,0.1,mismatch
1738,8,EC1,8i,8i,0.03352655663798476,0.1,correct
1739,8,EC1,8i,8i,0.05416927173222841,0.1,correct
1795,8,EC1,8i,8i,0.007447920261388409,0.1,correct
1814,8,EC1,8i,8i,0.007791662210337408,0.1,correct
1815,8,EC1,8i,8i,0.006884765791223402,0.1,correct
1880,8,EC1,8R,8R,0.015891777697287345,0.1269737004678301,correct
1906,8,EC1,8i,8i,0.0077278716345446615,0.1,correct
1907,8,EC1,8i,8i,0.006869954534784053,0.1,correct
1951,8,EC1,8i,8i,0.00979569722837532,0.1,correct
1976,8,EC1,8i,8i,0.04297126947158996,0.1,correct
2028,8,EC1,8R,8R,0.03701472679893775,0.1269737004678301,correct
2301,8,EC1,8i,8i,0.026521222708427303,0.1,correct
2372,8,EC1,8i,8i,0.006679625448331663,0.1,correct
2373,8,EC1,8i,8i,0.008660254037844381,0.1,correct
2396,8,EC1,8i,8i,0.006480740698407867,0.1,correct
2397,8,EC1,8i,8i,0.005822370651203851,0.1,correct
2398,8,EC1,8i,8i,0.008660254037844387,0.1,correct
2399,8,EC1,8i,8i,0.005698053988863219,0.1,correct
2400,8,EC1,8i,8i,0.008426149773176357,0.1,correct
2454,8,EC1,8R,8R,0.02640644897046931,0.1269737004678301,correct
2455,8,EC1,8R,8R,0.03187426151662184,0.1269737004678301,correct
2456,8,EC1,8i,8i,0.007293896913858873,0.1,correct
2550,8,EC1,8i,8i,0.006466776631367438,0.1,correct
2551,8,EC1,8i,8i,0.010099504938362078,0.1,correct
2589,8,EC1,8i,8i,0.006708203932499364,0.1,correct
2634,8,EC1,8i,8i,0.00836660026534075,0.1,correct
2645,8,EC1,8i,8i,0.005385164807134501,0.1,correct
2677,8,EC1,8i,8i,0.02769631380436754,0.1,correct
2686,8,EC1,8i,8i,0.0098488578017961,0.1,correct
2687,8,EC1,8i,8i,0.008660254037844387,0.1,correct
2688,8,EC1,8i,8i,0.013241601111648092,0.1,correct
2737,8,EC1,8i,8i,0.026573483023495433,0.1,correct
2738,8,EC1,8i,8i,0.02917190429162964,0.1,correct
2750,8,EC1,8i,8i,0.006480740698407866,0.1,correct
2751,8,EC1,8i,8i,0.015716233645501704,0.1,correct
2752,8,EC1,8i,8i,0.010246950765959596,0.1,correct
2896,8,EC1,8R,8R,0.07478536639363345,0.1269737004678301,correct
2897,8,EC1,8i,8i,0.02917190429162964,0.1,correct
2898,8,EC1,8D,8D,0.04697893144804383,0.104226189193291,correct
2957,8,EC1,8i,8i,0.005970762095411272,0.1,correct
2958,8,EC1,8i,8i,0.009848857801796106,0.1,correct
2959,8,EC1,8i,8i,0.009746794344808964,0.1,correct
2960,8,EC1,8i,8i,0.007000000000000001,0.1,correct
2961,8,EC1,8i,8i,0.017549928774784243,0.1,correct
2962,8,EC1,8i,8i,0.007999999999999997,0.1,correct
3074,8,EC1,8i,8i,0.023787601812709076,0.1,correct
3075,8,EC1,8i,8i,0.04081641454966372,0.1,correct
3076,8,EC1,8i,8i,0.01117086791659449,0.1,correct
3077,8,EC1,8i,8i,0.008250454532933323,0.1,correct
3080,8,EC1,8i,8i,0.008717797887081343,0.1,correct
3094,8,EC1,8i,8i,0.007791662210337408,0.1,correct
3095,8,EC1,8i,8i,0.018248287590894658,0.1,correct
3096,8,EC1,8i,8i,0.0054772255750516596,0.1,correct
3138,8,EC1,8i,8i,0.014880008699594233,0.1,correct
3177,8,EC1,8i,8i,0.005567764362830018,0.1,correct
3265,8,EC1,8i,8i,0.008844072549453666,0.1,correct
3269,8,EC1,8i,8i,0.013588598161694236,0.1,correct
3301,8,EC1,8i,8i,0.013674794331177341,0.1,correct
3328,8,EC1,8i,8i,0.005681549084536716,0.1,correct
3329,8,EC1,8i,8i,0.005681549084536716,0.1,correct
3330,8,EC1,8i,8i,0.010971326264403954,0.1,correct
3407,8,EC1,8i,8i,0.009702061636580137,0.1,correct
3408,8,EC1,8i,8i,0.008061663497690786,0.1,correct
3409,8,EC1,8i,8i,0.011995604023557966,0.1,correct
3410,8,EC1,8i,8i,0.013087780560507576,0.1,correct
3445,8,EC1,8i,8i,0.023787601812709076,0.1,correct
3528,8,EC1,8i,8i,0.043058100283221976,0.1,correct
3529,8,EC1,8i,8i,0.013554335099885942,0.1,correct
3557,8,EC1,8i,8i,0.005822370651203851,0.1,correct
3591,8,EC1,8i,8i,0.006014949647337045,0.1,correct
3592,8,EC1,8i,8i,0.0054772255750516596,0.1,correct
3593,8,EC1,8i,8i,0.009380831519646856,0.1,correct
3594,8,EC1,8i,8i,0.009380831519646856,0.1,correct
3616,8,EC1,8i,8i,0.018248287590894658,0.1,correct
3617,8,EC1,8i,8i,0.026141466995752177,0.1,correct
3618,8,EC1,8i,8i,0.01777638883463118,0.1,correct
3654,8,EC1,8R,8R,0.055433485006898126,0.1269737004678301,correct
3655,8,EC1,8R,8R,0.022484991616631752,0.1269737004678301,correct
3656,8,EC1,8R,8R,0.05190163795324766,0.1269737004678301,correct
3657,8,EC1,8i,8i,0.0058726391009494205,0.1,correct
3729,8,EC1,8i,8i,0.03232645975048923,0.1,correct
3841,8,EC1,8R,8R,0.04396771542848228,0.1269737004678301,correct
3842,8,EC1,8R,8R,0.007960825781286766,0.1269737004678301,correct
3843,8,EC1,8i,8i,0.010502102515687036,0.1,correct
3844,8,EC1,8i,8i,0.008831760866327846,0.1,correct
3864,8,EC1,8i,8i,0.009273618495495703,0.1,correct
3914,8,EC1,8i,8i,0.01725490059896029,0.1,correct
3915,8,EC1,8i,8i,0.005567764362830018,0.1,correct
3916,8,EC1,8i,8i,0.007999999999999997,0.1,correct
3942,8,EC1,8i,8i,0.006480740698407857,0.1,correct
3943,8,EC1,8i,8i,0.005977435251845055,0.1,correct
3944,8,EC1,8i,8i,0.005385164807134501,0.1,correct
3964,8,EC1,8i,8i,0.007000000000000001,0.1,correct
3965,8,EC1,8i,8i,0.008246211251235315,0.1,correct
3966,8,EC1,8i,8i,0.018761663039293715,0.1,correct
3967,8,EC1,8i,8i,0.007874007874011808,0.1,correct
3968,8,EC1,8i,8i,0.017549928774784247,0.1,correct
3994,8,EC1,8i,8i,0.01545962483374031,0.1,correct
4093,8,EC1,8i,8i,0.006480740698407867,0.1,correct
4094,8,EC1,8i,8i,0.006992521362856175,0.1,correct
4095,8,EC1,8i,8i,0.00748454463210689,0.1,correct
4176,8,EC2,8R,8R,0.030906148255646474,0.1269737004678301,correct
4259,8,EC2,8R,8R,0.07302075047546418,0.1269737004678301,correct
4302,8,EC2,8R,8R,0.030906148255646474,0.1269737004678301,correct
4306,8,EC2,8R,8R,0.10036229371631561,0.1269737004678301,correct
4419,8,EC2,8R,8R,0.044530214461643895,0.1269737004678301,correct
4423,8,EC2,8R,8R,0.04075953876088394,0.1269737004678301,correct
4429,8,EC2,8R,8R,0.033546534843408186,0.1269737004678301,correct
4431,8,EC2,8R,8R,0.060238940893744174,0.1269737004678301,correct
4438,8,EC2,8R,8R,0.022582293949021223,0.1269737004678301,correct
4441,8,EC2,8R,8R,0.02088420455751189,0.1269737004678301,correct
4510,8,EC2,8R,8R,0.020514141463878054,0.1269737004678301,correct
4526,8,EC2,8R,8R,0.0322291793255739,0.1269737004678301,correct
4532,8,EC2,8R,8R,0.022582293949021223,0.1269737004678301,correct
4636,8,EC2,8R,8R,0.020514141463878054,0.1269737004678301,correct
4792,8,EC2,8R,8R,0.032162089484360314,0.1269737004678301,correct
4816,8,EC2,8R,8R,0.03568431027776774,0.1269737004678301,correct
4844,8,EC2,8R,8R,0.03913604476694087,0.1269737004678301,correct
4862,8,EC2,8R,8R,0.0322291793255739,0.1269737004678301,correct
4887,8,EC2,8R,8R,0.047433532442777225,0.1269737004678301,correct
4974,8,EC1,8i,8i,0.006018588291285592,0.1,correct
5019,8,EC1,8D,8D,0.0309384249852833,0.104226189193291,correct
5065,8,EC1,8i,8i,0.006869954534784053,0.1,correct
5110,8,EC1,8D,8D,0.08644462177295933,0.104226189193291,correct
5156,8,EC1,8i,8i,0.008778198040030763,0.1,correct
5229,8,EC1,8D,8D,0.10746337109824913,0.104226189193291,reject
5232,8,EC1,8D,8D,0.09042557159846984,0.104226189193291,correct
5347,8,EC1,8D,8D,0.04473074891973082,0.104226189193291,correct
5726,8,EC1,8R,8R,0.08714378402008947,0.1269737004678301,correct
5733,8,EC1,8R,8R,0.08902774481974707,0.1269737004678301,correct
5937,8,EC1,8i,8i,0.007983196554639005,0.1,correct
6079,8,EC1,8D,8D,0.06715254090509157,0.104226189193291,correct
6124,8,EC1,8D,8D,0.05308518953135609,0.104226189193291,correct
6136,8,EC1,8D,8D,0.036664508148753355,0.104226189193291,correct
6190,8,EC1,8D,8D,0.08424671645257162,0.104226189193291,correct
6221,8,EC1,8D,8D,0.04392297737722247,0.104226189193291,correct
6309,8,EC1,8i,8i,0.0035788621725347204,0.1,correct
6311,8,EC1,8i,8i,0.004544090608691689,0.1,correct
6501,8,EC1,8i,8i,0.031358433980031596,0.1,correct
6589,8,EC1,8i,8i,0.010506112548416753,0.1,correct
6690,8,EC1,8D,8D,0.04392297737722247,0.104226189193291,correct
6794,8,EC1,8i,8i,0.004079278534250876,0.1,correct
6795,8,EC1,8i,8i,0.0035788621725347204,0.1,correct
6797,8,EC1,8i,8i,0.006140125361912412,0.1,correct
6912,8,EC1,8i,8i,0.0028853102588803177,0.1,correct
6913,8,EC1,8i,8i,0.004317004728975872,0.1,correct
6914,8,EC1,8i,8i,0.004310627652674257,0.1,correct
6986,8,EC1,8D,8D,0.0016938367276688642,0.104226189193291,correct
6998,8,EC1,8i,8i,4.71643933492189e-05,0.1,correct
6999,8,EC1,8i,8i,0.0032468821598573574,0.1,correct
7000,8,EC1,8i,8i,4.487961675415872e-05,0.1,correct
7040,8,EC1,8i,8i,0.04139535534924176,0.1,correct
7041,8,EC1,8i,8i,0.00010574880613984595,0.1,correct
7097,8,EC1,8D,8D,0.011633250622246544,0.104226189193291,correct
7185,8,EC1,8i,8i,0.0028853102588803177,0.1,correct
7186,8,EC1,8i,8i,0.004317004728975872,0.1,correct
7187,8,EC1,8i,8i,0.004310627652674257,0.1,correct
7255,8,EC1,8D,8D,0.0016938367276688642,0.104226189193291,correct
7272,8,EC1,8i,8i,4.71643933492189e-05,0.1,correct
7273,8,EC1,8i,8i,0.0032468821598573574,0.1,correct
7274,8,EC1,8i,8i,4.487961675415872e-05,0.1,correct
7301,8,EC1,8R,8i,0.00010574880613984595,0.1,mismatch
7371,8,EC1,8D,8D,0.011633250622246544,0.104226189193291,correct
7372,8,EC1,8R,8R,0.07478536639363345,0.1269737004678301,correct
7592,8,EC1,8D,8D,0.06961506892282732,0.104226189193291,correct
7636,8,EC1,8i,8i,0.006370761493730557,0.1,correct
7676,8,EC1,8i,8i,0.012848723521035079,0.1,correct
7704,8,EC1,8D,8D,0.07221645851182401,0.104226189193291,correct
7705,8,EC1,8D,8D,0.02930299092737804,0.104226189193291,correct
7726,8,EC1,8i,8i,0.006679625448331663,0.1,correct
7729,8,EC1,8i,8i,0.006924166208288186,0.1,correct
7808,8,EC1,8R,8R,0.02178953157275299,0.1269737004678301,correct
7811,8,EC1,8R,8R,0.007960825781286766,0.1269737004678301,correct
7812,8,EC1,8R,8R,0.0932060907314002,0.1269737004678301,correct
7814,8,EC1,8R,8R,0.05714234048339287,0.1269737004678301,correct
7815,8,EC1,8R,8R,0.015891777697287345,0.1269737004678301,correct
7816,8,EC1,8R,8R,0.010817605147628574,0.1269737004678301,correct
7818,8,EC1,8R,8R,0.02411691192047607,0.1269737004678301,correct
7819,8,EC1,8R,8R,0.018525837633154414,0.1269737004678301,correct
7820,8,EC1,8R,8R,0.010817605147628574,0.1269737004678301,correct
7878,8,EC1,8i,8i,0.008041698417001227,0.1,correct
7879,8,EC1,8i,8i,0.0058726391009494205,0.1,correct
8032,8,EC1,8i,8i,0.012558451527955188,0.1,correct
8062,8,EC1,8i,8i,0.007556494173226101,0.1,correct
8063,8,EC1,8i,8i,0.007653200815998494,0.1,correct
8124,8,EC1,8i,8i,0.005169625510614865,0.1,correct
8173,8,EC1,8i,8i,0.005169625510614865,0.1,correct
8180,8,EC1,8i,8i,0.008094867653643265,0.1,correct
8182,8,EC1,8i,8i,0.005698053988863219,0.1,correct
8246,8,EC1,8i,8i,0.006466776631367438,0.1,correct
8279,8,EC1,8i,8i,0.012334669261475969,0.1,correct
8281,8,EC1,8i,8i,0.011799599819061658,0.1,correct
8282,8,EC1,8i,8i,0.005977435251845055,0.1,correct
8283,8,EC1,8i,8i,0.015817309813618747,0.1,correct
8362,8,EC1,8i,8i,3.337544007200717e-05,0.1,correct
8456,8,EC1,8i,8i,3.337544007200717e-05,0.1,correct
8589,8,EC1,8i,8i,0.002875434295893406,0.1,correct
8605,8,EC1,8i,8i,0.002875434295893406,0.1,correct
8606,8,EC1,8i,8i,0.009491799888851422,0.1,correct
8626,8,EC1,8R,8R,0.01307627732766478,0.1269737004678301,correct
8639,8,EC1,8R,8R,0.01307627732766478,0.1269737004678301,correct
8646,8,EC1,8i,8i,0.004606513971540734,0.1,correct
8647,8,EC1,8i,8i,0.0032211624252744563,0.1,correct
8648,8,EC1,8i,8i,0.0032211624252744563,0.1,correct
8679,8,EC1,8R,8R,0.020067666630179,0.1269737004678301,correct
8701,8,EC1,8i,8i,0.007447920261388409,0.1,correct
8702,8,EC1,8i,8i,0.006924166208288186,0.1,correct
8703,8,EC1,8i,8i,0.004606513971540734,0.1,correct
38,9,EC1,9R,9R,0.08078366171448284,0.1155335449122894,correct
89,9,EC1,9i,9R,0.08078366171448284,0.1155335449122894,mismatch
270,9,EC1,9i,9i,0.027251421981247147,0.1,correct
271,9,EC1,9i,9i,0.011618950038622256,0.1,correct
423,9,EC1,9i,9i,0.018820163478301666,0.1,correct
424,9,EC1,9i,9i,0.011661903789690595,0.1,correct
445,9,EC1,9i,9i,0.01063014581273465,0.1,correct
446,9,EC1,9i,9i,0.010770329614269004,0.1,correct
447,9,EC1,9i,9i,0.015524174696260025,0.1,correct
603,9,EC1,9i,9i,0.014387494569938162,0.1,correct
692,9,EC1,9i,9i,0.0069202601107183825,0.1,correct
698,9,EC1,9i,9i,0.012352327715859875,0.1,correct
749,9,EC1,9i,9i,0.0069202601107183825,0.1,correct
750,9,EC1,9i,9i,0.007012845356914698,0.1,correct
751,9,EC1,9i,9i,0.015503161344706438,0.1,correct
878,9,EC1,9i,9i,0.008086408349817609,0.1,correct
879,9,EC1,9i,9i,0.008086408349817609,0.1,correct
958,9,EC1,9i,9i,0.021997727155322205,0.1,correct
959,9,EC1,9i,9i,0.00881873006730561,0.1,correct
1041,9,EC1,9i,9i,0.025690659781329093,0.1,correct
1183,9,EC1,9R,9R,0.022231059353975926,0.1155335449122894,correct
1184,9,EC1,9R,9R,0.022231059353975926,0.1155335449122894,correct
1185,9,EC1,9R,9R,0.02978455975837145,0.1155335449122894,correct
1323,9,EC1,9i,9i,0.051770712076424065,0.1,correct
1613,9,EC1,9i,9i,0.03971282925441097,0.1,correct
1692,9,EC1,9i,9i,0.01644670755652937,0.1,correct
1740,9,EC1,9i,9i,0.02896228764376184,0.1,correct
1881,9,EC1,9R,9R,0.030440762145517965,0.1155335449122894,correct
1908,9,EC1,9i,9i,0.007004998215560085,0.1,correct
1909,9,EC1,9i,9i,0.01169316039400811,0.1,correct
2013,9,EC1,9i,9i,0.05314087086904015,0.1,correct
2098,9,EC1,9R,9R,0.024047453087593283,0.1155335449122894,correct
2099,9,EC1,9R,9R,0.024047453087593283,0.1155335449122894,correct
2119,9,EC1,9R,9R,0.026049184248263902,0.1155335449122894,correct
2374,9,EC1,9i,9i,0.007012845356914698,0.1,correct
2375,9,EC1,9i,9i,0.004242640687119279,0.1,correct
2401,9,EC1,9i,9i,0.008366600265340763,0.1,correct
2402,9,EC1,9i,9i,0.007004998215560085,0.1,correct
2457,9,EC1,9i,9i,0.004690415759823431,0.1,correct
2458,9,EC1,9i,9i,0.009103296106356204,0.1,correct
2552,9,EC1,9i,9i,0.004690415759823431,0.1,correct
2553,9,EC1,9i,9i,0.013190905958272919,0.1,correct
2646,9,EC1,9i,9i,0.01148912529307606,0.1,correct
2650,9,EC1,9i,9i,0.012647529403009904,0.1,correct
2659,9,EC1,9i,9i,0.010344080432788599,0.1,correct
2689,9,EC1,9i,9i,0.014380194713563514,0.1,correct
2753,9,EC1,9i,9i,0.012288205727444504,0.1,correct
2754,9,EC1,9i,9i,0.012489995996796796,0.1,correct
2899,9,EC1,9i,9i,0.05317894320123332,0.1,correct
2900,9,EC1,9i,9i,0.04678654509877812,0.1,correct
2942,9,EC1,9i,9i,0.004242640687119279,0.1,correct
2943,9,EC1,9i,9i,0.00967833439595884,0.1,correct
2963,9,EC1,9i,9i,0.010048504837536774,0.1,correct
2964,9,EC1,9i,9i,0.030636005516222253,0.1,correct
2965,9,EC1,9i,9i,0.0160312195418814,0.1,correct
3044,9,EC1,9i,9i,0.011874342087037913,0.1,correct
3078,9,EC1,9i,9i,0.013038404810405297,0.1,correct
3097,9,EC1,9i,9i,0.006480740698407857,0.1,correct
3098,9,EC1,9i,9i,0.024794959165120627,0.1,correct
3099,9,EC1,9i,9i,0.012806248474865696,0.1,correct
3100,9,EC1,9i,9i,0.01063014581273465,0.1,correct
3139,9,EC1,9i,9i,0.008485281374238568,0.1,correct
3140,9,EC1,9i,9i,0.020845237425848616,0.1,correct
3141,9,EC1,9i,9i,0.007681145747868606,0.1,correct
3142,9,EC1,9i,9i,0.012489995996796796,0.1,correct
3143,9,EC1,9i,9i,0.012806248474865696,0.1,correct
3144,9,EC1,9i,9i,0.006462197768561401,0.1,correct
3145,9,EC1,9i,9i,0.013038404810405297,0.1,correct
3146,9,EC1,9i,9i,0.006480740698407857,0.1,correct
3178,9,EC1,9i,9i,0.012737346662472525,0.1,correct
3179,9,EC1,9i,9i,0.012489995996796796,0.1,correct
3211,9,EC1,9i,9i,0.01615549442140351,0.1,correct
3212,9,EC1,9i,9i,0.013379088160259654,0.1,correct
3213,9,EC1,9i,9i,0.009591663046625443,0.1,correct
3302,9,EC1,9i,9i,0.012259070795945343,0.1,correct
3303,9,EC1,9i,9i,0.008366600265340763,0.1,correct
3331,9,EC1,9i,9i,0.014497728998708723,0.1,correct
3387,9,EC1,9i,9i,0.012737346662472525,0.1,correct
3411,9,EC1,9i,9i,0.012046991325638108,0.1,correct
3419,9,EC1,9i,9i,0.06428414092931475,0.1,correct
3446,9,EC1,9i,9i,0.010038924245156943,0.1,correct
3447,9,EC1,9i,9i,0.02037219922173352,0.1,correct
3448,9,EC1,9i,9i,0.04810174998562942,0.1,correct
3530,9,EC1,9i,9i,0.014380194713563514,0.1,correct
3558,9,EC1,9i,9i,0.010541347162483547,0.1,correct
3582,9,EC1,9i,9i,0.006462197768561401,0.1,correct
3595,9,EC1,9i,9i,0.014422205101855955,0.1,correct
3596,9,EC1,9i,9i,0.011318043706842626,0.1,correct
3658,9,EC1,9R,9R,0.020149441679609904,0.1155335449122894,correct
3659,9,EC1,9R,9R,0.027513632984395207,0.1155335449122894,correct
3664,9,EC1,9R,9R,0.02758509394582516,0.1155335449122894,correct
3730,9,EC1,9R,9R,0.020149441679609904,0.1155335449122894,correct
3731,9,EC1,9i,9i,0.03486784429184001,0.1,correct
3732,9,EC1,9R,9R,0.0207569122944623,0.1155335449122894,correct
3733,9,EC1,9R,9i,0.052188867097303415,0.1,mismatch
3845,9,EC1,9i,9i,0.011713894030167765,0.1,correct
3846,9,EC1,9i,9i,0.020518284528683196,0.1,correct
3847,9,EC1,9i,9i,0.005683639386871759,0.1,correct
3848,9,EC1,9R,9R,0.024248711305964288,0.1155335449122894,correct
3865,9,EC1,9i,9i,0.013266499161421601,0.1,correct
3866,9,EC1,9i,9i,0.019874606914351795,0.1,correct
3945,9,EC1,9i,9i,0.011618950038622256,0.1,correct
3969,9,EC1,9i,9i,0.008717797887081345,0.1,correct
3970,9,EC1,9i,9i,0.0214997674406027,0.1,correct
3995,9,EC1,9i,9i,0.01148912529307606,0.1,correct
4096,9,EC1,9i,9i,0.010198039027185569,0.1,correct
4132,9,EC2,9R,9R,0.026409278672466605,0.1155335449122894,correct
4146,9,EC2,9R,9R,0.06669857569693674,0.1155335449122894,correct
4170,9,EC2,9R,9R,0.018243629024950064,0.1155335449122894,correct
4174,9,EC2,9R,9R,0.021766258291217637,0.1155335449122894,correct
4175,9,EC2,9R,9R,0.018243629024950064,0.1155335449122894,correct
4250,9,EC2,9R,9R,0.017444196742756598,0.1155335449122894,correct
4271,9,EC2,9i,9i,0.018073184556131775,0.1,correct
4299,9,EC2,9R,9R,0.02780107911574658,0.1155335449122894,correct
4300,9,EC2,9R,9R,0.09875272148148627,0.1155335449122894,correct
4304,9,EC2,9R,9R,0.028400176055792307,0.1155335449122894,correct
4389,9,EC2,9R,9R,0.025268953282635197,0.1155335449122894,correct
4401,9,EC2,9R,9R,0.018069419532458702,0.1155335449122894,correct
4466,9,EC2,9R,9R,0.016263455967290584,0.1155335449122894,correct
4467,9,EC2,9R,9R,0.010412012293500231,0.1155335449122894,correct
4517,9,EC2,9R,9R,0.06669857569693674,0.1155335449122894,correct
4529,9,EC2,9R,9R,0.01997423340206078,0.1155335449122894,correct
4530,9,EC2,9R,9R,0.010412012293500231,0.1155335449122894,correct
4721,9,EC2,9i,9i,0.044405067278408664,0.1,correct
4817,9,EC2,9R,9R,0.023885769822218423,0.1155335449122894,correct
4900,9,EC2,9R,9R,0.023885769822218423,0.1155335449122894,correct
4907,9,EC2,9R,9R,0.032312226788013244,0.1155335449122894,correct
4917,9,EC2,9R,9R,0.016550830794857408,0.1155335449122894,correct
4919,9,EC2,9R,9R,0.016550830794857408,0.1155335449122894,correct
4973,9,EC1,9i,9i,0.008610486276628047,0.1,correct
5066,9,EC1,9i,9i,0.011066625077682902,0.1,correct
5157,9,EC1,9i,9i,0.012618800112134272,0.1,correct
5175,9,EC1,9i,9i,0.008717096516616068,0.1,correct
6076,9,EC1,9i,9i,0.009981621511057212,0.1,correct
6138,9,EC1,9R,9R,0.10780148784316478,0.1155335449122894,correct
6199,9,EC1,9i,9i,0.042588989611400736,0.1,correct
6201,9,EC1,9i,9i,0.015601755938675622,0.1,correct
6202,9,EC1,9i,9i,0.034831567930111905,0.1,correct
6310,9,EC1,9i,9i,0.017886120535487847,0.1,correct
6312,9,EC1,9i,9i,0.017886120535487847,0.1,correct
6328,9,EC1,9i,9i,0.025326513039105873,0.1,correct
6383,9,EC1,9i,9i,0.011318043706842626,0.1,correct
6502,9,EC1,9i,9i,0.015601755938675622,0.1,correct
6585,9,EC1,9i,9i,0.008009224753370328,0.1,correct
6586,9,EC1,9i,9i,0.011479221373420759,0.1,correct
6587,9,EC1,9i,9i,0.012712361176429803,0.1,correct
6588,9,EC1,9i,9i,0.010278452868014721,0.1,correct
6796,9,EC1,9i,9i,0.008319924681750426,0.1,correct
6798,9,EC1,9i,9i,0.02896228764376184,0.1,correct
6799,9,EC1,9i,9i,0.04159683193405479,0.1,correct
6911,9,EC1,9i,9i,0.00018378438453796927,0.1,correct
6995,9,EC1,9i,9i,0.0001410321240001737,0.1,correct
6996,9,EC1,9i,9i,6.351299079716218e-05,0.1,correct
6997,9,EC1,9i,9i,0.00015013354055639668,0.1,correct
7042,9,EC1,9i,9i,3.7142293951772216e-05,0.1,correct
7098,9,EC1,9i,9i,0.011858752609781517,0.1,correct
7101,9,EC1,9i,9i,0.00034606600526489504,0.1,correct
7137,9,EC1,9i,9i,0.0189888175145268,0.1,correct
7184,9,EC1,9i,9i,0.00018378438453796927,0.1,correct
7269,9,EC1,9i,9i,0.0001410321240001737,0.1,correct
7270,9,EC1,9i,9i,6.351299079716218e-05,0.1,correct
7271,9,EC1,9i,9i,0.00015013354055639668,0.1,correct
7302,9,EC1,9i,9i,3.7142293951772216e-05,0.1,correct
7382,9,EC1,9i,9i,0.00034606600526489504,0.1,correct
7678,9,EC1,9i,9i,0.023569378722613794,0.1,correct
7679,9,EC1,9i,9i,0.013613045434802603,0.1,correct
7727,9,EC1,9i,9i,0.008497814537279574,0.1,correct
7732,9,EC1,9i,9i,0.005683639386871759,0.1,correct
7813,9,EC1,9R,9R,0.04523276948529686,0.1155335449122894,correct
7938,9,EC2,9R,9R,0.018069419532458702,0.1155335449122894,correct
7943,9,EC2,9R,9R,0.019892249468825784,0.1155335449122894,correct
8031,9,EC1,9i,9i,0.010656620843869787,0.1,correct
8033,9,EC1,9i,9i,0.0077973023924944726,0.1,correct
8035,9,EC1,9i,9i,0.02295790842934085,0.1,correct
8036,9,EC1,9i,9i,0.010956615252439964,0.1,correct
8123,9,EC1,9i,9i,0.013613045434802603,0.1,correct
8580,9,EC1,9R,9R,0.0207569122944623,0.1155335449122894,correct
8627,9,EC1,9R,9R,0.033824218207077594,0.1155335449122894,correct
8681,9,EC1,9R,9R,0.023114800799487762,0.1155335449122894,correct
8704,9,EC1,9i,9i,0.015289358646457347,0.1,correct
272,10,EC1,10i,10i,0.01972308292331602,0.1009627130556144,correct
448,10,EC1,10i,10i,0.018537409174693206,0.1009627130556144,correct
693,10,EC1,10i,10i,0.0282950525710768,0.1009627130556144,correct
752,10,EC1,10i,10i,0.014296503068932626,0.1009627130556144,correct
760,10,EC1,10i,10i,0.022902173283773745,0.1009627130556144,correct
880,10,EC1,10i,10i,0.027065476164294618,0.1009627130556144,correct
1186,10,EC1,10R,10R,0.0671370985372469,0.1580005775070523,correct
1272,10,EC1,10i,10i,0.0528611199922968,0.1009627130556144,correct
1693,10,EC1,10i,10i,0.07472911079358564,0.1009627130556144,correct
1741,10,EC1,10i,10i,0.0709308837220431,0.1009627130556144,correct
2376,10,EC1,10i,10i,0.01039230484541326,0.1009627130556144,correct
2635,10,EC1,10i,10i,0.014786863727985051,0.1009627130556144,correct
2647,10,EC1,10i,10i,0.011473011810331233,0.1009627130556144,correct
2648,10,EC1,10i,10i,0.011235212503553279,0.1009627130556144,correct
2660,10,EC1,10i,10i,0.016217274740226856,0.1009627130556144,correct
2739,10,EC1,10i,10i,0.07472911079358564,0.1009627130556144,correct
2755,10,EC1,10i,10i,0.016217274740226856,0.1009627130556144,correct
2933,10,EC1,10i,10i,0.01068784356172937,0.1009627130556144,correct
3018,10,EC1,10i,10i,0.023229333587298624,0.1009627130556144,correct
3019,10,EC1,10i,10i,0.01987460691435179,0.1009627130556144,correct
3079,10,EC1,10i,10i,0.020784609690826527,0.1009627130556144,correct
3101,10,EC1,10i,10i,0.007,0.1009627130556144,correct
3102,10,EC1,10i,10i,0.006769785816405119,0.1009627130556144,correct
3147,10,EC1,10i,10i,0.01039230484541326,0.1009627130556144,correct
3148,10,EC1,10i,10i,0.015165750888103107,0.1009627130556144,correct
3149,10,EC1,10i,10i,0.022271057451320086,0.1009627130556144,correct
3180,10,EC1,10i,10i,0.023409399821439247,0.1009627130556144,correct
3246,10,EC1,10i,10i,0.014296503068932626,0.1009627130556144,correct
3247,10,EC1,10i,10i,0.01987460691435179,0.1009627130556144,correct
3248,10,EC1,10i,10i,0.013664619883114206,0.1009627130556144,correct
3270,10,EC1,10i,10i,0.018165902124584948,0.1009627130556144,correct
3271,10,EC1,10i,10i,0.018165902124584948,0.1009627130556144,correct
3272,10,EC1,10i,10i,0.023832750575625967,0.1009627130556144,correct
3304,10,EC1,10i,10i,0.014594519519326431,0.1009627130556144,correct
3305,10,EC1,10i,10i,0.016505453644174706,0.1009627130556144,correct
3306,10,EC1,10i,10i,0.017146428199482245,0.1009627130556144,correct
3583,10,EC1,10i,10i,0.006769785816405119,0.1009627130556144,correct
3584,10,EC1,10i,10i,0.013409325113517084,0.1009627130556144,correct
3660,10,EC1,10R,10R,0.02590492631103202,0.1580005775070523,correct
3849,10,EC1,10R,10R,0.0671370985372469,0.1580005775070523,correct
3850,10,EC1,10i,10i,0.025632011235952594,0.1009627130556144,correct
3851,10,EC1,10R,10R,0.04653721366820319,0.1580005775070523,correct
4155,10,EC2,10R,10R,0.024474067908706945,0.1580005775070523,correct
4168,10,EC2,10R,10R,0.025033377718558094,0.1580005775070523,correct
4173,10,EC2,10R,10R,0.025033377718558094,0.1580005775070523,correct
4249,10,EC2,10R,10R,0.017146151771461723,0.1580005775070523,correct
4289,10,EC2,10i,10i,0.03427751529807841,0.1009627130556144,correct
4442,10,EC2,10R,10R,0.027631503759296204,0.1580005775070523,correct
4444,10,EC2,10R,10R,0.01848269460874143,0.1580005775070523,correct
4513,10,EC2,10R,10R,0.018150206610394275,0.1580005775070523,correct
4522,10,EC2,10R,10R,0.0343762999754191,0.1580005775070523,correct
4541,10,EC2,10R,10R,0.017153716798408443,0.1580005775070523,correct
4543,10,EC2,10R,10R,0.02222656068760977,0.1580005775070523,correct
4753,10,EC2,10R,10R,0.027631503759296204,0.1580005775070523,correct
4754,10,EC2,10i,10R,0.03617153577054753,0.1580005775070523,mismatch
4757,10,EC2,10i,10i,0.045368270850893136,0.1009627130556144,correct
4823,10,EC2,10R,10R,0.055326124028346683,0.1580005775070523,correct
4902,10,EC2,10R,10R,0.017153716798408443,0.1580005775070523,correct
4904,10,EC2,10R,10R,0.018150206610394275,0.1580005775070523,correct
4916,10,EC2,10R,10R,0.055326124028346683,0.1580005775070523,correct
4918,10,EC2,10R,10R,0.15842568352388448,0.1580005775070523,reject
4921,10,EC2,10R,10R,0.022099321256545422,0.1580005775070523,correct
5070,10,EC1,10R,10R,0.12448836375517192,0.1580005775070523,correct
5174,10,EC1,10i,10i,0.014786863727985051,0.1009627130556144,correct
5928,10,EC1,10i,10i,0.020377135307496,0.1009627130556144,correct
6075,10,EC1,10i,10i,0.014605596910773623,0.1009627130556144,correct
6098,10,EC1,10R,10R,0.12448836375517192,0.1580005775070523,correct
6200,10,EC1,10i,10i,0.038731919641556624,0.1009627130556144,correct
6338,10,EC1,10i,10i,0.055511301360443716,0.1009627130556144,correct
7099,10,EC1,10i,10i,1.93248544625839e-05,0.1009627130556144,correct
7100,10,EC1,10i,10i,0.000269514044160965,0.1009627130556144,correct
7379,10,EC1,10i,10i,0.04216220311297786,0.1009627130556144,correct
7380,10,EC1,10i,10i,1.93248544625839e-05,0.1009627130556144,correct
7381,10,EC1,10i,10i,0.000269514044160965,0.1009627130556144,correct
7809,10,EC1,10R,10R,0.05646660814375166,0.1580005775070523,correct
7939,10,EC2,10R,10R,0.023305928383138906,0.1580005775070523,correct
7940,10,EC2,10R,10R,0.1570543737921679,0.1580005775070523,correct
7941,10,EC2,10R,10R,0.017146151771461723,0.1580005775070523,correct
7942,10,EC2,10R,10R,0.023203070582791398,0.1580005775070523,correct
8034,10,EC1,10i,10i,0.018355011600377703,0.1009627130556144,correct
8037,10,EC1,10i,10i,0.018355011600377703,0.1009627130556144,correct
8140,10,EC1,10i,10i,0.038731919641556624,0.1009627130556144,correct
8181,10,EC1,10i,10i,0.013664619883114206,0.1009627130556144,correct
8581,10,EC1,10R,10R,0.02590492631103202,0.1580005775070523,correct
8582,10,EC1,10R,10R,0.031838054967758295,0.1580005775070523,correct
8628,10,EC1,10R,10R,0.031838054967758295,0.1580005775070523,correct
8680,10,EC1,10R,10R,0.04156350018922852,0.1580005775070523,correct
