length,source,clan,recording_id,classifier_distance,pc1,pc2
3,sharma2025_birth,EC1,CETI23-277,0.1300570650388635,-0.7209821060816676,-0.24202994451038123
3,sharma2025_birth,EC1,CETI23-277,0.2065534601559466,0.23658430520345766,-0.330041294373781
3,sharma2025_birth,EC1,CETI23-277,0.1260784640003469,-0.6152875316813117,0.6326702090574564
3,sharma2025_birth,EC1,CETI23-277,0.121363880646891,-0.6659194387986161,0.5331322453701192
3,sharma2025_birth,EC1,CETI23-281,0.2927348380747022,1.348263296584062,-0.2308863155631553
3,sharma2025_birth,EC1,CETI23-282,0.1956642994640396,0.13787754089683013,-0.209345370413479
3,sharma2025_birth,EC1,CETI23-293,0.191480367991936,-0.2274200298806126,-0.8564430119779193
3,hersh2022_pacific,,236,0.1768890402923243,-0.07968267816027885,1.1414610522520305
3,hersh2022_pacific,,65,0.1161538342499984,-0.947229819223435,1.2060195026008083
3,hersh2022_pacific,SH,14,0.1346326587072719,-1.1424538779371316,-0.8692444371079622
3,hersh2022_pacific,SH,14,0.1958393282739333,0.14221739010702117,1.2249063879543525
3,hersh2022_pacific,SH,14,0.1354318493079902,-0.4934422958328029,0.5555183871387674
3,hersh2022_pacific,SH,14,0.1622910201058031,-0.2444987996050601,1.0574242449346845
3,hersh2022_pacific,FP,230,0.2042613308537925,0.06858341704230592,-0.6542042804096015
3,hersh2022_pacific,SH,244,0.1996815559092187,0.297778758107623,0.4827886555366994
3,hersh2022_pacific,SH,244,0.1564557443907095,-0.23691221552785133,0.36835248525314596
3,hersh2022_pacific,SH,235,0.1457359327779333,-0.5790140137466075,1.3170332973295833
3,hersh2022_pacific,SH,235,0.1301956259897045,-0.7693018808674659,1.2552503098853551
3,hersh2022_pacific,SH,235,0.1597859444272968,-1.7399981903636292,-1.5141770319349015
3,hersh2022_pacific,SH,237,0.1337321561556209,-0.5197081547507268,0.6279078492324306
3,hersh2022_pacific,SH,237,0.1251971301449165,-0.617929892373873,0.4200690882630754
3,hersh2022_pacific,FP,2,0.2364095172190884,0.6859387397588218,-0.059885396753222464
3,hersh2022_pacific,SH,240,0.125487264797636,-0.6144119476110613,0.4186964273689029
3,hersh2022_pacific,SH,240,0.1248768759318169,-1.2692348705922534,-0.8214814002810452
3,hersh2022_pacific,PALI,215,0.1983948403147289,-0.37540581588996386,-1.1816710926593714
3,hersh2022_pacific,PALI,215,0.2855568711172275,0.8013312938456636,-1.3363592126442172
3,hersh2022_pacific,PALI,215,0.2612038333368548,0.6036326047226168,-1.0987939982956298
3,hersh2022_pacific,PALI,215,0.2652027587265926,0.6484922825232535,-1.1168376277382783
3,hersh2022_pacific,PALI,215,0.2267631973703076,0.18759870465716477,2.0192249343206665
3,hersh2022_pacific,PALI,234,0.126556058848419,-1.2418465957660418,-0.8256290998636665
3,hersh2022_pacific,PALI,234,0.1288157463642378,-1.1126104788343143,-0.7505269283075268
3,hersh2022_pacific,PALI,234,0.1339210920425437,-1.102062626058021,-0.8232880132743516
3,hersh2022_pacific,PALI,234,0.142595138968024,-0.9246641415191392,-0.7958118883582057
3,hersh2022_pacific,RI,226,0.1414722331173567,-1.4104663237772728,-1.1472067358364533
3,hersh2022_pacific,RI,226,0.1206762667270532,-0.8377843611212975,1.1328025258303132
3,hersh2022_pacific,RI,226,0.1047249482182257,-1.0805560030469803,1.1460287938116194
3,hersh2022_pacific,RI,226,0.2407587843048161,0.6161600582715534,1.5713560258885289
3,hersh2022_pacific,REG,12,0.353723821980497,1.9962615001395072,-0.6648924532221041
3,hersh2022_pacific,PO,23,0.3558658487621127,1.4759377055085192,-1.8429183879303446
3,hersh2022_pacific,REG,108,0.1321706800294271,-0.7818669420949536,-0.40747255663851245
3,hersh2022_pacific,REG,39,0.1196284801077228,-0.9461292702912512,-0.38622915301815103
3,hersh2022_pacific,PO,44,0.1180786674392948,-1.1342651789675182,-0.5919763013067956
3,hersh2022_pacific,SH,220,0.3750228483056428,2.0325625391383264,-1.2977611813582912
3,hersh2022_pacific,SH,220,0.375281392240628,2.0787370388483226,-1.1993077935908723
3,hersh2022_pacific,SH,220,0.210631377625054,-0.11328629790998307,-1.0908914142482313
3,hersh2022_pacific,SH,220,0.2011974833672381,-0.3868576980649313,-1.2440527302967306
3,hersh2022_pacific,SH,220,0.1834781826971115,-0.023914050723268368,-0.23133309687361875
3,hersh2022_pacific,REG,7,0.1459911483071195,-0.507807400131421,-0.2345979593022471
3,hersh2022_pacific,REG,33,0.3106895500895564,1.4876235662468507,-0.5495565619132723
3,hersh2022_pacific,FP,228,0.2359746525324316,0.7322619862044689,0.8063057276923105
3,hersh2022_pacific,FP,228,0.1883125938485415,-0.09505971022853243,1.5485311640026251
3,hersh2022_pacific,REG,3,0.291366910979163,1.3727942790050713,-0.02354786651568086
3,hersh2022_pacific,SH,45,0.1137283550457334,-0.9531537928379981,1.1582488087198943
3,hersh2022_pacific,SH,45,0.1051588644584722,-2.3152335815537732,-0.9121255923867742
3,hersh2022_pacific,SH,45,0.1252468806866513,-0.8959754676526248,1.3334762359704155
3,hersh2022_pacific,SH,45,0.1368926488360234,-0.755489563411974,1.389641353021676
3,hersh2022_pacific,PALI,219,0.1792256472922971,-0.9883119622627035,-1.419012452890568
3,hersh2022_pacific,PALI,219,0.1687696207959393,-1.1876176343329345,-1.3972290209502176
3,hersh2022_pacific,PALI,219,0.1750961459539673,-1.2253061307808253,-1.5052410539140608
3,hersh2022_pacific,PALI,219,0.178770122326288,-1.2177052224038196,-1.551099524615129
3,hersh2022_pacific,PALI,219,0.1973720685590473,-0.638006636772382,-1.4228544335956854
3,hersh2022_pacific,PALI,219,0.2286736898332771,-0.7964243904994917,-1.998660083910282
3,hersh2022_pacific,PALI,219,0.1837815051668922,-0.8139259409798665,-1.3579535695902716
3,hersh2022_pacific,PALI,218,0.2204368375382559,-0.1557525139265895,-1.3299937059904967
3,hersh2022_pacific,PALI,218,0.2386224599546016,0.06266222190376891,-1.4077135747692777
3,hersh2022_pacific,PALI,218,0.2214090890541061,0.026877728392739497,-1.117176621857365
3,hersh2022_pacific,PALI,218,0.2132971181842444,-0.9725005058402131,-1.8885514475302114
3,hersh2022_pacific,PALI,218,0.1925865159114641,-1.1784722174283835,-1.717440598807427
3,hersh2022_pacific,PALI,218,0.1660981707065559,-1.4333731742135825,-1.4863165382329786
3,hersh2022_pacific,PALI,218,0.1683438884827922,-1.3355533812019456,-1.4707938335181867
3,hersh2022_pacific,PALI,218,0.2105110437609155,-1.1926732903664008,-1.9633551949418915
3,hersh2022_pacific,PALI,218,0.2070239449066699,-1.239504204748667,-1.938513440213175
3,hersh2022_pacific,PALI,218,0.2497229583452828,0.5504026887457018,-0.909517330315857
3,hersh2022_pacific,PALI,218,0.2434202103592527,0.22710189056226915,-1.2889757727674263
3,hersh2022_pacific,PALI,218,0.2138682000269154,0.03477194940659273,-0.9446882242498209
3,hersh2022_pacific,PALI,218,0.2362960034920744,0.3488653739878806,-0.9434249201411702
3,hersh2022_pacific,PALI,218,0.3952137665384063,2.6723324950323057,0.13445553254158837
3,hersh2022_pacific,PO,46,0.1033747432958134,-1.3152559558029235,-0.5246373006222147
3,hersh2022_pacific,PO,46,0.1006588027056305,-1.2501396901204733,-0.4110871747781783
3,hersh2022_pacific,SH,9,0.1907090272090233,0.1298121301200288,1.0277728338085859
3,hersh2022_pacific,SH,9,0.1352240531664267,-0.8671865996426669,1.4998867471679223
3,hersh2022_pacific,SH,9,0.1493828534882952,-0.7669701445401155,1.6566824504745554
3,hersh2022_pacific,SH,9,0.1081466564110554,-1.0662757179232762,1.2006228472905711
3,hersh2022_pacific,SH,9,0.1010149131418563,-1.0687952788520672,1.039246296128455
3,hersh2022_pacific,SH,9,0.1207844870219161,-0.9784318952509325,1.3482990141367635
3,hersh2022_pacific,SH,9,0.1247223874469381,-0.8274362524589282,1.2180983229781004
3,hersh2022_pacific,SH,9,0.1152215520673387,-1.0157872377532544,1.282180164708396
3,hersh2022_pacific,SH,9,0.3936208563003525,2.3649512237737804,-1.0766523259924174
3,hersh2022_pacific,SH,9,0.1005821596510757,-1.2314508638660873,1.2504353531973176
3,hersh2022_pacific,FP,59,0.2265478921134011,0.5105098749331778,1.3322412141710411
3,hersh2022_pacific,FP,59,0.2160993835480281,0.43174315255129253,1.1244856107940562
3,hersh2022_pacific,FP,59,0.2086571152219397,0.36688047926635775,0.9828825890880561
3,hersh2022_pacific,FP,59,0.1970588947318293,0.2649853369334692,0.4542180193849908
3,hersh2022_pacific,FP,59,0.1453157489207549,-0.4993199626206586,-0.19221356534134942
3,hersh2022_pacific,FP,59,0.1381600127261801,-0.7039788141758284,-0.4168867989437943
3,hersh2022_pacific,FP,59,0.2844429665416395,1.123055188152696,-0.6407805577598369
3,hersh2022_pacific,FP,59,0.1295801962777848,-0.576325568475349,0.2668670975179501
3,hersh2022_pacific,FP,59,0.1942453713529382,-0.3487558800785415,-1.0743784423957592
3,hersh2022_pacific,PALI,233,0.1423938713299363,-0.9998011995604608,-0.8667329070400578
3,hersh2022_pacific,RI,20,0.3004107290755344,1.509084101014886,0.14794082489847427
3,hersh2022_pacific,PALI,213,0.2361891338838818,0.15119336114550452,-1.246497916970287
3,hersh2022_pacific,PALI,213,0.1182405842561871,-0.7206634215922111,0.6883470226780569
3,hersh2022_pacific,PALI,213,0.1596107243200337,-0.442384526848119,-0.4759341098139486
3,hersh2022_pacific,RI,103,0.2050359552965265,0.1063947245709892,-0.598516965996767
3,hersh2022_pacific,RI,103,0.1813670450222337,0.010456011035315346,-0.019889382017314675
3,hersh2022_pacific,RI,103,0.2177151544167743,0.44168542425634955,-0.11144884937050048
3,hersh2022_pacific,RI,103,0.2964570789221397,1.3925178704242636,-0.23992247922678323
3,hersh2022_pacific,RI,103,0.300374623478637,1.4859575308206776,-0.01156955932734327
3,hersh2022_pacific,RI,103,0.3000626229509901,1.4356914721530727,-0.2473413498116085
3,hersh2022_pacific,RI,103,0.2158232022739192,0.496184505881436,0.5670240574560785
3,hersh2022_pacific,RI,103,0.2924806771879018,1.4016367436312864,0.07275122786204724
3,hersh2022_pacific,RI,103,0.3059750188852339,1.5341233653088748,-0.12906202976716707
3,hersh2022_pacific,RI,103,0.2321472008775019,0.6771881184712398,0.20727002972160158
3,hersh2022_pacific,FP,57,0.3010047751674657,0.6068507632690032,-1.9171217014141984
3,hersh2022_pacific,FP,57,0.352800658247495,0.7553348505754834,-2.6601747883870965
3,hersh2022_pacific,FP,57,0.3118714033696637,0.5724158766465078,-2.150664949242746
3,hersh2022_pacific,FP,57,0.1701472241829957,-0.7392286865685913,-1.0754342438247908
3,hersh2022_pacific,FP,57,0.1965683255205569,-0.5837391862776896,-1.3619576828121631
3,hersh2022_pacific,SH,242,0.1567319721755308,-0.22997571232828612,0.4574174351751777
3,hersh2022_pacific,SH,242,0.1381466390527556,-0.4744172712653708,0.24080173601059043
3,hersh2022_pacific,SH,242,0.1387787610243051,-0.46082078456568526,0.2874519712885172
3,hersh2022_pacific,SH,242,0.1341914011162398,-0.5235377999031825,0.23772035717818604
3,hersh2022_pacific,SH,225,0.1067214720509346,-0.8732043066310134,0.7256611356591423
3,hersh2022_pacific,SH,225,0.1311542960039992,-0.6603823060690351,1.064736650879797
3,hersh2022_pacific,PALI,214,0.3179281521466377,0.6265792208418577,-2.1984943428159394
3,hersh2022_pacific,REG,26,0.1871435621027086,0.040638097441673446,-0.17521302742761558
3,hersh2022_pacific,PALI,217,0.1708921491720855,-0.516632057840648,-0.8377155251223011
3,hersh2022_pacific,PALI,217,0.2725847704214898,-0.09009807761521405,-2.1346984350480143
3,hersh2022_pacific,PALI,217,0.1589109479707091,-0.5483251540159437,-0.6360086823573629
3,hersh2022_pacific,PALI,217,0.2129897797661152,-0.9465178729447383,-1.8694831191842667
3,hersh2022_pacific,PALI,217,0.1213680703775871,-1.2842581498180958,-0.7801783936643749
3,hersh2022_pacific,PALI,217,0.221878899137179,-0.8668329271465537,-1.9461289128352122
3,hersh2022_pacific,PALI,217,0.2101170255390449,-0.5452008653367668,-1.5435488953236074
3,hersh2022_pacific,PALI,217,0.2245543784898201,-0.7603998005121272,-1.9179454767125392
3,hersh2022_pacific,PO,42,0.3879959142049939,2.499180566069536,-0.38120743398448864
3,hersh2022_pacific,PALI,212,0.2154091163721445,-0.12441272737733555,-1.1986494658346252
3,hersh2022_pacific,PALI,216,0.2609256853051569,1.0158572208647956,1.032394185489474
3,hersh2022_pacific,PALI,216,0.1202080931716571,-1.1284905692386702,-0.6225557557667819
3,hersh2022_pacific,PALI,216,0.2293934003583489,0.4313179487440054,1.6457160161811668
3,hersh2022_pacific,PALI,216,0.2180905069699091,0.44718299003770134,1.1661121119500022
3,hersh2022_pacific,PALI,216,0.2156332132627035,0.15220846327517767,1.811483003923564
3,hersh2022_pacific,SI,122,0.3401854801554904,1.9708190407576875,-0.04949692996455346
3,hersh2022_pacific,SI,118,0.1372804541760606,-0.5642989308287105,-0.08871960074499877
3,hersh2022_pacific,SI,114,0.2772039440741435,0.7109713719993195,-1.2924804412850524
3,hersh2022_pacific,SI,115,0.1460154653736846,-0.6275565048187657,-0.47239616605474005
3,hersh2022_pacific,SI,116,0.1226103850752198,-2.1044316135802963,-1.1229275603602498
3,hersh2022_pacific,SI,116,0.1204187661717494,-1.233686931644291,-0.7243792866848275
3,hersh2022_pacific,SI,116,0.2750220703699773,0.6851685317754455,-1.2845549666331701
3,hersh2022_pacific,SI,116,0.3547311684768472,1.205244201593357,-2.197932679034899
3,hersh2022_pacific,SI,116,0.1981393061950132,-0.09919497950691719,-0.8041066700746748
3,hersh2022_pacific,SI,116,0.1606299927501605,-0.4096620799064928,-0.44000747295912573
3,hersh2022_pacific,SI,117,0.111185958706752,-1.0404019484007516,-0.3455885716246266
3,hersh2022_pacific,SI,117,0.2455731223353638,0.7398478038215589,-0.30234703550375674
3,hersh2022_pacific,SI,117,0.3075568837490203,1.5215320715436342,-0.2795498524861937
3,hersh2022_pacific,SI,117,0.1875256055008425,-0.10947328407305654,-0.5614226130726413
3,hersh2022_pacific,SI,117,0.1603093906531129,-0.41860076269248875,-0.44894615574512176
3,hersh2022_pacific,SH,129,0.1315024385628106,-0.5732036464186823,0.7961760278725729
3,hersh2022_pacific,SH,129,0.169907981548447,-0.14870630929438977,1.0688959480559648
3,hersh2022_pacific,SH,85,0.2070526215773761,0.3629372818045837,0.1639503143731752
3,hersh2022_pacific,SH,85,0.1892255900287704,-0.320129028821531,-0.9407199321998991
3,hersh2022_pacific,SH,85,0.2018407773804381,-0.10172799984220132,-0.89096047759935
3,hersh2022_pacific,SH,85,0.1879558073811333,-0.4095158566814902,-1.030106760059859
3,hersh2022_pacific,SH,85,0.113959960917105,-1.3994690720417589,-0.7552481675792713
3,hersh2022_pacific,SH,85,0.1534830881496909,-0.27453466278641614,0.622648603244252
3,hersh2022_pacific,SH,85,0.1760600969595564,-0.1733836853551715,-0.3723706527865838
3,hersh2022_pacific,SH,85,0.1421747191233443,-0.4086149045763551,0.48856836145431204
3,hersh2022_pacific,SH,85,0.2947858461142211,1.449876386030664,0.23903997232657237
3,hersh2022_pacific,SH,85,0.1565847958736271,-0.4339451079291965,-0.37996971379243866
3,hersh2022_pacific,SH,85,0.1872685337290142,0.0500833842947262,-0.14890358313668453
3,hersh2022_pacific,SH,85,0.1623644231010889,-0.2998648661392575,-0.24588947200249875
3,hersh2022_pacific,SH,85,0.1533696123334413,-0.38418565332864846,-0.16156868481310838
3,hersh2022_pacific,SH,87,0.131519269436884,-0.5949876213021259,0.04923328316036757
3,hersh2022_pacific,SH,87,0.131519269436884,-0.5949876213021259,0.04923328316036757
3,hersh2022_pacific,SH,87,0.1744550138934274,-0.07639779648935978,-0.022422402352599447
3,hersh2022_pacific,SH,87,0.180211254184779,-0.08399685749521224,-0.28298382492662394
3,hersh2022_pacific,SI,72,0.2238391127802754,0.514422252295482,1.1923714716337397
3,hersh2022_pacific,SH,83,0.3300696302403209,1.884145423654039,0.2517050740029958
3,hersh2022_pacific,SH,83,0.3117470460040128,1.5636924651383297,-0.32171024608088883
3,hersh2022_pacific,SH,83,0.2661397522449718,1.104994176267248,0.3157616985101079
3,hersh2022_pacific,SH,83,0.3727430007088986,2.2981502985951416,-0.43046028451798046
3,hersh2022_pacific,SH,83,0.341439471443243,2.0106266044381256,0.12522389321891014
3,hersh2022_pacific,SH,83,0.3939064157024766,2.508952266568619,-0.6412622524914565
3,hersh2022_pacific,SH,83,0.347357564020696,2.112678533974506,0.6488797587022459
3,hersh2022_pacific,SH,83,0.3463863254083985,1.9979615027617048,-0.3090451444044646
3,hersh2022_pacific,SH,83,0.3596734610641539,2.0746832289452435,-0.6539273541678804
3,hersh2022_pacific,SH,83,0.3126700902151961,1.6657443946747097,0.20194561940244682
3,hersh2022_pacific,SH,83,0.3231925418923695,1.8124897381410694,0.7702948988157614
3,hersh2022_pacific,SH,83,0.3300696302403209,1.884145423654039,0.2517050740029958
3,hersh2022_pacific,SH,83,0.2482044479273419,0.8941922082937706,0.5265636664835838
3,hersh2022_pacific,SH,83,0.1814302344002321,0.06274848597114745,0.2853654544866907
3,hersh2022_pacific,SH,83,0.2527031611583859,0.9439516628943186,0.7449646954629141
3,hersh2022_pacific,SH,83,0.2592274205424274,1.0282724500837097,0.6606439082735238
3,hersh2022_pacific,SH,83,0.2216230345941501,0.48435242191810185,-0.13623848146026066
3,hersh2022_pacific,SH,83,0.1881378971604758,0.15213531383110673,0.37475228234665064
3,hersh2022_pacific,SH,83,0.3172777317834813,1.6530792929982887,-0.23232341822092906
3,hersh2022_pacific,SH,83,0.347357564020696,2.112678533974506,0.6488797587022459
3,hersh2022_pacific,SH,83,0.1800374690613,0.0129890313705995,0.06696442550736047
3,hersh2022_pacific,FP,136,0.2652036182475125,1.0985885138165363,0.39367682324878717
3,hersh2022_pacific,FP,136,0.2803344020467638,1.2781951872495414,0.30345697767574253
3,hersh2022_pacific,FP,136,0.2691996616574589,1.1382158870759476,0.26466262212941677
3,hersh2022_pacific,FP,136,0.2724643537830077,1.183415905072984,0.3267267975643318
3,hersh2022_pacific,FP,80,0.1533696123334413,-0.38418565332864846,-0.16156868481310838
3,hersh2022_pacific,FP,80,0.1760600969595564,-0.1733836853551715,-0.3723706527865838
3,hersh2022_pacific,FP,80,0.1533696123334413,-0.38418565332864846,-0.16156868481310838
3,hersh2022_pacific,FP,80,0.1472373267794078,-0.5182658951185874,-0.29564892660304826
3,hersh2022_pacific,SH,86,0.1946267735876699,0.11703340997918213,-0.2337309743931319
3,hersh2022_pacific,SH,98,0.1814302344002321,0.06274848597114745,0.2853654544866907
3,hersh2022_pacific,SH,71,0.1086175219558734,-0.9814896533971564,1.0793204758471011
3,hersh2022_pacific,SH,82,0.2422148918621005,0.7972063194279588,0.17661541604959857
3,hersh2022_pacific,SH,82,0.2422148918621005,0.7972063194279588,0.17661541604959857
3,hersh2022_pacific,SH,82,0.2422148918621005,0.7972063194279588,0.17661541604959857
3,hersh2022_pacific,SH,82,0.2661397522449718,1.104994176267248,0.3157616985101079
3,hersh2022_pacific,SH,82,0.2482044479273419,0.8941922082937706,0.5265636664835838
3,hersh2022_pacific,SH,82,0.2514018182122492,0.9068573099701919,0.9608327041069592
3,hersh2022_pacific,SH,82,0.1870400436754914,-0.543596098471429,-1.1641870018497986
3,hersh2022_pacific,SH,82,0.1872685337290142,0.0500833842947262,-0.14890358313668453
3,hersh2022_pacific,SH,82,0.1890949440259112,0.14706927316053842,0.20104466729730036
3,hersh2022_pacific,SH,82,0.131519269436884,-0.5949876213021259,0.04923328316036757
3,hersh2022_pacific,SH,82,0.1125603158694107,-0.7931244875991825,0.6943042887572182
3,hersh2022_pacific,SH,82,0.131519269436884,-0.5949876213021259,0.04923328316036757
3,hersh2022_pacific,SH,82,0.2873303450170864,1.3655555988412735,0.3233607595159622
3,hersh2022_pacific,SH,82,0.2873303450170864,1.3655555988412735,0.3233607595159622
3,hersh2022_pacific,SH,82,0.1528024954320474,-0.2821337237922689,0.36208718067022677
3,hersh2022_pacific,SH,82,0.1735782369180317,-0.051067593136517875,0.8461156728941517
3,hersh2022_pacific,SH,82,0.1970913682694564,-0.5486621391419971,-1.337894616899149
3,hersh2022_pacific,SH,82,0.286356665607996,1.3411263475935664,0.973497805783383
3,hersh2022_pacific,SH,82,0.2291266375890935,0.6066685141367553,1.0822478442204753
3,hersh2022_pacific,SH,82,0.166856657890514,-0.21047803827929823,-0.15650264414253884
3,hersh2022_pacific,SH,82,0.206078175291738,0.3756023834810045,0.59821935199655
3,hersh2022_pacific,SH,82,0.2651727907816271,0.9059563578650562,-0.5578424174072121
3,hersh2022_pacific,SH,82,0.3300696302403209,1.884145423654039,0.2517050740029958
3,hersh2022_pacific,SH,82,0.3135577574903737,1.686008557356983,0.896776079599847
3,hersh2022_pacific,SH,82,0.2985693872788985,1.4920367796253595,0.19687957873187723
3,hersh2022_pacific,SH,82,0.2873303450170864,1.3655555988412735,0.3233607595159622
3,hersh2022_pacific,SH,82,0.3916528273244615,2.6439334604636926,1.0114931108126546
3,hersh2022_pacific,SH,82,0.4006750457445434,2.75268349890079,0.277035277355844
3,hersh2022_pacific,SH,82,0.23083132800231,0.6707251386438724,0.3030965968336841
3,hersh2022_pacific,SH,82,0.2029803337492315,0.1268051104782652,-0.49378579290009983
3,hersh2022_pacific,SH,82,0.4038971434198561,2.8075089941719065,0.6691439213845236
3,hersh2022_pacific,SH,82,0.1472373267794078,-0.5182658951185874,-0.29564892660304826
3,hersh2022_pacific,SH,82,0.1814302344002321,0.06274848597114745,0.2853654544866907
3,hersh2022_pacific,SH,82,0.2500160429680632,0.8815271066173499,0.09229462886020817
3,hersh2022_pacific,SH,82,0.2910461496903972,1.3031310425643041,-0.3293093070867431
3,hersh2022_pacific,SH,82,0.2354478196072366,0.6580600369674521,-0.13117244078969115
3,hersh2022_pacific,SH,82,0.320316333047221,1.7500651818641004,0.11762483221305653
3,hersh2022_pacific,SH,82,0.2698064998556543,0.9953431857250155,-0.46845558954725214
3,hersh2022_pacific,SH,82,0.4160264629868427,2.8664995780084555,-0.2837149410516173
3,hersh2022_pacific,SH,82,0.3869879721142254,2.521617368245039,-0.2069932148680813
3,hersh2022_pacific,SH,82,0.237453085693454,0.7331496949208417,0.9557666634363896
3,hersh2022_pacific,SH,82,0.1534270507614053,-0.5233319357891557,-0.4693565416523986
3,hersh2022_pacific,SH,82,0.2057407199359647,0.3705363428104367,0.4245117369472001
3,hersh2022_pacific,SH,82,0.2592274205424274,1.0282724500837097,0.6606439082735238
3,hersh2022_pacific,SH,82,0.2934238677538653,1.3537914492699878,1.4077668434067583
3,hersh2022_pacific,SH,82,0.1955398584677946,0.2364561010204977,0.29043149515726024
3,hersh2022_pacific,SH,82,0.2430878220249181,0.6951543898915793,-0.3470404494337367
3,hersh2022_pacific,SH,82,0.2318821753244774,0.4716873202416811,-0.5705075190836365
3,hersh2022_pacific,SH,82,0.2433596840213722,0.8174704821102327,0.8714458762469992
3,hersh2022_pacific,SH,82,0.2984854226395212,1.4752065893835056,1.107578047573323
3,hersh2022_pacific,SH,82,0.1890949440259112,0.14706927316053842,0.20104466729730036
3,hersh2022_pacific,SH,82,0.1800374690613,0.0129890313705995,0.06696442550736047
3,hersh2022_pacific,SH,82,0.206078175291738,0.3756023834810045,0.59821935199655
3,hersh2022_pacific,SH,82,0.2092711721167378,0.26088535226820364,-0.35970555111016045
3,hersh2022_pacific,SH,81,0.2127570084617781,0.44273259958648736,0.8171269850429371
3,hersh2022_pacific,SH,81,0.3295210276935723,1.893264296861062,0.5643787810918265
3,hersh2022_pacific,SH,81,0.2495711329535198,0.9095365535304782,0.4575872245309007
3,hersh2022_pacific,SH,81,0.2523993437231963,0.9447846806074052,0.4759711941699496
3,hersh2022_pacific,SH,81,0.2525193981000633,0.9417450562050642,0.37174662514033946
3,hersh2022_pacific,SH,81,0.270937980339761,1.1736442045739017,0.5867816160713004
3,hersh2022_pacific,SH,81,0.1421747191233443,-0.4086149045763551,0.48856836145431204
3,hersh2022_pacific,SH,81,0.1125603158694107,-0.7931244875991825,0.6943042887572182
3,hersh2022_pacific,SH,81,0.1501867535374865,-0.3537894093052389,0.8806770054829927
3,hersh2022_pacific,SH,81,0.1355495586719577,-0.49293569176574603,0.5728891486437024
3,hersh2022_pacific,SH,81,0.1039902482995805,-1.251822776470264,1.3317762333482153
3,hersh2022_pacific,SH,81,0.3520829800251293,2.0873483306216642,-0.21965831654450463
3,hersh2022_pacific,SH,81,0.3012183892462359,1.4802726300540738,1.2812856626226732
3,hersh2022_pacific,SH,81,0.3255842855349595,1.7374000801876797,-0.31664420541031946
3,hersh2022_pacific,SH,81,0.4185144950038094,2.968551507544835,0.23994092443171788
3,hersh2022_pacific,SH,81,0.3330332422541726,1.7744944331118067,-0.5325122140543643
3,hersh2022_pacific,SH,81,0.16841723847878,-1.2013322057447027,-1.4003191731761222
3,hersh2022_pacific,SH,81,0.3295222773937832,1.8892114643246072,0.42541268905234597
3,hersh2022_pacific,SH,81,0.1480219850876122,-1.5015210015781384,-1.2789040330626062
3,hersh2022_pacific,SH,81,0.1210971787806039,-1.622936141691657,-0.9787152372291708
3,hersh2022_pacific,SH,81,0.1355495586719577,-0.49293569176574603,0.5728891486437024
3,hersh2022_pacific,SH,81,0.3843411847548807,2.5292164292508916,0.05356820770594428
3,hersh2022_pacific,SH,81,0.2694138218680317,1.1547536308677961,0.5341627274894383
3,hersh2022_pacific,SH,81,0.3960468383300697,2.655697610034978,-0.07291297307814126
3,hersh2022_pacific,SH,81,0.2359854136304327,0.7078194915680001,0.08722858818963913
3,hersh2022_pacific,SH,81,0.3401151847373906,2.0232917061145463,0.559492930842286
3,hersh2022_pacific,SH,81,0.286356665607996,1.3411263475935664,0.973497805783383
3,hersh2022_pacific,SH,81,0.2520148039896326,0.9312865612178978,0.3106956578395385
3,hersh2022_pacific,SH,81,0.395094493080731,2.60593815543443,-0.2913140020574716
3,hersh2022_pacific,SH,81,0.3555275220774379,2.1843342194874755,0.13028993388947963
3,hersh2022_pacific,SI,95,0.2120847927098628,-0.4221809583579107,-1.4643757976832346
3,hersh2022_pacific,SH,88,0.1872685337290142,0.0500833842947262,-0.14890358313668453
3,hersh2022_pacific,SH,88,0.1744550138934274,-0.07639779648935978,-0.022422402352599447
3,hersh2022_pacific,SH,88,0.1881378971604758,0.15213531383110673,0.37475228234665064
3,hersh2022_pacific,SH,88,0.1744550138934274,-0.07639779648935978,-0.022422402352599447
3,hersh2022_pacific,SH,88,0.1814302344002321,0.06274848597114745,0.2853654544866907
3,hersh2022_pacific,SH,88,0.1800374690613,0.0129890313705995,0.06696442550736047
3,hersh2022_pacific,SH,88,0.131519269436884,-0.5949876213021259,0.04923328316036757
3,hersh2022_pacific,SH,88,0.1814302344002321,0.06274848597114745,0.2853654544866907
3,hersh2022_pacific,SH,88,0.1800374690613,0.0129890313705995,0.06696442550736047
3,hersh2022_pacific,SH,88,0.1814302344002321,0.06274848597114745,0.2853654544866907
3,hersh2022_pacific,RI,69,0.2548733370032631,0.6178920924449597,-0.9133633125788234
3,hersh2022_pacific,RI,69,0.1707446928933502,-0.3074639271451105,-0.5064508945765237
3,hersh2022_pacific,RI,69,0.1967103931107908,-0.09818177137280348,-0.7693651470648047
3,hersh2022_pacific,RI,69,0.1664249285012744,-0.13100913414342447,0.7830382893251229
3,hersh2022_pacific,RI,69,0.1445624973603035,-0.5157328747833033,-0.20879511907837311
3,hersh2022_pacific,RI,69,0.1752659565770005,-0.29262618597545964,-0.592798098034142
3,hersh2022_pacific,SH,92,0.1801317297306246,-0.7250872025311222,-1.2255277298275868
3,hersh2022_pacific,SH,92,0.1243972147874645,-0.6790232876015184,0.8579422648129066
3,hersh2022_pacific,SH,92,0.1166470752522025,-0.7327736371926804,0.6330881738570321
3,hersh2022_pacific,SH,92,0.1341297826823984,-0.5700859722607217,0.9190258470079813
3,hersh2022_pacific,SH,92,0.143497102361321,-0.46283497867893575,0.9687363354117275
3,hersh2022_pacific,SH,92,0.1482444415031008,-0.6200343714233258,1.4450896092935435
3,hersh2022_pacific,SH,92,0.1149593668046773,-0.780719727747929,0.78108672857249
3,hersh2022_pacific,SH,92,0.1028672107986616,-0.9159936442615242,0.6962366427981495
3,hersh2022_pacific,SH,92,0.1067134431356539,-0.8727998262029203,0.7233133855933732
3,hersh2022_pacific,SH,92,0.1228913733506442,-0.6864149957454877,0.8112924845693008
3,hersh2022_pacific,SH,92,0.1341348973691339,-0.5696574179492844,0.917771358407118
3,hersh2022_pacific,SH,92,0.1210320746829705,-0.7037376597392233,0.7836911166171782
3,hersh2022_pacific,SH,92,0.1372448805355292,-0.6067517708734116,1.1336393670511635
3,hersh2022_pacific,SH,92,0.1341348973691339,-0.5696574179492844,0.917771358407118
3,hersh2022_pacific,SH,92,0.1125603158694107,-0.7931244875991825,0.6943042887572182
3,hersh2022_pacific,SH,92,0.1355495586719577,-0.49293569176574603,0.5728891486437024
3,hersh2022_pacific,SH,92,0.1125603158694107,-0.7931244875991825,0.6943042887572182
3,hersh2022_pacific,SH,92,0.1278953433076008,-0.6961385987333708,1.0442525391912036
3,hersh2022_pacific,SH,92,0.1341348973691339,-0.5696574179492844,0.917771358407118
3,hersh2022_pacific,SH,92,0.1390400611114201,-0.4853366307598934,0.8334505712177277
3,hersh2022_pacific,SH,92,0.1210320746829705,-0.7037376597392233,0.7836911166171782
3,hersh2022_pacific,SH,92,0.1210320746829705,-0.7037376597392233,0.7836911166171782
3,hersh2022_pacific,SH,92,0.1125603158694107,-0.7931244875991825,0.6943042887572182
3,hersh2022_pacific,SH,92,0.1210320746829705,-0.7037376597392233,0.7836911166171782
3,hersh2022_pacific,SH,92,0.1264465539415902,-0.6194168725498324,0.6993703294277879
3,hersh2022_pacific,SH,92,0.1278953433076008,-0.6961385987333708,1.0442525391912036
3,hersh2022_pacific,FP,90,0.29840571515936,0.6073996302617686,-1.8682485912831923
3,hersh2022_pacific,FP,90,0.2741469986568446,0.9902771450544471,-0.6421632045966024
3,hersh2022_pacific,FP,84,0.1018478396743224,-1.615337080685804,-0.7181538146551454
3,hersh2022_pacific,SH,144,0.1758573807875972,-0.039123253144205575,0.06544461330618961
3,hersh2022_pacific,SH,144,0.1095840312964389,-0.9725509706111605,1.0882591586330972
3,hersh2022_pacific,SH,144,0.1151565289555071,-0.9273509526141241,1.1503233340680121
3,hersh2022_pacific,SH,144,0.1587762563817044,-0.27232805609716154,0.9958666735668265
3,hersh2022_pacific,SH,144,0.2022437778339694,-0.7378942898490821,-1.5777192399198698
3,hersh2022_pacific,SH,79,0.1486256940159953,-0.5569923162728634,1.3520403960304936
3,hersh2022_pacific,FP,135,0.2435190210777267,0.1888353187171553,-1.342420086306631
3,hersh2022_pacific,FP,135,0.2175639438706606,-0.5672262992020732,-1.67687776827891
3,hersh2022_pacific,FP,135,0.2482178240593383,0.7268562884991079,-0.45025181032923245
3,hersh2022_pacific,FP,135,0.2505055311920314,0.7054326944577183,-0.5897245064357696
3,hersh2022_pacific,FP,135,0.2363365255629753,0.238594773317703,-1.1240190573273008
3,hersh2022_pacific,FP,135,0.2250003876581693,-0.24999315550973145,-1.5114220415274695
3,hersh2022_pacific,FP,135,0.2200181314669209,-0.2742761835324352,-1.4513842823607823
3,hersh2022_pacific,FP,135,0.1970059628549979,-0.7621773178717858,-1.5176814807531827
3,hersh2022_pacific,FP,135,0.2144514576211471,-0.8229018715265568,-1.8145042385382488
3,hersh2022_pacific,FP,135,0.2038019155231781,-0.694214084053216,-1.5677673489997597
3,hersh2022_pacific,FP,135,0.2180004516398507,-0.3090177065423052,-1.4523974904948964
3,hersh2022_pacific,FP,135,0.2110073771776135,-0.35910357478888244,-1.3844342566763275
3,hersh2022_pacific,FP,135,0.314056733561799,0.43789107097387636,-2.3244478270150157
3,hersh2022_pacific,FP,135,0.3190420146088454,0.1950268235508159,-2.617904546751712
3,hersh2022_pacific,FP,135,0.29840571515936,0.6073996302617686,-1.8682485912831923
3,hersh2022_pacific,FP,135,0.3205012711062979,0.7030119301514127,-2.160511912464746
3,hersh2022_pacific,FP,135,0.2532774733734873,0.656179843924227,-0.7907547739101648
3,hersh2022_pacific,FP,135,0.2629235848354421,0.5387835691511398,-1.245434197440817
3,hersh2022_pacific,FP,135,0.2373115079600247,-0.4695875830442019,-1.8996580434407235
3,hersh2022_pacific,FP,91,0.4233915398154644,3.005645860468963,0.024072915787672677
3,hersh2022_pacific,FP,91,0.2772885770357718,1.1294234275149546,-0.33437534775731226
3,hersh2022_pacific,SH,77,0.1341498763755388,-0.6910725580628023,1.2179601542405538
3,hersh2022_pacific,SH,77,0.2439858261210388,0.7921402787573911,0.002907801000248733
3,hersh2022_pacific,SH,77,0.1472373267794078,-0.5182658951185874,-0.29564892660304826
3,hersh2022_pacific,SH,77,0.1221484677924016,-1.181068043062429,-0.7054887129787216
3,hersh2022_pacific,SH,77,0.1472373267794078,-0.5182658951185874,-0.29564892660304826
3,hersh2022_pacific,SH,77,0.1355495586719577,-0.49293569176574603,0.5728891486437024
3,hersh2022_pacific,SH,77,0.1355495586719577,-0.49293569176574603,0.5728891486437024
3,hersh2022_pacific,SH,78,0.1209640404652172,-0.9069405667068479,1.2550545071646793
3,hersh2022_pacific,SH,78,0.1062491952699255,-1.0410208084967867,1.1209742653747394
3,hersh2022_pacific,SH,78,0.1245682581484132,-0.7804593859227617,1.128573326380594
3,hersh2022_pacific,SH,78,0.1209640404652172,-0.9069405667068479,1.2550545071646793
3,hersh2022_pacific,SH,78,0.1062491952699255,-1.0410208084967867,1.1209742653747394
3,hersh2022_pacific,SH,78,0.1062491952699255,-1.0410208084967867,1.1209742653747394
3,hersh2022_pacific,SH,78,0.1073958818871862,-0.9988604149020915,1.0788138717800442
3,hersh2022_pacific,SH,78,0.1341498763755388,-0.6910725580628023,1.2179601542405538
3,hersh2022_pacific,SH,78,0.1308099288246627,-0.8175537388468885,1.3444413350246391
3,hersh2022_pacific,SH,78,0.119550538200509,-0.9912613538962386,1.3393752943540693
3,hersh2022_pacific,SH,78,0.1295039365327324,-0.9018745260362793,1.4287621222140292
3,hersh2022_pacific,SH,78,0.1062491952699255,-1.0410208084967867,1.1209742653747394
3,hersh2022_pacific,SH,78,0.1062491952699255,-1.0410208084967867,1.1209742653747394
3,hersh2022_pacific,SH,78,0.1209640404652172,-0.9069405667068479,1.2550545071646793
3,hersh2022_pacific,SH,78,0.1209640404652172,-0.9069405667068479,1.2550545071646793
3,hersh2022_pacific,SH,78,0.1046371042884283,-1.1253415956861774,1.2052950525641295
3,hersh2022_pacific,SH,78,0.1372448805355292,-0.6067517708734116,1.1336393670511635
3,hersh2022_pacific,SH,78,0.1209640404652172,-0.9069405667068479,1.2550545071646793
3,hersh2022_pacific,SH,78,0.1062491952699255,-1.0410208084967867,1.1209742653747394
3,hersh2022_pacific,SH,78,0.1278953433076008,-0.6961385987333708,1.0442525391912036
3,hersh2022_pacific,SH,78,0.1372448805355292,-0.6067517708734116,1.1336393670511635
3,hersh2022_pacific,SH,78,0.1245682581484132,-0.7804593859227617,1.128573326380594
3,hersh2022_pacific,SH,78,0.1341498763755388,-0.6910725580628023,1.2179601542405538
3,hersh2022_pacific,SH,78,0.1209640404652172,-0.9069405667068479,1.2550545071646793
3,hersh2022_pacific,SH,78,0.1583304623727818,-0.4676054884129046,1.441427223890453
3,hersh2022_pacific,SH,78,0.1308099288246627,-0.8175537388468885,1.3444413350246391
3,hersh2022_pacific,SH,78,0.1456181481453368,-0.6834734970569496,1.478521576814579
3,hersh2022_pacific,SH,78,0.1046371042884283,-1.1253415956861774,1.2052950525641295
3,hersh2022_pacific,REG,131,0.1301343481847664,-1.0063472198789654,-0.6656811492982821
3,hersh2022_pacific,REG,131,0.1087835687648264,-1.8988419095023894,-0.9173378562823418
3,hersh2022_pacific,REG,131,0.1453541812391495,-1.235893538333545,-1.0975973570074018
3,hersh2022_pacific,REG,131,0.1764072644979167,-0.9481896537555026,-1.3495465104414588
3,hersh2022_pacific,REG,147,0.1520312562247555,-0.2900591984441511,0.38789002089410085
3,hersh2022_pacific,SH,146,0.13966587119792,-0.6458725400657659,1.2800243296754688
3,hersh2022_pacific,SH,146,0.1316829832307726,-0.7258140810726723,1.2169469461064397
3,hersh2022_pacific,SH,146,0.1563335933622061,-1.2846397847999795,-1.2812568629768624
3,hersh2022_pacific,SH,146,0.1026815005786365,-0.9226452927856101,0.7165609005116937
3,hersh2022_pacific,SH,146,0.1516636225889987,-0.42359886897100846,1.1650148520126642
3,hersh2022_pacific,SH,146,0.1274276943433832,-0.6485857508220773,0.8894354978479593
3,hersh2022_pacific,SH,146,0.1494167526118826,-0.41769981058735356,1.0697289657690499
3,hersh2022_pacific,SH,146,0.1334937521977513,-0.6425065020173952,1.0978846359071797
3,hersh2022_pacific,SH,146,0.1543322370851388,-0.4131403739838421,1.2260658193134653
3,hersh2022_pacific,SH,146,0.1355166487882041,-0.576063080399996,0.9956864831457971
3,hersh2022_pacific,SH,146,0.1243726004448263,-0.7398188045292368,1.0343006482710937
3,hersh2022_pacific,SH,146,0.1198180727511582,-0.7523037157846306,0.9037666349505526
3,hersh2022_pacific,SH,146,0.138877783870869,-0.4932621054117756,0.8592534114416017
3,hersh2022_pacific,SH,146,0.1506862844839315,-0.39240357443053636,1.0444327296122329
3,hersh2022_pacific,SH,146,0.1153950733404354,-0.918918873895185,1.1418912553490732
3,hersh2022_pacific,SH,146,0.1283390931347666,-0.7283471014079564,1.1300931385817647
3,hersh2022_pacific,SH,146,0.1618650013926254,-0.2608563529758815,1.0916591638774975
3,hersh2022_pacific,SH,146,0.1062834213762485,-0.878965086989744,0.7265127914318036
3,hersh2022_pacific,SH,146,0.1390709761959588,-0.5086064506484834,0.928229853394285
3,hersh2022_pacific,SH,146,0.1473064151289064,-0.3964564069669909,0.9054666375727527
3,hersh2022_pacific,SH,146,0.1431307385176976,-0.45649416613367827,0.9297496655954558
3,hersh2022_pacific,SH,146,0.1207579153856742,-0.6819876520518038,0.6367995499258159
3,hersh2022_pacific,SH,146,0.1088511938702657,-1.3088209112346105,1.4602838304005286
3,hersh2022_pacific,SH,146,0.1097257536625666,-0.8432103558457603,0.7622675225757876
3,hersh2022_pacific,SH,208,0.3548280172171131,2.188673198025512,0.25951811674946657
3,hersh2022_pacific,SH,222,0.1267429076928039,-0.652400595281505,0.05838988425126834
3,hersh2022_pacific,SH,222,0.1487006304183238,-0.35182415884377227,0.7736053596141139
3,hersh2022_pacific,SH,222,0.1268427066878789,-0.6079919879256636,0.2829802089206318
3,hersh2022_pacific,SH,222,0.1363923826709573,-0.48439780287152023,0.3487859856823988
3,hersh2022_pacific,SH,222,0.1511879939944921,-0.2995144116571882,0.4065878321078574
3,hersh2022_pacific,SH,222,0.1513143712145164,-0.2966072638632158,0.4508054199616561
3,hersh2022_pacific,SH,222,0.1530046307386437,-0.2879911360960802,0.7020832819339088
3,hersh2022_pacific,SH,145,0.3816734586024873,2.527334641611172,0.9075120545551534
3,hersh2022_pacific,SH,145,0.255952381264912,0.9745223513754326,0.2533367488801302
3,hersh2022_pacific,SH,145,0.3985274879264199,2.734092332976502,0.9315600914070254
3,hersh2022_pacific,SH,145,0.3520327742117182,1.9870811684745777,-0.6243909770750444
3,hersh2022_pacific,SH,145,0.2305406895371134,0.6189147042978866,-0.03204854662609341
3,hersh2022_pacific,SH,145,0.2179626826801018,0.5049896178178358,0.22532452120361887
3,hersh2022_pacific,SH,145,0.1772259219993944,0.017693756187409593,0.6426304966196934
3,hersh2022_pacific,SH,145,0.3813065783750529,2.3113632829964454,-0.7742615130765579
3,hersh2022_pacific,SH,133,0.1924116862425978,-0.15244338968491083,-0.7597790653171055
3,hersh2022_pacific,SH,133,0.1758135292516288,-0.10515295954498659,-0.18238071027491792
3,hersh2022_pacific,SH,227,0.2436126164668841,0.7269309461744168,-0.26082639294142784
3,hersh2022_pacific,SH,227,0.2382609487832482,0.7635752514424268,0.32407167063200265
3,hersh2022_pacific,SH,227,0.1269223336002623,-0.6001455791830383,0.35471310528517097
3,hersh2022_pacific,SH,227,0.2146088290548342,0.39564398042750165,1.192283139813545
3,hersh2022_pacific,SH,227,0.1913110905824878,0.18847311278659173,0.6914566987068607
3,hersh2022_pacific,SH,227,0.3238653639882543,1.792814646636627,0.11054071175665336
3,hersh2022_pacific,SH,227,0.1486403004933917,-0.5045593642601572,1.2532693124551844
3,hersh2022_pacific,SH,227,0.1451697755123071,-0.40384483102813373,0.14330598322193402
3,hersh2022_pacific,SH,227,0.187509679029736,0.14761237354505105,0.5752469040328805
3,hersh2022_pacific,SH,227,0.2440341176145123,0.7405030450406183,-0.23018776674809338
3,hersh2022_pacific,SH,227,0.1842283603730512,0.09233560011670107,0.24145857051797193
3,hersh2022_pacific,SH,227,0.14676347443409,-0.5141230254490853,-0.2726182006031224
3,hersh2022_pacific,SH,227,0.1624362554802684,-0.29225514042888406,-0.22836362171865232
3,hersh2022_pacific,SH,227,0.1546965000128789,-0.4186145420246039,-0.2923087766367858
3,hersh2022_pacific,SH,227,0.1384657525977365,-0.6121927038638333,1.1821468737045135
3,hersh2022_pacific,SH,227,0.1516737882630487,-0.29198392518827343,0.4647209093848693
3,hersh2022_pacific,SH,227,0.1733450190235095,-0.036650996258235216,0.2841153685457582
3,hersh2022_pacific,SH,227,0.1463566026005846,-0.3766059284034834,0.74402742367907
3,hersh2022_pacific,SH,227,0.4135496913026969,2.8993299611526124,0.15166288013469198
3,hersh2022_pacific,SH,227,0.3660138448125393,2.1293557404085717,-0.7372036505463953
3,hersh2022_pacific,SH,227,0.2031827396602247,0.31087790281706423,0.1344889063524113
3,hersh2022_pacific,SH,227,0.3776655987926033,2.30072422949082,-0.6561258603865455
3,hersh2022_pacific,SH,227,0.3628057208175104,2.1160823366608623,-0.6475045089784212
3,hersh2022_pacific,SH,227,0.3863276621886946,2.29862253997283,-1.0022394974798123
3,hersh2022_pacific,SH,227,0.1614596124581407,-0.1764437951811404,0.630802919233324
3,hersh2022_pacific,,111,0.2232654883370737,0.3868599289852333,-0.5035574933991811
3,hersh2022_pacific,,112,0.3546251293192392,1.7422519632411966,-1.340505926067371
3,hersh2022_pacific,SH,163,0.1921830876212522,0.13997681622174232,-0.042145993771789604
3,hersh2022_pacific,SH,163,0.1802837134668809,-0.00742135453667651,-0.037766747589306655
3,hersh2022_pacific,SH,163,0.2083257847079793,-0.6962405003214432,-1.6372503950194996
3,hersh2022_pacific,SH,163,0.2348529598589789,0.7004006209831746,0.13040218991844815
3,hersh2022_pacific,SH,187,0.1537418041865099,-0.4136469780508989,1.20869505780853
3,hersh2022_pacific,SH,187,0.1639606300417984,-0.3728262062363472,1.4181574040018639
3,hersh2022_pacific,SH,187,0.1831546182169461,-0.352235629908044,1.8266236014013653
3,hersh2022_pacific,SH,187,0.2071307403322566,-0.07075721735968576,1.9563245970088219
3,hersh2022_pacific,SH,187,0.1637659343880728,-0.34011109949470464,1.3496875661162377
3,hersh2022_pacific,SH,187,0.1850961167780848,-0.24261860656183587,1.7170065780551578
3,hersh2022_pacific,SH,187,0.2017513488213758,-0.20769689313093875,2.0217548104921064
3,hersh2022_pacific,SH,187,0.3284246139072054,1.833372760919378,-0.0014374779862039722
3,hersh2022_pacific,SH,187,0.399863691960105,2.539134352974977,-0.7965858979017575
3,hersh2022_pacific,SH,187,0.227582621884957,0.016276780586016004,2.2625926416469406
3,hersh2022_pacific,SH,187,0.2300013508950317,0.07631453975270319,2.2383096136242373
3,hersh2022_pacific,SH,187,0.1533231098268691,-0.5455206131515837,1.4478328863411642
3,hersh2022_pacific,SH,187,0.1617529813658859,-0.48193662551549854,1.5451451888530063
3,hersh2022_pacific,SH,187,0.1808852313079838,-0.16285725597595657,1.4763489373213525
3,hersh2022_pacific,SH,187,0.1860465506716484,-0.04430154984375245,1.375670596761141
3,hersh2022_pacific,SH,187,0.1533275986313754,-0.4547941635114807,1.2855969744130955
3,hersh2022_pacific,SH,187,0.2555011311587007,0.8832610764355716,1.3419762490814153
3,hersh2022_pacific,SH,187,0.248649908605664,0.8196770887994864,1.2446639465695735
3,hersh2022_pacific,SH,187,0.2487321384319874,0.7409289463477209,1.520063110313249
3,hersh2022_pacific,SH,187,0.1401940174015243,-0.6785876468074085,1.3484941675610949
3,hersh2022_pacific,SH,187,0.1241839099174769,-0.7318933298773544,1.0084978080472198
3,hersh2022_pacific,SH,187,0.1844930139254872,-0.23469313190995356,1.6912037378312839
3,hersh2022_pacific,SH,187,0.162365558813898,-0.22864785030129586,1.0058185644869364
3,hersh2022_pacific,SH,187,0.18430667961646,-0.16032423564067244,1.5632027448460275
3,hersh2022_pacific,SH,187,0.1372252685129732,-0.6806140630756359,1.2790111215413547
3,hersh2022_pacific,SH,187,0.1647910148466696,-0.34752997007953,1.3928611678450469
3,hersh2022_pacific,SH,187,0.2089872518123939,0.16230136236826764,1.6160018238489187
3,hersh2022_pacific,SH,187,0.1672950737825241,-0.20722425625990643,1.145291260593473
3,hersh2022_pacific,SH,187,0.1455507194583765,-0.5674508112600296,1.2909894287296926
3,hersh2022_pacific,SH,187,0.1566806872207477,-0.4522611431761967,1.3724507819377698
3,hersh2022_pacific,SH,187,0.1417089855212928,-0.6032055424040135,1.2552346975857085
3,hersh2022_pacific,SH,187,0.161963598390822,-0.4154932038980994,1.442947036091624
3,hersh2022_pacific,SH,187,0.1469449081568044,-0.5664376031259162,1.3257309517395626
3,hersh2022_pacific,SH,187,0.111692701643504,-0.7833527871000998,0.43424947025025046
3,hersh2022_pacific,SH,187,0.171427075248613,-0.30974882266731885,1.4980989450087705
3,hersh2022_pacific,SH,187,0.155415101573644,-0.4944215367708924,1.414611175532465
3,hersh2022_pacific,SH,187,0.2041202859544581,-0.4985762708954195,-1.4058578507177182
3,hersh2022_pacific,SH,187,0.1595381645396708,-0.45023472690796956,1.4419338279575098
3,hersh2022_pacific,SH,187,0.1790259833978641,-0.27146107118805096,1.6207074836774298
3,hersh2022_pacific,SH,187,0.1980810496900862,-0.15963744115258827,1.8843085306537968
3,hersh2022_pacific,SH,187,0.1018700603731283,-1.0440604328991279,1.0167496963451292
3,hersh2022_pacific,SH,187,0.1892337808813593,0.1676598494888415,0.609510864696802
3,hersh2022_pacific,SH,187,0.1619171977735874,-0.26878182762776376,1.1174620041013716
3,hersh2022_pacific,SH,187,0.1013550983962654,-2.2705401676237935,-0.867432178456794
3,hersh2022_pacific,SH,187,0.2010253537890148,0.3069523551743515,0.32719943443535815
3,hersh2022_pacific,SH,187,0.2117579624463769,0.38928069329153897,1.0672299126297957
3,hersh2022_pacific,SH,187,0.2061086422264355,0.3118721726199168,1.0910063365854417
3,hersh2022_pacific,SH,187,0.1838380614467264,0.07154094553214041,0.88440342437342
3,hersh2022_pacific,,188,0.1947031831741066,0.16527305237855963,-0.06744222992860671
3,hersh2022_pacific,,188,0.2110373194184149,-0.4127356715048581,-1.4380663533923035
3,hersh2022_pacific,,188,0.2932068043298839,0.21612400394617537,-2.1920675878472755
3,hersh2022_pacific,,188,0.1995771181825816,0.27760328648107907,0.2135295785526955
3,hersh2022_pacific,SH,189,0.1253717312128618,-0.6828546369609148,0.011958739815212782
3,hersh2022_pacific,SH,189,0.1960558800580661,0.19259570480360422,-0.023255420065683693
3,hersh2022_pacific,SH,189,0.3049998650154475,0.42457314200539575,-2.1859883390425923
3,hersh2022_pacific,SH,189,0.1776450059660758,-0.05211476846665615,-0.08246016151928662
3,hersh2022_pacific,SH,189,0.216333071519848,0.4243146627514145,-0.1119554534375575
3,hersh2022_pacific,SH,189,0.1676973785940318,-0.1732034949341445,-0.06863562848375025
3,hersh2022_pacific,SH,189,0.1341851735736187,-0.7376801322320307,-0.38014990421346756
3,hersh2022_pacific,SH,189,0.2495675836527269,0.7442270500040429,-0.44974520626217546
3,hersh2022_pacific,SH,189,0.3045018103912886,1.4872971526008207,-0.26319229911537256
3,hersh2022_pacific,SH,189,0.1204099498929042,-1.0549132759243727,-0.545605630964908
3,hersh2022_pacific,SH,194,0.355021531700426,0.8014836640223704,-2.6522856889195237
3,hersh2022_pacific,SH,196,0.2236952075681313,0.5843779351862541,0.3179343380033343
3,hersh2022_pacific,SH,196,0.2524987071229979,0.9172818377613337,0.12804936000419215
3,hersh2022_pacific,SH,196,0.2437723946576931,0.792646882824448,0.020278562505183784
3,hersh2022_pacific,SH,196,0.2975465684402842,0.18728153931996028,-2.2883666822250035
3,hersh2022_pacific,SH,196,0.2998105712171263,0.1683909656138547,-2.3409855708068656
3,hersh2022_pacific,SH,196,0.1428409296182131,-0.5420423190742342,-0.21824040593142602
3,hersh2022_pacific,SH,196,0.2295834404701909,0.6299043668293209,0.09363425064035036
3,hersh2022_pacific,SH,196,0.1368248122945586,-0.5732376136147064,-0.09765828353099473
3,hersh2022_pacific,SH,196,0.2404326399593072,0.7813553701241943,0.22822109649734668
3,hersh2022_pacific,SH,196,0.1751727990443007,-0.03760344094303508,0.11755689782099468
3,hersh2022_pacific,SH,197,0.1298203553102664,-0.6118517787400041,0.06609744059824563
3,hersh2022_pacific,SH,199,0.1271143759282872,-0.6659904795230365,-0.004905417622665331
3,hersh2022_pacific,SH,199,0.1816336860514082,0.019901297888368107,0.006420062273616349
3,hersh2022_pacific,SH,199,0.2265807008922389,0.5648005669920653,-0.05579033638629671
3,hersh2022_pacific,SH,199,0.1544557059337944,-0.3086233585042264,0.048906869514339785
3,hersh2022_pacific,RI,174,0.1159073520225695,-1.7877050739550109,-0.9748425951137445
3,hersh2022_pacific,RI,174,0.124300833136619,-0.958107577479588,-0.49939240483375713
3,hersh2022_pacific,RI,176,0.1284468015941585,-2.4101930541513577,-1.1925907968010188
3,hersh2022_pacific,RI,176,0.1203145866785817,-1.4198794579490348,-0.8599793406759382
3,hersh2022_pacific,RI,176,0.1222569504562054,-1.0559264840584863,-0.580347153974778
3,hersh2022_pacific,RI,176,0.1514686459913655,-1.0790500807220733,-1.0756671588989548
3,hersh2022_pacific,RI,176,0.1207062456059904,-1.260502980002279,-0.7511953350428155
3,hersh2022_pacific,RI,177,0.1073445752999492,-1.1103915984875483,-0.3649857493977898
3,hersh2022_pacific,RI,177,0.1051148656662386,-1.2260878706384382,-0.46381786411080234
3,hersh2022_pacific,RI,177,0.1010445303251074,-1.3313256478021622,-0.5015990115230142
3,hersh2022_pacific,RI,177,0.1116394759949402,-1.1129246188228328,-0.4518395569224647
3,hersh2022_pacific,RI,177,0.1136281927197326,-1.0960604613849545,-0.46870371436034275
3,hersh2022_pacific,RI,177,0.1170739003985225,-0.989809476087117,-0.39618104393826087
3,hersh2022_pacific,RI,177,0.1263988132353705,-1.1830944593306565,-0.7749717589984618
3,hersh2022_pacific,RI,177,0.1114528548146096,-1.0677246008257961,-0.38977538148754964
3,hersh2022_pacific,RI,177,0.1337925696573124,-0.7282348453789783,-0.35384045992253677
3,hersh2022_pacific,RI,177,0.1092260217769177,-1.0572661058386297,-0.3287244141867485
3,hersh2022_pacific,RI,180,0.138169895016785,-0.5558668521097714,-0.0971516794639378
3,hersh2022_pacific,RI,181,0.1417438529748734,-0.6518395328414696,-0.41235840688805314
3,hersh2022_pacific,RI,181,0.1209984067247706,-1.1358680250653925,-0.6434245375438068
3,hersh2022_pacific,RI,181,0.1158410438478913,-1.0613189383750845,-0.46769050622622893
3,hersh2022_pacific,RI,181,0.1475679272000854,-0.3514365793909817,0.6637957887048332
3,hersh2022_pacific,RI,181,0.1092026328891984,-1.8114814979106577,-0.8974340744421222
3,hersh2022_pacific,RI,182,0.1190334582820678,-1.6924191877113972,-0.9807416534973987
3,hersh2022_pacific,RI,182,0.1120153159043268,-1.1938793679638526,-0.5496584635013634
3,hersh2022_pacific,RI,182,0.21537723047477,-1.0175264765502396,-1.9416722138104205
3,hersh2022_pacific,RI,191,0.1351830308383946,-2.1437325731936774,-1.280277622038779
3,hersh2022_pacific,RI,191,0.2474614585333263,0.8253619895660906,-0.04819127538044238
3,hersh2022_pacific,RI,192,0.1483627713248135,-0.4914498467605996,-0.26883287824506025
3,hersh2022_pacific,RI,192,0.1151083764471277,-1.0518736515220315,-0.4413810619352978
3,hersh2022_pacific,RI,192,0.1231749005480215,-1.341457729143299,-0.8490142416217146
3,hersh2022_pacific,RI,193,0.1151231317732335,-1.337911500673901,-0.7274189110871692
3,hersh2022_pacific,RI,193,0.1009070667094245,-1.5443342224648942,-0.664015113872113
3,hersh2022_pacific,SH,247,0.2551716945306779,0.5991794386679787,-0.9572035609382428
3,hersh2022_pacific,SH,247,0.2484025562904177,0.6584545988551067,-0.639051779169478
3,hersh2022_pacific,SH,247,0.2211065264374844,0.5514013284550219,0.7668796991271155
3,hersh2022_pacific,SH,247,0.2176023147348189,0.5175614651401759,0.5950100800147231
3,hersh2022_pacific,SH,247,0.2674557077498876,1.104081168841344,0.9854991312422563
3,hersh2022_pacific,SH,247,0.2166122882118619,0.35663245101874835,-0.35422385504585774
3,hersh2022_pacific,SH,247,0.2957352512481926,1.4238714051856523,-0.04014491771756079
3,hersh2022_pacific,SH,247,0.3146207827833797,1.6610605936309544,-0.015280530662375558
3,hersh2022_pacific,SH,247,0.3021401175205515,1.4503356429884313,-0.2949781988100779
3,hersh2022_pacific,SH,247,0.2258907984861832,0.5681136137934465,0.0021069287942644954
3,hersh2022_pacific,SH,247,0.1685678457579138,-0.16611794856238835,-0.08229468217632727
3,hersh2022_pacific,SH,247,0.1872023834985808,0.14218554440190606,0.6190010172258191
3,hersh2022_pacific,SH,247,0.217075363438303,0.49458491094742607,0.2296759520913527
3,hersh2022_pacific,SH,247,0.3187142123013813,1.7363033742177987,0.1678439514703206
3,hersh2022_pacific,SH,247,0.3120313663898925,1.5451735542214613,-0.40815292391029856
3,hersh2022_pacific,SH,247,0.2157871572989755,0.4949793490122886,0.6043450682537643
3,hersh2022_pacific,,125,0.1505569146905016,-0.30562028015295084,0.49618099782482206
3,hersh2022_pacific,,202,0.3658662919615824,2.222907534732778,-0.3859236837620712
3,hersh2022_pacific,SH,203,0.13867727915512,-0.46831011901429453,0.7135451838149875
3,hersh2022_pacific,SH,203,0.1812309320930792,0.027701761935574,0.9425266230620086
3,hersh2022_pacific,SH,203,0.1883754171258468,0.14307094055615316,0.7830521958387691
3,hersh2022_pacific,SH,203,0.1787231363568258,0.04040116225979545,0.5285965685227881
3,hersh2022_pacific,SH,203,0.1497385592812239,-0.358098283758767,0.8743899653620012
3,hersh2022_pacific,SH,203,0.130795369981293,-0.5697157694766855,0.7300655270684464
3,hersh2022_pacific,SH,203,0.1683433121719555,-0.1388930709026165,0.9544017955573942
3,hersh2022_pacific,SH,203,0.1323756986435139,-0.540422085381533,0.6635404414330631
3,hersh2022_pacific,SH,203,0.2022655155280757,0.28829160152468714,0.971423176443603
3,hersh2022_pacific,SH,203,0.1489943343771707,-0.8930959943287269,-0.8727527893703328
3,hersh2022_pacific,SH,203,0.1108193579284401,-1.4717815519088477,-0.758419288366804
3,hersh2022_pacific,SH,203,0.115105235930882,-1.2546137145509062,-0.6586124954505428
3,hersh2022_pacific,SH,203,0.1431364774233979,-0.4290564659717228,0.14305667411789233
3,hersh2022_pacific,SH,203,0.234904881464402,0.7253847840264149,0.3672052296286703
3,hersh2022_pacific,SH,203,0.2512225733738955,0.9154359110256801,0.8694372070392181
3,hersh2022_pacific,SH,203,0.2098780894806902,0.39583182486423096,0.15081919895336485
3,hersh2022_pacific,SH,203,0.1934429603604949,0.1656459396599244,1.0235694471752153
3,hersh2022_pacific,SH,203,0.2940900550025455,0.8290833185031705,-1.4827043172966463
3,hersh2022_pacific,SH,203,0.1014914106376345,-0.9301174368517819,0.6794719231531196
3,hersh2022_pacific,SH,203,0.2319981728687432,0.5763166463946434,1.3497608436406303
3,hersh2022_pacific,SH,203,0.1851579434527515,0.10826705962516853,0.7356541621331768
3,hersh2022_pacific,SH,203,0.1835373396031138,0.09918841678782297,0.5558798905411158
3,hersh2022_pacific,SH,203,0.1692326257967456,-0.19953662175198889,1.195928531264179
3,hersh2022_pacific,SH,203,0.235949037883489,0.5094776142353319,-0.6071286333688788
3,hersh2022_pacific,SH,203,0.1589565278222213,-0.95190986141202,-1.0882009507366386
3,hersh2022_pacific,SH,203,0.2017081161286251,-0.3951890984930617,-1.2619241845874687
3,hersh2022_pacific,SH,203,0.2166719789887663,-0.03358115656723959,-1.1042983453672433
3,hersh2022_pacific,FP,209,0.2143226685181012,-0.34138461392761665,-1.4227515181496426
3,hersh2022_pacific,FP,209,0.3703549250261641,1.8432369352603206,-1.5585840671099263
3,hersh2022_pacific,FP,209,0.131878769037878,-0.7698629903713552,-0.38058429956024253
3,hersh2022_pacific,FP,209,0.2150956540369562,0.1435740508689619,-0.7901960610410071
3,hersh2022_pacific,RI,127,0.1243017977679044,-0.6340407788141378,0.5990427750641858
3,hersh2022_pacific,RI,127,0.1717082958415762,-0.4718796533268317,-0.7939749700547574
3,hersh2022_pacific,RI,127,0.1047558950735591,-1.308459568425992,-0.5408318190803428
3,hersh2022_pacific,FP,151,0.1046053134514561,-1.2059999921694902,-0.43213587740331266
3,hersh2022_pacific,FP,151,0.2739670001018317,0.06495873341743108,-2.019300506544831
3,hersh2022_pacific,FP,151,0.2209665879732188,0.48611267248561785,1.157737832784671
3,hersh2022_pacific,RI,156,0.1068644358346635,-1.470200787551307,-0.7009040431365043
3,hersh2022_pacific,RI,156,0.246019762156795,0.7818252975591475,-0.1648059773301388
3,hersh2022_pacific,RI,156,0.2031878664435748,0.34086999942269747,0.5603249384186404
3,hersh2022_pacific,RI,156,0.1076866314487671,-1.0938388965139487,-0.3491357262721541
3,hersh2022_pacific,RI,156,0.1979398591226994,0.24458881482111022,0.9102412470728607
3,hersh2022_pacific,RI,156,0.2400764126731573,0.752973754140994,0.054737453604350284
3,hersh2022_pacific,RI,156,0.3239549777071551,1.8251638579431997,0.6097600738877376
3,hersh2022_pacific,RI,156,0.3578530663230284,2.1246310260740233,-0.37947546114734665
3,hersh2022_pacific,RI,156,0.1383421199402532,-0.48454789267365383,0.786106187661971
3,hersh2022_pacific,RI,156,0.1885953211610043,0.11977849341694964,0.07116360209467211
3,hersh2022_pacific,RI,156,0.1944803018017832,0.16240445101050022,1.092613353068964
3,hersh2022_pacific,RI,156,0.2418425998770431,0.8159067584091991,0.5884615253013741
3,hersh2022_pacific,RI,156,0.2701817355271083,1.1366134561837287,0.9970023707768024
3,hersh2022_pacific,RI,156,0.1249843329003672,-0.651084775526154,0.7727520794463014
3,hersh2022_pacific,RI,156,0.2426477286060094,0.1425714441099034,-1.3851706004023774
3,hersh2022_pacific,RI,156,0.1854903716931791,0.12355018721065769,0.4856477855806003
3,hersh2022_pacific,RI,156,0.2375601765898941,0.744642325221702,0.21539894691990036
3,hersh2022_pacific,RI,156,0.1191874106339066,-0.6932414728404123,0.5422789517876841
3,hersh2022_pacific,RI,156,0.1192057128838519,-0.7412745465359777,0.07931733217627124
3,hersh2022_pacific,RI,156,0.2195141156684027,0.5415130188194162,0.49711416685661064
3,hersh2022_pacific,RI,156,0.1862304517992644,0.0515926424133677,-0.09715318369631172
3,hersh2022_pacific,RI,156,0.2455329559473107,0.40326403419368934,-1.069318150789425
3,hersh2022_pacific,RI,156,0.1141623263702702,-0.753756077403769,0.4076323274417064
3,hersh2022_pacific,RI,156,0.1464867341616988,-0.35975403697288033,0.36000424496816286
3,hersh2022_pacific,RI,156,0.1909290702580979,0.18201182466960358,0.3143352779484564
3,hersh2022_pacific,SH,157,0.12824512426346,-0.611479549510308,0.15324980768897042
3,hersh2022_pacific,SH,157,0.1328891977990926,-0.5663715681814546,0.844465820856532
3,hersh2022_pacific,SH,157,0.1807228215988602,-0.046897979646010154,-0.1949411437718837
3,hersh2022_pacific,SH,157,0.1766736230968503,-0.1733843931739565,-0.39099220673107926
3,hersh2022_pacific,SH,157,0.1979827496002032,0.2766366017494171,0.5709262393759447
3,hersh2022_pacific,SH,157,0.1815596487549678,0.06900453637717505,0.3387006166948474
3,hersh2022_pacific,SH,157,0.1709954935034321,-0.5441999719505299,-0.8749381693653681
3,hersh2022_pacific,SH,157,0.1527104271190007,-0.38915802847694014,1.1123242067896428
3,hersh2022_pacific,SH,157,0.1359764756552049,-0.5200788615885489,0.8138158091391188
3,hersh2022_pacific,SH,157,0.1427707965074491,-0.40240226777867033,0.4164329391099073
3,hersh2022_pacific,SH,157,0.1568653695129229,-0.26901752220308656,0.09272874517494993
3,hersh2022_pacific,SH,157,0.1453898504123018,-0.3770048844372903,0.6487675820571982
3,hersh2022_pacific,SH,157,0.1913398045268537,0.1846846018471454,0.2881984584576754
3,hersh2022_pacific,SH,157,0.2185060686796541,0.4968138547575549,0.9481509585243246
3,hersh2022_pacific,SH,157,0.1834368144731231,0.028911271655048587,1.059251108500913
3,hersh2022_pacific,SH,157,0.1729593915637011,-0.03857273757728619,0.3136874412419451
3,hersh2022_pacific,SH,157,0.1357872498943731,-0.49100432442632047,0.3601538396420844
3,hersh2022_pacific,SH,157,0.1245715299482967,-0.6268069713086276,0.39018208547501665
3,hersh2022_pacific,SH,157,0.1246703784940431,-0.6239430124022388,0.494582320000578
3,hersh2022_pacific,SH,157,0.2464202969465172,0.8698469908680788,0.4294917701070424
3,hersh2022_pacific,SH,157,0.1364291396217274,-0.4859875165942835,0.6251597469294627
3,hersh2022_pacific,SH,157,0.1405442668116583,-0.4291603726331727,0.43499725736970213
3,hersh2022_pacific,SH,157,0.4019653310491994,2.6562979364946786,-0.4552695494822059
3,hersh2022_pacific,SH,157,0.1213263708964977,-1.7106591546086851,-1.0172511186643356
3,hersh2022_pacific,SH,157,0.1851722749400715,0.11701525290191006,0.39795409360206385
3,hersh2022_pacific,SH,157,0.1635789842067164,-1.6629727003450447,-1.5394326567770475
3,hersh2022_pacific,SH,157,0.1706287368505912,-0.6904132876803601,-1.0345022820215721
3,hersh2022_pacific,SH,157,0.1796212195700542,-0.01019967405932,-0.015248830955132874
3,hersh2022_pacific,SH,157,0.1789876838453545,-0.11245044004683741,-0.31635612568568283
3,hersh2022_pacific,SH,157,0.3122318755757982,1.5037571474613185,-0.5604759055434528
3,hersh2022_pacific,SH,157,0.2283034431644261,0.6424897781167206,0.742138926359687
3,hersh2022_pacific,SH,157,0.2839849681944476,1.3143490755250715,0.21031898663948834
3,hersh2022_pacific,SH,169,0.1009545021120783,-1.8040288685584636,-0.7898387053923198
3,hersh2022_pacific,SH,169,0.1057569712511984,-1.7618154043994076,-0.8360710013319592
3,hersh2022_pacific,SH,169,0.1171117262283592,-2.029362612138618,-1.0464251055363514
3,hersh2022_pacific,SH,169,0.3567875516079266,2.025275239977823,-0.6965019865414729
3,hersh2022_pacific,SH,169,0.1104581568842243,-1.6402168987499919,-0.8461630146991898
3,hersh2022_pacific,SH,169,0.120712337970817,-1.6434651999203567,-0.9825673301675533
3,hersh2022_pacific,SH,169,0.1049927994447141,-1.6156036517799701,-0.7609180624927644
3,hersh2022_pacific,SH,169,0.1212796438429922,-1.5232087195611017,-0.9329834743832133
3,hersh2022_pacific,SH,169,0.1086029668483842,-1.8022509217937062,-0.8867885955161328
3,hersh2022_pacific,SH,169,0.1240718654316525,-1.6157828012649338,-1.0146278956515573
3,hersh2022_pacific,SH,169,0.1088290733120321,-1.5368912164624282,-0.770157267460988
3,hersh2022_pacific,SH,169,0.1347441070394823,-1.3828091887964484,-1.0394785813405834
3,hersh2022_pacific,SH,169,0.1378942633971451,-1.7726626167532218,-1.2481772300996716
3,hersh2022_pacific,SH,169,0.1156012058597492,-1.9111288996919242,-1.0053786416828256
3,hersh2022_pacific,FP,170,0.2577614060779447,-0.2795961468899193,-2.0610599965722756
3,hersh2022_pacific,FP,170,0.2694159259034301,-0.05495841043022398,-2.054689990583805
3,hersh2022_pacific,FP,170,0.183201147545845,-0.7229455127088125,-1.2726917771064008
3,hersh2022_pacific,FP,170,0.3461114194716281,0.5495166686024795,-2.7413348049950508
3,hersh2022_pacific,FP,170,0.1404066108785664,-0.8046397851523281,-0.6152283426319731
3,hersh2022_pacific,FP,170,0.3085093207935724,0.41600292281476736,-2.2534684329952173
3,hersh2022_pacific,FP,170,0.2961492771888834,0.3058685860918622,-2.1550133792004953
3,hersh2022_pacific,FP,170,0.3222627428999312,0.4740429910500189,-2.425221060424237
3,hersh2022_pacific,FP,170,0.3325123798000837,0.6566750722394615,-2.4178632267338918
3,hersh2022_pacific,FP,170,0.158031305695967,-0.8226115032855479,-0.9546966717451582
3,hersh2022_pacific,FP,170,0.1187401607788388,-1.0187664712917077,-0.46944861281087696
3,hersh2022_pacific,FP,170,0.1254216410252061,-1.0234878152728615,-0.6006292141714482
3,hersh2022_pacific,FP,170,0.1360000598782042,-0.9184085533948948,-0.6721008165106266
3,hersh2022_pacific,FP,170,0.1150312374393435,-1.0830477977751538,-0.4792367873653078
3,hersh2022_pacific,,173,0.34581616866776,2.0928865287412703,0.5370246315998898
3,hersh2022_pacific,,173,0.3258234518147623,1.8155475549258373,1.1175923293012175
3,hersh2022_pacific,,173,0.1324909579369874,-1.0575239629275652,-0.758608486915837
3,hersh2022_pacific,,173,0.3346349354978962,1.9472846690090861,0.34323006915748
3,hersh2022_pacific,,173,0.2051582148093587,0.3329750865585716,0.12022022099487921
3,hersh2022_pacific,,173,0.2438487181074425,0.8153882144667504,0.1616997157008107
3,hersh2022_pacific,SH,250,0.2625640427407222,1.0694352169182963,0.47230572936751386
3,hersh2022_pacific,SH,250,0.2833096745592776,1.3181550974594016,0.3509888945752108
3,hersh2022_pacific,SH,250,0.188620226768417,0.15409154447840712,0.31923546444566275
3,hersh2022_pacific,SH,250,0.287062935202373,1.360308497594873,0.2978766693441083
3,hersh2022_pacific,SH,250,0.2571152916135863,0.767151345591787,-0.6501023551519387
3,hersh2022_pacific,SH,250,0.2188420132954878,0.4816230088269407,1.0558559735065032
3,hersh2022_pacific,SH,250,0.2837986622172336,1.3084453840338566,0.1776951675865035
3,hersh2022_pacific,SH,250,0.2305613974498519,0.5740463164867792,-0.2210161004966392
3,hersh2022_pacific,SH,250,0.1953266161528845,0.23039552620239687,0.2565147050832725
3,hersh2022_pacific,FP,255,0.3392668791310316,1.160713638386223,-1.951387884864257
3,hersh2022_pacific,FP,255,0.3490686459686724,1.2652546341995736,-2.0066803139998837
3,hersh2022_pacific,FP,255,0.3789148947930819,1.4529592124228556,-2.3498071330329475
3,hersh2022_pacific,FP,255,0.3777491531671664,1.5845408664332634,-2.1491701271459154
3,hersh2022_pacific,FP,255,0.3620122418134897,1.3472420885166883,-2.1558920260773595
3,hersh2022_pacific,FP,255,0.3453016838761051,1.2124294291533182,-2.0027407651102407
3,hersh2022_pacific,FP,255,0.3359713763303796,1.0165133575088747,-2.075610884840696
3,hersh2022_pacific,FP,255,0.3621499524241283,1.6021736881633457,-1.7834729008082344
3,hersh2022_pacific,FP,255,0.3281469123835932,1.2021732484712055,-1.6558377010785075
3,hersh2022_pacific,FP,255,0.3406727313569074,1.2199828005125828,-1.8975827097477684
3,hersh2022_pacific,FP,255,0.3312909414059459,1.0281412893312694,-1.969789888064776
3,hersh2022_pacific,RI,257,0.2266961369460759,0.000417919169502845,-1.2579416901945404
3,hersh2022_pacific,RI,257,0.1374667601780676,-2.057445611298402,-1.3004540860488274
4,sharma2025_birth,EC1,CETI23-277,0.1077892819840074,-0.9715445272788574,0.5427692162109289
4,sharma2025_birth,EC1,CETI23-277,0.3765395830306354,-4.661080421870034,-0.9572608967725273
4,sharma2025_birth,EC1,CETI23-277,0.2191873458255807,-2.515906880355498,0.7070992783586862
4,sharma2025_birth,EC1,CETI23-277,0.2787303975578601,-4.270660881883191,-0.7987226370312135
4,sharma2025_birth,EC1,CETI23-277,0.2622799496851157,-0.1939317363206433,-2.190111336540598
4,sharma2025_birth,EC1,CETI23-277,0.2622799496851157,-0.1939317363206433,-2.190111336540598
4,sharma2025_birth,EC1,CETI23-277,0.4443636642629606,-7.809166182538094,-2.3175498238228447
4,sharma2025_birth,EC1,CETI23-278,0.2298001287097709,-2.79646926824001,0.6896937590032183
4,sharma2025_birth,EC1,CETI23-278,0.2970766506351132,-3.8741835454323703,-1.3000010144621277
4,sharma2025_birth,EC1,CETI23-278,0.3555105947231372,-4.493918695792205,-0.848553054017644
4,sharma2025_birth,EC1,CETI23-278,0.2258758145159069,-3.220872371911332,0.6326693270477095
4,sharma2025_birth,EC1,CETI23-278,0.2258758145159069,-3.220872371911332,0.6326693270477095
4,sharma2025_birth,EC1,CETI23-279,0.1413674442003865,0.21261309094105799,1.11938936969388
4,sharma2025_birth,EC1,CETI23-279,0.2116906921374908,-4.764855870599614,-0.2714579804571198
4,sharma2025_birth,EC1,CETI23-279,0.2120488300063554,-4.525538072703368,-0.1428786403635386
4,sharma2025_birth,EC1,CETI23-279,0.1016285888326059,-1.4724534559944673,0.40538704089904887
4,sharma2025_birth,EC1,CETI23-279,0.2337244277987212,-3.5026523773477725,0.6091327307076193
4,sharma2025_birth,EC1,CETI23-279,0.1014720848626346,0.7361846941234214,0.7653238728516649
4,sharma2025_birth,EC1,CETI23-279,0.1295676195413641,-1.6490285856376874,0.5920926165759031
4,sharma2025_birth,EC1,CETI23-279,0.2295600010944294,-3.166674837775731,0.6212836581290078
4,sharma2025_birth,EC1,CETI23-279,0.2378868647858887,1.0150891267302709,-0.7184634410416791
4,sharma2025_birth,EC1,CETI23-281,0.1122104928934635,2.0962503171144635,0.5289696697675482
4,sharma2025_birth,EC1,CETI23-282,0.1337205287125554,-1.734128148761371,0.7255720003445314
4,sharma2025_birth,EC1,CETI23-282,0.2305941443089677,-2.8312299106716234,0.7182213345827995
4,sharma2025_birth,EC1,CETI23-283,0.1880502273079366,-0.3029398246362581,-1.6029017845254938
4,sharma2025_birth,EC1,CETI23-285,0.1008658569973353,-0.7015092042963103,0.41144698611956154
4,sharma2025_birth,EC1,CETI23-285,0.1197563242073487,0.6439566315768082,0.38429219566700434
4,sharma2025_birth,EC1,CETI23-286,0.2493594570406681,-3.2646747263182645,0.6953260603382617
4,sharma2025_birth,EC1,CETI23-287,0.1089460023968913,0.3943173321506064,0.51671323991229
4,sharma2025_birth,EC1,CETI23-288,0.1193760218651323,1.0036642108111,0.46718927721344516
4,sharma2025_birth,EC1,CETI23-288,0.1391835034890187,-0.042492365918369385,0.20297099216515804
4,sharma2025_birth,EC1,CETI23-288,0.1684278162957869,0.7190936700110656,-0.13878003026282376
4,sharma2025_birth,EC1,CETI23-289,0.1980779021573796,-0.11090225563973452,-1.4144296058174277
4,sharma2025_birth,EC1,CETI23-290,0.1504261321860543,0.471955336306457,-0.1682704173893917
4,sharma2025_birth,EC1,CETI23-292,0.1293061342782643,-1.210014596689842,0.5960152659604903
4,sharma2025_birth,EC1,CETI23-292,0.5831537393473307,-9.755496947738001,-3.878289271745955
4,sharma2025_birth,EC1,CETI23-292,0.1769083390081743,1.6300926919302683,0.3767356782147423
4,hersh2022_pacific,,68,0.1082735271514046,-0.03416555595247863,0.28054526555941306
4,hersh2022_pacific,,68,0.1181717625009553,0.754122940187308,0.4852346705907162
4,hersh2022_pacific,,236,0.1528944551574452,0.9704550760396589,0.13679523180215528
4,hersh2022_pacific,,65,0.1827331866115603,0.4497646491137307,-0.032745284035859176
4,hersh2022_pacific,PO,54,0.1878378573065946,-0.7123387365228823,-2.0387995518558792
4,hersh2022_pacific,PO,54,0.2209300917961653,-1.311226809676676,-2.8829941627514413
4,hersh2022_pacific,SH,14,0.1032279661877882,0.2632585005236465,0.7897583392199274
4,hersh2022_pacific,SH,14,0.1516707118850748,0.9708734635163049,0.15425202018992298
4,hersh2022_pacific,SH,14,0.3681331014662763,0.761726275966771,-3.356200321739331
4,hersh2022_pacific,SH,14,0.2079198865553387,0.8549191174883932,-0.6283125807825113
4,hersh2022_pacific,SH,14,0.1524768732537487,0.7520253068196696,0.060318499390394305
4,hersh2022_pacific,FP,230,0.1977549728387831,-1.1519100234991384,-1.9363877243322076
4,hersh2022_pacific,FP,230,0.1445167792741678,-0.18729939870057746,-0.20593624806638933
4,hersh2022_pacific,FP,230,0.1904274687016732,-0.5945797324832319,-2.026612703109466
4,hersh2022_pacific,FP,230,0.2596463555736866,-0.6256310750666229,-2.766180283374474
4,hersh2022_pacific,FP,230,0.2219248153065985,0.19662228120722844,-1.0972359827800193
4,hersh2022_pacific,FP,230,0.3940415280617689,1.5152885907372773,-2.7674999930500497
4,hersh2022_pacific,SH,244,0.1021199459097021,-0.3114030159829374,0.5578672612926977
4,hersh2022_pacific,SH,235,0.161919279352506,0.9963617428600847,0.06147753291273296
4,hersh2022_pacific,SH,241,0.1197763630521387,0.2107809373243013,0.9525825302374932
4,hersh2022_pacific,SH,241,0.1036418911154587,-0.7606461618731125,0.26897186770068704
4,hersh2022_pacific,PO,43,0.1936061058617325,-0.5730560170546078,-2.0478774463239207
4,hersh2022_pacific,SH,229,1.3262168057458217,0.6493507416337934,-11.68406743947746
4,hersh2022_pacific,SH,229,0.216064465285677,0.2055916652572088,-0.9734281202812362
4,hersh2022_pacific,SH,229,0.1561677508882268,1.5603293485139487,0.1572748671981441
4,hersh2022_pacific,SH,229,0.3029323831047381,1.570825720372616,-1.2488893145223718
4,hersh2022_pacific,SH,237,0.1699813499758552,-1.1150731199334,0.11926043958713725
4,hersh2022_pacific,RI,104,0.1006346834364484,1.2194779240490177,0.9173298110417477
4,hersh2022_pacific,RI,104,0.2547997776689679,0.37744701971648464,-1.531610539290911
4,hersh2022_pacific,RI,104,0.1113650547573925,1.715635561921229,0.8004177742685497
4,hersh2022_pacific,RI,104,0.1139454824635861,1.3778499611896469,1.3645807884839258
4,hersh2022_pacific,SH,223,0.1702627091485576,1.1025274750204443,-0.041440185690284605
4,hersh2022_pacific,SH,223,0.1403463010429546,0.9284953981189622,0.2776586377902678
4,hersh2022_pacific,SH,223,0.1699578727507598,1.0498905505246507,-0.022555082849427664
4,hersh2022_pacific,SH,223,0.1290404104897695,0.9358056210566938,0.3942390891527641
4,hersh2022_pacific,SH,223,0.2626262173999897,-1.0042245720436667,-2.072554300710176
4,hersh2022_pacific,REG,16,0.1076906458145794,-0.3924327950401196,0.26212179728356827
4,hersh2022_pacific,SH,240,0.1065168348512354,0.7166498602975853,1.1002861562413688
4,hersh2022_pacific,SH,240,0.1040379012834432,1.105931589028104,0.8613545705993882
4,hersh2022_pacific,SH,240,0.208043624661773,0.4644743109807573,-0.6495371930541048
4,hersh2022_pacific,PALI,215,0.1349053184719484,-1.2947181789660758,1.1319433213715884
4,hersh2022_pacific,PALI,215,0.1338419932002679,-1.3942780620170168,1.13260503624831
4,hersh2022_pacific,PALI,215,0.1313985764303373,-1.4443618775461449,1.1150655258693907
4,hersh2022_pacific,PALI,215,0.1190026438955653,-1.4221139018131972,0.884275081237571
4,hersh2022_pacific,PALI,215,0.135698762835598,-1.5878017270021234,0.9944906478053736
4,hersh2022_pacific,PALI,215,0.1560091129538468,-1.808048429937889,0.9370483869907149
4,hersh2022_pacific,PALI,215,0.1595819279950258,0.38581830623480734,0.4145057658484999
4,hersh2022_pacific,PALI,215,0.1502183226483858,-0.5388255928418525,0.3897924622012326
4,hersh2022_pacific,PALI,215,0.1442517468953285,0.3154816988149366,0.5246000174528888
4,hersh2022_pacific,PALI,215,0.1475284896541116,-1.8316671177667587,0.8570991610912029
4,hersh2022_pacific,PALI,215,0.190710899142053,-2.475182559189246,0.9077952920043968
4,hersh2022_pacific,PALI,215,0.1585171739294873,-1.937550072069215,0.8360354129904596
4,hersh2022_pacific,PALI,234,0.1394575248115168,-0.6550154626043193,0.36299839347861956
4,hersh2022_pacific,PALI,234,0.2052456767426256,-2.269076624477506,0.5758102907113735
4,hersh2022_pacific,PALI,234,0.1166361042154001,-0.7213081068398836,0.24492298953025185
4,hersh2022_pacific,PALI,234,0.2357695956359479,-2.5655512879409472,0.7870953945548771
4,hersh2022_pacific,PALI,234,0.2391838406791081,-2.7787514218879354,0.8173080012062705
4,hersh2022_pacific,PALI,234,0.1860264694672512,-2.480522681850851,0.40902812076191875
4,hersh2022_pacific,PALI,234,0.1158157262378746,2.2244318309455506,0.6605326268006917
4,hersh2022_pacific,FP,224,0.1090533612407537,2.220107740951906,0.5823339873093761
4,hersh2022_pacific,FP,224,0.1139462770281268,1.9695826608875415,0.48344955293262803
4,hersh2022_pacific,FP,224,0.1283287823868057,1.5679870113171346,0.30012832684929924
4,hersh2022_pacific,FP,224,0.1217179585271458,0.3328339497787947,0.22756779171712171
4,hersh2022_pacific,RI,226,0.1102207105867333,1.0798208795446187,0.9110802231772922
4,hersh2022_pacific,RI,226,0.2070614010140106,0.8322083492310919,0.04630190489011177
4,hersh2022_pacific,RI,226,0.1910367433194654,0.5958478266192698,-0.2689510880760252
4,hersh2022_pacific,RI,226,0.1787495418438994,0.2269564438395924,1.013463507457931
4,hersh2022_pacific,RI,226,0.1257371057746191,0.9156580283180377,0.9254236204807695
4,hersh2022_pacific,RI,226,0.1077347089407991,0.9872146513900799,0.9406996265037886
4,hersh2022_pacific,RI,226,0.1160844163078796,0.2861990397677505,0.3458228985949989
4,hersh2022_pacific,FP,76,0.4377108118057218,1.7231892924100571,-3.2147395055362367
4,hersh2022_pacific,REG,12,0.1919821021542357,0.761385711570029,-0.14983976652534142
4,hersh2022_pacific,REG,12,0.1036189347639865,-0.6464869462618497,0.15540871098031056
4,hersh2022_pacific,PO,23,0.1016416206266291,0.5777432518761659,0.602150735211636
4,hersh2022_pacific,PO,23,0.2063389916110271,-0.6318704226861844,-2.243244214620936
4,hersh2022_pacific,PO,41,0.190510582489083,-0.35971109687343517,-1.6558362453165822
4,hersh2022_pacific,PO,41,0.1964291405377167,-0.35952949941104423,-1.786241134708995
4,hersh2022_pacific,PO,41,0.1947703179634017,-0.21603998070014244,-1.6127631190683183
4,hersh2022_pacific,REG,108,0.1311541404481452,-0.47054331470662486,0.1859609098639936
4,hersh2022_pacific,REG,39,0.2081059012573186,-0.40785711416214054,-2.0551959014927013
4,hersh2022_pacific,PO,44,0.2064369069982617,-0.05778615222566563,-1.5644741971690146
4,hersh2022_pacific,PO,44,0.2250349838517344,0.057791825779527795,-1.8651832724503068
4,hersh2022_pacific,PO,44,0.2064005071386579,-0.14877914525373714,-1.76751043620827
4,hersh2022_pacific,PO,44,0.2012648272402058,-0.053714732897479106,-1.4196321278856998
4,hersh2022_pacific,REG,6,0.1023933043507723,-0.1715950692472026,0.520479672722812
4,hersh2022_pacific,REG,67,0.117509025793737,-0.07787148269346311,0.18507660013360894
4,hersh2022_pacific,SH,220,0.1187487897036041,-0.6351324271879297,0.4213503768873405
4,hersh2022_pacific,SH,220,0.1228068772928738,-0.8497928331466971,0.40514744961722887
4,hersh2022_pacific,SH,220,0.1360480191095163,-0.8796440307508696,0.25037831895326623
4,hersh2022_pacific,SH,220,0.1003079646825956,0.7663979720761865,0.7291820565123175
4,hersh2022_pacific,SH,220,0.1297899171563055,0.25655078915346125,0.3954889691788168
4,hersh2022_pacific,REG,7,0.1173919880488514,-0.2542784495755938,0.30283095857985637
4,hersh2022_pacific,PO,56,0.189789226163832,-0.23514883335451298,-1.48147701781423
4,hersh2022_pacific,REG,33,0.1474011997205797,-0.278703689932158,-0.2045252966743079
4,hersh2022_pacific,REG,33,0.1264384181203763,-0.6001211585254886,-0.020615376459947654
4,hersh2022_pacific,FP,228,0.1081396719856203,0.3520569751719981,0.5049769440043562
4,hersh2022_pacific,FP,228,0.1064196310315537,0.8532092640221868,0.6634104768795388
4,hersh2022_pacific,FP,228,0.1984328092278634,-3.5088141113419353,-0.9615783680600871
4,hersh2022_pacific,FP,228,0.1123397444320039,-0.41203535695808524,0.13123034000396386
4,hersh2022_pacific,FP,228,0.1715625376049497,-0.04379933840578029,0.023729070896609073
4,hersh2022_pacific,FP,228,0.1105850137297272,1.8364666522115825,0.5889550082761043
4,hersh2022_pacific,FP,228,0.1335242064712899,0.39690422172640794,-0.09146794397526908
4,hersh2022_pacific,FP,228,0.1506420149681076,1.2619359019038758,0.10468646732577057
4,hersh2022_pacific,FP,228,0.1737117846868886,2.2417227655326175,0.05343902607493706
4,hersh2022_pacific,FP,228,0.1191734566973837,-0.38118175767114515,0.030575618254646802
4,hersh2022_pacific,FP,228,0.1016009141841153,0.017473003972360013,0.37427104895583807
4,hersh2022_pacific,FP,228,0.1114792551240018,-0.5576324122368104,0.22242682138834216
4,hersh2022_pacific,FP,228,0.1170777245054224,0.3831780040783923,0.13537391777151192
4,hersh2022_pacific,FP,228,0.1085670402908439,0.4896956024198821,0.91309703880786
4,hersh2022_pacific,FP,228,0.1164711060915517,0.576593884371307,0.30836692731391663
4,hersh2022_pacific,REG,3,0.151636266675567,-0.4516776928707128,0.0007476270320848355
4,hersh2022_pacific,REG,3,0.1423133946743024,-0.7826541962622401,-0.04978933556099127
4,hersh2022_pacific,SH,45,0.2178034491307453,0.265591682826843,1.2657107447566198
4,hersh2022_pacific,SH,45,0.1297989737510615,0.608735150507457,0.0674716591952547
4,hersh2022_pacific,SH,45,0.1070548498780744,0.9359514815059703,1.1647281824566424
4,hersh2022_pacific,SH,45,0.1055294483750756,0.8933670045965477,1.2889581732255821
4,hersh2022_pacific,SH,45,0.1143674128333116,0.8956736153266717,0.8007904673623025
4,hersh2022_pacific,SH,45,0.1010436287963245,0.9134189849561964,1.0964896862875089
4,hersh2022_pacific,SH,45,0.1139149633082874,0.9250310355529703,1.062841480175166
4,hersh2022_pacific,SH,45,0.1382577777355492,0.7219673712869541,1.1179453468823382
4,hersh2022_pacific,PALI,219,0.5902504584157308,2.420760707568253,-4.580831633872734
4,hersh2022_pacific,PALI,219,0.1368678307238336,-0.530985589810226,0.48265943372082937
4,hersh2022_pacific,PALI,219,0.188706223001551,0.5371610871844625,0.21237271047714468
4,hersh2022_pacific,PALI,219,0.1771179707952035,-2.2713293716836405,0.3827324658613538
4,hersh2022_pacific,PALI,219,0.220183757795012,2.2791534857105575,-0.41314626514066843
4,hersh2022_pacific,PALI,219,0.1321809576790078,0.732378147815161,0.5285553525002918
4,hersh2022_pacific,PALI,219,0.1497710943858393,-1.1916232382125613,0.20478257479281226
4,hersh2022_pacific,PALI,219,0.1652364055309335,-1.4054026497109742,0.15219929795325499
4,hersh2022_pacific,PALI,219,0.1124219637568139,-0.8471032920712748,0.3747303656237644
4,hersh2022_pacific,PALI,219,0.265855779553618,-2.0458984776744695,0.869123753892985
4,hersh2022_pacific,PALI,219,0.14037713542951,0.7689408604970661,0.33768736552411294
4,hersh2022_pacific,PALI,219,0.1469978866104022,0.03651143243039453,0.4476171451244894
4,hersh2022_pacific,PALI,219,0.1050904746145872,0.024216830256568705,0.5328727766108277
4,hersh2022_pacific,REG,29,0.1303022581502954,-0.6613839241037384,-0.11948992673489706
4,hersh2022_pacific,PALI,218,0.1251237111295043,-0.5370032979909034,0.318641304209775
4,hersh2022_pacific,PALI,218,0.1244444897985503,-0.44422654476206874,0.43510339607719023
4,hersh2022_pacific,PALI,218,0.1222775417959854,-0.6084758695980742,0.42474364168503065
4,hersh2022_pacific,PALI,218,0.1494391796571451,-1.1703893740796252,1.3046394652035587
4,hersh2022_pacific,PALI,218,0.1029639146993325,-1.0472226352914393,1.2309664454072733
4,hersh2022_pacific,PALI,218,0.1262690323850729,-1.1488516092773626,1.0808846906750778
4,hersh2022_pacific,PALI,218,0.1350154565952345,-1.242067585915338,1.1237173266934923
4,hersh2022_pacific,PALI,218,0.1543206939843264,-1.4916754679958792,1.2370849598442788
4,hersh2022_pacific,PALI,218,0.1304689537430669,-1.2889688453166377,1.0628146970895518
4,hersh2022_pacific,PALI,218,0.1280437841338733,-1.3123189116401608,1.0251739887800153
4,hersh2022_pacific,PALI,218,0.1247897307855211,-1.2830372465630488,0.9945401618297087
4,hersh2022_pacific,PALI,218,0.1084344587615756,1.350825878504663,0.5782890621271695
4,hersh2022_pacific,PALI,218,0.1526509676970455,0.9276433172805794,0.19729500843310604
4,hersh2022_pacific,PALI,218,0.1125395533281279,-0.42246902330066816,0.379639975573157
4,hersh2022_pacific,PALI,218,0.1461843624331882,-1.129384351023652,0.1811623693310936
4,hersh2022_pacific,PALI,218,0.1540077267890127,-1.2930951252908967,0.2860416400452508
4,hersh2022_pacific,PALI,218,0.1088082894943754,0.4079647920606897,0.8202408346016666
4,hersh2022_pacific,PO,52,0.1931177902302502,-0.4495252010284455,-1.9078724626122698
4,hersh2022_pacific,PO,52,0.2022013058458522,-0.19994182197755983,-1.6547775536422624
4,hersh2022_pacific,PO,52,0.1917524361173655,-0.32139075205687595,-1.6243903869087586
4,hersh2022_pacific,PO,52,0.1914480467167274,-0.3282451572294664,-1.6956712002014842
4,hersh2022_pacific,PO,52,0.1973637883539302,-0.16465678439054585,-1.5616409732035326
4,hersh2022_pacific,PO,52,0.1959454417610789,-0.23204737189750024,-1.6292983046686467
4,hersh2022_pacific,PO,46,0.1838509091826701,-0.5320127350822477,-1.8758757785208937
4,hersh2022_pacific,SH,9,0.1127880713622823,0.0650190627790389,-0.0064489910480999835
4,hersh2022_pacific,SH,9,0.119366153497833,0.937001771051126,0.4892791613449988
4,hersh2022_pacific,SH,9,0.2453002587399957,-0.048007411313621184,-1.9689118632789542
4,hersh2022_pacific,SH,9,0.1948146002472104,0.6325087159267384,-0.052541605579161876
4,hersh2022_pacific,SH,9,0.1826190541530964,1.0878100307837981,-0.008031621135107775
4,hersh2022_pacific,SH,9,0.1363332237591711,0.9049289296925934,0.32092432178521746
4,hersh2022_pacific,SH,9,0.1239890227632821,1.0152042075458767,0.4081294173413309
4,hersh2022_pacific,SH,9,0.1314969543941052,0.952098510433091,0.37051874705365223
4,hersh2022_pacific,SH,9,0.139259111997216,0.877340684808239,0.20860075034883935
4,hersh2022_pacific,SH,9,0.1283781618685013,1.0209560907598059,0.3943737720954546
4,hersh2022_pacific,SH,9,0.1543836039219573,0.8864597809086469,0.15616559965494137
4,hersh2022_pacific,SH,9,0.1754893683799569,0.9493733679919393,-0.0667755175775695
4,hersh2022_pacific,FP,58,0.1938602260027335,-2.417520687024551,0.30790164433945044
4,hersh2022_pacific,FP,58,0.1623346420034,1.8261226286867032,0.0990339982733591
4,hersh2022_pacific,FP,59,0.430531835608594,2.4824115406955243,-2.49035000938513
4,hersh2022_pacific,FP,59,0.1890721794955408,-2.0869848660810604,0.3975436880952716
4,hersh2022_pacific,FP,59,0.2049297006810495,-2.655314029518174,0.33125949672661403
4,hersh2022_pacific,FP,59,0.2232001582930498,-4.89059098286787,-0.4023290333217455
4,hersh2022_pacific,FP,59,0.1063863709182943,1.985640104171753,0.5792455083917306
4,hersh2022_pacific,FP,59,0.1090878754417408,1.937300159732478,0.5494325430044661
4,hersh2022_pacific,FP,59,0.1020582132437888,1.9005364974442136,0.6055321053443142
4,hersh2022_pacific,PALI,233,0.1373429077802417,-0.7350995749553425,0.3455374250279198
4,hersh2022_pacific,PALI,233,0.1324947313435055,-0.7035650619618818,0.41210684795637575
4,hersh2022_pacific,PALI,233,0.1327198219979812,-0.6353514957049181,0.37751263089400905
4,hersh2022_pacific,PALI,233,0.110265516311164,0.27271080115010793,0.17066955096702446
4,hersh2022_pacific,PALI,233,0.1787133466745651,-1.4793498048971463,0.5754103594450454
4,hersh2022_pacific,PALI,233,0.1504528470881467,-1.1501081915454463,0.3935251188265843
4,hersh2022_pacific,PALI,233,0.1688058289865411,-1.6723646813638036,0.46456290403408196
4,hersh2022_pacific,PALI,233,0.1426317239919971,-1.0765166325216546,0.5584165513129974
4,hersh2022_pacific,PALI,233,0.1248877104126601,-0.15701032159593797,0.5007199935975628
4,hersh2022_pacific,PALI,233,0.1092072190964223,-0.11557015314381212,0.6581372642499803
4,hersh2022_pacific,PALI,233,0.160846146573747,-1.424373031155167,0.302477121524393
4,hersh2022_pacific,PALI,233,0.1859279497908818,-1.9927562853011385,0.8347038997917159
4,hersh2022_pacific,PALI,233,0.1948319906129853,-2.3417008123121787,0.5870838792352584
4,hersh2022_pacific,PALI,233,0.1557368096026803,-1.6579737038196327,0.49394829934808826
4,hersh2022_pacific,PALI,233,0.1639964201439879,-1.5427881035278175,0.39173067199925765
4,hersh2022_pacific,PALI,233,0.1735193372001819,-1.7911157235608923,0.39718909213811815
4,hersh2022_pacific,PALI,233,0.1875498610059003,-2.2657040688245345,0.40351208905715397
4,hersh2022_pacific,PALI,233,0.1216577844475341,0.09722012016674822,0.5063654257863004
4,hersh2022_pacific,PALI,233,0.1278928414963358,-0.6748008252926287,0.34841530775642027
4,hersh2022_pacific,PALI,233,0.1403170964278188,-0.6219712480054865,0.1796756254077124
4,hersh2022_pacific,RI,20,0.2155901761481146,0.08397481645205017,-0.6827448016640596
4,hersh2022_pacific,RI,20,0.1011143792040933,2.0496310344950737,0.829321721791666
4,hersh2022_pacific,RI,20,0.1098069078724228,1.8336825423982783,0.7993006581780187
4,hersh2022_pacific,RI,20,0.1073095234683829,0.2119750875143538,0.16421975568458422
4,hersh2022_pacific,PO,53,0.183144531971506,-0.4340977963583611,-1.6461677016329446
4,hersh2022_pacific,PO,53,0.211346638542975,-0.42769374643602626,-2.166540309268317
4,hersh2022_pacific,PO,53,0.1894555691166066,-0.22347437240000634,-1.4388743569820477
4,hersh2022_pacific,PO,53,0.2049052232759523,-0.39167060289056504,-1.8671493794994625
4,hersh2022_pacific,PO,53,0.2225587538894543,-0.3416239218683726,-2.117886315888864
4,hersh2022_pacific,PO,53,0.1845820554288962,-0.5084043336049489,-1.7890843769277438
4,hersh2022_pacific,PO,53,0.1953772464381866,-0.512218087665344,-2.0042304426372106
4,hersh2022_pacific,PO,53,0.19057449542001,-0.6563023475688001,-2.076176012642347
4,hersh2022_pacific,PO,53,0.1937006071611326,-0.3510360995452977,-1.6298047269253964
4,hersh2022_pacific,PO,53,0.2323543541697686,-0.8379787086312441,-2.707477023995416
4,hersh2022_pacific,REG,105,0.2077123687243059,-0.43982630115934973,-2.0961488105747286
4,hersh2022_pacific,PO,53,0.1845984259280851,-0.32682747563023107,-1.5198198065071735
4,hersh2022_pacific,PALI,213,0.1572508623692117,-1.2568054395444441,0.4578065810146689
4,hersh2022_pacific,PALI,213,0.1407678460283417,-1.1908205920476793,0.7998583808762552
4,hersh2022_pacific,PALI,213,0.123152676368256,-0.9894491127170774,0.5120056988000515
4,hersh2022_pacific,PALI,213,0.1574853913086014,-0.9931797785328216,0.4221342427531845
4,hersh2022_pacific,PALI,213,0.1395522697678488,-0.23778657748279786,-0.0740554565135209
4,hersh2022_pacific,PALI,213,0.126271150110816,-0.3178251346535295,0.3010342174998579
4,hersh2022_pacific,PALI,213,0.1323538835247381,-0.36437912829072,0.43629781578483
4,hersh2022_pacific,PALI,213,0.1206026924893391,-0.47861521919673433,0.3991341488249097
4,hersh2022_pacific,PALI,213,0.1175593957351136,-0.6812083210136988,0.5232180503629027
4,hersh2022_pacific,PALI,213,0.1239214937677578,-0.6588381217353229,0.40890687098857215
4,hersh2022_pacific,PALI,213,0.1038049689922269,-0.6769796012381025,0.5402489803918082
4,hersh2022_pacific,PALI,213,0.1134159544702174,-0.5907047387216341,0.3790565331158403
4,hersh2022_pacific,PALI,213,0.1242423662406482,-0.3557242802856051,0.464296598957823
4,hersh2022_pacific,PALI,213,0.1211598132267808,-0.3460264643341905,0.5941483536085532
4,hersh2022_pacific,PALI,213,0.1318198437544583,-0.4700857889016235,0.464547562374382
4,hersh2022_pacific,PALI,213,0.1498177620792849,0.006163559639593391,0.5048715211085002
4,hersh2022_pacific,PALI,213,0.1562179777001036,0.2409965205121618,-0.03429445403489186
4,hersh2022_pacific,PALI,213,0.1880164690574926,-0.7024840163442484,0.27454782951236345
4,hersh2022_pacific,PALI,213,0.1234908173646359,-1.1297327289136039,0.7116349528608161
4,hersh2022_pacific,PALI,213,0.1388536194637702,-1.1478434678093197,0.810688075956048
4,hersh2022_pacific,PALI,213,0.1327655095710472,-0.9834925090925473,0.9569943256943366
4,hersh2022_pacific,PALI,213,0.1191172473705221,-0.42017393643023865,0.23687210542549642
4,hersh2022_pacific,PALI,213,0.1254004939870963,-1.471306105073459,0.4536085390569581
4,hersh2022_pacific,PALI,213,0.1311677655368991,-0.5714614529100039,0.5232720639651072
4,hersh2022_pacific,PALI,213,0.1148818675361405,-0.5071066447368655,0.5686932261115025
4,hersh2022_pacific,PALI,213,0.1478679681672041,0.1166918357129354,0.1967039112078028
4,hersh2022_pacific,PALI,213,0.1239558880208553,-0.48005325354448847,-0.011253703969856393
4,hersh2022_pacific,PALI,213,0.1306214100051477,-0.5314454935160826,0.2998206864579799
4,hersh2022_pacific,PALI,213,0.1139296426030549,-0.3047753072245691,0.49128188487510105
4,hersh2022_pacific,PALI,213,0.13448822529318,-0.7121799187098995,0.19198901246639483
4,hersh2022_pacific,PALI,213,0.1176209318236606,-0.7589911115660436,0.21024278297632573
4,hersh2022_pacific,PALI,213,0.1246415369996026,0.11416310746899383,0.3700481410708442
4,hersh2022_pacific,PALI,213,0.1294003408988809,-1.3747186696367497,0.48040074749538836
4,hersh2022_pacific,PALI,213,0.1481635665315818,-1.4796156688336866,0.43846542122509125
4,hersh2022_pacific,PALI,213,0.154117305309823,-0.7262594245912254,-0.07848934185723999
4,hersh2022_pacific,PALI,213,0.1587431996949921,-1.4304295670542755,0.8341316520499393
4,hersh2022_pacific,PALI,213,0.1533412557224161,-1.1703361094412732,0.88250653565606
4,hersh2022_pacific,PALI,213,0.1557900891139279,-1.7049261060744756,0.7001883513569207
4,hersh2022_pacific,PALI,213,0.1676550777263864,-1.592514667168886,0.31408352462185857
4,hersh2022_pacific,PALI,213,0.1407721190237474,-0.4982144874562644,0.547826451318929
4,hersh2022_pacific,PALI,213,0.1115604430034358,-1.0617246964594993,1.0624154250938833
4,hersh2022_pacific,PALI,213,0.1347401494405361,-1.7241779438152582,0.8483480034379052
4,hersh2022_pacific,PALI,213,0.1061854572619277,-0.4165144278711205,0.4651244506229509
4,hersh2022_pacific,PALI,213,0.1094600035042408,-0.3675796693260881,0.5387469487797947
4,hersh2022_pacific,PALI,213,0.1067307066734378,-0.5146685476480245,0.5205869285712811
4,hersh2022_pacific,PALI,213,0.1055257399830287,-0.833913665735245,1.0953637198875843
4,hersh2022_pacific,PALI,213,0.1157291491416716,-1.2624869867485573,1.1004851511054197
4,hersh2022_pacific,PALI,213,0.1125105079273523,-1.1688347858975197,1.157253030278526
4,hersh2022_pacific,PALI,213,0.105165258673449,-1.4310681401990182,1.012547298965135
4,hersh2022_pacific,PALI,213,0.1313427467680037,-1.623750561483377,0.9595853361347719
4,hersh2022_pacific,PALI,213,0.1465501175678735,-1.7908414669310764,0.944608663635109
4,hersh2022_pacific,PALI,213,0.1109949739332607,-1.4891592865355676,0.9391241410759548
4,hersh2022_pacific,PALI,213,0.1212400043798086,-0.5438603885632268,0.42651990533446194
4,hersh2022_pacific,PALI,213,0.1250637716679578,-1.1516269202562817,0.9936943208206495
4,hersh2022_pacific,PALI,213,0.113126751108776,-1.3335283583346755,0.9698748417943297
4,hersh2022_pacific,PALI,213,0.1051071639109539,-1.0720631958208338,1.0148500124697677
4,hersh2022_pacific,RI,103,0.130535209256469,0.963498403155996,0.37806693721777096
4,hersh2022_pacific,RI,103,0.1193950804638259,1.2203497945658912,1.3194846479696463
4,hersh2022_pacific,RI,103,0.1070040014646165,1.6494035433282315,0.8529018214033272
4,hersh2022_pacific,RI,103,0.1333793616447949,1.0361174120731964,1.0694005025156437
4,hersh2022_pacific,RI,103,0.1679195210252352,1.8614906402188618,0.19631801211658773
4,hersh2022_pacific,RI,103,0.1003687850280708,1.8223873179072636,0.9295307512816253
4,hersh2022_pacific,RI,103,0.1034392709040138,1.7632812566315486,0.9306376628592282
4,hersh2022_pacific,RI,103,0.1173170753495725,1.8679934867405807,0.5282255629379462
4,hersh2022_pacific,FP,57,0.1592332095071981,0.26419467442924427,-0.23447096343292467
4,hersh2022_pacific,FP,57,0.3549724612638519,1.9312670799344227,-1.7200494422500048
4,hersh2022_pacific,REG,15,0.1341107279769902,-0.7095913952990884,-0.07056603476243153
4,hersh2022_pacific,REG,15,0.1130099381962534,-0.10061240315681305,0.15116528671909138
4,hersh2022_pacific,REG,15,0.1048378958705919,-0.14093116310047235,0.3937606767716402
4,hersh2022_pacific,SH,242,1.0402688613524067,2.073774068106866,-9.21239094015752
4,hersh2022_pacific,SH,242,0.1379237342858161,1.6181724212754838,0.26979018635151925
4,hersh2022_pacific,SH,242,0.3164617550361064,1.4986861763784325,-1.5869336022895222
4,hersh2022_pacific,SH,242,0.1075996301219374,0.8799754601374166,1.4172651384710666
4,hersh2022_pacific,SH,242,0.1228999554502675,1.9364616423269616,0.6839431581284106
4,hersh2022_pacific,REG,63,0.1377248355833409,-0.7640495048845342,0.05529891043518373
4,hersh2022_pacific,SH,225,0.3248825626468156,0.01385991093861172,-3.09670188953584
4,hersh2022_pacific,SH,225,0.1354893426660655,0.7961547964573346,0.4088879204110335
4,hersh2022_pacific,SH,225,0.1435114789554676,0.8855131282911128,0.2527971457199125
4,hersh2022_pacific,SH,225,0.1441663393448329,0.6944576747658251,-0.06424296132473095
4,hersh2022_pacific,SH,225,0.1441803596011842,0.9891920023906516,0.22919267540542482
4,hersh2022_pacific,SH,225,0.124885266985015,0.8881020035243193,0.8888736792031682
4,hersh2022_pacific,SH,225,0.1330699150127468,0.8742671701239912,1.0115715485104009
4,hersh2022_pacific,SH,225,0.1278694959856966,0.7942234170796278,1.0664803344674643
4,hersh2022_pacific,SH,225,0.1326130923141035,0.5659911539662897,0.8823666695042665
4,hersh2022_pacific,SH,225,0.1307124176251889,0.81565311628037,0.8510699759269792
4,hersh2022_pacific,SH,225,0.2153431072703805,0.1693061747808154,-0.5918230088938046
4,hersh2022_pacific,SH,225,0.1615550163436258,1.6272360140246234,0.49454737895281575
4,hersh2022_pacific,SH,225,0.1947361956779411,0.15134198726560705,-0.22500297611244857
4,hersh2022_pacific,SH,225,0.106625465042269,1.7036261427751227,0.8997807627593677
4,hersh2022_pacific,SH,225,0.1891345031942571,-0.005817660900997848,-0.18992758764754344
4,hersh2022_pacific,PALI,214,0.1195014101167734,-0.5236122798716913,0.5554580341916706
4,hersh2022_pacific,PALI,214,0.1204437937465128,-0.5465553489863708,0.5129858435178446
4,hersh2022_pacific,PALI,214,0.1104333002844874,-0.67524619671274,0.4669766204501019
4,hersh2022_pacific,PALI,214,0.1463252247165984,-1.1235525106413309,0.03571918580604683
4,hersh2022_pacific,PALI,214,0.1594170413745331,-0.9474505722775396,0.037010519190167346
4,hersh2022_pacific,PALI,214,0.1502661866219927,-1.0630438353130944,0.03421237534221633
4,hersh2022_pacific,PALI,214,0.1434037346237656,-0.9012666281669826,0.03564731575707461
4,hersh2022_pacific,PALI,214,0.133213840804437,-0.765283319056293,0.13278316674678026
4,hersh2022_pacific,PALI,214,0.1473122562781222,-0.9660825695921736,0.055481943564384656
4,hersh2022_pacific,PALI,214,0.1709093616617396,-1.0237544073565115,0.0065088942370578745
4,hersh2022_pacific,PALI,214,0.1055198511392298,-0.6355783238182874,0.6350710513994393
4,hersh2022_pacific,PALI,214,0.1092228783991142,-0.45926207396190283,0.6049434949649822
4,hersh2022_pacific,PALI,214,0.1176340911392313,-1.0761535977080587,0.9704084197782209
4,hersh2022_pacific,PALI,214,0.1227596588310936,-1.3078310752397515,0.9585263115008247
4,hersh2022_pacific,PALI,214,0.1207754428981311,-1.0375593973652975,0.7166277189972781
4,hersh2022_pacific,PALI,214,0.1371065557624058,-1.372838109954908,0.9078102462392945
4,hersh2022_pacific,PALI,214,0.1349739336663814,-1.3499165345210262,1.0289043494580161
4,hersh2022_pacific,PALI,214,0.1233582905605294,-1.2563967873016373,0.6493323864579255
4,hersh2022_pacific,PALI,214,0.1605854974045427,-1.6765604782992418,0.4908412109422135
4,hersh2022_pacific,PALI,214,0.1330981181460011,-0.7842551199707196,0.1420280899805102
4,hersh2022_pacific,PALI,214,0.1454569873444133,-0.8023321571601932,0.13064291807952094
4,hersh2022_pacific,PALI,214,0.1426597699378462,-0.8579347619195815,0.0974068180952036
4,hersh2022_pacific,PALI,214,0.1530583410391303,-1.2712216365713331,0.1263429188466979
4,hersh2022_pacific,PALI,214,0.1524980006817292,-1.0115810072727822,0.05509296590519372
4,hersh2022_pacific,REG,19,0.1260748023687058,-0.45270777424358216,0.02912464577232976
4,hersh2022_pacific,REG,19,0.1235651028074699,0.8367405512424255,0.5481371506691097
4,hersh2022_pacific,REG,19,0.1208432083758664,0.24001545188347556,0.4421169279250431
4,hersh2022_pacific,REG,26,0.1197396308685116,-0.2882064333855636,0.09944296012659398
4,hersh2022_pacific,PO,24,0.1921771681595086,-0.13538395678345,-1.3824466489818454
4,hersh2022_pacific,PO,24,0.1928905272369441,-0.46309541213201216,-1.8678311008740076
4,hersh2022_pacific,PO,24,0.1840945991429681,-0.5996820883864823,-1.932278821389538
4,hersh2022_pacific,PO,24,0.2027979011833434,-0.006816574310065465,-1.475702095454521
4,hersh2022_pacific,PO,24,0.1866719028664857,-0.341191735119056,-1.6549157836212887
4,hersh2022_pacific,PO,24,0.1992568083425873,-0.28962896633831153,-1.7979285462637702
4,hersh2022_pacific,PO,24,0.2186660147254283,-0.13196645545661362,-1.9660972821538518
4,hersh2022_pacific,PO,24,0.19557174084449,-0.23580133246493612,-1.6623203034840277
4,hersh2022_pacific,PO,24,0.1985018428034262,-0.0689586536032537,-1.4800849356663335
4,hersh2022_pacific,PO,24,0.1927433958566573,-0.2560222570038089,-1.5450011389947127
4,hersh2022_pacific,PO,24,0.2072058249150082,-0.21246668953226372,-1.8157698726255598
4,hersh2022_pacific,PO,24,0.1894806023578285,-0.5895537533095657,-1.8995255482877038
4,hersh2022_pacific,PO,24,0.1982817510199377,-0.3277762749683136,-1.7128436074743263
4,hersh2022_pacific,PO,24,0.2061094650605173,-0.009747001688328899,-1.549613270568058
4,hersh2022_pacific,PALI,217,0.1040465534534036,-0.6732175052893157,0.8827319063597207
4,hersh2022_pacific,PALI,217,0.117387620455475,-0.8244458510426755,0.9877208831759323
4,hersh2022_pacific,PALI,217,0.1128720988709028,-1.0767918311192242,0.9605094343560079
4,hersh2022_pacific,PALI,217,0.1471073907757861,-1.514707448176693,1.1203809878641522
4,hersh2022_pacific,PALI,217,0.1325621067143805,-1.510000522045793,0.9110588809981545
4,hersh2022_pacific,PALI,217,0.1496279670822493,-0.7739389963435735,0.2156976082345911
4,hersh2022_pacific,PALI,217,0.1182714075491228,-1.06586832051671,0.9268719744688909
4,hersh2022_pacific,PALI,217,0.1056387935845864,-1.0358579822374199,0.8536693243374315
4,hersh2022_pacific,PALI,217,0.1047443522792497,-1.0623906568713393,0.7761402667519672
4,hersh2022_pacific,PALI,217,0.112779355761988,-0.5003994948525359,0.9758145405641024
4,hersh2022_pacific,PALI,217,0.1324256450481126,-1.1556773669128142,0.8337904773022732
4,hersh2022_pacific,PALI,217,0.1110101930231581,-1.0647084751973546,0.8611120585577584
4,hersh2022_pacific,PALI,217,0.1415749080863871,-1.458231901485805,0.7497953494191636
4,hersh2022_pacific,PALI,217,0.1422082568331489,-1.4051521689691067,0.43463279973514196
4,hersh2022_pacific,PALI,217,0.1453575611009988,-1.5104496569976722,0.7252579871120053
4,hersh2022_pacific,PALI,217,0.1577318288532049,-1.8484456215904321,0.6602750530259998
4,hersh2022_pacific,PALI,217,0.1438255765481374,-1.5367237987040225,0.42864481586081005
4,hersh2022_pacific,PALI,217,0.1432285428163165,-1.6572966415769563,0.6818680970897987
4,hersh2022_pacific,PALI,217,0.165427986121174,-1.892235198842888,0.6089090149346601
4,hersh2022_pacific,PALI,217,0.1523208335662504,-0.6700097626283326,0.1378494856786903
4,hersh2022_pacific,PALI,217,0.1419564404983647,-1.5766390419950855,0.6191928446099084
4,hersh2022_pacific,PALI,217,0.1198951717724859,-1.2060485944066426,0.6707549171349876
4,hersh2022_pacific,PALI,217,0.1555982607893008,-0.9150376604464289,0.23498938983623258
4,hersh2022_pacific,PALI,217,0.1155942671070894,-1.1166553632913834,0.8082360263716741
4,hersh2022_pacific,PALI,217,0.1037615868559522,-0.7323712676080187,1.0565435731806883
4,hersh2022_pacific,PALI,217,0.1286520530121982,-1.2086624736336848,0.7632668362157424
4,hersh2022_pacific,PALI,217,0.1047114756805729,-1.040615295726481,0.8501479624952226
4,hersh2022_pacific,PALI,217,0.1378926722790685,-1.362060422216396,0.8599378810956952
4,hersh2022_pacific,PALI,217,0.1198491065886525,-1.0032823048448793,1.0982320040233822
4,hersh2022_pacific,PALI,217,0.1146815008297101,-1.2044182063210378,0.8379875346966525
4,hersh2022_pacific,PALI,217,0.1089979473348322,-1.2171901288649807,1.046331198837816
4,hersh2022_pacific,PALI,217,0.1148993473379714,-0.3896143644859579,0.5494859592615163
4,hersh2022_pacific,PALI,217,0.1153467578107412,-0.4874196727322897,0.6768417555839618
4,hersh2022_pacific,PALI,217,0.1039163422571429,-1.211310510236132,1.0394097181714546
4,hersh2022_pacific,PALI,217,0.1280966699268003,-0.875651455472218,0.5697503583400604
4,hersh2022_pacific,PALI,217,0.1277050552876918,-1.1703206271801596,1.1823220798231553
4,hersh2022_pacific,PALI,217,0.1629337994545666,0.5468603827179254,0.039007412124350806
4,hersh2022_pacific,PALI,217,0.1832829900061539,0.7344292974310632,-0.05883284614069392
4,hersh2022_pacific,PALI,217,0.2312881888145237,0.7080866449000093,-0.5223443446163129
4,hersh2022_pacific,PALI,217,0.1555749748546652,-1.3804946290628597,0.6522955064145994
4,hersh2022_pacific,PALI,217,0.1057555275449385,-0.7292843710257257,0.6491205434456098
4,hersh2022_pacific,PALI,217,0.1098304866861412,-0.6845024411510571,0.5786624437729303
4,hersh2022_pacific,PALI,217,0.1572112460925727,-1.5409880533997178,1.0683834760354507
4,hersh2022_pacific,PALI,217,0.1217069061288216,-1.5560403530004354,0.9084114522553977
4,hersh2022_pacific,PALI,217,0.1113604628561649,-1.2083757162645241,1.1086527823847763
4,hersh2022_pacific,PALI,217,0.1017693813295016,-0.992385376327939,1.0200341443521197
4,hersh2022_pacific,PALI,217,0.1133678776877803,-0.9525072208555301,1.21426025490503
4,hersh2022_pacific,PALI,217,0.1207576870306153,-1.0224654219017222,1.1534148508549331
4,hersh2022_pacific,PALI,217,0.1131791095049596,-0.6619041280619322,0.35013134224974884
4,hersh2022_pacific,PALI,217,0.1322924251407175,-1.2938597596832113,1.148179437604755
4,hersh2022_pacific,PALI,217,0.1257624592756041,-1.6027040908637256,0.9115866134866993
4,hersh2022_pacific,PALI,217,0.1225135108506676,-1.180961159010067,1.0406468630037142
4,hersh2022_pacific,PALI,217,0.1055304426165167,-1.0439927684582782,0.9425476044905896
4,hersh2022_pacific,PALI,217,0.1006601257309529,-1.0541736150840246,1.0103468770726431
4,hersh2022_pacific,PALI,217,0.1615253760761115,-1.5367792708942787,1.0859529344722745
4,hersh2022_pacific,PALI,217,0.1322131128779728,-1.4938562242300617,0.8538926105091159
4,hersh2022_pacific,PALI,217,0.1735505493392403,-0.1900849686391402,0.29085112456547035
4,hersh2022_pacific,PALI,217,0.1407451333627043,-0.4424359929812436,0.6610120082961386
4,hersh2022_pacific,PALI,217,0.1618329305841361,-0.9734308304428702,0.13990672721688616
4,hersh2022_pacific,PALI,217,0.15752153053358,-0.5032891849345322,-0.11785043329321643
4,hersh2022_pacific,PALI,217,0.1579596000311978,-0.17322364828489817,-0.04808890727960066
4,hersh2022_pacific,PALI,217,0.1772275582573665,0.6442709396513299,0.17399093185031794
4,hersh2022_pacific,PALI,217,0.1459915321688605,-0.9054205850162216,0.15825402917502449
4,hersh2022_pacific,PALI,217,0.1551281417704358,-0.2894781460143228,0.2462550256656575
4,hersh2022_pacific,PALI,217,0.2232280037643482,1.2298285135833764,-0.2971561800958272
4,hersh2022_pacific,PALI,217,0.1553421206955458,-1.2668942315266276,0.4687433482534024
4,hersh2022_pacific,PALI,217,0.1290934315787721,-0.1406792803985997,0.6188870062586461
4,hersh2022_pacific,PALI,217,0.1399423804543521,0.3599712113868687,0.6712611895816177
4,hersh2022_pacific,PALI,217,0.1455490700456011,0.2757114424014103,0.5800301162651653
4,hersh2022_pacific,PALI,217,0.1022640415349261,-0.38680554526863964,0.7185544103988031
4,hersh2022_pacific,PALI,217,0.1338090201389832,-1.2667782237868428,0.6751683571566657
4,hersh2022_pacific,PALI,217,0.1414358914446956,-1.3924125107991712,0.6359871135201515
4,hersh2022_pacific,PALI,217,0.1592391926516645,-0.8818564906254523,0.19300254748411327
4,hersh2022_pacific,PALI,217,0.1376885026137808,-1.6356209020219377,0.7135348095070743
4,hersh2022_pacific,PALI,217,0.1360226832374361,-1.4153194830218805,0.7546516965203529
4,hersh2022_pacific,PALI,217,0.1494669804325467,-1.5736417544454666,0.7751619598779382
4,hersh2022_pacific,PALI,217,0.148429836196384,-0.7853778720550891,0.1802920325522825
4,hersh2022_pacific,PALI,217,0.1602571911081083,-1.2009412123593746,0.043584852133552815
4,hersh2022_pacific,PALI,217,0.1338514247250291,-1.251107433177279,0.697120920043146
4,hersh2022_pacific,PALI,217,0.1432988508559861,-1.590614252375429,0.7267096408644605
4,hersh2022_pacific,PALI,217,0.1800205752442149,0.0705134563889859,0.39627350481666607
4,hersh2022_pacific,PALI,217,0.1671699216035151,0.8372658841855204,0.35791565726178476
4,hersh2022_pacific,PALI,217,0.1034860693314272,-1.3213448011697762,1.2127739265450348
4,hersh2022_pacific,PALI,217,0.2053433725719309,-5.237142133519801,-0.8277437793891097
4,hersh2022_pacific,PALI,217,0.133818293892362,-1.2198224288549122,0.33961031878004
4,hersh2022_pacific,PO,42,0.2030930553926181,-0.17414275190713824,-1.6883530082464446
4,hersh2022_pacific,PO,42,0.2021972865193,-0.0734469242689742,-1.4100815973976246
4,hersh2022_pacific,PO,42,0.2053073089109067,-0.2606741607276138,-1.766845980653094
4,hersh2022_pacific,PO,42,0.2014398339028969,-0.684867591831871,-2.2097451580898344
4,hersh2022_pacific,PO,42,0.1943799612656876,-0.3943902573789005,-1.7777806935274854
4,hersh2022_pacific,PO,42,0.2205348460578688,0.06396333945678936,-1.5482489526019383
4,hersh2022_pacific,PO,42,0.1904245394434196,-0.6913296841730809,-2.049642153705674
4,hersh2022_pacific,PO,42,0.1297603625746498,-0.587729151745348,-0.14948197213526043
4,hersh2022_pacific,PO,42,0.1949277807530196,-0.30337830474710326,-1.5637676902028939
4,hersh2022_pacific,PO,42,0.191465757852117,-0.41108590112363286,-1.5669751679725858
4,hersh2022_pacific,PO,42,0.191386986972047,-0.6876180186037275,-2.1223657373863376
4,hersh2022_pacific,PO,42,0.2020306523901253,0.10305483309586791,-1.1929549201537042
4,hersh2022_pacific,PO,42,0.1907868665473186,-0.4939787116563596,-1.8259265718244233
4,hersh2022_pacific,PO,42,0.2086447706027772,-0.14229665404401487,-1.6553571602383366
4,hersh2022_pacific,PO,42,0.2066388747945461,-0.1855584950270534,-1.7973653310349862
4,hersh2022_pacific,PO,42,0.3005938267582681,1.1687464256947235,-1.7945955296892184
4,hersh2022_pacific,PO,42,0.1950998159085051,-0.17675856683034788,-1.489260209241464
4,hersh2022_pacific,PO,42,0.2034623587890477,-0.08241573874601629,-1.4755982900468583
4,hersh2022_pacific,PO,42,0.199700249494388,-0.19811763701344676,-1.6040558425725107
4,hersh2022_pacific,PO,42,0.1899704192620299,-0.6749875604098141,-2.0297948417271625
4,hersh2022_pacific,PO,42,0.1862229414530201,-0.21806336207470994,-1.2906877543097521
4,hersh2022_pacific,PO,42,0.2129570677981354,-0.5035975399475157,-2.2424975215259453
4,hersh2022_pacific,PO,42,0.1852162439020391,-0.6421802237491947,-1.9821431566962209
4,hersh2022_pacific,PO,42,0.1880281446060753,-0.3638336929454642,-1.6579327297974085
4,hersh2022_pacific,PO,42,0.1836111902055783,-0.43546637284996714,-1.6396726008459768
4,hersh2022_pacific,PO,42,0.1925481270622481,-0.1755878978285162,-1.4333016825097489
4,hersh2022_pacific,PO,42,0.1065029717191135,-0.39566785149392136,0.11214960450474021
4,hersh2022_pacific,PO,42,0.2260570882162882,-0.34958745147575176,-2.241147125376345
4,hersh2022_pacific,PO,42,0.1881880311203249,-0.6041755316738453,-1.978375262229468
4,hersh2022_pacific,PO,42,0.2025437084489135,-0.4740154881002204,-2.062916175689141
4,hersh2022_pacific,PO,42,0.1913523656024409,-0.26042973353352616,-1.57278632214813
4,hersh2022_pacific,PALI,212,0.144033461255976,-1.0150142485945128,0.14189981131511104
4,hersh2022_pacific,PALI,212,0.168429972878959,0.46137363106773527,0.260621446712362
4,hersh2022_pacific,PALI,212,0.1106344398251807,-0.6681903730779933,0.7278425438531636
4,hersh2022_pacific,PALI,212,0.1137931310648054,-0.09819989102044145,0.5888140699568305
4,hersh2022_pacific,PALI,212,0.1146552895477407,-0.20283947059345636,0.4435388002556446
4,hersh2022_pacific,PALI,212,0.1570520370571095,-0.9152614302273431,0.03499441086475974
4,hersh2022_pacific,PALI,212,0.1613943067776689,-0.017447500562208777,0.480574598810837
4,hersh2022_pacific,PALI,212,0.1409070074761655,-0.12444789816265099,0.5231957292566145
4,hersh2022_pacific,PALI,212,0.1421022936240702,-0.41417011426131317,0.4559768449368096
4,hersh2022_pacific,PALI,212,0.1560378868465348,-0.9839549989383386,0.11101414589576336
4,hersh2022_pacific,PALI,212,0.1527654486594284,-0.7732326518604233,0.13465327274040198
4,hersh2022_pacific,PALI,212,0.1499043789342692,-0.7879887251017204,0.1912340389597828
4,hersh2022_pacific,PALI,212,0.1301152482584164,-0.8234086593207777,0.4796880707011555
4,hersh2022_pacific,PALI,212,0.1295792124626327,-0.7303248901156987,0.4614104779178655
4,hersh2022_pacific,PALI,212,0.1556711835996106,-1.094610823430879,0.20033401663153153
4,hersh2022_pacific,PALI,212,0.1396158230790928,-0.6883803640986151,0.2585289432644703
4,hersh2022_pacific,PALI,212,0.1399693944293867,-0.597986663468299,0.28151917398686727
4,hersh2022_pacific,PALI,212,0.1481792014496723,-0.7318889952417925,0.21045177606390528
4,hersh2022_pacific,PALI,212,0.1274547594814435,-0.616083601321461,0.5326105433955611
4,hersh2022_pacific,PALI,212,0.1220907904042022,-0.6903838246587324,0.4273312980088938
4,hersh2022_pacific,PALI,212,0.1386936134518661,-0.24050039282305302,0.7110117123571305
4,hersh2022_pacific,PALI,212,0.1510974749028454,-0.6423545033482414,0.17074164987915808
4,hersh2022_pacific,PALI,212,0.1266782640619941,-0.44003866583017537,0.6111259335945363
4,hersh2022_pacific,PALI,212,0.123859155342924,-0.5389115622969052,0.5540682847144034
4,hersh2022_pacific,PALI,212,0.1327070543478307,-0.42474008017748277,0.4431327178622802
4,hersh2022_pacific,PALI,212,0.1426216011566332,-0.5273730831376394,0.39454023916275494
4,hersh2022_pacific,PALI,212,0.1351897183605305,-0.4387888407158822,0.5057645890427523
4,hersh2022_pacific,PALI,212,0.1153157968981416,-0.30301644276676504,0.5451085105646661
4,hersh2022_pacific,PALI,212,0.1466849527197646,-0.1483972968690848,0.1610752996065471
4,hersh2022_pacific,PALI,212,0.1283015744844347,-0.18108883543516663,0.5233276691703965
4,hersh2022_pacific,PALI,212,0.1599080926732875,0.07449760259194356,0.3249759133524916
4,hersh2022_pacific,PALI,212,0.1388912090205314,0.5747073251339181,0.5256642269054772
4,hersh2022_pacific,PALI,212,0.1356148187903224,0.5385290341608683,0.4759100178822516
4,hersh2022_pacific,PALI,212,0.152085378497805,0.6690924143074682,0.4211355536150606
4,hersh2022_pacific,PALI,212,0.1327769278868711,0.6135863299837429,0.5418807983764534
4,hersh2022_pacific,PALI,212,0.1564868686623906,0.1385991649371876,0.459862873247223
4,hersh2022_pacific,PALI,212,0.1496860517613967,-0.9236148897753828,0.1049646770226632
4,hersh2022_pacific,PALI,212,0.1401925004744415,-0.44821479468664815,0.3322671935967153
4,hersh2022_pacific,PALI,212,0.1564296264131,-0.018629523927896845,0.34424933831659804
4,hersh2022_pacific,PALI,212,0.1574408739246646,-0.7511842949686439,0.189972266146722
4,hersh2022_pacific,PALI,212,0.1416642079243013,-0.582928826976975,0.2939070430219425
4,hersh2022_pacific,PALI,212,0.1353724064638209,-1.1805867144394728,0.20652579744414035
4,hersh2022_pacific,PALI,212,0.1530283535584816,-0.8938066942836634,0.09680660420543709
4,hersh2022_pacific,PALI,212,0.1415077489372093,-0.5293856895563981,0.225572588655063
4,hersh2022_pacific,PALI,212,0.1475023861153566,-0.7105001979213315,0.11092863538641087
4,hersh2022_pacific,PALI,212,0.11720676548813,-0.43433068721069107,0.3729287248158464
4,hersh2022_pacific,PALI,212,0.1286989365453593,-0.3138647469564358,0.23796237468414605
4,hersh2022_pacific,PALI,212,0.159450520312321,-1.0753191809934748,-0.034844007306196925
4,hersh2022_pacific,PALI,212,0.1162342137070587,-0.26371221112202003,0.5291585232611555
4,hersh2022_pacific,PALI,212,0.1273448615816113,-0.7594356034770259,0.24482532925485317
4,hersh2022_pacific,PALI,212,0.1487929737657104,-1.0187793230879616,0.16624014001354337
4,hersh2022_pacific,PALI,212,0.1490551521698946,-0.7778300882350048,0.07195408870817885
4,hersh2022_pacific,PALI,212,0.1495531548350042,-0.8516466838264275,0.15730836136296494
4,hersh2022_pacific,PALI,212,0.1415415235286792,-0.8284232525655956,0.22540867231126183
4,hersh2022_pacific,PALI,212,0.1443911723105727,-0.43347023577262017,0.35298154946109184
4,hersh2022_pacific,PALI,212,0.1390918973826134,-0.304416595724642,0.4119607918472531
4,hersh2022_pacific,PALI,212,0.1340833420963045,-0.3377071593224631,0.3093674523058629
4,hersh2022_pacific,PALI,212,0.1297438817855513,-0.49848961030767136,0.37108180131694374
4,hersh2022_pacific,PALI,212,0.1549717518670632,-0.8645593368123474,0.08506837884167777
4,hersh2022_pacific,PALI,212,0.1429952457956951,-0.7712483873683602,0.17406246341363785
4,hersh2022_pacific,PALI,212,0.1496668076302054,-0.6279939336812989,0.07397966867198234
4,hersh2022_pacific,PALI,212,0.1507133843509233,-0.6122162337173148,0.05705924214236527
4,hersh2022_pacific,PALI,212,0.1317572130949409,-1.3015136357668684,0.9365080194328979
4,hersh2022_pacific,PALI,212,0.1458857626537686,-1.54874801803669,1.0453010165830932
4,hersh2022_pacific,PALI,212,0.1625022331694463,-1.7115029248899727,0.9379563822849016
4,hersh2022_pacific,PALI,216,0.1707345065152394,-0.06515735968173625,0.6352667643528513
4,hersh2022_pacific,PALI,216,0.130247262392873,-0.4096475388192229,0.20601700254507585
4,hersh2022_pacific,PALI,216,0.1182454420285124,-0.03860565299011598,0.378260904267747
4,hersh2022_pacific,PALI,216,0.1136015034900247,-0.35294914551299306,0.5830576708306731
4,hersh2022_pacific,PALI,216,0.1128932043381798,-0.42619339963752456,0.3777317348342722
4,hersh2022_pacific,PALI,216,0.1109278511368238,-0.48993777728327936,0.47693953962796365
4,hersh2022_pacific,PALI,216,0.1526652248890291,-1.0863874453627604,0.16456011572940848
4,hersh2022_pacific,PALI,216,0.1326223389788002,-0.7135714547822769,0.4342812044131645
4,hersh2022_pacific,PALI,216,0.1257123700256947,-0.8595541257166017,0.6500867350962816
4,hersh2022_pacific,PALI,216,0.1019495261830008,-1.0807844117484613,1.0212872346553457
4,hersh2022_pacific,PALI,216,0.1066048178491297,-1.0560726630219182,0.9740360392778841
4,hersh2022_pacific,PALI,216,0.1135258942489761,-1.418171378679304,0.8276094070373612
4,hersh2022_pacific,PALI,216,0.155618208765334,-1.9040059169768282,0.7164487878348402
4,hersh2022_pacific,PALI,216,0.1133794606580973,-1.1485717415947168,0.9859514445441886
4,hersh2022_pacific,PALI,216,0.1428054847258275,-1.723016646007839,0.8098309234156258
4,hersh2022_pacific,PALI,216,0.127174984712836,-1.0496822630424891,0.4254664036637764
4,hersh2022_pacific,PALI,216,0.1234912475739378,-1.108634614869855,0.9555566631017922
4,hersh2022_pacific,PALI,216,0.1286145591149249,-1.426854197016879,0.9882616939599906
4,hersh2022_pacific,PALI,216,0.1555408761019851,-1.2415210772129261,0.5871333966075266
4,hersh2022_pacific,PALI,216,0.1408921992274859,-1.0078707670874523,0.7178579512288326
4,hersh2022_pacific,PALI,216,0.1427396799194094,-1.0836133463040798,0.38633037041357143
4,hersh2022_pacific,PALI,216,0.1245518964938588,-0.8765090230791411,0.31348193070260383
4,hersh2022_pacific,PALI,216,0.1218342475226994,-1.4809121232568272,0.7932804719662125
4,hersh2022_pacific,PALI,216,0.1407282443808897,-1.79297050350975,0.7052048680204497
4,hersh2022_pacific,PALI,216,0.1461038368168354,-1.8979293005726703,0.7224382052799274
4,hersh2022_pacific,PALI,216,0.1675118549548593,-1.9770121344175444,0.7237736237383413
4,hersh2022_pacific,PALI,216,0.1481562493760416,-1.7998127222678661,0.6736668716078386
4,hersh2022_pacific,PALI,216,0.1676138172063169,-1.8279342954729045,0.5563036862900599
4,hersh2022_pacific,PALI,216,0.1848891818590069,-2.1847475475705265,0.4311138166117615
4,hersh2022_pacific,PALI,216,0.1637168705719695,-1.4468822572269708,0.6206371580641997
4,hersh2022_pacific,PALI,216,0.1707548620432882,-1.3389543565008284,0.5845232857547987
4,hersh2022_pacific,PALI,216,0.1347487231112653,-1.0897563488552868,0.4074403657868402
4,hersh2022_pacific,PALI,216,0.1422623553181068,-1.009021727131749,0.636157052834395
4,hersh2022_pacific,PALI,216,0.1113963865579821,2.0384632613162905,0.6510797262954917
4,hersh2022_pacific,PALI,216,0.1511067265299914,-1.1673906114770023,0.09094013405262119
4,hersh2022_pacific,PALI,216,0.14294664470564,-1.1315222040652126,0.5242918866120942
4,hersh2022_pacific,PALI,216,0.1560574973986399,-1.256905321231851,0.7609930864200669
4,hersh2022_pacific,PALI,216,0.1489738507685204,-1.0252001700224966,-0.031708934866326505
4,hersh2022_pacific,PALI,216,0.1177415534142064,-0.8918871907671229,0.6198430766185579
4,hersh2022_pacific,PALI,216,0.1544724113457935,-1.3689645428680615,0.444159743462493
4,hersh2022_pacific,PALI,216,0.126237885383502,-1.0008403760204847,0.3594196122275272
4,hersh2022_pacific,PALI,216,0.1546627467375667,-0.5722417755372641,0.08306648169786224
4,hersh2022_pacific,PALI,216,0.1467468579339791,-0.7159061939307553,0.05947892543661454
4,hersh2022_pacific,PALI,216,0.1410407222459846,-0.6423984599345076,0.31398392527668434
4,hersh2022_pacific,PALI,216,0.1609226802427179,-0.9200744530907766,0.40139002498243975
4,hersh2022_pacific,PALI,216,0.1290811759850293,-1.2349405672544085,0.6818940725058562
4,hersh2022_pacific,PALI,216,0.1023755633877374,-0.5538595250615728,0.556460927900136
4,hersh2022_pacific,PALI,216,0.1192211751883638,-1.157913301057417,0.8712421750088781
4,hersh2022_pacific,PALI,216,0.1296614515184795,-1.3293077168300187,0.8407177231923786
4,hersh2022_pacific,PALI,216,0.1497207469537248,-1.581355773815023,0.7589299572714814
4,hersh2022_pacific,PALI,216,0.1378696928915707,-1.3914520023638006,0.6991798877246497
4,hersh2022_pacific,PALI,216,0.1422340916293072,0.5062943848977808,0.2996550326140365
4,hersh2022_pacific,PALI,216,0.1161797871907076,-0.23249013897843718,0.3855223020866136
4,hersh2022_pacific,PALI,216,0.1201098086584536,-0.6608982748181682,0.41187306913664934
4,hersh2022_pacific,PALI,216,0.1604596076372295,-1.326406260192456,0.4789492229833576
4,hersh2022_pacific,PALI,216,0.1234572244077417,-1.290945971298305,0.9319170298570614
4,hersh2022_pacific,PALI,216,0.1215223716282437,-0.03267040223426887,0.3839079782072535
4,hersh2022_pacific,PALI,216,0.1996545067612182,-2.4675655872812525,0.9728094494754002
4,hersh2022_pacific,PALI,216,0.1006960598413743,-0.46049194398861315,0.510995384926502
4,hersh2022_pacific,PALI,216,0.1951305090536457,0.45570812882349376,1.0683941001339319
4,hersh2022_pacific,PALI,216,0.124299252047686,-1.137978737249649,1.0322547170259302
4,hersh2022_pacific,PALI,216,0.1317635381483691,-1.7474570472757138,0.8612475589346844
4,hersh2022_pacific,PALI,216,0.1154473271871035,-1.1667522560143557,0.9962217631213022
4,hersh2022_pacific,PALI,216,0.1292441273055565,-1.0856196858450793,0.5858058817738186
4,hersh2022_pacific,PALI,216,0.1512952121821432,-1.997310252958194,0.8239069235823784
4,hersh2022_pacific,PALI,216,0.1160532538325445,-1.2143205027351185,0.1758467304915274
4,hersh2022_pacific,PALI,216,0.1220929560523662,-0.971046021135263,0.04940773689514871
4,hersh2022_pacific,PALI,216,0.107917002877116,-0.28718115343793227,0.4797773553226944
4,hersh2022_pacific,PALI,216,0.1144061564885862,-0.5952543508676551,0.49082654500070577
4,hersh2022_pacific,PALI,216,0.1407971909041383,-1.8405426171572226,0.9765159032135433
4,hersh2022_pacific,PALI,216,0.1425461315937572,-1.883388590268945,0.8288627189528623
4,hersh2022_pacific,PALI,216,0.1589318650635618,-2.1092489927657327,0.742968571239335
4,hersh2022_pacific,PALI,216,0.1177236162494469,-0.23086732973529467,0.3699741220190056
4,hersh2022_pacific,PALI,216,0.1284393771607472,-0.49590263264559986,0.2656604827554989
4,hersh2022_pacific,PALI,216,0.1115354922302671,-0.9213358710259925,0.9720066381026377
4,hersh2022_pacific,PALI,216,0.1594598154842005,-2.0020009137134473,0.9663522493133189
4,hersh2022_pacific,PALI,216,0.155209186248716,-1.5702459209712005,0.8359077101261158
4,hersh2022_pacific,PALI,216,0.1049720380778902,-1.2382920234477055,0.862429489166392
4,hersh2022_pacific,PALI,216,0.1044947137877667,1.4444096226200076,0.6256169832464175
4,hersh2022_pacific,PALI,216,0.1042628775738981,1.3067614804880847,0.7668300236277338
4,hersh2022_pacific,PALI,216,0.1156462604347706,1.7012299545450957,0.6264109208986748
4,hersh2022_pacific,PALI,216,0.1257395910233457,1.7847351710491073,0.4133037187413786
4,hersh2022_pacific,PO,40,0.1607327907845942,-0.49685603566842884,-0.19795005063975563
4,hersh2022_pacific,PO,40,0.1330631005755314,-0.08644448219095695,-0.005347347552990753
4,hersh2022_pacific,PO,40,0.2101741730436721,0.03674012410803401,-1.5395347605772711
4,hersh2022_pacific,PO,40,0.2237281602680904,0.086175584166028,-1.6792892988086647
4,hersh2022_pacific,PO,40,0.2424711462807669,0.31859969043328046,-1.7326530660822947
4,hersh2022_pacific,PO,40,0.1775956653554327,-0.17700505105647774,-0.31291124254846503
4,hersh2022_pacific,PO,40,0.216889764670233,-0.0274021331564733,-1.5316091183931186
4,hersh2022_pacific,PO,40,0.1996512938921927,-0.28188112056718917,-1.693549751284616
4,hersh2022_pacific,PO,40,0.158036421984259,-0.3669054222991391,-0.3237936538083105
4,hersh2022_pacific,PO,40,0.1966948076123268,-0.08621374538561904,-1.4362203350011573
4,hersh2022_pacific,PO,40,0.1884212642814365,-0.35668906343253526,-1.6431377482179268
4,hersh2022_pacific,PO,40,0.2250175712311662,0.9806754803924633,-0.4313589909813869
4,hersh2022_pacific,PO,40,0.2025891523180458,-0.3477782913743679,-1.9378906588199059
4,hersh2022_pacific,PO,40,0.1549400557811275,-0.24154867023477994,-0.3112124953840346
4,hersh2022_pacific,PO,40,0.1300304364636222,-0.631727053900755,-0.010319269490694394
4,hersh2022_pacific,PO,40,0.1011335853982473,0.01449752371537881,0.28883818544366713
4,hersh2022_pacific,PO,40,0.1992768582278927,-1.1498969359193376,-2.471244287867705
4,hersh2022_pacific,PO,40,0.1970356764273405,-0.06660579288502905,-1.2644115649753378
4,hersh2022_pacific,PO,40,0.1214739821723962,0.20540317982770306,0.2419764798652646
4,hersh2022_pacific,PO,40,0.1846314210175081,-0.5230145892546669,-1.7641777736419428
4,hersh2022_pacific,PO,40,0.191677738350851,-0.0899264394709932,-0.678292438721512
4,hersh2022_pacific,PO,40,0.201482911457268,-0.14341905226744892,-1.632947937303531
4,hersh2022_pacific,PO,40,0.1925144861101067,-0.2920971734758353,-1.5664687457158362
4,hersh2022_pacific,PO,40,0.1863647885572893,-0.41784798944565904,-1.632288185459872
4,hersh2022_pacific,PO,40,0.225684485549035,-0.0977242789882456,-1.880113693479867
4,hersh2022_pacific,PO,40,0.2044160333455012,-0.21576504162719246,-1.7915750595842213
4,hersh2022_pacific,PO,40,0.1884924204136998,-0.09339017569809081,-0.767800269250137
4,hersh2022_pacific,PO,1,0.1985893396373217,-0.34497541391007713,-1.7232062874218215
4,hersh2022_pacific,PO,1,0.2069718336472955,-0.14343336237400545,-1.5905623801379107
4,hersh2022_pacific,PO,1,0.1862314493263071,-0.3045298225430494,-1.508969890465424
4,hersh2022_pacific,PO,1,0.1967789694140569,-0.3134754678023592,-1.700003944484731
4,hersh2022_pacific,PO,1,0.1939886892844641,-0.2482146061097977,-1.5331888976205108
4,hersh2022_pacific,PO,1,0.1855717829970641,-0.3410719722410143,-1.4996349889330842
4,hersh2022_pacific,PO,1,0.1839443873920904,-0.731940980874421,-1.993732519264729
4,hersh2022_pacific,PO,1,0.1852738401711512,-0.9553519294305763,-2.170800361339185
4,hersh2022_pacific,SI,123,0.2106471834969071,-1.3486357344966244,-2.586697717002903
4,hersh2022_pacific,SI,121,0.1264573455640389,-0.3857665257168258,0.6777580916796682
4,hersh2022_pacific,SI,121,0.2161141109868828,0.6632214025709039,-0.17312438224276416
4,hersh2022_pacific,SI,114,0.115809321673959,1.5391144064601814,0.6944853351928435
4,hersh2022_pacific,SI,117,0.1196969032137568,1.0972357941623212,0.7746598209044181
4,hersh2022_pacific,SI,117,0.201276449018358,1.06091397686406,0.23021931579360155
4,hersh2022_pacific,SI,117,0.1462935211210277,-0.5991641444342234,-0.1567272429647166
4,hersh2022_pacific,,231,0.1533267617500174,-0.11585413959064936,1.0926003908053505
4,hersh2022_pacific,,239,0.1646992768156434,-0.2779728439757441,0.7077274761851684
4,hersh2022_pacific,,211,0.1445748735618097,0.43780251751490734,0.1280331453849892
4,hersh2022_pacific,,25,0.1936113029922481,-0.4910436511833739,-1.901370400917042
4,hersh2022_pacific,,28,0.1069202097694744,-0.17116848198413287,0.3975616829539256
4,hersh2022_pacific,PALI,93,0.1150195267235968,0.30957671605560666,0.372369520145459
4,hersh2022_pacific,PALI,93,0.1503634917739856,-0.931282263683406,-0.04455464139845275
4,hersh2022_pacific,PALI,93,0.1463205149183151,-0.6040242067731906,-0.10535364460724242
4,hersh2022_pacific,PALI,93,0.128108964510298,-0.7905992367761208,0.05574418872319625
4,hersh2022_pacific,PALI,93,0.1415014444788153,-1.3901135749596345,0.2695744621415688
4,hersh2022_pacific,PALI,93,0.1370649658221288,-0.8693249088903939,0.12200562518777025
4,hersh2022_pacific,PALI,93,0.1304942491478098,-0.8518399400137499,0.22635609297005602
4,hersh2022_pacific,PALI,93,0.1312888866934976,-0.683565039457342,0.07284453717725922
4,hersh2022_pacific,PALI,93,0.1304363099736758,-0.816760321097472,0.30228864613942674
4,hersh2022_pacific,SH,85,0.1147581616390442,1.4820919822053964,0.6878388608584742
4,hersh2022_pacific,SH,85,0.1898978249290207,0.634491790445722,0.7522333641101072
4,hersh2022_pacific,SH,85,0.2269036468119949,0.6028718987237476,0.32985991396706676
4,hersh2022_pacific,SH,85,0.1328158175221951,-0.41024383271195003,-0.2172455996552317
4,hersh2022_pacific,SH,85,0.175540801318292,-1.1079546903374076,0.12051935759359286
4,hersh2022_pacific,FP,148,0.1016824473099382,0.2702394969784905,0.5127051408723192
4,hersh2022_pacific,FP,148,0.103475533832386,0.3985313095158357,0.44984247020397616
4,hersh2022_pacific,FP,148,0.1041418255804583,-0.37351890242580976,0.1552762641181806
4,hersh2022_pacific,FP,148,0.1082643446856248,-0.3049135998448572,0.2064921684539284
4,hersh2022_pacific,SH,87,0.1192602462043758,-0.5793733093065886,0.20516265502910733
4,hersh2022_pacific,SI,72,0.1286751152609658,1.2745754074785793,0.3329145149687859
4,hersh2022_pacific,SH,83,0.1022168525301317,-0.43047351262124234,0.7908012466197146
4,hersh2022_pacific,SH,83,0.1219882004770549,1.1317522472193615,1.32512354587301
4,hersh2022_pacific,SH,83,0.1435050631541209,0.9950870937483808,0.956963104978944
4,hersh2022_pacific,SI,94,0.1232876908790849,1.680409446741866,0.3917736706911796
4,hersh2022_pacific,SH,98,0.1228269392601277,1.266301975115833,0.5264185720402457
4,hersh2022_pacific,SH,71,0.2815898878749288,0.9679649628665732,-1.7769164369458852
4,hersh2022_pacific,SH,82,0.1737922160811307,-0.06752504264240068,0.018941269338710206
4,hersh2022_pacific,FP,137,0.1268722220410818,0.44428412521391425,0.5629463172788526
4,hersh2022_pacific,FP,137,0.1040050912504136,0.14687406508449719,0.48640280073063213
4,hersh2022_pacific,PO,97,0.1849936900664718,-0.5442660425368226,-1.7369318177657853
4,hersh2022_pacific,PO,97,0.1911152830389701,-0.3019982900748069,-1.5931786093036455
4,hersh2022_pacific,PO,97,0.1930001709977989,-0.5045755546818248,-1.8264730667049651
4,hersh2022_pacific,PO,97,0.1904720378409841,-0.3478433380895788,-1.5855781166426124
4,hersh2022_pacific,SH,81,0.1718513377364884,0.9244764746503539,0.48679882524831375
4,hersh2022_pacific,SH,81,0.1587587606383965,1.6355653743566552,0.0641902074450133
4,hersh2022_pacific,SH,81,0.2458387928202584,0.5999207971179747,-0.5147910368239494
4,hersh2022_pacific,SH,81,0.2756706858189964,1.5431376029708757,-0.9068997573581121
4,hersh2022_pacific,PO,96,0.1894773673560165,-0.6253589635927919,-1.9145063828613251
4,hersh2022_pacific,PO,96,0.1896333943875507,-0.6286983421032255,-1.9572627042176922
4,hersh2022_pacific,RI,69,0.1931818417805498,1.045511797543251,-0.1606303299743325
4,hersh2022_pacific,RI,69,0.1131779707277952,0.4522976766737749,0.5864293400757284
4,hersh2022_pacific,RI,69,0.1051659751936288,0.3382203048065994,0.7492926624956368
4,hersh2022_pacific,RI,69,0.1195592469025957,1.4316547394259076,0.5290464432138631
4,hersh2022_pacific,FP,90,0.1001370924275243,0.15512585631412723,0.43028879144825705
4,hersh2022_pacific,FP,90,0.1009308378956512,1.593419111372505,0.5511878375766548
4,hersh2022_pacific,FP,90,0.1033950871892865,-0.07655738380885166,0.27724559273092475
4,hersh2022_pacific,FP,90,0.1046814801149956,0.29907746708702365,0.5134099702085221
4,hersh2022_pacific,FP,90,0.1004142737122265,1.5552971218715943,0.5732521707718676
4,hersh2022_pacific,FP,90,0.1071185690781221,1.670914430142859,0.49021855830543143
4,hersh2022_pacific,FP,90,0.1016856319487647,-0.15629877427759764,0.3141799826864008
4,hersh2022_pacific,FP,90,0.1016856319487647,-0.15629877427759764,0.3141799826864008
4,hersh2022_pacific,SH,144,0.1592089970340887,0.8555656291543388,0.07903274898403014
4,hersh2022_pacific,SH,144,0.2329618801995257,0.5574971057983469,-0.6501004316716843
4,hersh2022_pacific,SH,144,0.1533290326728504,0.9026314525572948,0.1542851319054555
4,hersh2022_pacific,SH,144,0.1474703650581717,0.7218803047865734,0.07008730137811883
4,hersh2022_pacific,SH,144,0.1523915460765324,0.7724116154907108,0.056701978471042754
4,hersh2022_pacific,SH,144,0.1438520100192643,0.8774110800934664,0.25303445944027636
4,hersh2022_pacific,SH,144,0.1861037919241946,0.3630896431670728,-0.6477244355903484
4,hersh2022_pacific,SH,144,0.1499112911529813,0.89888901470442,0.2250194503176393
4,hersh2022_pacific,SH,144,0.3099039136996436,0.2956423477152227,-2.9531187717464924
4,hersh2022_pacific,SH,144,0.2668255293862236,0.8439750362197358,-1.6178471598000024
4,hersh2022_pacific,SH,144,0.2560668232074054,0.09478811131746306,-2.3776037676392168
4,hersh2022_pacific,SH,144,0.1269190839613442,-0.1030190815876819,-0.2740099836955134
4,hersh2022_pacific,SH,144,0.2081066425930331,1.0523179319374436,-0.1677172663481279
4,hersh2022_pacific,SH,79,0.2604283166968074,0.49686336563713024,-1.9758419845474378
4,hersh2022_pacific,SH,79,0.1735559971962162,1.0226212403685242,-0.05372026620364588
4,hersh2022_pacific,SH,79,0.2429772785961749,-0.6350708849380128,-2.7856759030412888
4,hersh2022_pacific,SH,79,0.1499432040757009,0.9484265632534556,0.3731345614763763
4,hersh2022_pacific,SH,79,0.1782902487379721,0.6541935171589659,0.08629363445577234
4,hersh2022_pacific,FP,135,0.267155382423808,1.2438631076653415,-0.6524853447007876
4,hersh2022_pacific,FP,135,0.1941592405019571,0.7282979222095484,0.1408962337416521
4,hersh2022_pacific,FP,135,0.1706281311477198,1.047697523055223,0.11948593350382597
4,hersh2022_pacific,FP,135,0.1352969248002039,1.4758005272186074,0.4272078997412196
4,hersh2022_pacific,FP,135,0.1115815097347345,0.4005551530438072,0.25996501739791833
4,hersh2022_pacific,FP,135,0.1147616065481558,-0.601524009448784,0.3401815317727931
4,hersh2022_pacific,FP,135,0.1204867236308784,-1.2350576128199822,0.8227778156335475
4,hersh2022_pacific,FP,135,0.1756293720626508,0.7469275662638344,0.06315869945998472
4,hersh2022_pacific,FP,135,0.1829582039070264,0.2645680183263195,-0.7496359001885752
4,hersh2022_pacific,FP,135,0.1223729644224245,-0.02895872260926588,-0.1470074305485521
4,hersh2022_pacific,FP,135,0.2270098760391215,0.39951765077449686,-0.6983976835160238
4,hersh2022_pacific,FP,135,0.1173190609907881,-0.05838866411303752,-0.13849691368583175
4,hersh2022_pacific,FP,135,0.1214830319045011,-0.04455501355968691,-0.166123762383588
4,hersh2022_pacific,FP,135,0.3624874102225973,-0.9686095084282155,-3.4613692728599994
4,hersh2022_pacific,FP,135,0.3031681634833801,0.07778605471956791,-0.34849060027032486
4,hersh2022_pacific,FP,135,0.3033592292343356,0.23625364157353054,-0.4191328076579127
4,hersh2022_pacific,SH,77,0.1036829444879743,-0.8219194005578391,0.2134296873198303
4,hersh2022_pacific,SH,77,0.1270647502775041,0.16241231361604327,0.14524952931445603
4,hersh2022_pacific,SH,77,0.1190688184199199,1.0408630900096552,0.45349684449387034
4,hersh2022_pacific,SH,77,0.1189421925152919,0.024911484113798975,0.09930355235620432
4,hersh2022_pacific,FP,89,0.1000751440297849,0.18718932287998852,0.6000984833923356
4,hersh2022_pacific,FP,89,0.1135141039943061,1.4349034985144227,0.4461174339765178
4,hersh2022_pacific,FP,89,0.1009572656126316,0.53197468032166,0.5936414991896521
4,hersh2022_pacific,FP,89,0.1063510938485025,0.915750765139384,0.6349753445745585
4,hersh2022_pacific,FP,89,0.1100677675274977,1.8186795833321472,0.48745127936142424
4,hersh2022_pacific,FP,89,0.1032747169004506,1.7625816498110216,0.5208492096109325
4,hersh2022_pacific,FP,89,0.10594876682769,0.40313319138715925,0.771465098552963
4,hersh2022_pacific,FP,89,0.3902440497709738,1.5525538824659215,-2.277964748748202
4,hersh2022_pacific,SH,78,0.1326810299488588,0.5003547885996856,0.17126804904661178
4,hersh2022_pacific,SH,78,0.1906065515377472,0.47184861527151106,-0.2872358057486458
4,hersh2022_pacific,SH,78,0.2220056291830535,0.18009633115955154,1.131462920780202
4,hersh2022_pacific,SH,78,0.2072142185017652,0.1618056233160336,-0.7852634578407699
4,hersh2022_pacific,REG,131,0.121941661392552,0.2339491745218138,0.47731267727183757
4,hersh2022_pacific,REG,131,0.228689500739512,0.9473377169036484,-0.46581679927644615
4,hersh2022_pacific,REG,131,0.2083442487282066,0.08918093233051291,-0.7836484311806515
4,hersh2022_pacific,REG,131,0.3239356977802169,-0.5359486684656749,-2.7596247244125367
4,hersh2022_pacific,REG,131,0.1332414190665399,-0.23965492013723041,0.20353513616449406
4,hersh2022_pacific,REG,131,0.2601440558939303,0.8198868336198184,-1.2596052016152965
4,hersh2022_pacific,REG,131,0.2759094617461714,0.9762725345269352,-1.5006395594480382
4,hersh2022_pacific,REG,131,0.1474113483564671,-0.5187798071114124,0.05475000021085294
4,hersh2022_pacific,REG,131,0.1165119705672293,0.028114017209995068,0.42543201622367915
4,hersh2022_pacific,REG,131,0.1024412152027538,0.3187777364381782,0.6911865360397805
4,hersh2022_pacific,REG,147,0.1224066872168888,0.09596371533762493,0.19401508683126045
4,hersh2022_pacific,REG,147,0.1112418280270983,0.35564428286930144,0.4628396326861716
4,hersh2022_pacific,REG,147,0.2084686533268631,1.2837867751875152,-0.263114703474115
4,hersh2022_pacific,REG,147,0.2485053949444743,0.9474335359023807,-0.8161400761852599
4,hersh2022_pacific,REG,138,0.1362635722789028,-0.46672605849806204,0.044815902859207585
4,hersh2022_pacific,REG,138,0.1069059525557469,-0.3879637739433592,0.2938855109739451
4,hersh2022_pacific,REG,138,0.1114379965678952,0.19646163548601453,0.5347401251987638
4,hersh2022_pacific,SH,146,0.1835772586406746,-0.6716171817952659,0.5967833535643091
4,hersh2022_pacific,SH,146,0.1254651602406085,0.6553456591499003,0.7510779893884278
4,hersh2022_pacific,SH,146,0.1642288133712974,0.3038520310988466,0.9017238558274343
4,hersh2022_pacific,SH,146,0.1656077916513294,1.175810677671754,0.017309838395080976
4,hersh2022_pacific,SH,146,0.1134950562313772,1.1307907147098708,0.6448969497217091
4,hersh2022_pacific,SH,146,0.2273250632241978,0.24550479495859165,-1.69423207867882
4,hersh2022_pacific,SH,146,0.3140350245198451,1.325365031081366,-1.9453265462445612
4,hersh2022_pacific,SH,146,0.2165981070538183,-0.3189091201362446,-2.0937085471018353
4,hersh2022_pacific,SH,146,0.1049227977674272,1.0844882226146368,0.6467540313418005
4,hersh2022_pacific,SH,146,0.3168986591202912,0.252472823582749,-3.0891591467377033
4,hersh2022_pacific,SH,146,0.1796295244969565,-0.07052019032034026,-0.7533097275912242
4,hersh2022_pacific,SH,146,0.3357525965471017,0.6248754602786402,-3.0510920416452936
4,hersh2022_pacific,SH,146,0.2522609919773863,0.18809313117452625,-2.1300414605177163
4,hersh2022_pacific,SH,146,0.1915754242098887,-0.003366303153074776,-1.085235423817724
4,hersh2022_pacific,SH,146,0.1978024895427186,-0.010453612805191609,-1.2468195783878484
4,hersh2022_pacific,SH,146,0.2500410165844625,-0.30261598970943876,-2.6592877610317
4,hersh2022_pacific,SH,146,0.3190704781270723,1.3543393641126305,-2.011053874964001
4,hersh2022_pacific,SH,146,0.2198719186652371,0.15130080342913826,-1.4454129160443399
4,hersh2022_pacific,SH,146,0.1851395523665156,-0.5703702081518931,-1.9414563077367362
4,hersh2022_pacific,REG,130,0.2047482753756361,-0.041902573460750825,-1.4243562349038374
4,hersh2022_pacific,REG,130,0.112010191405111,-0.011653315262424302,0.37492094122413416
4,hersh2022_pacific,REG,130,0.2854112209631049,0.9593419415165976,-1.8675625979418795
4,hersh2022_pacific,REG,130,0.1129116807866292,0.0762809444813464,0.09261700539804288
4,hersh2022_pacific,REG,130,0.2176817994493024,0.7138044862016066,-0.4644330281975717
4,hersh2022_pacific,SH,208,0.2077153596306024,0.11189361230674158,-1.4352840131179017
4,hersh2022_pacific,SH,222,0.106351026633463,0.7803534148356402,0.49578911972526485
4,hersh2022_pacific,SH,222,0.1248884646748074,0.9348106127629728,0.3105148153034737
4,hersh2022_pacific,SH,222,0.1598957057356748,1.1576447549000615,-0.04473510946610389
4,hersh2022_pacific,SH,222,0.1146839121791089,0.7664681351647199,0.2990981040743743
4,hersh2022_pacific,SH,222,0.1422455288268865,1.3900475460416735,0.2609772952390997
4,hersh2022_pacific,SH,222,0.1004981910516565,0.33044290398137255,0.4184078903307412
4,hersh2022_pacific,SH,222,0.1559844250246534,1.1135611651233452,-0.03147108458640091
4,hersh2022_pacific,SH,222,0.111451850331998,-0.5514569243072299,0.03331186893388416
4,hersh2022_pacific,SH,222,0.1027839813244329,-0.425282635896551,0.1360354811098243
4,hersh2022_pacific,SH,222,0.1053418904745772,-0.41701014833779976,0.10230456177359035
4,hersh2022_pacific,PALI,141,0.1543770304276933,-0.23966250965879968,-0.0606623055892571
4,hersh2022_pacific,PALI,141,0.1348947640246361,-0.8728792525632963,0.2573164319907887
4,hersh2022_pacific,PALI,141,0.1486085236477751,-1.0605856595292493,0.34151155970906955
4,hersh2022_pacific,PALI,141,0.1342079550841933,-0.7867809663838898,0.14586273821386475
4,hersh2022_pacific,PALI,141,0.1326201726502641,-0.8695726538483394,0.1901780260217021
4,hersh2022_pacific,PALI,141,0.1359795045476818,-0.7528471806088397,0.17751810418476605
4,hersh2022_pacific,PALI,141,0.1439250935099719,-0.6945725493128073,-0.011185942952619057
4,hersh2022_pacific,PALI,141,0.1396061120297883,-0.8316830233677086,0.12289122564115561
4,hersh2022_pacific,PALI,141,0.137188659984051,-0.7111903948317202,0.019715912178170203
4,hersh2022_pacific,PALI,141,0.1350914859157687,-0.841286768024714,0.311074860863507
4,hersh2022_pacific,PALI,141,0.1242297664777519,-0.6349246648078763,0.26101556101172585
4,hersh2022_pacific,PALI,141,0.1315031018808524,-0.700868024449834,0.22649405039801057
4,hersh2022_pacific,PALI,141,0.1299798115567119,-0.7680603072049077,0.39675450615924923
4,hersh2022_pacific,PALI,141,0.1352799866508001,-0.7358551597992458,0.09452721949278728
4,hersh2022_pacific,PALI,141,0.1413780354813368,-0.789768328377156,0.07362495134146282
4,hersh2022_pacific,PALI,141,0.1555776770010071,-1.0263242429030852,0.35207465992308323
4,hersh2022_pacific,PALI,141,0.1238908317183495,-0.6665950348857729,-0.08481452161383686
4,hersh2022_pacific,PALI,141,0.1460642258943963,-0.8305852518057186,-0.02751544200631359
4,hersh2022_pacific,PALI,141,0.1393585418648133,-0.7826605647125209,0.17043740679070796
4,hersh2022_pacific,PALI,141,0.1536650441695052,-0.9819877322440973,-0.06074992462474066
4,hersh2022_pacific,PALI,141,0.1418071181483131,-0.645854859910382,-0.05094438541402013
4,hersh2022_pacific,PALI,141,0.1424215294721574,-0.7982928315446625,0.010143041372703193
4,hersh2022_pacific,PALI,141,0.1456732044884752,-0.7617177586991747,-0.06872578498000918
4,hersh2022_pacific,PALI,142,0.146721221920491,-0.7237358935258416,-0.013953431856942491
4,hersh2022_pacific,PALI,142,0.1506306582537785,-1.0278896435372948,0.20203100516887007
4,hersh2022_pacific,PALI,142,0.1577191501092237,-1.166414248678976,0.1305312651796317
4,hersh2022_pacific,PALI,142,0.1575629928886095,-1.2343565004440973,0.23402509298534593
4,hersh2022_pacific,PALI,142,0.1409214444718555,-1.1358219178805289,0.4879565758865052
4,hersh2022_pacific,PALI,142,0.1762076317328531,-1.9402492311298005,0.4243756452805235
4,hersh2022_pacific,PALI,142,0.1760126022019468,-2.1700798422726963,0.48486857343253076
4,hersh2022_pacific,PALI,142,0.1553568168444316,-0.8526835257494679,0.08184561675242177
4,hersh2022_pacific,PALI,142,0.1673054020230768,-1.2464081533643263,0.12267961995514338
4,hersh2022_pacific,PALI,142,0.1202803233916941,0.24113745089874242,0.48954641382370667
4,hersh2022_pacific,PALI,142,0.1159601251270837,-0.3963304988372808,0.4300009438906621
4,hersh2022_pacific,PALI,143,0.1635285919461958,-0.7228481063972099,0.04376626539809537
4,hersh2022_pacific,PALI,143,0.1587938316375461,-0.9143249846725743,-0.07491291537495187
4,hersh2022_pacific,PALI,143,0.1756075053528607,-0.7842723928132976,-0.07409219037534079
4,hersh2022_pacific,SH,145,0.4185527368186896,-7.437356599085425,-0.7188042038285118
4,hersh2022_pacific,SH,145,0.2385967061773873,0.47326126778036354,-1.0206609961930146
4,hersh2022_pacific,SH,145,0.1863704539826428,0.7202536654866758,-0.1169547703140823
4,hersh2022_pacific,SH,133,0.2059608343126543,0.995985404846477,-0.262151023451489
4,hersh2022_pacific,SH,133,0.1818541013700691,1.0572058712090147,0.02620868969324916
4,hersh2022_pacific,SH,133,0.2064872728748145,0.2908223710052559,0.06409397229123252
4,hersh2022_pacific,SH,227,0.1024935357776941,0.9854844786054012,0.6629012990343159
4,hersh2022_pacific,SH,227,0.1136893219641377,1.4360455519652195,0.6101278540184398
4,hersh2022_pacific,SH,227,0.2315354462642415,-0.2961600770327383,-2.126394439347154
4,hersh2022_pacific,SH,227,0.2641958305960777,0.14714078546043408,-0.41711574199016704
4,hersh2022_pacific,SH,227,0.1387059926887431,1.4344609228609335,0.5416518247129106
4,hersh2022_pacific,SH,227,0.1540556231479641,1.7518925847920268,0.326047422273707
4,hersh2022_pacific,SH,227,0.1399114443980392,2.0224250325329103,0.46946017790062183
4,hersh2022_pacific,SH,227,0.1228688602550738,1.8407307217301927,0.7129143339474736
4,hersh2022_pacific,SH,227,0.1111462408378458,1.7981426894957036,0.9284705399968625
4,hersh2022_pacific,,113,0.1175374797217474,-0.4902260855629029,0.08456282843077609
4,hersh2022_pacific,SH,163,0.1034444618007157,0.23266139216621107,0.3860192566366798
4,hersh2022_pacific,SH,163,0.126789700086466,0.5717262653732876,0.38962855343402986
4,hersh2022_pacific,SH,163,0.126571533786843,0.6494657665634511,0.6200637939889745
4,hersh2022_pacific,SH,163,0.1300972009588641,-0.02785732502887594,0.11049593483285385
4,hersh2022_pacific,SH,163,0.1225575418534247,0.8415305689630459,0.5254042979147222
4,hersh2022_pacific,SH,163,0.1191152049519947,0.533783117864981,0.38983918950423646
4,hersh2022_pacific,,167,0.1031450807888498,0.5270500507523922,0.5046609736425561
4,hersh2022_pacific,,167,0.1768572049869005,0.18670572171406502,-0.32245744268897136
4,hersh2022_pacific,,186,0.1338954549387289,1.2643431783030727,0.36398348266901037
4,hersh2022_pacific,,186,0.2684186939251573,1.2839283913324984,-0.8639834706011363
4,hersh2022_pacific,,186,0.1794389069425255,-0.21073687845075706,-0.40060733216328437
4,hersh2022_pacific,SH,187,0.1509223538174711,0.09490038804908695,-0.10851039958170342
4,hersh2022_pacific,SH,187,0.2010645230645617,0.07573157404214902,-0.9846851547478259
4,hersh2022_pacific,SH,187,0.2895522888436412,0.10527091429125668,-2.6101712564897586
4,hersh2022_pacific,SH,187,0.117678292740261,-0.1408661163852615,0.041448134594346986
4,hersh2022_pacific,SH,187,0.1162447627948878,-0.6686033719723556,-0.06387421972177662
4,hersh2022_pacific,SH,187,0.1096449612587813,1.0383451388712568,0.789691589361379
4,hersh2022_pacific,SH,187,0.1326253883919151,0.6825881240676158,0.6405967454046757
4,hersh2022_pacific,SH,187,0.1338885736053675,-0.3804005777337539,-0.27428488715727717
4,hersh2022_pacific,SH,187,0.1002520255278924,-0.32158051609214644,-0.06813826349403346
4,hersh2022_pacific,SH,187,0.2312733983784831,-0.8401211351210395,0.14861567836209716
4,hersh2022_pacific,,188,0.1265646107908407,0.7015828108179286,0.43596269081716227
4,hersh2022_pacific,,188,0.1217459076007686,0.8687597600921163,0.48931227306053143
4,hersh2022_pacific,,188,0.1440460208284461,0.8400291316968767,0.24204048404308007
4,hersh2022_pacific,SH,189,0.1871719698075816,-0.09712911140279754,-1.0533570235522054
4,hersh2022_pacific,SH,189,0.1180630728251258,0.177249497964973,0.23802410013557804
4,hersh2022_pacific,SH,189,0.1110369807564335,0.18004819551522735,0.22901242909860148
4,hersh2022_pacific,SH,189,0.1253164346857741,-0.6106256847003892,-0.0151940755350502
4,hersh2022_pacific,SH,189,0.1127415049947117,0.3283420244586267,0.3911968097758381
4,hersh2022_pacific,SH,189,0.1026576387253051,0.15952552392145491,0.29906110807359565
4,hersh2022_pacific,SH,189,0.1073954979183492,0.13597722607821613,0.26044028397864316
4,hersh2022_pacific,SH,189,0.1210987969110874,0.4093085615361987,0.31155685316779347
4,hersh2022_pacific,SH,189,0.1970555010155103,-0.10566783646860164,-1.5980827786845784
4,hersh2022_pacific,SH,189,0.1030087204517748,0.1942010916183543,0.3250345503132074
4,hersh2022_pacific,SH,189,0.1981831439511345,0.04646876774462999,-1.0406175306722685
4,hersh2022_pacific,SH,189,0.2272532365301206,0.42584889874719795,-0.9233125512132146
4,hersh2022_pacific,SH,194,0.2286358670756077,0.32235787570694746,-1.5488633637393112
4,hersh2022_pacific,SH,194,0.1265703657258659,0.40395909577794553,0.16734878103245762
4,hersh2022_pacific,SH,194,0.1938839709356291,-0.024054787725084126,-0.9703774055260809
4,hersh2022_pacific,SH,194,0.2662989929702033,0.9655225526419254,-1.0040736044291234
4,hersh2022_pacific,SH,194,0.2680978391456959,0.9681691398486568,-1.2011771381656247
4,hersh2022_pacific,SH,194,0.1990400747659292,0.05370396303403953,-0.8417092169302218
4,hersh2022_pacific,SH,194,0.1176457689900406,0.25807967211981364,0.22481630158317598
4,hersh2022_pacific,SH,194,0.2698021147504502,1.065566615391892,-0.8987109142754658
4,hersh2022_pacific,SH,194,0.259638559963492,1.21623430569656,-0.8007657512234453
4,hersh2022_pacific,SH,194,0.1062865356601101,0.24786361921116765,0.3518973071519556
4,hersh2022_pacific,SH,194,0.1588501109201382,-0.5780187291616908,-0.23400200287015413
4,hersh2022_pacific,SH,194,0.140457732856717,-0.7381276183527214,-0.024000378584313406
4,hersh2022_pacific,SH,194,0.1934064497917843,-0.10207226798296233,-0.5335117208983614
4,hersh2022_pacific,SH,194,0.2531119634590715,1.2961515118323026,-0.7502616371321603
4,hersh2022_pacific,SH,194,0.2617312026418634,0.9216054446225217,-0.9626994232066831
4,hersh2022_pacific,SH,195,0.1134134485577853,0.48393609540664667,0.39997696201782856
4,hersh2022_pacific,SH,195,0.2101752450999563,0.20710880632191947,-0.7567542554521368
4,hersh2022_pacific,SH,195,0.2043128195062449,0.006033922963220667,-1.518561347122144
4,hersh2022_pacific,SH,196,0.2595860565296053,0.6553274503429245,-1.6901931192207724
4,hersh2022_pacific,SH,196,0.2514440071593597,0.6111508902667036,-1.5903438410166086
4,hersh2022_pacific,SH,196,0.2261986363636281,0.65302985245347,-0.6822470377044483
4,hersh2022_pacific,SH,196,0.2444434256883144,0.6745095381385078,-0.8884075831842113
4,hersh2022_pacific,SH,196,0.1380114776365774,0.5726102121829486,0.14578183916473653
4,hersh2022_pacific,SH,196,0.2182703616993295,0.3233736547751507,-0.8176468507510133
4,hersh2022_pacific,SH,196,0.1650324252653504,1.5871732694601763,0.10117850780660045
4,hersh2022_pacific,SH,196,0.1527959972624926,1.510072259369565,0.1180412070763801
4,hersh2022_pacific,SH,197,0.2218418008584514,0.377979922670584,-0.8525067412874727
4,hersh2022_pacific,,198,0.1101823389811564,0.1470412002907498,0.4219599079434692
4,hersh2022_pacific,SH,199,0.1132475655733489,-0.9715818059928442,0.057740407429561574
4,hersh2022_pacific,SH,199,0.2624331052341277,0.6688401042724156,-1.6633234014737648
4,hersh2022_pacific,SH,199,0.2411884282645191,0.6417504722562859,-0.8576915185486325
4,hersh2022_pacific,SH,199,0.235673322423728,0.5631402980451065,-0.9186692639638447
4,hersh2022_pacific,SH,199,0.271588169975192,1.0261027810484562,-1.0800970401178165
4,hersh2022_pacific,,200,0.2018422431734678,0.10547098945521938,-1.1514485552828757
4,hersh2022_pacific,,201,0.1671405326960395,1.3746183188244148,0.08973041176720023
4,hersh2022_pacific,,158,0.165280105509525,0.8662680628190136,0.011157820540449719
4,hersh2022_pacific,RI,174,0.1949985646977986,2.0670275526239483,-0.15536288506382717
4,hersh2022_pacific,RI,174,0.1452618286583022,2.144481054180004,0.28232589073196385
4,hersh2022_pacific,RI,174,0.169525818256778,1.091509040435417,0.14653317560550802
4,hersh2022_pacific,RI,174,0.1610614572465804,1.4804191850267439,0.3181502362463924
4,hersh2022_pacific,RI,174,0.1615855785302744,1.372803905500779,0.32091055428213966
4,hersh2022_pacific,RI,174,0.1647829180450439,1.3489230883191188,0.23302997940438674
4,hersh2022_pacific,RI,174,0.1689140116644635,1.1777634987041994,0.20712276059584
4,hersh2022_pacific,RI,174,0.2173967091208662,1.0903862133659148,0.3274543814269258
4,hersh2022_pacific,RI,174,0.2638432224010016,0.697694250647809,-1.5666065342690068
4,hersh2022_pacific,RI,174,0.1761756217350328,1.391606231695564,0.30986427727039806
4,hersh2022_pacific,RI,174,0.1587568739521496,1.1542749943539197,0.35062600339497313
4,hersh2022_pacific,RI,174,0.1662495235250219,1.3167675165466965,0.3582870150686074
4,hersh2022_pacific,RI,174,0.1602244416834491,1.2926464968771796,0.22711448521349306
4,hersh2022_pacific,RI,174,0.1662495235250219,1.3167675165466965,0.3582870150686074
4,hersh2022_pacific,RI,174,0.1674027852741253,1.2759008312799658,0.5376977974589977
4,hersh2022_pacific,RI,174,0.1596971434604879,1.6096029649401435,0.4714882412505733
4,hersh2022_pacific,RI,174,0.1661049126474895,1.4350219340962098,0.4618187744094463
4,hersh2022_pacific,RI,174,0.1706401436703,1.427815760016238,0.44304526229300517
4,hersh2022_pacific,RI,174,0.1642958841857946,1.5235156418776137,0.3464557634730786
4,hersh2022_pacific,RI,176,0.1090983160400425,1.8412914388810961,0.5407833645315465
4,hersh2022_pacific,RI,176,0.1878031122096493,1.3975186476396186,0.26472220158120485
4,hersh2022_pacific,RI,176,0.1993710506601809,1.1078354167778919,-0.08814353317114826
4,hersh2022_pacific,RI,176,0.1815689842231338,1.5409152522831775,-0.12787634732100195
4,hersh2022_pacific,RI,176,0.1819240656111425,1.3607884641312262,0.42663694687917114
4,hersh2022_pacific,RI,176,0.1766874641938391,1.629345664423454,-0.06907235243720287
4,hersh2022_pacific,RI,176,0.1910041816190452,0.3559585811547837,-0.0713378771709243
4,hersh2022_pacific,RI,176,0.163671989315773,1.8036283152265826,0.3611182981904303
4,hersh2022_pacific,RI,176,0.1709241275938695,1.5158846316086558,0.2724547047683978
4,hersh2022_pacific,RI,176,0.1201806740600788,2.346153162156193,0.5004810271316689
4,hersh2022_pacific,RI,176,0.1319005988322145,2.2945875453729556,0.39147566525138705
4,hersh2022_pacific,RI,176,0.108954850417224,2.149680883226881,0.5673553400525038
4,hersh2022_pacific,RI,176,0.1347364532581384,2.281949360324643,0.5044281387788621
4,hersh2022_pacific,RI,176,0.141316514523458,2.4220835032449726,0.42765980113017393
4,hersh2022_pacific,RI,177,0.1758741681969341,1.5698796785398905,0.34857721238994666
4,hersh2022_pacific,RI,177,0.188130340470723,1.4275175151095056,0.03948370406443166
4,hersh2022_pacific,RI,177,0.1513693606819068,1.5486441263369457,0.08322665724620654
4,hersh2022_pacific,RI,177,0.1599675872106943,1.2245660741901756,0.03157055408477416
4,hersh2022_pacific,RI,177,0.1672676067561076,1.2095985026988296,-0.022149691510228976
4,hersh2022_pacific,RI,177,0.1682756419175781,1.2000317410462342,-0.051073205131015265
4,hersh2022_pacific,RI,177,0.2038723516447337,1.1829223549810093,0.36677307394982134
4,hersh2022_pacific,RI,177,0.2203041723356307,2.8613665787046045,-0.24039325013448642
4,hersh2022_pacific,RI,177,0.1967959967796278,2.8006922823734253,0.007807926105894036
4,hersh2022_pacific,RI,177,0.1963388185932229,2.5812329047125915,0.024856803464373634
4,hersh2022_pacific,RI,177,0.1508961137620425,1.82766299382585,0.45894519941058187
4,hersh2022_pacific,RI,177,0.1431821921486303,1.9215061673655074,0.4877902606095501
4,hersh2022_pacific,RI,177,0.1733330882967452,1.6694373605338284,0.3947338254184049
4,hersh2022_pacific,RI,177,0.1638498584024023,1.5544162483640334,0.6193197952135208
4,hersh2022_pacific,RI,177,0.2527714620550343,2.2227362632935925,-0.4401610788031234
4,hersh2022_pacific,RI,177,0.1740947300244806,1.313843978788272,0.5374871613887912
4,hersh2022_pacific,RI,177,0.2112199580575202,0.9228116980380949,0.5771575905780492
4,hersh2022_pacific,,178,0.1824212313272868,1.6686394610824222,0.006355409194193418
4,hersh2022_pacific,,178,0.1498211551624188,1.9899460858142917,0.42530352137533445
4,hersh2022_pacific,,178,0.1487047540419531,1.5999058161451318,0.4816190528559058
4,hersh2022_pacific,,178,0.1642285220454997,1.1553956415032698,0.5063623168172939
4,hersh2022_pacific,RI,180,0.1033914403218207,2.0435264970430858,0.5695883531067225
4,hersh2022_pacific,RI,181,0.1405597104551983,2.3451996502130954,0.28030182092218525
4,hersh2022_pacific,RI,181,0.1258347933314669,1.9024020941158224,0.451566052106971
4,hersh2022_pacific,RI,181,0.1716652273306973,0.8836116755917804,-0.3360186707335019
4,hersh2022_pacific,RI,181,0.1667169029967256,0.9901160796088733,-0.2126134486068788
4,hersh2022_pacific,RI,181,0.1855157334010789,1.292483292665163,-0.22324567760020889
4,hersh2022_pacific,RI,181,0.1851086878693928,1.3173078501494433,-0.19708775009766338
4,hersh2022_pacific,RI,181,0.1885422935398028,1.4256381902047328,-0.20110635325841508
4,hersh2022_pacific,RI,181,0.1850546389606816,1.382316420594662,0.298844151065929
4,hersh2022_pacific,RI,181,0.1806609087974897,1.3219648719614268,0.3144032245044187
4,hersh2022_pacific,RI,181,0.2020993010600568,1.3470313830076477,0.2057075706271992
4,hersh2022_pacific,RI,181,0.186096422558209,1.4123883553461536,0.18134050131368018
4,hersh2022_pacific,RI,181,0.1944442537039531,1.383137071763196,0.22916444261680244
4,hersh2022_pacific,RI,181,0.1588984885178244,1.4935052516931648,0.4679379437622867
4,hersh2022_pacific,RI,181,0.1641855139002152,1.6926223667551241,0.3821056334620771
4,hersh2022_pacific,RI,181,0.1713104559075399,1.6755344101790115,0.36152734134009007
4,hersh2022_pacific,RI,181,0.1616564740750955,1.5754770736404,0.33055387031599415
4,hersh2022_pacific,RI,181,0.1856927937761507,1.2712066325580778,0.2101073733045718
4,hersh2022_pacific,RI,181,0.1286365929234892,1.535319901968747,0.3775722175242916
4,hersh2022_pacific,RI,181,0.1674036163585358,1.5047363611119513,0.56501467493995
4,hersh2022_pacific,RI,181,0.1148257846060371,1.104047904336829,0.7401950517010991
4,hersh2022_pacific,RI,181,0.178237470770269,1.8556337930615354,0.27281645117226394
4,hersh2022_pacific,RI,181,0.1623496550758553,2.0804118641971017,0.3979863806806408
4,hersh2022_pacific,RI,182,0.1998138418412108,1.2219323319260216,0.31279685157832604
4,hersh2022_pacific,RI,182,0.1245546126954974,2.13305028619736,0.42584832343011003
4,hersh2022_pacific,RI,182,0.1663917092669373,2.032754069398907,0.33194934395813847
4,hersh2022_pacific,RI,182,0.167690677541125,1.6882571852234898,0.46006603280470415
4,hersh2022_pacific,RI,182,0.1720234296775038,1.7010124836255731,0.382448453180672
4,hersh2022_pacific,RI,182,0.1503892101259156,1.7615776871693745,0.5589597729786666
4,hersh2022_pacific,RI,182,0.1645410455838318,1.7771757291938794,0.3999305684565764
4,hersh2022_pacific,RI,182,0.1533202768589541,1.8296543139962158,0.4452240176931706
4,hersh2022_pacific,RI,182,0.1430557544769293,1.7608818762090102,0.4584510061445857
4,hersh2022_pacific,RI,182,0.1589886447604765,1.7738773770989509,0.4241253814979146
4,hersh2022_pacific,RI,182,0.1539558532452965,1.8003915076986967,0.38929164176872805
4,hersh2022_pacific,RI,182,0.1400592644490577,1.891578322391146,0.3333383831195063
4,hersh2022_pacific,RI,182,0.1288922414393092,1.9886257801010832,0.5101663718288233
4,hersh2022_pacific,RI,182,0.2383980396180417,2.366672637559756,-0.4055396679699095
4,hersh2022_pacific,RI,182,0.1697631461166989,1.4503587729898135,0.5394102032262059
4,hersh2022_pacific,RI,182,0.155331154774969,1.6482496502632131,0.3662630028277976
4,hersh2022_pacific,RI,182,0.1467986526502061,1.7427771120486735,0.39186051363328206
4,hersh2022_pacific,RI,182,0.1480260576510952,1.8730910170399058,0.3172659265160077
4,hersh2022_pacific,RI,182,0.1436414175113771,1.740743496880225,0.2998361128546487
4,hersh2022_pacific,RI,182,0.1207864746583492,1.8224908637603947,0.373684105186162
4,hersh2022_pacific,RI,182,0.1640533437444217,1.4753697152493066,0.39935818598250333
4,hersh2022_pacific,RI,182,0.2010897422638096,1.63927661107994,0.14997860665096174
4,hersh2022_pacific,RI,182,0.1497967196646736,2.1356276019826494,0.4302896283432993
4,hersh2022_pacific,RI,182,0.1126311966675885,2.3541282144781337,0.7274981538467151
4,hersh2022_pacific,RI,182,0.1524751712134881,2.473337601332833,0.20749282391144386
4,hersh2022_pacific,RI,182,0.1944309008691082,1.3230239745437338,0.4661610073897797
4,hersh2022_pacific,RI,182,0.2390008961696919,2.623563985469661,-0.5113723566217984
4,hersh2022_pacific,RI,191,0.1593348483941068,1.6307561070670749,0.18869011215848597
4,hersh2022_pacific,RI,193,0.16353459119567,1.7754438610803307,0.3551766531922638
4,hersh2022_pacific,RI,193,0.1648080271057429,2.0829836330481437,0.2712935355367415
4,hersh2022_pacific,RI,193,0.1411586568990188,1.4016478513896269,0.29423755078881886
4,hersh2022_pacific,RI,193,0.1721356925119904,1.7514707270481062,0.26132828250907153
4,hersh2022_pacific,RI,193,0.1521194200789431,1.6167360717385113,0.3825269056024901
4,hersh2022_pacific,RI,193,0.1555828502634732,1.782027291481543,0.38117624623914814
4,hersh2022_pacific,RI,193,0.1632845966284215,1.3026436416530076,0.4423996954796077
4,hersh2022_pacific,RI,193,0.1306767322656568,1.7857046826192062,0.6627544700042574
4,hersh2022_pacific,RI,193,0.1744288390539975,1.9524120270741785,0.2262176832786133
4,hersh2022_pacific,RI,193,0.1884293313367404,2.221689405983909,0.018896231780935357
4,hersh2022_pacific,RI,193,0.1602719746419508,1.992031473909306,0.23940459910623618
4,hersh2022_pacific,RI,193,0.1360384880970285,2.0995394117219774,0.48321124075173727
4,hersh2022_pacific,RI,193,0.1918772072146332,1.2669452905915688,0.39779188568020313
4,hersh2022_pacific,RI,193,0.1809615552986499,2.0613035662411856,0.2109944686504588
4,hersh2022_pacific,RI,193,0.1721592428770849,1.4929265540865717,0.4027640708316483
4,hersh2022_pacific,RI,193,0.1584556497239516,1.2005432120174642,0.7030707292206546
4,hersh2022_pacific,RI,193,0.1360480445018339,1.4785799751999018,0.5199632806633285
4,hersh2022_pacific,RI,193,0.1863486397497511,1.276857845371231,0.40158593095422884
4,hersh2022_pacific,RI,193,0.1848258708659164,1.3983683200175898,0.37517729475768447
4,hersh2022_pacific,RI,193,0.1752096563125273,1.3591181405847208,0.38586156215181816
4,hersh2022_pacific,RI,193,0.1788575501046563,1.4422721542483485,0.40819233266480576
4,hersh2022_pacific,RI,193,0.16109488268427,1.6702755101972386,0.40143260136731934
4,hersh2022_pacific,RI,193,0.1638673862156651,1.3715391685742988,0.43712976810211157
4,hersh2022_pacific,RI,193,0.2052089272306494,1.2414074236520483,0.19474670694553542
4,hersh2022_pacific,RI,193,0.1821772104387626,1.3829066409158162,0.46777434122413214
4,hersh2022_pacific,RI,193,0.1698182817319503,1.3678275030049456,0.5098533517827752
4,hersh2022_pacific,RI,193,0.1737582438562588,1.0243569043422358,0.3003133354748813
4,hersh2022_pacific,RI,193,0.182226664162577,1.3236967400749755,0.3591571397687311
4,hersh2022_pacific,RI,193,0.1940434050263022,1.2336075271027538,0.36333407738514384
4,hersh2022_pacific,RI,193,0.1700176931924654,1.530308502483161,0.41375804622884454
4,hersh2022_pacific,RI,193,0.176672435478801,1.5360230109374415,0.43106959805833456
4,hersh2022_pacific,RI,193,0.2027895854689726,1.1949202978556857,0.18466819695474848
4,hersh2022_pacific,RI,193,0.1826126674683765,1.2569579174562187,0.4644085289987794
4,hersh2022_pacific,SH,247,0.1041940884010399,-0.2849184896047231,-0.10733522655914085
4,hersh2022_pacific,SH,247,0.1482681800521662,0.11033330036028259,0.06006755065459317
4,hersh2022_pacific,,125,0.162372865980892,0.6350348730039521,0.320708889098955
4,hersh2022_pacific,,125,0.1856866844522529,0.03738739892115443,-0.08463201718908046
4,hersh2022_pacific,,125,0.1000926027109472,0.7456426032547459,0.7849666396329549
4,hersh2022_pacific,,245,0.1941805840581743,0.8170892915133994,-0.04801761568660112
4,hersh2022_pacific,SH,203,0.1225991088521607,1.1354807180840063,0.7109242972709366
4,hersh2022_pacific,SH,203,0.1135033040463146,0.9897214104220189,0.6670227938071438
4,hersh2022_pacific,SH,203,0.1088114330822304,1.0297838835811655,0.5844193228061545
4,hersh2022_pacific,SH,203,0.1117262537798062,1.0226949990346565,0.7042534717711056
4,hersh2022_pacific,RI,127,0.1283463940897691,1.0609990766635011,0.5766514992146763
4,hersh2022_pacific,RI,127,0.1325159248538606,-0.9404653562740591,0.18193259419142127
4,hersh2022_pacific,RI,127,0.1349503287107555,-0.8604027807336307,0.2636735410293377
4,hersh2022_pacific,RI,127,0.1352076375679173,-0.5401603941836582,0.326500976568331
4,hersh2022_pacific,RI,127,0.1122871721611429,-0.6280393009727168,0.41762394635459577
4,hersh2022_pacific,RI,127,0.1327021562692527,-0.43849866634130164,0.30484698717348174
4,hersh2022_pacific,RI,127,0.1142682130650258,-0.3342817470739271,0.45208110065004986
4,hersh2022_pacific,FP,149,0.1675255614836591,1.1559944523275334,0.446829380375594
4,hersh2022_pacific,FP,149,0.1671004008470543,1.2541442683182924,0.3727289255667883
4,hersh2022_pacific,FP,149,0.1685514891864384,1.2199874434813276,0.2556235048292039
4,hersh2022_pacific,FP,149,0.1742068814844633,1.1594319430079738,0.4053141032645703
4,hersh2022_pacific,FP,149,0.1775461493496965,1.0014548303742214,0.41815568529973385
4,hersh2022_pacific,FP,149,0.1667129224385773,1.2493205879428362,0.4172110634685278
4,hersh2022_pacific,FP,149,0.1687797889697766,1.358811331212386,0.31697074709081613
4,hersh2022_pacific,FP,149,0.1616943845676936,1.2448965362974358,0.4440602886766849
4,hersh2022_pacific,FP,149,0.171102470398663,0.9544308461727765,0.30184870290301896
4,hersh2022_pacific,FP,149,0.1605889455133914,1.3744495204549256,0.3562833067544618
4,hersh2022_pacific,FP,149,0.1616311724405,1.065185639325235,0.42429867357640044
4,hersh2022_pacific,FP,149,0.1624464252501929,1.3216861993839095,0.367570914849487
4,hersh2022_pacific,FP,149,0.1071277650146261,1.247151926310995,0.6424690593947433
4,hersh2022_pacific,FP,149,0.1635185649294697,0.18858064046769263,-0.25765031487731327
4,hersh2022_pacific,FP,149,0.1104172898443889,1.6348828971431206,0.6052235398538783
4,hersh2022_pacific,FP,149,0.1075100161057762,1.9732915129455448,0.6444992199118545
4,hersh2022_pacific,FP,149,0.1549195429714064,1.542363823443424,0.5941179044967674
4,hersh2022_pacific,FP,150,0.3776800438622258,1.2048486284623665,-2.9567980445137247
4,hersh2022_pacific,FP,150,0.2326434106360564,0.29587061114476043,-1.7049953151233848
4,hersh2022_pacific,FP,150,0.1148967750734283,-0.5355264352806408,0.021807632134585614
4,hersh2022_pacific,FP,150,0.2274930979077743,-0.11952476151474811,-2.028364455775301
4,hersh2022_pacific,FP,150,0.1836828096761743,0.920711012453173,0.2419290709306938
4,hersh2022_pacific,FP,150,0.2309486730276122,0.28181387062670993,-1.4887683129941613
4,hersh2022_pacific,FP,150,0.2038825470991657,0.6562407243286661,-0.4614834568986206
4,hersh2022_pacific,FP,155,0.1464176006243912,1.5829469251382897,0.6180247406395138
4,hersh2022_pacific,FP,155,0.1962605779564069,0.21096811106613367,-0.565741127145055
4,hersh2022_pacific,FP,155,0.1514336689161619,1.6629796202264762,0.5400037062593886
4,hersh2022_pacific,FP,155,0.1713290500291715,0.9593277392415686,0.34406032087613503
4,hersh2022_pacific,FP,155,0.1555018056239696,1.129841842448213,0.43794327355589524
4,hersh2022_pacific,RI,156,0.1268326866908504,0.6985115365088221,0.93911795722899
4,hersh2022_pacific,RI,156,0.1087614011036296,0.6944794408766528,0.8663630870554501
4,hersh2022_pacific,RI,156,0.147388592733028,0.5317008936356261,0.07542760427027592
4,hersh2022_pacific,RI,156,0.2194547381235379,0.38812466276539453,0.2831282766368844
4,hersh2022_pacific,RI,156,0.1924320258058039,0.6224315184698487,0.15715145566193336
4,hersh2022_pacific,RI,156,0.259172341115972,0.04305192522138726,0.4377904332044479
4,hersh2022_pacific,RI,156,0.1424617462999181,1.1447119675955266,1.3653164857016522
4,hersh2022_pacific,RI,156,0.134485128899957,0.794015209108929,0.5436282206190164
4,hersh2022_pacific,RI,156,0.2750924125192354,-0.33373724072345307,0.37769255513203814
4,hersh2022_pacific,RI,156,0.1850973787733184,0.5072653710411531,0.38869155122019095
4,hersh2022_pacific,RI,156,0.1795960577789989,0.43220132141875456,0.38836226893305964
4,hersh2022_pacific,RI,156,0.1842495109017344,0.5832630894843882,0.2748072496603722
4,hersh2022_pacific,RI,156,0.1826337810197328,-0.07101867116467,-0.026518048895604822
4,hersh2022_pacific,RI,156,0.1835741624225735,-0.08652790441809403,0.3407123225720701
4,hersh2022_pacific,RI,156,0.1651669490580516,1.0685265334626834,0.18298242654999028
4,hersh2022_pacific,RI,156,0.1648882116895779,0.9414942959536503,0.29295507231821255
4,hersh2022_pacific,RI,156,0.1613596978033556,0.6681181563781936,0.43890517170970755
4,hersh2022_pacific,RI,156,0.2089958436746205,0.31451665568094006,0.31472714706137334
4,hersh2022_pacific,RI,156,0.2541596507125655,0.15377923703407592,0.7861581430600082
4,hersh2022_pacific,RI,156,0.2678474387046204,0.38970344181685596,0.3787628256978974
4,hersh2022_pacific,RI,156,0.1241032752775472,0.7404057268836258,0.839255825993476
4,hersh2022_pacific,RI,156,0.1817694818282942,0.6240731947646896,0.21214582770582352
4,hersh2022_pacific,RI,156,0.1245631836568404,1.0504123006979083,0.7202027803899429
4,hersh2022_pacific,RI,156,0.1962421739963547,0.31377433606852273,0.29761673381564513
4,hersh2022_pacific,RI,156,0.1906025273255621,0.636548113965609,0.3493785882826146
4,hersh2022_pacific,RI,156,0.1870609540360385,-0.2311430847499129,0.1527866538965557
4,hersh2022_pacific,RI,156,0.1897348469915462,0.3841201744205348,0.08283150455916952
4,hersh2022_pacific,RI,156,0.1776829957385418,0.12080205158661042,0.260731460658006
4,hersh2022_pacific,RI,156,0.2379428844412197,0.10214697568722815,-0.3478078329383596
4,hersh2022_pacific,SH,157,0.1339461486695876,1.5496325128497381,0.6342524904955344
4,hersh2022_pacific,SH,157,0.1396795040054346,-0.11149392105903856,0.007014541294172547
4,hersh2022_pacific,SH,157,0.142280726741635,-1.0416370115880516,0.47647033635837643
4,hersh2022_pacific,SH,157,0.2547153071900903,0.14471435358109408,0.4243336185650908
4,hersh2022_pacific,SH,157,0.1145290651946788,1.1100292546618855,0.5163467018836645
4,hersh2022_pacific,SH,157,0.1984232914710834,0.19432184362389773,0.25767524215012666
4,hersh2022_pacific,SH,157,0.1446092641236161,0.27787635931409194,0.22292917843432306
4,hersh2022_pacific,SH,157,0.237050385638163,0.8295646607621442,-0.3967085451667156
4,hersh2022_pacific,SH,157,0.1088031849575403,1.2747239817274336,0.5243303178561847
4,hersh2022_pacific,SH,157,0.2395928574943367,-0.6011990713169562,-0.7941627002783372
4,hersh2022_pacific,SH,157,0.2531334235397424,-0.4646934665502033,-0.7471876513952332
4,hersh2022_pacific,SH,157,0.1609381272184262,1.2046456141781308,0.1720002883588574
4,hersh2022_pacific,SH,157,0.2033453033674433,0.9109806822829948,0.01852374910952309
4,hersh2022_pacific,SH,157,0.1018924652656158,0.8576058016609365,0.8094790630860694
4,hersh2022_pacific,SH,157,0.2703885052318663,0.9961072437965444,-1.1623201281732118
4,hersh2022_pacific,SH,169,0.3021024548438611,0.9742164179499746,-1.9376890048626545
4,hersh2022_pacific,FP,170,0.2230824567376514,0.1244715649453316,-1.6448643970629446
4,hersh2022_pacific,FP,170,0.2141062810665154,0.737334541910031,0.23476382098169818
4,hersh2022_pacific,FP,170,0.3301186259780049,1.986195594697613,-1.3052006952516195
4,hersh2022_pacific,REG,171,0.2131307966419802,0.06922297468003094,-1.671857523699166
4,hersh2022_pacific,SH,250,0.2566099244375742,2.135142922829511,-0.7245249826638966
4,hersh2022_pacific,SH,250,0.1352549779632119,1.1504180812157643,0.3169726142018695
4,hersh2022_pacific,FP,255,0.2251608990256123,-0.22888942033620774,-2.0263635055365397
4,hersh2022_pacific,FP,255,0.20872385036726,-0.7234274365957258,-1.8755005243986795
4,hersh2022_pacific,FP,255,0.210027448598336,-0.5576651993333763,-1.657329715593089
4,hersh2022_pacific,FP,255,0.2387121151750507,-0.12386868726056649,-1.9042517637940346
4,hersh2022_pacific,RI,256,0.1080786748769679,1.5554779329406507,0.5479743030456523
4,hersh2022_pacific,RI,257,0.1036598120328571,1.2418094257986958,0.6333283153082104
4,hersh2022_pacific,RI,257,0.1140984160451663,2.076110791260884,0.684896306523948
5,sharma2025_birth,EC1,CETI23-277,0.1450970096898794,-0.6346533274841368,-0.8892413947552004
5,sharma2025_birth,EC1,CETI23-277,0.1400710215775533,-0.6582171147497432,-0.805973443431684
5,sharma2025_birth,EC1,CETI23-277,0.1533033396533395,-0.4693061280236818,-1.0522460632625985
5,sharma2025_birth,EC1,CETI23-277,0.1464608091525791,-0.4171585281581276,-0.9677832506329839
5,sharma2025_birth,EC1,CETI23-277,0.1589288715960151,-0.5053739360038576,-1.156914618785256
5,sharma2025_birth,EC1,CETI23-277,0.1287195672202222,-0.3762410655616901,-0.637171731072713
5,sharma2025_birth,EC1,CETI23-277,0.1457984861672118,-0.4606508220900408,-0.9727885356539737
5,sharma2025_birth,EC1,CETI23-277,0.1376287823487399,-0.4345694842477035,-0.7877472666380687
5,sharma2025_birth,EC1,CETI23-277,0.1466276236065747,-0.15278222964084273,-0.9190564208380576
5,sharma2025_birth,EC1,CETI23-277,0.1273668372933094,-0.975179348341762,-0.2284132102495952
5,sharma2025_birth,EC1,CETI23-277,0.1432432542419396,-0.13535268749764112,-0.8466891359203482
5,sharma2025_birth,EC1,CETI23-277,0.1380694890788358,-1.1824859881203844,-0.34123468656595335
5,sharma2025_birth,EC1,CETI23-277,0.1411609326493004,-0.18954318323243338,-0.8203150090258698
5,sharma2025_birth,EC1,CETI23-277,0.1064601586800614,-0.7905306928299315,-0.03532793232810585
5,sharma2025_birth,EC1,CETI23-277,0.1564238426418376,-0.70743565522981,-0.8646508038842465
5,sharma2025_birth,EC1,CETI23-277,0.1509158347238404,-0.8718034999364608,-0.7263964880465075
5,sharma2025_birth,EC1,CETI23-277,0.1493874054585103,-0.16373796532494564,-0.9931008744402288
5,sharma2025_birth,EC1,CETI23-277,0.1338590987704321,-0.877574826007877,-0.3832797796465749
5,sharma2025_birth,EC1,CETI23-277,0.173901251869621,-0.7889587525269128,-0.9919967913070471
5,sharma2025_birth,EC1,CETI23-277,0.1235091414386901,-0.48130874536434254,-0.4727845010409475
5,sharma2025_birth,EC1,CETI23-277,0.1131204923797892,-1.0720864088615512,-0.11735744177832039
5,sharma2025_birth,EC1,CETI23-277,0.1348485294048739,-1.2810102738593085,-0.2244962409328616
5,sharma2025_birth,EC1,CETI23-277,0.1654902143476445,-0.267586013305239,-1.2286338133419559
5,sharma2025_birth,EC1,CETI23-277,0.1623646930863184,-0.2036486649489916,-1.2429969783613106
5,sharma2025_birth,EC1,CETI23-277,0.1682031639075038,-0.25046492024085226,-1.3639578571012798
5,sharma2025_birth,EC1,CETI23-277,0.1641891520522383,-0.20518002310434855,-1.192129898490816
5,sharma2025_birth,EC1,CETI23-277,0.1612359992759641,-0.2735007685226326,-1.2067855495183628
5,sharma2025_birth,EC1,CETI23-277,0.158275972853034,-0.26148770828184725,-1.1817169847147422
5,sharma2025_birth,EC1,CETI23-277,0.1885210918005348,-0.5072306225874065,-0.7219814872453617
5,sharma2025_birth,EC1,CETI23-277,0.1634597936241827,-0.372126631436319,-1.2721795993658043
5,sharma2025_birth,EC1,CETI23-277,0.126740687834555,-0.40857665395890647,1.9228630108978892
5,sharma2025_birth,EC1,CETI23-277,0.1505147659970022,-0.250705723485966,-0.9699704731903045
5,sharma2025_birth,EC1,CETI23-277,0.1509918933407237,-0.24159815638082494,-1.0425112085088382
5,sharma2025_birth,EC1,CETI23-277,0.1645718450033728,-0.08748966785965559,-1.2605855523401919
5,sharma2025_birth,EC1,CETI23-277,0.1381360266052805,-0.1466903293219805,-0.7601150748757165
5,sharma2025_birth,EC1,CETI23-277,0.1389506254148808,-0.3411955316500397,-0.7619894928784022
5,sharma2025_birth,EC1,CETI23-277,0.1339448413308475,-1.4471621560094259,-0.2281928893749267
5,sharma2025_birth,EC1,CETI23-277,0.1666952664390308,-0.4070498421879021,-1.3164488007262802
5,sharma2025_birth,EC1,CETI23-277,0.1656288332898917,-0.3859912379089496,-1.2943978547174606
5,sharma2025_birth,EC1,CETI23-277,0.150758478753803,-0.15937466383971405,-0.998032318943519
5,sharma2025_birth,EC1,CETI23-277,0.160309803733353,-0.3300391979133115,-1.1924110648605504
5,sharma2025_birth,EC1,CETI23-277,0.1074482882935235,-0.8154969012252943,0.009994601912873338
5,sharma2025_birth,EC1,CETI23-277,0.1252738858179891,-0.6889197103998048,-0.3598813674784526
5,sharma2025_birth,EC1,CETI23-277,0.123317272502065,-0.5108450535014798,-0.43890264447572513
5,sharma2025_birth,EC1,CETI23-277,0.1675218126307877,-0.16880450614938938,-1.3165303388449745
5,sharma2025_birth,EC1,CETI23-277,0.160694236926508,-0.2326142196572779,-1.1919995215932393
5,sharma2025_birth,EC1,CETI23-277,0.1367173454961277,-0.10384051828199586,-0.6961552258293983
5,sharma2025_birth,EC1,CETI23-277,0.1668363793458676,-0.24429981440670634,-1.3104277479461495
5,sharma2025_birth,EC1,CETI23-277,0.16716141678446,-0.14659440099046855,-1.2864596738190528
5,sharma2025_birth,EC1,CETI23-277,0.1525676611527272,-0.12219011910049396,-0.9816267611634094
5,sharma2025_birth,EC1,CETI23-277,0.1478810975608944,-0.16603461635204866,-0.7804088198120811
5,sharma2025_birth,EC1,CETI23-277,0.1398089585379056,-0.9572295027077458,-0.6135897084181771
5,sharma2025_birth,EC1,CETI23-277,0.1817090683906321,-1.3200600760706664,-1.4920528861696938
5,sharma2025_birth,EC1,CETI23-277,0.1499406277891671,-0.6483114360629312,-0.0675082769122841
5,sharma2025_birth,EC1,CETI23-277,0.2048658261901032,-2.085433355681295,-0.639482161703528
5,sharma2025_birth,EC1,CETI23-277,0.1203501490905687,-2.6977774677129513,4.421114282111575
5,sharma2025_birth,EC1,CETI23-277,0.2364784762533123,-0.3324844653090321,-8.188160778060183
5,sharma2025_birth,EC1,CETI23-277,0.2154253177978104,1.1049153443685755,0.42727090509403415
5,sharma2025_birth,EC1,CETI23-277,0.1335149897336517,-0.7861731219840227,-0.6396249887047034
5,sharma2025_birth,EC1,CETI23-277,0.1425658688152499,0.21750725213940952,-0.7292530961812075
5,sharma2025_birth,EC1,CETI23-277,0.1410847793050785,-0.7630743634228301,-0.5978515836871781
5,sharma2025_birth,EC1,CETI23-277,0.1372089827472968,-0.9116402194529045,-0.45459247009535747
5,sharma2025_birth,EC1,CETI23-277,0.1524115494935128,-0.7318832993231731,-0.9310023937419413
5,sharma2025_birth,EC1,CETI23-277,0.133529659738022,-0.9021730641135441,-0.5628219618762523
5,sharma2025_birth,EC1,CETI23-277,0.1386402809577327,-0.766221041890783,-0.7258450528099785
5,sharma2025_birth,EC1,CETI23-277,0.1447136530252375,-0.7295115099088262,-0.8207139990040218
5,sharma2025_birth,EC1,CETI23-277,0.1372428023986536,-0.8183672246695202,-0.6286663847739083
5,sharma2025_birth,EC1,CETI23-277,0.1657571111579681,-0.6951649426700476,-1.2084650654207514
5,sharma2025_birth,EC1,CETI23-277,0.1161825269353472,-0.21509822369891876,-0.330904501579647
5,sharma2025_birth,EC1,CETI23-277,0.113961879230272,-0.7257588063252849,-0.3007746721495008
5,sharma2025_birth,EC1,CETI23-277,0.1292668313830503,-0.2447929128866534,-0.5963174101077788
5,sharma2025_birth,EC1,CETI23-277,0.1214871171125342,-0.4287551460108449,-0.42461614462166963
5,sharma2025_birth,EC1,CETI23-277,0.1317826394500184,-0.7820002837990114,-0.4842152778686662
5,sharma2025_birth,EC1,CETI23-277,0.159226833752445,-0.16219104725446137,-1.1565455927415336
5,sharma2025_birth,EC1,CETI23-277,0.1551195911445627,-0.29458834864091904,-0.9552909214574333
5,sharma2025_birth,EC1,CETI23-277,0.1598268994425913,-0.9085221137955595,-0.7508342246060278
5,sharma2025_birth,EC1,CETI23-277,0.1371922293836928,-0.8000255843626121,-0.4007418242957722
5,sharma2025_birth,EC1,CETI23-277,0.1507090543601306,-0.8251090930492893,-0.7560194291300671
5,sharma2025_birth,EC1,CETI23-277,0.1689549278640429,-0.0595657562025447,-1.298429534503022
5,sharma2025_birth,EC1,CETI23-277,0.14345100450337,0.03975647843901425,-0.803467428090052
5,sharma2025_birth,EC1,CETI23-277,0.1322193356644558,-0.44139731541464033,-0.6790406782837475
5,sharma2025_birth,EC1,CETI23-277,0.1228663201461751,-0.7470004378360081,-0.40772039399184457
5,sharma2025_birth,EC1,CETI23-277,0.1339497697823338,-0.7186725145887547,-0.5110203728570886
5,sharma2025_birth,EC1,CETI23-277,0.1129163615544314,-0.8970561862422235,-0.08313251037433034
5,sharma2025_birth,EC1,CETI23-277,0.1312433964610341,-0.9602560524842516,-0.22249112166914786
5,sharma2025_birth,EC1,CETI23-277,0.1434042240745934,-0.8609104590171149,-0.6232464103128443
5,sharma2025_birth,EC1,CETI23-278,0.1601184759612332,-0.7629633531126812,-0.9421654647017543
5,sharma2025_birth,EC1,CETI23-278,0.1493313279846317,-0.6810431688134255,-0.8441554094335502
5,sharma2025_birth,EC1,CETI23-278,0.1259773656798148,-0.6291869971065716,1.9852706301889924
5,sharma2025_birth,EC1,CETI23-278,0.1453058892331924,-0.6177705583010081,-0.7804457060733315
5,sharma2025_birth,EC1,CETI23-278,0.1720486944293354,-0.2026714480228134,-1.450599482870533
5,sharma2025_birth,EC1,CETI23-278,0.1465766741907868,-0.5989507320533891,-0.8458565731698838
5,sharma2025_birth,EC1,CETI23-278,0.1543659455294519,0.22594481539891842,-0.9218978182259188
5,sharma2025_birth,EC1,CETI23-278,0.1482639451331594,-0.402793358366216,-0.7055202897260484
5,sharma2025_birth,EC1,CETI23-278,0.1445304664362778,-0.5898042641099217,-0.748505853416191
5,sharma2025_birth,EC1,CETI23-278,0.1595921960283972,-0.19194029718391842,-1.164861698837428
5,sharma2025_birth,EC1,CETI23-278,0.1485827570393554,-0.03884061260081517,-0.940500783701073
5,sharma2025_birth,EC1,CETI23-278,0.1493672035753203,-0.1778501151743132,-0.945923125938438
5,sharma2025_birth,EC1,CETI23-278,0.1562158615384207,-0.44901177291041267,-1.0861639304207464
5,sharma2025_birth,EC1,CETI23-278,0.1637799292764727,-0.1422587573835879,-1.2520970772091322
5,sharma2025_birth,EC1,CETI23-278,0.1553812816835614,-0.40765067792287235,-1.0172688190318282
5,sharma2025_birth,EC1,CETI23-278,0.1127634125033323,-0.946996904147035,0.004940833340366033
5,sharma2025_birth,EC1,CETI23-278,0.1463401628589452,-0.26636871076171603,-0.9309290819560107
5,sharma2025_birth,EC1,CETI23-278,0.1427562776270587,-1.0309096285163462,-0.5710703950638262
5,sharma2025_birth,EC1,CETI23-278,0.1277799900625533,-0.8327505452136718,-0.5198225341197539
5,sharma2025_birth,EC1,CETI23-278,0.1693015655395929,1.5476556054461634,2.229122176870293
5,sharma2025_birth,EC1,CETI23-278,0.1332399835716834,-1.0925606630355404,-0.2560324118789169
5,sharma2025_birth,EC1,CETI23-278,0.1173332154881524,-1.0449558686383713,-0.005042331005393391
5,sharma2025_birth,EC1,CETI23-278,0.1296742051845315,-1.2227440484307066,-0.10608491033603497
5,sharma2025_birth,EC1,CETI23-278,0.12379252640131,-1.1182504034016136,-0.15373522877367157
5,sharma2025_birth,EC1,CETI23-278,0.1261036094117849,-1.4215171960383837,-0.03465690312822453
5,sharma2025_birth,EC1,CETI23-278,0.1025231081098924,-0.8600723331656904,0.0348812824247141
5,sharma2025_birth,EC1,CETI23-278,0.1176372393037345,-1.0219292366315553,-0.18001534696691818
5,sharma2025_birth,EC1,CETI23-278,0.1303122448675971,-0.9620858606316283,-0.24571099803744942
5,sharma2025_birth,EC1,CETI23-278,0.1129636867090954,-0.8987629437933184,-0.09861019966346306
5,sharma2025_birth,EC1,CETI23-278,0.1591849449474037,-1.2789862042081936,-0.5916259571274003
5,sharma2025_birth,EC1,CETI23-278,0.1132558065991572,-1.1039758047180637,0.11514624515075135
5,sharma2025_birth,EC1,CETI23-278,0.1367844183881658,-1.4187765687460603,0.017731492795373643
5,sharma2025_birth,EC1,CETI23-278,0.1059166654431836,-1.113432202486348,0.22983316560428307
5,sharma2025_birth,EC1,CETI23-278,0.1499352467803938,-1.3475905577605294,-0.4058964050983307
5,sharma2025_birth,EC1,CETI23-278,0.1376865312598783,-0.9172069797258977,-0.37510204500778127
5,sharma2025_birth,EC1,CETI23-278,0.1202761579094476,-0.6920659814548811,-0.34061682871848187
5,sharma2025_birth,EC1,CETI23-278,0.1319671838019617,-1.0707419848467712,-0.31010590768827573
5,sharma2025_birth,EC1,CETI23-278,0.1121997668592581,-0.5994420351549063,-0.13173668857483187
5,sharma2025_birth,EC1,CETI23-278,0.1528243905741146,-1.057058885415322,-0.5909682933925624
5,sharma2025_birth,EC1,CETI23-278,0.1398139073373812,-0.5854900823314269,-0.7639935403829257
5,sharma2025_birth,EC1,CETI23-278,0.2308073877282767,-0.05589242834598207,-7.897938794193851
5,sharma2025_birth,EC1,CETI23-278,0.1223067097782837,-0.779187368059299,-0.3865231130639202
5,sharma2025_birth,EC1,CETI23-278,0.1392533876161543,0.172536108696214,-0.6694385467457884
5,sharma2025_birth,EC1,CETI23-278,0.1284003528425743,-0.7201360693286516,-0.38502497437646105
5,sharma2025_birth,EC1,CETI23-278,0.1183092329374717,-0.8405341436670933,-0.3433907727765168
5,sharma2025_birth,EC1,CETI23-278,0.1583893633084709,0.017103506019951864,-0.6707980063836819
5,sharma2025_birth,EC1,CETI23-278,0.141986740928504,1.4683535516081723,-0.3883512385492107
5,sharma2025_birth,EC1,CETI23-278,0.1024432719896822,-0.46577255246187865,-0.05115953578053974
5,sharma2025_birth,EC1,CETI23-278,0.1453783090207126,-0.6412845876913036,-0.7834508922320603
5,sharma2025_birth,EC1,CETI23-278,0.1219680035711048,-0.5524731905873641,-0.3444877857138224
5,sharma2025_birth,EC1,CETI23-278,0.201098709481672,-1.4112546646742392,-0.3274956734827584
5,sharma2025_birth,EC1,CETI23-278,0.1372665131792492,-0.29363316182690363,-0.7640097696532929
5,sharma2025_birth,EC1,CETI23-278,0.1627728815963822,-0.25884734159844,-1.2452195508150217
5,sharma2025_birth,EC1,CETI23-278,0.1621031158348972,-0.1147333882271096,-1.2086570635649387
5,sharma2025_birth,EC1,CETI23-278,0.1567428534260773,-0.14246839974640374,-1.10461195978662
5,sharma2025_birth,EC1,CETI23-278,0.1481900374440932,-0.21031179743666756,-0.9519409418081891
5,sharma2025_birth,EC1,CETI23-278,0.1484587257943063,-0.15962223075450963,-0.9796834031338085
5,sharma2025_birth,EC1,CETI23-278,0.1571014323350038,-0.32716006313754725,-1.124276486305318
5,sharma2025_birth,EC1,CETI23-278,0.1126741085928842,-0.4071681929066296,-0.2589441055677353
5,sharma2025_birth,EC1,CETI23-278,0.151532066122502,-0.3886460386495617,-1.0324942548205307
5,sharma2025_birth,EC1,CETI23-278,0.1509180163234101,0.24017859771326006,-0.8227000697519541
5,sharma2025_birth,EC1,CETI23-278,0.1667309288943945,-0.198633793217836,-1.2978759840619591
5,sharma2025_birth,EC1,CETI23-278,0.1678139933088988,-0.23182920593012218,-1.2997215887178155
5,sharma2025_birth,EC1,CETI23-278,0.1659383880575685,-0.3550700250946803,-1.2580335922392978
5,sharma2025_birth,EC1,CETI23-278,0.1327779857117887,0.13831240570940456,-0.08004591966873416
5,sharma2025_birth,EC1,CETI23-278,0.1534860441509151,0.0032580574140498864,-0.988444457121935
5,sharma2025_birth,EC1,CETI23-278,0.1332519976204312,-0.016653151023261203,-0.6067795314243863
5,sharma2025_birth,EC1,CETI23-278,0.16102095358771,-0.06357653089633383,-1.1365458846229253
5,sharma2025_birth,EC1,CETI23-278,0.1164199606188355,-0.9911814149491907,-0.25240083369543787
5,sharma2025_birth,EC1,CETI23-278,0.1164199606188355,-0.9911814149491907,-0.25240083369543787
5,sharma2025_birth,EC1,CETI23-278,0.1183130286597515,-0.9527045328314321,-0.20429491839073383
5,sharma2025_birth,EC1,CETI23-278,0.1218354912365219,-1.0502240174553048,-0.038408523798713755
5,sharma2025_birth,EC1,CETI23-278,0.117604910954824,-1.0174448629729664,-0.01956162478591733
5,sharma2025_birth,EC1,CETI23-278,0.117489575772376,-0.995071956527711,-0.032020012124581027
5,sharma2025_birth,EC1,CETI23-278,0.1307886340628936,-0.3185812879709009,-0.6302771788621299
5,sharma2025_birth,EC1,CETI23-278,0.1302591329762769,-0.41046309853448393,-0.551627891056064
5,sharma2025_birth,EC1,CETI23-278,0.1436985544114507,-0.6790233180640999,-0.6347669155128712
5,sharma2025_birth,EC1,CETI23-278,0.1508209588782115,-0.3145241349375603,-1.0425163719131634
5,sharma2025_birth,EC1,CETI23-278,0.1291457233750236,-0.11107942163185594,-0.5636198996513674
5,sharma2025_birth,EC1,CETI23-278,0.1391141704051787,-0.027584955178224624,-0.7687082718561914
5,sharma2025_birth,EC1,CETI23-278,0.1479509380742646,-0.07998420997425068,-0.9169490450999241
5,sharma2025_birth,EC1,CETI23-278,0.1119087417128693,-0.07244880174564611,-0.19913122029187613
5,sharma2025_birth,EC1,CETI23-278,0.1294326240919441,-0.2222010857960773,-0.6296100017389811
5,sharma2025_birth,EC1,CETI23-278,0.1665765935428583,-0.4570940379660455,-1.3056172059885722
5,sharma2025_birth,EC1,CETI23-278,0.2915981562082935,3.13145434499635,-8.092097269612982
5,sharma2025_birth,EC1,CETI23-278,0.1304193578620701,-0.5919692328804372,-0.6388690860891444
5,sharma2025_birth,EC1,CETI23-278,0.1433041921931699,-0.4664697576476493,-0.909478653704652
5,sharma2025_birth,EC1,CETI23-278,0.1267899030886337,-0.54517241588976,-0.5442368082246495
5,sharma2025_birth,EC1,CETI23-278,0.1322995609819839,0.2104491350043563,-0.4503302983818117
5,sharma2025_birth,EC1,CETI23-278,0.1451559047776384,-0.9465356658619642,-0.6723053559810078
5,sharma2025_birth,EC1,CETI23-278,0.1774718597003356,0.3584214512951175,-0.8236149495784688
5,sharma2025_birth,EC1,CETI23-278,0.1689386284908253,-1.2305472025612947,-0.528031013032015
5,sharma2025_birth,EC1,CETI23-278,0.1228531812520859,-1.3380520476284254,-0.011407108309806527
5,sharma2025_birth,EC1,CETI23-278,0.1340992353983416,-1.0961021622797835,-0.5220710854249861
5,sharma2025_birth,EC1,CETI23-278,0.1097805059867133,-0.99217493315834,0.3175883556190522
5,sharma2025_birth,EC1,CETI23-278,0.1519269243767643,-1.061266263477603,-0.345697471329799
5,sharma2025_birth,EC1,CETI23-278,0.1195541929411939,-0.8818868961243745,-0.05038598761840097
5,sharma2025_birth,EC1,CETI23-278,0.1194594611077157,-0.8991503556570595,-0.012092985269802278
5,sharma2025_birth,EC1,CETI23-278,0.1388770290397582,-0.8997849265608484,-0.3900982356574401
5,sharma2025_birth,EC1,CETI23-278,0.2113711906007895,2.0221219512153477,-2.5420108649135322
5,sharma2025_birth,EC1,CETI23-279,0.1539366676065913,0.10754530267982171,-0.9793608321082435
5,sharma2025_birth,EC1,CETI23-279,0.1496467198122268,-1.1032895333962824,-0.5076462519513788
5,sharma2025_birth,EC1,CETI23-279,0.1374844848105405,-0.8594134964105432,-0.6261482467193402
5,sharma2025_birth,EC1,CETI23-279,0.1511634393179126,-0.8047179000898144,-0.8832755866897732
5,sharma2025_birth,EC1,CETI23-279,0.1629951788742034,-0.9377159776139509,-0.9462132841348839
5,sharma2025_birth,EC1,CETI23-279,0.133524239179414,-0.9555659939986618,-0.35946625627512424
5,sharma2025_birth,EC1,CETI23-279,0.1307224855849244,-1.044627801256092,-0.38868118755158354
5,sharma2025_birth,EC1,CETI23-279,0.1226065251876509,-0.7677292452192519,-0.35937719558239534
5,sharma2025_birth,EC1,CETI23-279,0.135320190342888,-0.8644849912901551,-0.5115846941185574
5,sharma2025_birth,EC1,CETI23-279,0.1299375237108991,-0.9434609730495495,-0.3997588282013549
5,sharma2025_birth,EC1,CETI23-279,0.1361316116008355,-0.8213951801594302,-0.668955056708147
5,sharma2025_birth,EC1,CETI23-279,0.1481162934122984,-0.548811417401704,-0.9472466785173301
5,sharma2025_birth,EC1,CETI23-279,0.1392400317437821,-0.598533092975224,-0.7824028112866832
5,sharma2025_birth,EC1,CETI23-279,0.1455785983330771,-0.5348359541336574,-0.8638439005420694
5,sharma2025_birth,EC1,CETI23-279,0.1401736240412594,-0.19883287697701346,-0.7974987568004888
5,sharma2025_birth,EC1,CETI23-279,0.1529046272665024,-0.6547237101958846,-0.8514731084703179
5,sharma2025_birth,EC1,CETI23-279,0.145870296607637,-0.4854093498507269,-0.8414044555478284
5,sharma2025_birth,EC1,CETI23-279,0.13840381200339,-0.9858217020025002,-0.5540719244939127
5,sharma2025_birth,EC1,CETI23-279,0.1397418251464394,-0.8990386696274498,-0.6956971752330958
5,sharma2025_birth,EC1,CETI23-279,0.1316995609608378,-0.6900745511365882,-0.49677469896151016
5,sharma2025_birth,EC1,CETI23-279,0.1319352816673251,-0.8221677062052162,-0.5377462206030852
5,sharma2025_birth,EC1,CETI23-279,0.1645831937548461,-0.5577218265871562,-1.1604901112582762
5,sharma2025_birth,EC1,CETI23-279,0.1530753051121849,-0.7969504039686071,-0.8700087864356318
5,sharma2025_birth,EC1,CETI23-279,0.1454057051368275,-1.0643599286640766,-0.4534048776902037
5,sharma2025_birth,EC1,CETI23-279,0.1299882727251136,-0.8258926303247575,-0.37241131297190455
5,sharma2025_birth,EC1,CETI23-279,0.1335634840332628,-0.8251612730557505,-0.5365922920795729
5,sharma2025_birth,EC1,CETI23-279,0.1262554271167941,-0.6356046921805394,-0.4908197016816398
5,sharma2025_birth,EC1,CETI23-279,0.1419828203292139,-0.7924488988037881,-0.7959718766632197
5,sharma2025_birth,EC1,CETI23-279,0.1296628004785605,-0.7847016543328573,-0.4401154282487161
5,sharma2025_birth,EC1,CETI23-279,0.1368837096929217,-0.8689926453935664,-0.5883789612572468
5,sharma2025_birth,EC1,CETI23-279,0.1465286399596476,-0.6165221013909951,-0.8211612111062628
5,sharma2025_birth,EC1,CETI23-279,0.1461033461583623,-0.537874682588944,-0.9046604769322939
5,sharma2025_birth,EC1,CETI23-279,0.1498773998013522,-0.639373196273828,-0.8812627133158636
5,sharma2025_birth,EC1,CETI23-279,0.1567029758436402,-0.40239231212983084,-1.096040545930103
5,sharma2025_birth,EC1,CETI23-279,0.1446966433720166,-0.20523122942453914,-0.9032280779627967
5,sharma2025_birth,EC1,CETI23-279,0.1631949287452027,-0.4188652420618656,-1.0814891005655407
5,sharma2025_birth,EC1,CETI23-279,0.1575879513138791,0.0063649631457730615,-1.070751400544235
5,sharma2025_birth,EC1,CETI23-279,0.1676212505036689,-0.48808201961593844,-1.25986493173777
5,sharma2025_birth,EC1,CETI23-279,0.1117543555770863,-1.169148008210392,0.036955574576557765
5,sharma2025_birth,EC1,CETI23-279,0.1322845268917792,-1.1615847692756605,-0.19212163439155577
5,sharma2025_birth,EC1,CETI23-279,0.167280110075353,0.005126129002431645,-1.292984835293047
5,sharma2025_birth,EC1,CETI23-279,0.1387608272380644,-1.333476133571511,-0.17418857157766937
5,sharma2025_birth,EC1,CETI23-279,0.133723955741525,-1.2549188046041313,-0.23313551914960867
5,sharma2025_birth,EC1,CETI23-279,0.1423790115461505,-1.121813357235178,-0.3666963080757023
5,sharma2025_birth,EC1,CETI23-279,0.1412040782530755,-1.1168121090298946,-0.3515766447120263
5,sharma2025_birth,EC1,CETI23-279,0.1641037497655734,-1.1622113533684122,0.07322459608956156
5,sharma2025_birth,EC1,CETI23-279,0.1385268016133812,-0.9458299948558211,-0.3331985829321374
5,sharma2025_birth,EC1,CETI23-279,0.1402004790598583,-1.1060268753129612,-0.3546773044493649
5,sharma2025_birth,EC1,CETI23-279,0.1309299023983603,-1.0986151295163995,-0.08147762293826194
5,sharma2025_birth,EC1,CETI23-279,0.1366105037442719,-1.2785639260666268,-0.17903586036310482
5,sharma2025_birth,EC1,CETI23-279,0.1416776637931714,-1.463884157631249,-0.0748396616317489
5,sharma2025_birth,EC1,CETI23-279,0.1384981660154388,-1.4506866669291727,-0.034973235113785445
5,sharma2025_birth,EC1,CETI23-279,0.1436979988901765,-1.0785436746853116,-0.28794705342553045
5,sharma2025_birth,EC1,CETI23-279,0.1221177704262442,-1.0302942474328272,-0.1542017247645443
5,sharma2025_birth,EC1,CETI23-279,0.1501866438878453,-1.427265302763535,-0.30031319779092647
5,sharma2025_birth,EC1,CETI23-279,0.1158565154953632,-1.1861208003574941,0.1668793660686677
5,sharma2025_birth,EC1,CETI23-279,0.1479494257295225,-1.222993836390628,-0.5863640922950673
5,sharma2025_birth,EC1,CETI23-279,0.140098065017425,-1.2501959460245864,-0.27903005676435305
5,sharma2025_birth,EC1,CETI23-279,0.1306155679909444,-1.4393713391252985,-0.08852616828647553
5,sharma2025_birth,EC1,CETI23-279,0.116691075941443,-1.3150313879139186,0.002913069999674056
5,sharma2025_birth,EC1,CETI23-279,0.1210390987670925,-1.023006004808855,-0.045751562684803904
5,sharma2025_birth,EC1,CETI23-279,0.1279000210221747,-1.2567836396018168,-0.05609624271204852
5,sharma2025_birth,EC1,CETI23-279,0.1278990850842538,-1.2567202602634762,-0.05613153559401568
5,sharma2025_birth,EC1,CETI23-279,0.1415942180758028,-1.3945482506959905,-0.23029763977046502
5,sharma2025_birth,EC1,CETI23-279,0.1344671822661121,-1.2826727840507695,-0.1964812829758344
5,sharma2025_birth,EC1,CETI23-279,0.1043242882087102,-0.9323685517706577,-0.004812772791136288
5,sharma2025_birth,EC1,CETI23-279,0.168113000831774,0.06209564129473771,-1.2830818887091189
5,sharma2025_birth,EC1,CETI23-279,0.15460318892649,-0.02082968343590208,2.667617745519157
5,sharma2025_birth,EC1,CETI23-279,0.1220389312371859,-1.0884360391750167,-0.07449515971350808
5,sharma2025_birth,EC1,CETI23-279,0.1336055431279633,-1.3052333435906922,-0.27270104881681567
5,sharma2025_birth,EC1,CETI23-279,0.1297856246791717,-1.1782563694581552,-0.2557485254477984
5,sharma2025_birth,EC1,CETI23-279,0.1363981657916966,-1.2188816896586214,-0.2568679603687717
5,sharma2025_birth,EC1,CETI23-279,0.1295258704778614,-1.011236840382788,-0.2558409812023887
5,sharma2025_birth,EC1,CETI23-279,0.1338061524385947,-1.1670319127448756,-0.24064245908155174
5,sharma2025_birth,EC1,CETI23-279,0.1321881709939663,-1.0411388784075402,-0.07897330898623287
5,sharma2025_birth,EC1,CETI23-279,0.1525706612658177,-1.2511176148646652,-0.3734618076429457
5,sharma2025_birth,EC1,CETI23-279,0.1498497312484425,-1.2416201167138687,-0.33041263595602477
5,sharma2025_birth,EC1,CETI23-279,0.154109430203343,-1.2283286144498733,-0.35181988109333545
5,sharma2025_birth,EC1,CETI23-279,0.1318744978552211,-1.2010695240513858,-0.22769271961983392
5,sharma2025_birth,EC1,CETI23-279,0.1281543935282545,-1.107360072727212,-0.3349317946720121
5,sharma2025_birth,EC1,CETI23-279,0.142414995242727,-1.1821841587520776,-0.41432816674530937
5,sharma2025_birth,EC1,CETI23-279,0.166651343812646,0.02903464954069318,-1.2534944923095406
5,sharma2025_birth,EC1,CETI23-279,0.1346676409496142,-1.1035472911058088,-0.240224327338277
5,sharma2025_birth,EC1,CETI23-279,0.1346676409496142,-1.1035472911058088,-0.240224327338277
5,sharma2025_birth,EC1,CETI23-279,0.1389282574996319,-1.063638317766644,-0.3948563306120709
5,sharma2025_birth,EC1,CETI23-279,0.1554518766205915,0.48478306488428285,-0.37477271158595166
5,sharma2025_birth,EC1,CETI23-279,0.1121766953869267,-1.3975046831443056,2.6805915687875927
5,sharma2025_birth,EC1,CETI23-279,0.119486730181241,-0.992946702531283,-0.2603500447632722
5,sharma2025_birth,EC1,CETI23-279,0.1732908379315207,-1.5440447007348168,-0.5624143399369447
5,sharma2025_birth,EC1,CETI23-279,0.1378261469726632,-0.9626641924932293,-0.41024557242561044
5,sharma2025_birth,EC1,CETI23-279,0.1370707736176259,-1.108272402955416,-0.23410484794544553
5,sharma2025_birth,EC1,CETI23-279,0.1224620835931385,-1.254590847550839,-0.07621204588442225
5,sharma2025_birth,EC1,CETI23-279,0.1105812415067055,-1.0590356017644993,0.029671994756974615
5,sharma2025_birth,EC1,CETI23-279,0.1105812415067055,-1.0590356017644993,0.029671994756974615
5,sharma2025_birth,EC1,CETI23-279,0.1311204385344045,-1.193269555081488,-0.11803822957601882
5,sharma2025_birth,EC1,CETI23-279,0.1379624513691951,-1.434965257940733,-0.2413730675493504
5,sharma2025_birth,EC1,CETI23-279,0.1306319064954565,-1.172030648227999,-0.2417361963422044
5,sharma2025_birth,EC1,CETI23-279,0.1306319064954565,-1.172030648227999,-0.2417361963422044
5,sharma2025_birth,EC1,CETI23-279,0.1563456481828894,0.03802460507589517,-1.0611716291229558
5,sharma2025_birth,EC1,CETI23-279,0.1414280111884703,0.37228395516434704,-0.6452307170273375
5,sharma2025_birth,EC1,CETI23-279,0.1578303175751437,-1.336144151439992,-0.5858292876279327
5,sharma2025_birth,EC1,CETI23-279,0.1372122534575941,-1.0878071974327543,-0.3242598878738111
5,sharma2025_birth,EC1,CETI23-279,0.1636478237703797,-0.11410139408204115,-1.2015379063279799
5,sharma2025_birth,EC1,CETI23-279,0.1524058019139235,-1.2183987979552509,-0.47425987540823966
5,sharma2025_birth,EC1,CETI23-279,0.1395863486914706,-1.1025127806620325,-0.31415391734168935
5,sharma2025_birth,EC1,CETI23-279,0.1356446420553103,-1.2189854106448503,-0.20669848839758154
5,sharma2025_birth,EC1,CETI23-279,0.1581770968483414,-1.336271155904872,-0.4681417984270118
5,sharma2025_birth,EC1,CETI23-279,0.123526164885303,-1.1165889481892413,-0.021342252145499535
5,sharma2025_birth,EC1,CETI23-279,0.158379905817488,-1.3716437051787762,-0.4193365531010617
5,sharma2025_birth,EC1,CETI23-279,0.1423385480591651,-1.3023333545511968,-0.29971439836211156
5,sharma2025_birth,EC1,CETI23-279,0.1427236002437798,-1.1317258762307647,-0.4915593221507587
5,sharma2025_birth,EC1,CETI23-279,0.1694588651183519,-1.3738384166503583,-0.9054522684931572
5,sharma2025_birth,EC1,CETI23-279,0.1481108409649762,-1.2244274655311735,-0.5078743634468281
5,sharma2025_birth,EC1,CETI23-279,0.1170544305138515,-0.9877321211230903,-0.06781526555979947
5,sharma2025_birth,EC1,CETI23-279,0.1138934367581501,-1.2064239305878153,0.021268590561166617
5,sharma2025_birth,EC1,CETI23-279,0.1373491225740584,-1.079056637738318,-0.3811010690922748
5,sharma2025_birth,EC1,CETI23-279,0.1227597838713474,-0.8178984127866775,-0.34391778229272807
5,sharma2025_birth,EC1,CETI23-279,0.1290026129254171,-0.7792725750101559,-0.5296228350500596
5,sharma2025_birth,EC1,CETI23-279,0.1175790984647598,-1.1949946874908084,-0.04152701094229949
5,sharma2025_birth,EC1,CETI23-279,0.105858810105522,-0.9387099164348058,0.00142620152624659
5,sharma2025_birth,EC1,CETI23-279,0.1671417336781674,-1.3377028468940715,-0.7337954728175504
5,sharma2025_birth,EC1,CETI23-279,0.1228394566365189,-1.1157928315139825,-0.18875749732057115
5,sharma2025_birth,EC1,CETI23-279,0.116709109519725,-1.2173872138384623,0.014996217457080421
5,sharma2025_birth,EC1,CETI23-279,0.1053976469999417,-0.7679639336841755,0.5852742200081306
5,sharma2025_birth,EC1,CETI23-279,0.1189131894320473,-0.8171685319034978,0.20327380173101844
5,sharma2025_birth,EC1,CETI23-279,0.1031550453711087,-0.894649954684344,0.3277739793750326
5,sharma2025_birth,EC1,CETI23-279,0.1311042166625001,-1.0402121354211855,-0.15001566785924336
5,sharma2025_birth,EC1,CETI23-280,0.2281627138780213,1.7587380045334897,1.6554091310346566
5,sharma2025_birth,EC1,CETI23-280,0.1662737229286297,0.37980167935308773,-1.1305497385038685
5,sharma2025_birth,EC1,CETI23-280,0.1118330343635085,-1.2488232961604042,0.4047324789089443
5,sharma2025_birth,EC1,CETI23-280,0.1093143999815551,-1.7172854313758783,0.6964811014468572
5,sharma2025_birth,EC1,CETI23-280,0.1169093853031205,-0.12797241695456213,-0.08796989790585298
5,sharma2025_birth,EC1,CETI23-280,0.1097212229346748,-1.1562063176445574,0.2209418354900995
5,sharma2025_birth,EC1,CETI23-280,0.1163716744174128,-0.7825050468733428,0.33251325166223655
5,sharma2025_birth,EC1,CETI23-280,0.1175248747331946,-0.0032592805085775167,-0.1999459963799614
5,sharma2025_birth,EC1,CETI23-280,0.2317705590865647,-1.9060673688979408,-1.252414824765368
5,sharma2025_birth,EC1,CETI23-280,0.1191926561393666,-0.4654264339705336,0.5332500462253985
5,sharma2025_birth,EC1,CETI23-280,0.2094156605975471,1.4558960813822168,-1.8012030653931475
5,sharma2025_birth,EC1,CETI23-280,0.1132105783532347,-0.9709107900171857,-0.1961447163724408
5,sharma2025_birth,EC1,CETI23-280,0.1301663492330955,-1.167847753984652,0.02362136111112831
5,sharma2025_birth,EC1,CETI23-281,0.1062911357381747,-0.8294828243955327,0.36715272556088424
5,sharma2025_birth,EC1,CETI23-281,0.1173563584356551,-1.0767210039025912,0.21694242133972114
5,sharma2025_birth,EC1,CETI23-281,0.1043869663261135,-1.1450719427569918,0.11165577118096753
5,sharma2025_birth,EC1,CETI23-281,0.1146577775666554,-1.2402788025443465,0.1887536956512298
5,sharma2025_birth,EC1,CETI23-281,0.1227585923377031,-1.3493115932074888,0.0998667980716613
5,sharma2025_birth,EC1,CETI23-281,0.1680001603431566,0.06265981974186974,-1.2716447037150382
5,sharma2025_birth,EC1,CETI23-281,0.174520081100783,0.299699331511518,-1.3484303594892169
5,sharma2025_birth,EC1,CETI23-281,0.1291887926812856,-0.873721145839291,-0.3202334439477369
5,sharma2025_birth,EC1,CETI23-281,0.1208391281327157,-0.7690434078273829,-0.07870622543004649
5,sharma2025_birth,EC1,CETI23-281,0.1063985699861133,-0.23167016645159066,-0.1493577945824931
5,sharma2025_birth,EC1,CETI23-281,0.1063985699861133,-0.23167016645159066,-0.1493577945824931
5,sharma2025_birth,EC1,CETI23-281,0.1423140369571235,-0.8802624461798456,-0.6845247023181097
5,sharma2025_birth,EC1,CETI23-281,0.1423140369571235,-0.8802624461798456,-0.6845247023181097
5,sharma2025_birth,EC1,CETI23-281,0.1315554830672922,-1.024648464003758,-0.4119256909653297
5,sharma2025_birth,EC1,CETI23-281,0.1739142587840332,-1.1956128990816222,-0.861005473886459
5,sharma2025_birth,EC1,CETI23-281,0.1290700697594772,-0.8710521542902459,-0.472979129386847
5,sharma2025_birth,EC1,CETI23-281,0.1401714392943967,-0.8692161386177458,-0.5692084191090795
5,sharma2025_birth,EC1,CETI23-281,0.1509217526564277,-0.8258724963598817,-0.8550204645107883
5,sharma2025_birth,EC1,CETI23-281,0.1310726301881592,-1.3615313420782718,0.05628915869389865
5,sharma2025_birth,EC1,CETI23-281,0.1469222842112413,-1.138863427651269,-0.2827363153462497
5,sharma2025_birth,EC1,CETI23-281,0.1902353354971265,-0.9021439391015734,-0.7857898809599225
5,sharma2025_birth,EC1,CETI23-281,0.1401306161881707,-1.166037228436153,-0.3910754507013888
5,sharma2025_birth,EC1,CETI23-281,0.1210595240166843,-0.9000016810754741,-0.3326100695223472
5,sharma2025_birth,EC1,CETI23-281,0.1297772546128629,-0.9932584557939947,-0.42040541916283436
5,sharma2025_birth,EC1,CETI23-281,0.1626729850509968,-0.0026314428777554633,-1.2216038577467472
5,sharma2025_birth,EC1,CETI23-281,0.1451957195021224,-0.9800540809719029,-0.6940120434098755
5,sharma2025_birth,EC1,CETI23-281,0.1343066183090937,-0.16677528128615118,-0.6886071665501752
5,sharma2025_birth,EC1,CETI23-281,0.145764298037591,-0.948915708319498,-0.5153803406713179
5,sharma2025_birth,EC1,CETI23-281,0.1574470068695794,-0.11342594019682589,-1.1003520750360176
5,sharma2025_birth,EC1,CETI23-281,0.1529803952338911,-0.03333811574042639,-1.022665473877184
5,sharma2025_birth,EC1,CETI23-281,0.1420889612213641,-1.1833055000045167,-0.28049312062473275
5,sharma2025_birth,EC1,CETI23-281,0.1399462401636887,-1.2740679879721337,-0.5564931297109078
5,sharma2025_birth,EC1,CETI23-281,0.1286927514715511,-1.030252596456008,-0.28215619262010816
5,sharma2025_birth,EC1,CETI23-281,0.1391274808647643,-0.9711009619234059,-0.4340607827289921
5,sharma2025_birth,EC1,CETI23-281,0.1440046317535608,-1.2478361757425966,-0.39066634280228485
5,sharma2025_birth,EC1,CETI23-281,0.1454744839848362,-1.0228129444463825,-0.4380118090102555
5,sharma2025_birth,EC1,CETI23-281,0.1251699097054522,-1.113925907640649,-0.1625236116020546
5,sharma2025_birth,EC1,CETI23-281,0.1116844532438093,-0.9130131237623831,0.023627277894479867
5,sharma2025_birth,EC1,CETI23-281,0.1354082220909132,-1.1104365874114959,-0.4768164738615516
5,sharma2025_birth,EC1,CETI23-281,0.1209587808955728,-0.9885981371576961,-0.23706284960163385
5,sharma2025_birth,EC1,CETI23-281,0.2502493650495648,1.4934872798053884,-5.924160479285289
5,sharma2025_birth,EC1,CETI23-281,0.102568990632494,-0.7556646523123023,0.07375048489740339
5,sharma2025_birth,EC1,CETI23-281,0.1390002017427287,-1.2426866228765883,-0.28212508981064127
5,sharma2025_birth,EC1,CETI23-281,0.1429200301186764,-1.1186251591017056,-0.39573402455729256
5,sharma2025_birth,EC1,CETI23-282,0.1612262188835238,-1.1120053092872224,-0.6100191552680413
5,sharma2025_birth,EC1,CETI23-282,0.1123302829935768,-0.9367149520114512,-0.11730946679382613
5,sharma2025_birth,EC1,CETI23-282,0.1152083881960304,-0.9056009591856435,0.17931042926007376
5,sharma2025_birth,EC1,CETI23-282,0.1483138441725167,-1.0471209243932567,-0.5731434436499473
5,sharma2025_birth,EC1,CETI23-282,0.107931651425382,-0.7717460405008632,-0.09018784449809145
5,sharma2025_birth,EC1,CETI23-282,0.1147075232916431,-1.0797739532403607,-0.11935885011383916
5,sharma2025_birth,EC1,CETI23-282,0.1303014195540213,-1.4400262054839252,0.042752402013318105
5,sharma2025_birth,EC1,CETI23-282,0.1105004885118681,-1.2604847989720818,0.09919647251865502
5,sharma2025_birth,EC1,CETI23-282,0.125986004633592,-1.3349556834751382,-0.07648524862646708
5,sharma2025_birth,EC1,CETI23-282,0.1415742730269793,-1.2654063666735973,-0.29375395315288055
5,sharma2025_birth,EC1,CETI23-282,0.1381677278567976,-1.0680805079975222,-0.5374141494621721
5,sharma2025_birth,EC1,CETI23-282,0.1484938024663258,-1.2345031838192972,-0.3975145378115372
5,sharma2025_birth,EC1,CETI23-282,0.1311614562138423,-1.0503797685574592,-0.3474505517539107
5,sharma2025_birth,EC1,CETI23-282,0.1365537357838975,-0.8237776836817109,-0.6317586407157421
5,sharma2025_birth,EC1,CETI23-282,0.1407677963940136,-0.9544191620004072,-0.6090859789646761
5,sharma2025_birth,EC1,CETI23-282,0.1290808139467338,-1.1359723629032898,-0.357733854145714
5,sharma2025_birth,EC1,CETI23-282,0.1414650813347716,-1.169032259852826,-0.2705460702246386
5,sharma2025_birth,EC1,CETI23-282,0.1130715928839119,-1.159023120841303,-0.09123113176582165
5,sharma2025_birth,EC1,CETI23-282,0.1331751747676971,-1.2583618245593247,-0.03515663350507753
5,sharma2025_birth,EC1,CETI23-282,0.1302615966318644,-1.0295914346472987,-0.3071008441486144
5,sharma2025_birth,EC1,CETI23-282,0.1263214900254126,-1.0711036125333522,-0.2646511990705726
5,sharma2025_birth,EC1,CETI23-282,0.1489404618550529,-1.355351193578887,-0.3806298440663467
5,sharma2025_birth,EC1,CETI23-282,0.101154562077664,-1.459665302929397,0.6984139461109873
5,sharma2025_birth,EC1,CETI23-282,0.1590803911932038,-0.9321886516721637,-0.48014236605625005
5,sharma2025_birth,EC1,CETI23-282,0.1157986227199059,-1.2409033260883278,0.09778880147520252
5,sharma2025_birth,EC1,CETI23-282,0.1364112273168444,-1.3355616277933122,-0.11608325157334203
5,sharma2025_birth,EC1,CETI23-282,0.1172806646758504,-1.2081984923368727,-0.07316700790533583
5,sharma2025_birth,EC1,CETI23-282,0.147122340924443,-1.3129154722860128,-0.2585260305648025
5,sharma2025_birth,EC1,CETI23-282,0.1502218241949436,-1.211263825473731,-0.4904875565868419
5,sharma2025_birth,EC1,CETI23-282,0.1176854464593208,-0.8925158973614656,-0.1312304862559279
5,sharma2025_birth,EC1,CETI23-282,0.1614494397758101,-1.1197255662019407,-0.6095776783970911
5,sharma2025_birth,EC1,CETI23-282,0.1224273616836977,-0.7860651430759078,-0.4021378140610442
5,sharma2025_birth,EC1,CETI23-282,0.1317972741109963,-1.1341401458522438,-0.24442761335019098
5,sharma2025_birth,EC1,CETI23-282,0.1212579224890698,1.1642346946920696,1.1414928646597495
5,sharma2025_birth,EC1,CETI23-282,0.1070660606537314,-2.693472771721546,3.96667030115971
5,sharma2025_birth,EC1,CETI23-282,0.1272562569159958,-0.2899479926458517,0.01331977033341731
5,sharma2025_birth,EC1,CETI23-282,0.1386531689754027,-1.089354312481095,-0.41423712138489877
5,sharma2025_birth,EC1,CETI23-282,0.1410900993188332,-1.125175699224919,-0.2614318146279116
5,sharma2025_birth,EC1,CETI23-282,0.1474496761304883,-1.084832222662862,-0.5580480992480987
5,sharma2025_birth,EC1,CETI23-282,0.1304069860644373,-1.3065757626562777,-0.04537734957345402
5,sharma2025_birth,EC1,CETI23-282,0.2237536786934348,0.4421817945321178,-1.4721470474839355
5,sharma2025_birth,EC1,CETI23-282,0.1268442239572351,-1.2895877751507712,0.014137775082067039
5,sharma2025_birth,EC1,CETI23-282,0.1340998181431105,-1.469054193500618,-0.15139890970615386
5,sharma2025_birth,EC1,CETI23-282,0.1229683991735289,-1.3134864011268523,-0.04163031752888996
5,sharma2025_birth,EC1,CETI23-282,0.1510743801546266,-0.2929381457370112,-1.0471240454028914
5,sharma2025_birth,EC1,CETI23-282,0.1283854424692709,-1.3774586546241074,-0.051822170060104755
5,sharma2025_birth,EC1,CETI23-282,0.1509794913396985,-0.13527850317268786,-1.0184349568898041
5,sharma2025_birth,EC1,CETI23-282,0.1396539535771813,-1.3567083517669967,-0.1496598853449009
5,sharma2025_birth,EC1,CETI23-282,0.1261155411670373,-1.112857509307732,-0.23280370603196252
5,sharma2025_birth,EC1,CETI23-282,0.1296930638541251,-1.2567657107886177,-0.11374490032224034
5,sharma2025_birth,EC1,CETI23-282,0.1293083994829063,-1.168738131820406,-0.32858122849930504
5,sharma2025_birth,EC1,CETI23-282,0.1170671069656436,-1.1212519437077457,-0.18253390129313998
5,sharma2025_birth,EC1,CETI23-282,0.1422744951433122,-1.0860442330227817,-0.3075873112244238
5,sharma2025_birth,EC1,CETI23-282,0.142496584589153,-1.1447996380873415,-0.4019913153195084
5,sharma2025_birth,EC1,CETI23-282,0.1426024148352842,-0.8473315550870022,-0.5931369187265745
5,sharma2025_birth,EC1,CETI23-282,0.1453226496958788,-0.14789679058858218,-0.902954347131711
5,sharma2025_birth,EC1,CETI23-282,0.137499824327531,-1.2737052249741276,-0.2911368317596235
5,sharma2025_birth,EC1,CETI23-282,0.1440419857937949,-0.10459095169371452,-0.8608123034180191
5,sharma2025_birth,EC1,CETI23-282,0.150995929447149,-0.24396993753561338,-1.0400810136145653
5,sharma2025_birth,EC1,CETI23-282,0.1572037598190671,-0.08771544624949407,-1.1364432281191836
5,sharma2025_birth,EC1,CETI23-282,0.1529858337444297,-0.05143263028945805,-1.0002291334224767
5,sharma2025_birth,EC1,CETI23-282,0.1501408780478214,-0.1282104812237846,-0.9756518311692911
5,sharma2025_birth,EC1,CETI23-283,0.1539748139425732,-0.835028069233994,-0.5858840522650817
5,sharma2025_birth,EC1,CETI23-283,0.1486170601670816,-1.051641172383682,-0.6604361331590979
5,sharma2025_birth,EC1,CETI23-283,0.1309739891742082,-1.1023279517662403,-0.3151055095282376
5,sharma2025_birth,EC1,CETI23-283,0.1404786926755898,-1.1975732491087272,-0.3833286976070588
5,sharma2025_birth,EC1,CETI23-283,0.1839363390184378,-2.217532654934658,2.090070882860065
5,sharma2025_birth,EC1,CETI23-283,0.1445291878297537,-1.2719737724017113,-0.3392261911031651
5,sharma2025_birth,EC1,CETI23-283,0.1293672670612941,-1.0773756266084311,-0.21835399089217694
5,sharma2025_birth,EC1,CETI23-283,0.1371552163361574,-1.2096446231904678,-0.23382150908837251
5,sharma2025_birth,EC1,CETI23-283,0.1467882824016256,-1.0846035177001625,-0.446056420897164
5,sharma2025_birth,EC1,CETI23-283,0.165412267726242,-1.7435179719120462,-0.5351506423900589
5,sharma2025_birth,EC1,CETI23-283,0.1492087920704718,-1.2157187158274494,-0.4367514857092656
5,sharma2025_birth,EC1,CETI23-283,0.1510657788464654,0.033068782448193834,-0.9336560686505362
5,sharma2025_birth,EC1,CETI23-283,0.1526361139645519,-1.3842098461047236,-0.44196562630760733
5,sharma2025_birth,EC1,CETI23-283,0.142875279155126,-0.1733379444964162,-0.8313840031090202
5,sharma2025_birth,EC1,CETI23-283,0.137529082947972,-1.1682470067398694,-0.2080286050007079
5,sharma2025_birth,EC1,CETI23-283,0.1507309526485369,-0.017520956364092843,-0.9329934259159864
5,sharma2025_birth,EC1,CETI23-283,0.1522781558906523,-0.16308410281705826,-1.0290590168283282
5,sharma2025_birth,EC1,CETI23-283,0.1494344868696329,-1.1870633053727329,-0.2258139606886673
5,sharma2025_birth,EC1,CETI23-283,0.1301035611210318,-1.0051740410517271,-0.33323121504707337
5,sharma2025_birth,EC1,CETI23-283,0.1234574316545102,-1.1236332869163566,-0.06989002525934038
5,sharma2025_birth,EC1,CETI23-283,0.1393561644960906,-1.0665190344555449,-0.5065844910475977
5,sharma2025_birth,EC1,CETI23-283,0.1402448639076305,-1.1877649971816882,-0.18075542588552945
5,sharma2025_birth,EC1,CETI23-283,0.1291257255883116,-0.9911791971109877,-0.14756480779198045
5,sharma2025_birth,EC1,CETI23-283,0.1603771268312847,-0.8472204804847231,-1.0945163234012907
5,sharma2025_birth,EC1,CETI23-283,0.1416611711905074,-0.5700158001553383,-0.4894831365227625
5,sharma2025_birth,EC1,CETI23-283,0.1710690388828749,-1.0905465821582094,-0.5419550195392767
5,sharma2025_birth,EC1,CETI23-283,0.1395356769396958,-0.8433011012482847,-0.053204374284817495
5,sharma2025_birth,EC1,CETI23-283,0.1323653916482695,-0.7371465141802143,-0.104126631504815
5,sharma2025_birth,EC1,CETI23-283,0.14595602484945,-1.1762978683914065,-0.20551998894046375
5,sharma2025_birth,EC1,CETI23-283,0.1009996988781053,-0.8772792835612113,0.20469056192462617
5,sharma2025_birth,EC1,CETI23-283,0.1360486277869044,-1.1870814629181425,-0.3482852777604609
5,sharma2025_birth,EC1,CETI23-283,0.143819822482926,-1.242102274132638,-0.14657184921101965
5,sharma2025_birth,EC1,CETI23-283,0.1220749074001185,-1.0285917151036164,-0.09158265719661801
5,sharma2025_birth,EC1,CETI23-283,0.1345146663143248,-1.0840888080498081,-0.09530662669038498
5,sharma2025_birth,EC1,CETI23-283,0.1258546130927854,-1.125961802093932,-0.11426746347295988
5,sharma2025_birth,EC1,CETI23-283,0.1362850432292972,-1.1420413742053594,-0.22865712147136863
5,sharma2025_birth,EC1,CETI23-283,0.1346148150543649,-1.0623611712742402,-0.4240183168173587
5,sharma2025_birth,EC1,CETI23-283,0.1300463673437168,-0.9696925447286803,-0.395814579471677
5,sharma2025_birth,EC1,CETI23-283,0.1285024612096064,-0.906399881319248,-0.441565826408228
5,sharma2025_birth,EC1,CETI23-283,0.1326574435779998,-1.1047723718198732,-0.27235865673859333
5,sharma2025_birth,EC1,CETI23-283,0.1249702934403744,-1.0334829313184204,-0.31224068594765814
5,sharma2025_birth,EC1,CETI23-283,0.1250268652989252,-1.2027683847451955,-0.1461026788079367
5,sharma2025_birth,EC1,CETI23-283,0.1296003050736688,-1.054705625982095,-0.3927229675751526
5,sharma2025_birth,EC1,CETI23-283,0.132897851409241,-1.1063354918268649,-0.17114422151831712
5,sharma2025_birth,EC1,CETI23-283,0.1496887995700482,-1.1916882565433138,-0.27385940413017223
5,sharma2025_birth,EC1,CETI23-283,0.1256643003041658,-1.0341735295479801,-0.23439596513217872
5,sharma2025_birth,EC1,CETI23-283,0.1734167524640784,-1.3254798706419946,-0.6981756012291781
5,sharma2025_birth,EC1,CETI23-283,0.1230003760320952,-1.1294705033402506,-0.007537574065520261
5,sharma2025_birth,EC1,CETI23-283,0.1368684634439335,-1.11919809726091,-0.22805782497633983
5,sharma2025_birth,EC1,CETI23-283,0.1156362082766221,-0.9336560236651114,0.005837133341784095
5,sharma2025_birth,EC1,CETI23-283,0.1405741521204692,-1.2950981055824613,-0.41622321249716293
5,sharma2025_birth,EC1,CETI23-283,0.139744814526216,-1.220572390748963,-0.2664064021196486
5,sharma2025_birth,EC1,CETI23-283,0.1291179245212437,-1.14934575339963,-0.16034831401317273
5,sharma2025_birth,EC1,CETI23-283,0.1133803563377284,-0.4193762048118742,0.29055264870163877
5,sharma2025_birth,EC1,CETI23-283,0.1242628573328478,0.36503254448530026,2.9309110759548345
5,sharma2025_birth,EC1,CETI23-283,0.1330973825808853,-1.0583968308388556,-0.3098351581064874
5,sharma2025_birth,EC1,CETI23-283,0.1347136595630129,-0.9797050761496635,-0.5036163090967027
5,sharma2025_birth,EC1,CETI23-283,0.1252856520376155,-1.283205054511515,-0.06740417707798747
5,sharma2025_birth,EC1,CETI23-283,0.1302991501438309,-1.1225572553060763,0.0041498808285902605
5,sharma2025_birth,EC1,CETI23-283,0.1535354236171313,-1.1973587184082506,-0.43908320249413846
5,sharma2025_birth,EC1,CETI23-283,0.1588619912052896,-1.0855830679980616,-0.4915450747625424
5,sharma2025_birth,EC1,CETI23-283,0.1443557699472703,-0.9712866581036691,-0.5329767435835185
5,sharma2025_birth,EC1,CETI23-283,0.1612290314291787,-0.9524495146328111,-0.9947019782916812
5,sharma2025_birth,EC1,CETI23-283,0.1445033994950008,-0.8433728978486382,-0.7486047656057315
5,sharma2025_birth,EC1,CETI23-285,0.2333713222829803,-1.3861336626444722,-0.3320081324356334
5,sharma2025_birth,EC1,CETI23-285,0.1100129715597351,0.46801902658267314,0.9119144031758863
5,sharma2025_birth,EC1,CETI23-285,0.1471790005257014,-0.1980542783602268,-0.9337326506345285
5,sharma2025_birth,EC1,CETI23-285,0.1543725871028184,-0.17230497190359023,-1.0948694774598562
5,sharma2025_birth,EC1,CETI23-285,0.151369127672677,0.053091567978281795,-0.9646106307336668
5,sharma2025_birth,EC1,CETI23-285,0.1302621531775422,-1.118270716168856,-0.1524555664775657
5,sharma2025_birth,EC1,CETI23-285,0.1303741455902649,-0.9804889734070811,-0.2205495064924484
5,sharma2025_birth,EC1,CETI23-285,0.1397036849630606,-1.1237429628742732,-0.3934288710518398
5,sharma2025_birth,EC1,CETI23-285,0.1549308916241014,-1.2664197691783534,-0.7533440220729947
5,sharma2025_birth,EC1,CETI23-285,0.1181999300184745,-1.3896924640425228,-0.17000739352199778
5,sharma2025_birth,EC1,CETI23-285,0.1460813609058477,-1.0910847030695452,-0.5777236266494604
5,sharma2025_birth,EC1,CETI23-285,0.126029294045852,-1.1570238125532766,-0.31840535981663853
5,sharma2025_birth,EC1,CETI23-285,0.126029294045852,-1.1570238125532766,-0.31840535981663853
5,sharma2025_birth,EC1,CETI23-285,0.1360260345553707,-1.0297978921897817,-0.3630777177529825
5,sharma2025_birth,EC1,CETI23-285,0.1400129103915064,-1.0896456965329853,-0.549566058282485
5,sharma2025_birth,EC1,CETI23-285,0.1731393642455502,-1.6305631499950286,-0.3675588258684973
5,sharma2025_birth,EC1,CETI23-285,0.1264764843645205,-1.4456189663027537,0.025009022302975734
5,sharma2025_birth,EC1,CETI23-285,0.107018282413787,-1.0614763120821968,-0.008210209976275057
5,sharma2025_birth,EC1,CETI23-285,0.1167221867515398,-1.117824641826612,-0.1611280253004082
5,sharma2025_birth,EC1,CETI23-285,0.1437965187278654,-1.4781170864608582,-0.13057485886436768
5,sharma2025_birth,EC1,CETI23-285,0.1127037824632692,-0.7976070429983113,-0.24199814786470528
5,sharma2025_birth,EC1,CETI23-285,0.1259197579382609,-1.090760879009784,-0.15934971608316129
5,sharma2025_birth,EC1,CETI23-285,0.1324297968773262,-1.0674444014858404,-0.22905039269489513
5,sharma2025_birth,EC1,CETI23-285,0.1132354736242089,-0.8857081991442495,-0.16983069766463899
5,sharma2025_birth,EC1,CETI23-285,0.1247676300251348,-0.9867261286422062,-0.16763040720106154
5,sharma2025_birth,EC1,CETI23-285,0.1344693296883064,-0.9978945823947156,-0.2067119915822027
5,sharma2025_birth,EC1,CETI23-285,0.1126287444861466,-0.8530704869327658,-0.19416968983807462
5,sharma2025_birth,EC1,CETI23-285,0.1686469790581181,-0.5334726070723709,-1.3009404410017267
5,sharma2025_birth,EC1,CETI23-285,0.1304227970359812,-0.8773381463200344,-0.43005228082178093
5,sharma2025_birth,EC1,CETI23-285,0.1219510857277356,-0.9572477681791308,-0.3006060674826912
5,sharma2025_birth,EC1,CETI23-285,0.1662029187316178,-0.8492780967182787,-1.1408009478758774
5,sharma2025_birth,EC1,CETI23-285,0.1442599846456484,-0.916789847416312,-0.46187271745539754
5,sharma2025_birth,EC1,CETI23-285,0.1637186068206612,-0.23976793692436663,-1.280158872380905
5,sharma2025_birth,EC1,CETI23-285,0.1426826391933273,-0.4003049909210307,-0.8363134279425025
5,sharma2025_birth,EC1,CETI23-285,0.156395453106536,-1.1413420864333053,-0.3301622116423224
5,sharma2025_birth,EC1,CETI23-285,0.140094183960062,-1.2142312211978967,-0.24850728008457512
5,sharma2025_birth,EC1,CETI23-285,0.1495890182862472,-0.2178697398447748,-0.9665055514293762
5,sharma2025_birth,EC1,CETI23-285,0.144199098337408,-0.2537985023784187,-0.8984688835741624
5,sharma2025_birth,EC1,CETI23-285,0.1243764001133324,-1.2299364526376455,-0.1201999900339349
5,sharma2025_birth,EC1,CETI23-285,0.1381760470639756,-0.14531517748060052,-0.7786142418218777
5,sharma2025_birth,EC1,CETI23-285,0.1385830917247358,-1.1000938110818856,-0.2483694553711206
5,sharma2025_birth,EC1,CETI23-285,0.1360975612555827,-0.25304907415002864,-0.7470267921976282
5,sharma2025_birth,EC1,CETI23-285,0.1423445880846811,-1.2980565755129971,-0.20780659840260116
5,sharma2025_birth,EC1,CETI23-285,0.1398683245730635,-0.15267850649191378,-0.7910358849345859
5,sharma2025_birth,EC1,CETI23-285,0.1335814527782112,0.32910615543783794,-0.44983660278721127
5,sharma2025_birth,EC1,CETI23-285,0.1487604158156796,-1.0834071404218877,-0.40551459734532175
5,sharma2025_birth,EC1,CETI23-285,0.142365543379234,-1.0322428416557012,-0.43550730630240525
5,sharma2025_birth,EC1,CETI23-285,0.1235635820718281,-0.9198694614837115,-0.2071600821895851
5,sharma2025_birth,EC1,CETI23-285,0.1542215465825346,-1.055042413178364,-0.5372078191134001
5,sharma2025_birth,EC1,CETI23-285,0.1323826819418421,-1.1548139284385128,-0.33393872459370694
5,sharma2025_birth,EC1,CETI23-285,0.1548267313091161,-1.1514909463615397,-0.5276787379089999
5,sharma2025_birth,EC1,CETI23-285,0.1121224471089874,-1.103564823159057,-0.03436056475146268
5,sharma2025_birth,EC1,CETI23-285,0.1314224055847466,-1.3975815579288384,-0.05934302821305215
5,sharma2025_birth,EC1,CETI23-285,0.1295726971114008,-1.110691531142201,-0.23365986809138833
5,sharma2025_birth,EC1,CETI23-285,0.1360116116151295,-1.0935794192548436,-0.17968364041842877
5,sharma2025_birth,EC1,CETI23-285,0.1140681727498389,-0.9513808377289579,-0.20285694656322822
5,sharma2025_birth,EC1,CETI23-285,0.1169336106020212,-1.1362320758896742,-0.1218900133429931
5,sharma2025_birth,EC1,CETI23-285,0.1370399344846175,-1.0531684906938639,-0.42236924376940366
5,sharma2025_birth,EC1,CETI23-285,0.1253878467514244,-1.0372008985299663,-0.23745338926675608
5,sharma2025_birth,EC1,CETI23-285,0.1291516543145616,-1.158079208357977,-0.1943676851889221
5,sharma2025_birth,EC1,CETI23-285,0.1316104600401652,-1.1328816739116951,-0.21509967304932603
5,sharma2025_birth,EC1,CETI23-285,0.1341721654676002,-1.1730282138438237,-0.18936150292730702
5,sharma2025_birth,EC1,CETI23-285,0.1390715471589656,-1.2777614524512515,-0.19588685400227104
5,sharma2025_birth,EC1,CETI23-285,0.1745979813096814,-1.307328785019126,-0.4835816058746967
5,sharma2025_birth,EC1,CETI23-285,0.1304931314306809,-1.0398040041762313,-0.22792020914055322
5,sharma2025_birth,EC1,CETI23-285,0.1427946226339286,-1.1333783893430978,-0.4478044977829189
5,sharma2025_birth,EC1,CETI23-285,0.1422014741821531,-1.045434012150948,-0.47982653955640453
5,sharma2025_birth,EC1,CETI23-285,0.139506868245714,-1.0344729976893923,-0.4500913665266828
5,sharma2025_birth,EC1,CETI23-285,0.140863475450104,-1.247404300514549,-0.20667597971098606
5,sharma2025_birth,EC1,CETI23-285,0.1352993093469091,-1.0616956262410484,-0.3866652253554032
5,sharma2025_birth,EC1,CETI23-285,0.1373909246024942,-1.0087103646094617,-0.04987648168531222
5,sharma2025_birth,EC1,CETI23-285,0.1408892503440287,-1.2767832740401177,-0.21096275300211564
5,sharma2025_birth,EC1,CETI23-285,0.1405678648465586,-1.324890787129997,-0.3076664268937579
5,sharma2025_birth,EC1,CETI23-285,0.1495637819750191,-1.3162525434992374,-0.38265148237252977
5,sharma2025_birth,EC1,CETI23-285,0.1491140883173052,-0.8968424765042036,-0.5953547602304562
5,sharma2025_birth,EC1,CETI23-285,0.1546436603708226,-0.9587565777031868,-0.808506322701656
5,sharma2025_birth,EC1,CETI23-285,0.1175446098944674,-0.903159802650422,-0.4145534326381788
5,sharma2025_birth,EC1,CETI23-285,0.1053869356581256,-0.7693036589653341,-0.1560059663191494
5,sharma2025_birth,EC1,CETI23-285,0.1151012344878321,-0.9758840219487882,-0.08906193553226975
5,sharma2025_birth,EC1,CETI23-285,0.1665598991186601,-0.906526814168079,-0.3117335495673897
5,sharma2025_birth,EC1,CETI23-285,0.1515521485632669,-1.3603911345061381,-0.45069588433081026
5,sharma2025_birth,EC1,CETI23-285,0.1451642988176764,-1.1337304941211406,-0.6596536177852643
5,sharma2025_birth,EC1,CETI23-285,0.1102422271393164,-0.9545206700326521,-0.009531863292924922
5,sharma2025_birth,EC1,CETI23-285,0.1444939177682718,-0.26872743145037536,-0.9094616431873527
5,sharma2025_birth,EC1,CETI23-285,0.1181896954036374,-0.8467767372198018,-0.17435283672740715
5,sharma2025_birth,EC1,CETI23-285,0.1528379725772622,-0.079912220349461,-1.0340422090227337
5,sharma2025_birth,EC1,CETI23-285,0.12634947414677,-0.9521707736068497,-0.4457482338976769
5,sharma2025_birth,EC1,CETI23-285,0.1548486334772316,-0.059021233313054144,-1.0267507394159072
5,sharma2025_birth,EC1,CETI23-285,0.1175836433812646,-0.8390105049082739,-0.22542249206652903
5,sharma2025_birth,EC1,CETI23-285,0.1576075457828377,-0.07590296187648532,-1.050843165607616
5,sharma2025_birth,EC1,CETI23-285,0.1444646423026531,-1.4319965011242515,-0.3957495994890487
5,sharma2025_birth,EC1,CETI23-285,0.1550540118276245,-0.16299177162545742,-1.0738797630016708
5,sharma2025_birth,EC1,CETI23-285,0.128217264274908,-1.1148683689554777,0.029193536424254207
5,sharma2025_birth,EC1,CETI23-285,0.1366494006400423,-1.1148079877264365,-0.30927839441423666
5,sharma2025_birth,EC1,CETI23-285,0.1555915694091954,-0.1319920280908289,-1.048653841651822
5,sharma2025_birth,EC1,CETI23-285,0.1168764581165246,-1.0353610850966304,-0.12255357199596432
5,sharma2025_birth,EC1,CETI23-285,0.189255096445589,-3.8445075302863274,1.235404299735523
5,sharma2025_birth,EC1,CETI23-285,0.1290280002112638,-1.1554112473836509,-0.29707816228112477
5,sharma2025_birth,EC1,CETI23-285,0.161302657808949,-0.132383559691962,-1.117289625281109
5,sharma2025_birth,EC1,CETI23-285,0.1473611336616893,-0.6426754134877697,4.372142777142306
5,sharma2025_birth,EC1,CETI23-285,0.1204655495086428,-0.9568034012374464,-0.20901792508699335
5,sharma2025_birth,EC1,CETI23-285,0.1210463682530666,-1.1189273386748402,-0.19054332154384987
5,sharma2025_birth,EC1,CETI23-285,0.1624662795984834,-0.13042865110876062,-1.2151756874721953
5,sharma2025_birth,EC1,CETI23-285,0.1065586311178468,-1.0984297156461271,0.06264044344201602
5,sharma2025_birth,EC1,CETI23-285,0.1087215214705274,-1.3074705012056567,0.10601529768871346
5,sharma2025_birth,EC1,CETI23-285,0.1325843432221867,-1.5429109994321155,-0.005274699073684663
5,sharma2025_birth,EC1,CETI23-285,0.1124316215587799,-1.2119224886929316,0.022752311882933723
5,sharma2025_birth,EC1,CETI23-285,0.1076912200164723,-0.748397998486817,-0.12201477076750833
5,sharma2025_birth,EC1,CETI23-285,0.123525441393359,-1.1481192360950923,-0.1483912680087887
5,sharma2025_birth,EC1,CETI23-285,0.1174324331301569,-1.2497042454923977,0.04333887012001256
5,sharma2025_birth,EC1,CETI23-285,0.1556696220997015,-0.17566109981569225,-1.0762338168151477
5,sharma2025_birth,EC1,CETI23-285,0.1129295698884365,-1.248094167901634,-0.015056789071845655
5,sharma2025_birth,EC1,CETI23-285,0.1428405298935617,-0.1058378977418768,-0.8592629120160351
5,sharma2025_birth,EC1,CETI23-285,0.142565755754301,-0.20696384472272214,-0.8605432532407478
5,sharma2025_birth,EC1,CETI23-285,0.1289828599084831,-0.4496402954625165,-0.639665373107613
5,sharma2025_birth,EC1,CETI23-285,0.1186184439815654,-0.6720011047399477,-0.4137839165348789
5,sharma2025_birth,EC1,CETI23-285,0.1410662140564357,-0.5165040083223089,-0.8188712050186417
5,sharma2025_birth,EC1,CETI23-285,0.1383518425548466,-0.2155906711926101,-0.7864425618275106
5,sharma2025_birth,EC1,CETI23-285,0.1291476001206661,-0.6340040845824957,-0.5402341702589809
5,sharma2025_birth,EC1,CETI23-285,0.1114228114906482,-0.9758092395518632,0.13628401055805306
5,sharma2025_birth,EC1,CETI23-285,0.1207397476542914,-1.2714379704431866,-0.09559322757157795
5,sharma2025_birth,EC1,CETI23-285,0.1197969765456323,-1.2903530927000788,-0.0851001117445919
5,sharma2025_birth,EC1,CETI23-285,0.1499651027380119,-1.6040907063151977,-0.2086113980339473
5,sharma2025_birth,EC1,CETI23-285,0.1389550060667448,-1.3660378116522518,-0.3209510160013824
5,sharma2025_birth,EC1,CETI23-285,0.1149053517908166,-1.04475918632779,-0.1840408548741857
5,sharma2025_birth,EC1,CETI23-285,0.137726928627088,-1.2016002553424427,-0.06873614004014508
5,sharma2025_birth,EC1,CETI23-285,0.1628563269954006,-0.7208731279721826,-1.1892289855563243
5,sharma2025_birth,EC1,CETI23-285,0.1494232404629464,-0.59143530496039,-1.0302378776769194
5,sharma2025_birth,EC1,CETI23-285,0.1037607905606283,-0.861130377431148,0.007203467324104082
5,sharma2025_birth,EC1,CETI23-285,0.1371808268246236,-0.3837600203658534,-0.7503301819100303
5,sharma2025_birth,EC1,CETI23-285,0.1369354794952605,-1.3845161159740849,-0.035799158688766305
5,sharma2025_birth,EC1,CETI23-285,0.111324567872115,-1.0939770006765095,-0.002374508217998547
5,sharma2025_birth,EC1,CETI23-285,0.1043685213462645,-0.8404419805779998,0.08215715661834187
5,sharma2025_birth,EC1,CETI23-285,0.1117338666076733,-0.9590211468963346,0.003223340713733841
5,sharma2025_birth,EC1,CETI23-285,0.1183212268811495,-1.1205288660298067,-0.1096511933190175
5,sharma2025_birth,EC1,CETI23-285,0.1371433099032455,-1.1044312324036623,-0.3662102837067265
5,sharma2025_birth,EC1,CETI23-285,0.1224819990360677,-1.0170302545530605,-0.1376380760037093
5,sharma2025_birth,EC1,CETI23-285,0.1338109102011053,-0.9746029927386585,-0.29101727631305885
5,sharma2025_birth,EC1,CETI23-285,0.16333169530887,-1.1803279636985224,-0.8234406460336862
5,sharma2025_birth,EC1,CETI23-285,0.1534691287779759,-0.8016573140252056,-0.9148665799264678
5,sharma2025_birth,EC1,CETI23-285,0.1575710845767738,-0.740779686608218,-1.023310227452544
5,sharma2025_birth,EC1,CETI23-285,0.1864056338781845,-1.1166888086952074,-1.1318679812834525
5,sharma2025_birth,EC1,CETI23-285,0.1625065293502474,-0.983512772802693,-0.6940208159103551
5,sharma2025_birth,EC1,CETI23-285,0.1347187154535296,-0.994650881523866,-0.4740279077597872
5,sharma2025_birth,EC1,CETI23-285,0.1440209673989151,-1.100166995347026,-0.6172988304890794
5,sharma2025_birth,EC1,CETI23-285,0.170460034607519,-0.6382938618746136,-0.12352703165515064
5,sharma2025_birth,EC1,CETI23-285,0.148368130466687,-1.2337461169407253,-0.3818450020296103
5,sharma2025_birth,EC1,CETI23-285,0.143728248360552,-0.8306617514409247,-0.7015398195175144
5,sharma2025_birth,EC1,CETI23-285,0.1548631969552672,-1.0434371649437666,-0.7682532144856646
5,sharma2025_birth,EC1,CETI23-285,0.130723565556084,-1.024528380326494,-0.4195920453561022
5,sharma2025_birth,EC1,CETI23-285,0.1450448919651505,-0.9495788945291267,-0.42416134909895736
5,sharma2025_birth,EC1,CETI23-285,0.1512232875067737,-0.9899356748693703,-0.5221688827289238
5,sharma2025_birth,EC1,CETI23-285,0.1193700797719052,-1.3442502298781775,-0.016328170032669814
5,sharma2025_birth,EC1,CETI23-285,0.133393340097282,-1.02203718010423,-0.2600607314036716
5,sharma2025_birth,EC1,CETI23-285,0.1548275611320974,-0.9978514618639633,-0.6132561348351131
5,sharma2025_birth,EC1,CETI23-285,0.1235688574376868,-1.2221975992929197,-0.15484791472059728
5,sharma2025_birth,EC1,CETI23-285,0.1427976701558283,-1.0899354877164316,-0.4691520188108461
5,sharma2025_birth,EC1,CETI23-285,0.1136588834787068,-0.9822428122450269,-0.02735786526100538
5,sharma2025_birth,EC1,CETI23-285,0.117524920858266,-1.0852154442514426,-0.0581830342575832
5,sharma2025_birth,EC1,CETI23-285,0.1125561906501846,-1.101697653426224,-0.005193708886258544
5,sharma2025_birth,EC1,CETI23-285,0.1163478705938798,-1.099458396264524,-0.015252111656670134
5,sharma2025_birth,EC1,CETI23-285,0.1164554481961856,-1.134375430214009,-0.06789711335458372
5,sharma2025_birth,EC1,CETI23-285,0.1559079894261631,-0.20049390815489332,-1.1421590707702796
5,sharma2025_birth,EC1,CETI23-285,0.1020966478206037,-1.3185859877440063,0.6038339170232084
5,sharma2025_birth,EC1,CETI23-285,0.1141624894825155,-1.1257499902477421,-0.09533606585875183
5,sharma2025_birth,EC1,CETI23-285,0.1465151207962733,-0.18124924744968396,-0.8994114767351887
5,sharma2025_birth,EC1,CETI23-285,0.120664225710764,-1.3392487681119924,-0.08223886779794021
5,sharma2025_birth,EC1,CETI23-285,0.1192782054220006,-1.2648020210870132,0.0775989205069976
5,sharma2025_birth,EC1,CETI23-285,0.1058128092519746,-1.0528182548276517,0.06888141670446649
5,sharma2025_birth,EC1,CETI23-285,0.1213138948702696,-1.191892955552777,-0.14144254356382144
5,sharma2025_birth,EC1,CETI23-285,0.1137497149051292,-1.3329822328037502,0.04774151870919871
5,sharma2025_birth,EC1,CETI23-285,0.1443215623722603,-0.7862265587540856,-0.7597240536418887
5,sharma2025_birth,EC1,CETI23-285,0.1304339459707567,-1.1672919717681718,-0.41750519338805625
5,sharma2025_birth,EC1,CETI23-285,0.1327895794886198,-1.224424402989202,-0.23125400324855677
5,sharma2025_birth,EC1,CETI23-285,0.1124660012036576,-1.116062279947285,-0.05565419510478545
5,sharma2025_birth,EC1,CETI23-285,0.130892476340971,-1.356635268500339,-0.1466419688367136
5,sharma2025_birth,EC1,CETI23-285,0.1229593289684486,-1.2206756086104482,0.04254442622084369
5,sharma2025_birth,EC1,CETI23-285,0.1462629652706018,-1.2405735587420132,-0.37403522702931263
5,sharma2025_birth,EC1,CETI23-285,0.1562391899866577,-1.0324355890008075,-0.4337798577545065
5,sharma2025_birth,EC1,CETI23-285,0.1242638719108103,-1.174604339875104,-0.1923468645736966
5,sharma2025_birth,EC1,CETI23-285,0.1380558771728334,-0.9443369675681752,-0.4749686180959723
5,sharma2025_birth,EC1,CETI23-285,0.1337351970784977,-1.1447968564337156,-0.3975249842349977
5,sharma2025_birth,EC1,CETI23-285,0.1048342001517547,-1.1044097186030954,0.22126867007196438
5,sharma2025_birth,EC1,CETI23-285,0.1288671526802843,-1.0659585407358758,-0.16147442486792862
5,sharma2025_birth,EC1,CETI23-285,0.1293450324352472,-1.4280607091950828,-0.06692897263468682
5,sharma2025_birth,EC1,CETI23-285,0.1211506721990387,-1.2404571976669987,0.028295445131377633
5,sharma2025_birth,EC1,CETI23-285,0.1502340939167165,-0.2187547844325971,-0.972658068828311
5,sharma2025_birth,EC1,CETI23-285,0.1252262788556074,-1.4864367460313694,0.16653791648957092
5,sharma2025_birth,EC1,CETI23-285,0.1349146481357681,-1.4769262152152345,-0.07822366092131877
5,sharma2025_birth,EC1,CETI23-285,0.1395639441639085,-1.0056202523669215,-0.3949908502647649
5,sharma2025_birth,EC1,CETI23-285,0.1390911809915012,-1.0181438900951785,-0.3682981599304104
5,sharma2025_birth,EC1,CETI23-285,0.1044136986203249,-0.7871877400888345,-0.1797167568548673
5,sharma2025_birth,EC1,CETI23-285,0.1163929760710228,-1.0520799911163228,-0.030277503588391624
5,sharma2025_birth,EC1,CETI23-285,0.1160093864491804,-0.716839717594904,-0.39851689291903913
5,sharma2025_birth,EC1,CETI23-285,0.1002420262498944,-0.7633949489854478,-0.06462502637227491
5,sharma2025_birth,EC1,CETI23-285,0.1057660791090365,-0.7980810163789698,-0.18046513440136
5,sharma2025_birth,EC1,CETI23-285,0.1135219193136906,-1.093018115054858,0.07426092801275501
5,sharma2025_birth,EC1,CETI23-285,0.1145361225222492,-1.109411620503944,0.06852928031490273
5,sharma2025_birth,EC1,CETI23-285,0.1199642252669622,-1.2481877082437873,-0.048899590841199506
5,sharma2025_birth,EC1,CETI23-285,0.1245967725962125,-1.256254930006485,-0.14449107002713318
5,sharma2025_birth,EC1,CETI23-285,0.1240940154565077,-1.2439893489529654,-0.13812766405210908
5,sharma2025_birth,EC1,CETI23-285,0.1093076130948099,-1.349483057437361,0.07841425914248679
5,sharma2025_birth,EC1,CETI23-285,0.1092889096658572,-1.3469114005832734,0.06848861794916433
5,sharma2025_birth,EC1,CETI23-285,0.132307043142652,-0.22965977602124926,-0.6402444219605561
5,sharma2025_birth,EC1,CETI23-285,0.1128042886824499,-1.2812789736170869,0.060529592819220684
5,sharma2025_birth,EC1,CETI23-285,0.1129005988469096,-1.280739986583132,0.05095230160580247
5,sharma2025_birth,EC1,CETI23-285,0.1282128456530411,-0.36620810737496484,-0.6285794178824096
5,sharma2025_birth,EC1,CETI23-285,0.1290357061485193,-0.3945607182053345,-0.6430535123154135
5,sharma2025_birth,EC1,CETI23-285,0.138529288422067,-0.36764186582918135,-0.7861730016542849
5,sharma2025_birth,EC1,CETI23-285,0.108095710776549,-1.3216463386173685,0.18348182090701606
5,sharma2025_birth,EC1,CETI23-285,0.1153469663212281,-1.3115053935509922,0.08230128764694983
5,sharma2025_birth,EC1,CETI23-285,0.1144261823358994,-1.2979490320541787,0.07723248940498975
5,sharma2025_birth,EC1,CETI23-285,0.1133133709510843,-1.362753600823393,0.19919257244242145
5,sharma2025_birth,EC1,CETI23-285,0.1185561362102116,-0.9874205857072034,-0.2349093862949162
5,sharma2025_birth,EC1,CETI23-285,0.1195545843435315,-1.004376168786767,-0.2312943020190905
5,sharma2025_birth,EC1,CETI23-285,0.1571930703894488,-0.9859130471061509,-0.40596639670925605
5,sharma2025_birth,EC1,CETI23-285,0.1356930940721723,-0.8189509933266637,-0.40850539407503267
5,sharma2025_birth,EC1,CETI23-285,0.1018961508852119,-0.9142164901101454,0.15286328981778352
5,sharma2025_birth,EC1,CETI23-285,0.1070206492045554,-1.242359065741927,0.3258827907022681
5,sharma2025_birth,EC1,CETI23-285,0.1595286200597928,-1.2121026702643833,-0.5601858588267039
5,sharma2025_birth,EC1,CETI23-285,0.1496726174442317,-1.2125621529600765,-0.3927322002446143
5,sharma2025_birth,EC1,CETI23-285,0.124817669500187,-0.7948804416239333,-0.20877448262681053
5,sharma2025_birth,EC1,CETI23-285,0.1449471828403748,-1.236611063955908,-0.2337606322939555
5,sharma2025_birth,EC1,CETI23-285,0.1489575568378559,-1.0290366141135514,-0.3342266698245323
5,sharma2025_birth,EC1,CETI23-285,0.1691214619412288,-1.035092769551363,-0.5928611611356753
5,sharma2025_birth,EC1,CETI23-285,0.144894902531037,-1.1437779465574522,-0.4031344425159235
5,sharma2025_birth,EC1,CETI23-285,0.1602861622208646,-1.1414026975332614,-0.6946597004518691
5,sharma2025_birth,EC1,CETI23-285,0.1331439919628362,-0.9054245367783492,-0.38765130130906283
5,sharma2025_birth,EC1,CETI23-285,0.1341974927037819,-1.165565818470784,-0.1827891188668859
5,sharma2025_birth,EC1,CETI23-285,0.1393942739590339,-0.950236547232632,-0.34722913815476064
5,sharma2025_birth,EC1,CETI23-285,0.1505406970079295,-1.018958342141501,-0.569080148665946
5,sharma2025_birth,EC1,CETI23-285,0.1344747097484866,-2.483874455969496,1.7759318895945806
5,sharma2025_birth,EC1,CETI23-285,0.1049069106423069,-1.748585544939631,0.8237433994975435
5,sharma2025_birth,EC1,CETI23-285,0.1616290932285299,-0.7750961628928129,-0.996632807299646
5,sharma2025_birth,EC1,CETI23-285,0.1800305357213626,-0.939685783208265,-1.118046689829233
5,sharma2025_birth,EC1,CETI23-285,0.1442631180557209,-1.1833017703868334,-0.3184043003606076
5,sharma2025_birth,EC1,CETI23-285,0.1625115487189175,-1.1826354865784323,-0.482672156796048
5,sharma2025_birth,EC1,CETI23-285,0.1333180943009496,-0.9961843307778203,-0.42053386959474537
5,sharma2025_birth,EC1,CETI23-285,0.1725653715133926,-1.448651194832289,-0.6703105800078321
5,sharma2025_birth,EC1,CETI23-285,0.1434812427063811,-0.9984402819209,-0.6767353316689543
5,sharma2025_birth,EC1,CETI23-285,0.1332381277662575,-0.30971107305939044,-0.7122841162935163
5,sharma2025_birth,EC1,CETI23-285,0.120021316454248,-1.2182346430108697,-0.09679615817409987
5,sharma2025_birth,EC1,CETI23-285,0.1469056525035059,-1.5502361447858988,-0.04042900171635318
5,sharma2025_birth,EC1,CETI23-285,0.1298420785472258,-1.424503949457871,-0.0036800730924044373
5,sharma2025_birth,EC1,CETI23-285,0.1446310172498465,-1.3757073881858195,-0.21830328042302333
5,sharma2025_birth,EC1,CETI23-285,0.1570240063172439,-1.1423955972839215,-0.3577535880047102
5,sharma2025_birth,EC1,CETI23-285,0.1410386509001212,-1.0598902394558676,-0.1659259462984981
5,sharma2025_birth,EC1,CETI23-285,0.1571464320050268,-1.2101674176764665,-0.3772249256261672
5,sharma2025_birth,EC1,CETI23-285,0.1225050813369723,-1.1204179452130822,-0.16765096433457274
5,sharma2025_birth,EC1,CETI23-285,0.157182443685641,-1.427452262766696,-0.3435113946107301
5,sharma2025_birth,EC1,CETI23-285,0.2170779349939714,-2.4412428974052824,-1.825813796673172
5,sharma2025_birth,EC1,CETI23-286,0.1079135326577978,-1.1845702562777152,0.025368916403756797
5,sharma2025_birth,EC1,CETI23-286,0.1349679664368298,-1.3600199766771284,-0.08649100891816942
5,sharma2025_birth,EC1,CETI23-286,0.1551204361438967,-1.4699924139734246,-0.4972808370046302
5,sharma2025_birth,EC1,CETI23-286,0.1284333559995981,-1.273647861036807,-0.12582883558585006
5,sharma2025_birth,EC1,CETI23-286,0.12833339251928,-1.250564294657762,-0.24260677885382273
5,sharma2025_birth,EC1,CETI23-286,0.1585252509162,-1.4101767940809338,-0.6671946649618822
5,sharma2025_birth,EC1,CETI23-286,0.1232112076307234,-1.2363544067976866,-0.036521293890191486
5,sharma2025_birth,EC1,CETI23-286,0.1557833497725327,-0.8726872979269981,-0.9204844499189443
5,sharma2025_birth,EC1,CETI23-286,0.1675667922934664,-0.975923195101253,-1.1352206138944483
5,sharma2025_birth,EC1,CETI23-286,0.1055627523543354,-1.1497209192204645,0.13034022177609964
5,sharma2025_birth,EC1,CETI23-286,0.1408012298918642,-1.1049147281891305,-0.58960393664869
5,sharma2025_birth,EC1,CETI23-286,0.149887591145115,-1.2488480103242867,-0.5257369675065947
5,sharma2025_birth,EC1,CETI23-286,0.1460998425931274,-1.3347904759215685,-0.395893074893684
5,sharma2025_birth,EC1,CETI23-286,0.1509793477686609,-1.0346046075366928,-0.6380788880631721
5,sharma2025_birth,EC1,CETI23-286,0.1294798573015285,-1.1947113777213478,-0.18279047848113084
5,sharma2025_birth,EC1,CETI23-286,0.1514427294214426,-1.2270834050646995,-0.13549226137960654
5,sharma2025_birth,EC1,CETI23-286,0.1376467397755531,-1.3547027351889873,-0.16543189633905875
5,sharma2025_birth,EC1,CETI23-286,0.113286391178768,-0.6229682463812976,-0.31958759041113866
5,sharma2025_birth,EC1,CETI23-286,0.154266674934703,-0.5632992058588039,-1.0217937759854698
5,sharma2025_birth,EC1,CETI23-286,0.1371875446660281,-1.177250459920167,-0.31794419254386497
5,sharma2025_birth,EC1,CETI23-286,0.1453440680534359,-1.2266135345831404,-0.24891925575558538
5,sharma2025_birth,EC1,CETI23-286,0.1382436928206073,-0.8395210670311153,-0.4758088988013731
5,sharma2025_birth,EC1,CETI23-286,0.1483936911553575,-1.3591435581955815,-0.6032044063150305
5,sharma2025_birth,EC1,CETI23-286,0.1575439380983836,-1.2315105388573655,-0.4776337799982446
5,sharma2025_birth,EC1,CETI23-286,0.1461248039542587,-1.1392880858577168,-0.3329562459924808
5,sharma2025_birth,EC1,CETI23-286,0.1066623417236574,-1.1755374762307507,0.1648180387781485
5,sharma2025_birth,EC1,CETI23-286,0.1355263702801747,-1.1182390944423906,-0.3526139986040855
5,sharma2025_birth,EC1,CETI23-286,0.1330943990230127,-1.0156516123800083,-0.10085435512022094
5,sharma2025_birth,EC1,CETI23-286,0.1039666711461975,-1.1623009877956831,0.19783092893088497
5,sharma2025_birth,EC1,CETI23-286,0.142277206210444,-1.116388896371447,-0.3324743492745499
5,sharma2025_birth,EC1,CETI23-286,0.1142071715122646,-1.2207842547745358,0.19105076897989215
5,sharma2025_birth,EC1,CETI23-286,0.1360687880277117,-0.6966668875652096,-0.7514076533426466
5,sharma2025_birth,EC1,CETI23-286,0.1410179267663134,-1.1953590370614775,-0.5209264877478124
5,sharma2025_birth,EC1,CETI23-286,0.1346192205444534,-1.1091900188674153,-0.33640189949929516
5,sharma2025_birth,EC1,CETI23-286,0.1359635969006311,-0.9315834801331655,-0.3327895762644274
5,sharma2025_birth,EC1,CETI23-286,0.161243725523045,-0.5363004844867117,0.4065787735588808
5,sharma2025_birth,EC1,CETI23-286,0.1433020050130427,-1.1758053751530497,-0.2858636367136901
5,sharma2025_birth,EC1,CETI23-286,0.15196027323801,-0.5543720942738124,-0.9539834453846748
5,sharma2025_birth,EC1,CETI23-286,0.1472908150557522,-1.2404867379132667,-0.20437833748970682
5,sharma2025_birth,EC1,CETI23-286,0.1387394292048562,-1.0735837561385155,-0.34470944172700485
5,sharma2025_birth,EC1,CETI23-286,0.1371527466810241,-1.2393174033907102,-0.2572523443907273
5,sharma2025_birth,EC1,CETI23-286,0.1388447467971419,-1.0051267540041409,-0.35244327878736603
5,sharma2025_birth,EC1,CETI23-286,0.1478081463925767,-1.1689587264330197,-0.43208514042731316
5,sharma2025_birth,EC1,CETI23-286,0.1330425473212895,-0.6832130514055758,-0.6659175808412723
5,sharma2025_birth,EC1,CETI23-286,0.1480402798839598,-1.295842834463066,-0.28296654866019827
5,sharma2025_birth,EC1,CETI23-286,0.1336871010347509,-1.0965989187346963,-0.34880547271988027
5,sharma2025_birth,EC1,CETI23-286,0.135134289896925,-1.2024957688885745,-0.18583494546919258
5,sharma2025_birth,EC1,CETI23-286,0.148382276317276,-0.714600284354893,-0.8858210158303528
5,sharma2025_birth,EC1,CETI23-286,0.1388752223052653,-1.193362506712457,-0.2672185017048263
5,sharma2025_birth,EC1,CETI23-286,0.1354995231751464,-0.7404608141335113,-0.5045968106727741
5,sharma2025_birth,EC1,CETI23-286,0.133715494088637,-0.886338709064815,-0.5511036585487171
5,sharma2025_birth,EC1,CETI23-286,0.133715494088637,-0.886338709064815,-0.5511036585487171
5,sharma2025_birth,EC1,CETI23-286,0.1274133976072436,-1.093984438824469,-0.1959185981669318
5,sharma2025_birth,EC1,CETI23-286,0.1321366668767837,-0.9110746959203158,-0.2482066560648706
5,sharma2025_birth,EC1,CETI23-286,0.1479403160445258,-1.2093359895930857,-0.2809668778860401
5,sharma2025_birth,EC1,CETI23-286,0.1108331923462204,-0.9393518627018045,-0.059102048404867435
5,sharma2025_birth,EC1,CETI23-286,0.1422037357544384,-0.965898691083584,-0.6517179106300311
5,sharma2025_birth,EC1,CETI23-286,0.1245271662376265,-1.0303539206321852,-0.3255548951733144
5,sharma2025_birth,EC1,CETI23-286,0.1574935290977861,-1.2501297242712763,-0.34787026983606156
5,sharma2025_birth,EC1,CETI23-286,0.1305581465098702,-0.914811099335631,-0.4234870932562502
5,sharma2025_birth,EC1,CETI23-286,0.1162098558179223,-0.8869331177913494,-0.13320765008429197
5,sharma2025_birth,EC1,CETI23-286,0.2291618681709784,1.6680945393614564,-1.5068852917282296
5,sharma2025_birth,EC1,CETI23-286,0.138181382742929,-0.8783497043879407,-0.4185425669978618
5,sharma2025_birth,EC1,CETI23-286,0.125479601227525,-1.1240615464566037,-0.2699640916828493
5,sharma2025_birth,EC1,CETI23-286,0.1623248646012066,-1.248611584156672,-0.33886746803698314
5,sharma2025_birth,EC1,CETI23-286,0.1070853283535206,-0.8371354015762469,-0.08267371874991596
5,sharma2025_birth,EC1,CETI23-286,0.1620262165113961,-0.18592472600929041,-1.0998500551219905
5,sharma2025_birth,EC1,CETI23-286,0.1039991887139907,-1.0104494433386757,0.015212894794707443
5,sharma2025_birth,EC1,CETI23-286,0.1319204921089033,-1.5369031457768716,-0.04157169349756924
5,sharma2025_birth,EC1,CETI23-286,0.1786152472468597,-1.3343041857880902,-0.6110458165651557
5,sharma2025_birth,EC1,CETI23-286,0.1490082303685148,-1.1580474598297428,-0.5259698598221471
5,sharma2025_birth,EC1,CETI23-286,0.167802730319392,-1.160644102365603,-0.39171138507884334
5,sharma2025_birth,EC1,CETI23-286,0.13905867065719,-1.266004107811478,-0.22831248431148932
5,sharma2025_birth,EC1,CETI23-286,0.1581546430900337,-1.2203845191715694,-0.6424003772971002
5,sharma2025_birth,EC1,CETI23-286,0.1567235309613731,-1.028367416848474,-0.534755112772521
5,sharma2025_birth,EC1,CETI23-286,0.1663579857499599,-0.938863463859837,-0.8386238011133517
5,sharma2025_birth,EC1,CETI23-286,0.1583573217381472,-1.0619620705781858,-0.6288227341545212
5,sharma2025_birth,EC1,CETI23-286,0.1385573102647535,-0.7349543528041016,-0.6560059070917931
5,sharma2025_birth,EC1,CETI23-286,0.1395166955315723,-0.633879948422056,-0.6318431628063103
5,sharma2025_birth,EC1,CETI23-286,0.1484607802411843,-1.2979700842447697,-0.31286390174728446
5,sharma2025_birth,EC1,CETI23-286,0.1427409774998982,-1.1849553901488534,-0.15438757124485214
5,sharma2025_birth,EC1,CETI23-286,0.1363024446251675,-1.4846264813012076,-0.0936903090012527
5,sharma2025_birth,EC1,CETI23-286,0.1787551930424599,-0.9744532975351173,-1.1073264705319563
5,sharma2025_birth,EC1,CETI23-286,0.1404915250477392,-0.5484141470287098,-0.8552101301165311
5,sharma2025_birth,EC1,CETI23-286,0.1547512417321004,-0.8883042909909847,-0.8129882981418719
5,sharma2025_birth,EC1,CETI23-286,0.1485728244449443,-0.9668049419928817,-0.5828976646374643
5,sharma2025_birth,EC1,CETI23-287,0.1464574511846626,-0.1809043751949495,-0.9464257026322926
5,sharma2025_birth,EC1,CETI23-287,0.1461201838493784,-0.377624794353635,-0.9135188477514845
5,sharma2025_birth,EC1,CETI23-287,0.1668393404621544,0.6748561792614745,-1.153640358113081
5,sharma2025_birth,EC1,CETI23-287,0.1613656700370022,-0.23646792157902824,-1.10070094800178
5,sharma2025_birth,EC1,CETI23-287,0.1671672671589406,-0.207100532184741,-1.2010720646625161
5,sharma2025_birth,EC1,CETI23-287,0.159116861951407,-0.1624076597941242,-1.1564680413434634
5,sharma2025_birth,EC1,CETI23-287,0.1542874334586934,-1.1105521211301543,-0.48859850633118956
5,sharma2025_birth,EC1,CETI23-287,0.1197146014226891,-1.1810500077026362,-0.1208992372921033
5,sharma2025_birth,EC1,CETI23-287,0.1496733544419169,-1.0162475047512571,-0.727848168365108
5,sharma2025_birth,EC1,CETI23-287,0.12853070726225,-1.1238320559815125,-0.21572022680628056
5,sharma2025_birth,EC1,CETI23-287,0.1311794070789952,-1.0935370142511138,-0.24996173598691057
5,sharma2025_birth,EC1,CETI23-287,0.1310509444481915,-0.8738538602304862,-0.49181203617365943
5,sharma2025_birth,EC1,CETI23-287,0.13443102017189,-1.0495661728469434,-0.2980769486245921
5,sharma2025_birth,EC1,CETI23-287,0.1487830913178236,-1.1035476891755334,-0.43493424013435833
5,sharma2025_birth,EC1,CETI23-287,0.1512002878315417,-1.2022116446291902,-0.40900294873751175
5,sharma2025_birth,EC1,CETI23-287,0.1270912152711259,-0.962974474797926,-0.2665000217722698
5,sharma2025_birth,EC1,CETI23-287,0.1578267467519871,-0.7853926308655006,-0.6321207344431884
5,sharma2025_birth,EC1,CETI23-287,0.1436509258439217,-1.1473867194882683,-0.35982447857858824
5,sharma2025_birth,EC1,CETI23-287,0.1455714751787456,-1.1243789663168233,-0.3023531911308189
5,sharma2025_birth,EC1,CETI23-287,0.1344923709207479,-1.120902500214115,-0.22746637589279337
5,sharma2025_birth,EC1,CETI23-287,0.1431812347910926,-1.1112377635600308,-0.26181911126880075
5,sharma2025_birth,EC1,CETI23-287,0.1574618076135454,-1.2976400229379472,-0.38352433798088326
5,sharma2025_birth,EC1,CETI23-287,0.169354971558046,-1.1088204744611283,-0.5175823374014809
5,sharma2025_birth,EC1,CETI23-287,0.1357583094320856,-1.0042540129072628,-0.4101860727406985
5,sharma2025_birth,EC1,CETI23-287,0.1413167687920049,-1.1507457879809082,-0.491606980910543
5,sharma2025_birth,EC1,CETI23-287,0.1363621977726452,-0.8793640608416887,-0.5381704431164803
5,sharma2025_birth,EC1,CETI23-287,0.1734383158505666,-0.9152730571833222,-1.05639569818189
5,sharma2025_birth,EC1,CETI23-287,0.1275346226699861,-0.9169669594305039,-0.3205619606494613
5,sharma2025_birth,EC1,CETI23-287,0.1412721966227073,-0.8063960089656117,-0.6815496951876694
5,sharma2025_birth,EC1,CETI23-287,0.1373941734349023,-1.1856268816446593,-0.4303166148882351
5,sharma2025_birth,EC1,CETI23-287,0.1481655168845168,-1.126469101944062,-0.31193511840202676
5,sharma2025_birth,EC1,CETI23-287,0.1219484852931338,-1.1185016811680348,-0.1746352910617564
5,sharma2025_birth,EC1,CETI23-287,0.160199972209146,-0.9101335916023707,-0.49213942727240834
5,sharma2025_birth,EC1,CETI23-287,0.1610080421842504,-0.9620118358384411,-0.7694442600956051
5,sharma2025_birth,EC1,CETI23-287,0.1770167343688606,-1.0841999049033446,-0.376665267960389
5,sharma2025_birth,EC1,CETI23-287,0.1362024591337303,-0.8882454341482019,-0.34434751617650156
5,sharma2025_birth,EC1,CETI23-287,0.1499675603600551,-0.7881869086864157,-0.7190395424771883
5,sharma2025_birth,EC1,CETI23-287,0.1492406146668135,-0.8687286892991893,-0.5675062718360131
5,sharma2025_birth,EC1,CETI23-287,0.1588642131814223,-0.7593511556561774,-0.6541571244075901
5,sharma2025_birth,EC1,CETI23-287,0.1282389183010937,-0.8235523977177773,-0.4553524804498863
5,sharma2025_birth,EC1,CETI23-287,0.145883045674933,-0.976996590970572,-0.5616470898664854
5,sharma2025_birth,EC1,CETI23-287,0.1343022896891852,-1.3857578072161212,-0.14714337843466613
5,sharma2025_birth,EC1,CETI23-287,0.1360443587422724,-1.248239735624566,-0.1517773761814977
5,sharma2025_birth,EC1,CETI23-287,0.1317999538686366,-1.0644960644230803,-0.19130008603583848
5,sharma2025_birth,EC1,CETI23-287,0.1395498504768849,-1.2439751649835524,-0.41841808485764104
5,sharma2025_birth,EC1,CETI23-287,0.1647837774751873,-1.037138736375825,-0.6383600735750252
5,sharma2025_birth,EC1,CETI23-287,0.1395861845371027,-1.110508956145184,-0.2909474823805619
5,sharma2025_birth,EC1,CETI23-287,0.1515142833096107,-1.209597646740092,-0.4161088552107415
5,sharma2025_birth,EC1,CETI23-287,0.1335394622357962,-1.1377722464374345,-0.3225057583239768
5,sharma2025_birth,EC1,CETI23-287,0.1410489900141417,-1.1074884546347294,-0.3869630867321527
5,sharma2025_birth,EC1,CETI23-287,0.170038447569283,-1.1038779683295075,-0.7691601117027866
5,sharma2025_birth,EC1,CETI23-287,0.1263231311507528,-1.1553765430045768,-0.3800577695715622
5,sharma2025_birth,EC1,CETI23-287,0.1272972767810469,-0.983949380541135,-0.3017782755579931
5,sharma2025_birth,EC1,CETI23-287,0.1252351386843057,-1.1766256418870018,-0.23046803080801984
5,sharma2025_birth,EC1,CETI23-287,0.1341622357137713,-1.1102076458352461,-0.5192504348456001
5,sharma2025_birth,EC1,CETI23-287,0.1357562466845553,-1.216451460987107,-0.32749264978286646
5,sharma2025_birth,EC1,CETI23-287,0.1307575924711261,-1.0021576767312717,-0.2933845086018054
5,sharma2025_birth,EC1,CETI23-287,0.1568138969066896,-1.2963453438657315,-0.6024919610702741
5,sharma2025_birth,EC1,CETI23-287,0.1317235518687867,-1.1225685115877575,-0.27044594692553253
5,sharma2025_birth,EC1,CETI23-287,0.1346412979446459,-1.3504164005438446,-0.14689584579166895
5,sharma2025_birth,EC1,CETI23-287,0.1343319588168657,-1.3846853666573606,-0.15723489401743102
5,sharma2025_birth,EC1,CETI23-287,0.1429706655387042,-1.3156364586466982,-0.338534612434369
5,sharma2025_birth,EC1,CETI23-287,0.1504205276026479,-1.4233467138726539,-0.3726186012399701
5,sharma2025_birth,EC1,CETI23-287,0.1303086686418655,-1.2046890852083267,-0.2788717706615275
5,sharma2025_birth,EC1,CETI23-287,0.1170760372737742,-1.1845316633361413,-0.07225670881107568
5,sharma2025_birth,EC1,CETI23-287,0.1359846660435099,-1.182920305342689,-0.24478696406486494
5,sharma2025_birth,EC1,CETI23-287,0.1388172008532616,-1.462942374869513,-0.1280975275848662
5,sharma2025_birth,EC1,CETI23-287,0.133618505349428,-1.2056594480348009,-0.2559706966731288
5,sharma2025_birth,EC1,CETI23-287,0.1586176597815006,-1.3656764696608386,-0.30393953882397534
5,sharma2025_birth,EC1,CETI23-287,0.1396212322168977,-0.9316513430389118,-0.24965148051586206
5,sharma2025_birth,EC1,CETI23-287,0.1498337056728953,-1.1892417816842498,-0.3740522331170223
5,sharma2025_birth,EC1,CETI23-287,0.1552564918646352,-1.3182681929194624,-0.37417002997423837
5,sharma2025_birth,EC1,CETI23-287,0.4407183047508866,-0.017596413351327556,-2.2976938075311697
5,sharma2025_birth,EC1,CETI23-287,0.1563770594493589,-1.0068820832829997,-0.4921016642507463
5,sharma2025_birth,EC1,CETI23-287,0.1526671067096351,-0.9675388449924347,-0.40041228704933596
5,sharma2025_birth,EC1,CETI23-287,0.1536737306090869,-0.9878028465889612,-0.44359583068017383
5,sharma2025_birth,EC1,CETI23-287,0.1512746852613372,-0.9738327052040894,-0.39214759807824173
5,sharma2025_birth,EC1,CETI23-287,0.2250998601648337,-1.6200440515039969,-1.3857692372712185
5,sharma2025_birth,EC1,CETI23-287,0.1714838540854796,-1.0010606164710265,-0.841516720041116
5,sharma2025_birth,EC1,CETI23-287,0.1666382369655694,-0.9630313895413656,-0.9094102800971602
5,sharma2025_birth,EC1,CETI23-287,0.1397567846407647,-1.2006374411750873,-0.29517349559893585
5,sharma2025_birth,EC1,CETI23-287,0.1480549124280769,-0.4800698774837427,-0.8977246402695973
5,sharma2025_birth,EC1,CETI23-287,0.1461149977758477,-1.1181760374919931,-0.4129379472031147
5,sharma2025_birth,EC1,CETI23-287,0.1377370610400691,-0.9595839750361957,-0.36551356109087957
5,sharma2025_birth,EC1,CETI23-287,0.1164591614535964,-0.9886697041131981,0.08099356167427242
5,sharma2025_birth,EC1,CETI23-287,0.1210396284975449,-0.9751256925410551,-0.11835646859428983
5,sharma2025_birth,EC1,CETI23-287,0.1171156848271707,-1.3893597163558753,0.2481045651275851
5,sharma2025_birth,EC1,CETI23-287,0.1948068743557057,-1.696367481056292,-0.8178426816484787
5,sharma2025_birth,EC1,CETI23-287,0.1395066325427054,-1.4545351089236622,-0.04565669339545024
5,sharma2025_birth,EC1,CETI23-287,0.1256484565693104,-1.3003640326677908,0.006228371840470218
5,sharma2025_birth,EC1,CETI23-287,0.1388700482766558,-1.404461004452272,-0.20234647095890185
5,sharma2025_birth,EC1,CETI23-287,0.1294408835373728,-1.3697545836213585,-0.043556653427174366
5,sharma2025_birth,EC1,CETI23-287,0.1438684027375904,-1.1834238139308133,-0.2962714475114055
5,sharma2025_birth,EC1,CETI23-287,0.131260580096662,-1.299006663494083,-0.14571287917602826
5,sharma2025_birth,EC1,CETI23-287,0.141851624171892,-1.236124243986861,-0.329961548247097
5,sharma2025_birth,EC1,CETI23-287,0.1435025053155693,-1.1044313858337078,-0.34853188854012496
5,sharma2025_birth,EC1,CETI23-287,0.136676096379867,-1.186865482297586,-0.2412471074303508
5,sharma2025_birth,EC1,CETI23-287,0.1345541757824653,-1.0666412539172205,-0.22395923495779385
5,sharma2025_birth,EC1,CETI23-287,0.1428968842094645,-1.3305665418197072,-0.22371823230121474
5,sharma2025_birth,EC1,CETI23-287,0.1213743799356958,-1.043846533041678,-0.23482876535055547
5,sharma2025_birth,EC1,CETI23-287,0.1527325664720926,-1.4909384256910525,-0.4448244999630456
5,sharma2025_birth,EC1,CETI23-287,0.1586958085267333,-0.08145757192993464,-1.168901219610161
5,sharma2025_birth,EC1,CETI23-287,0.1620736171803388,-0.0962697710927139,-1.2329088525563123
5,sharma2025_birth,EC1,CETI23-287,0.1582716897944992,-0.22448493128333316,-1.141703740445875
5,sharma2025_birth,EC1,CETI23-287,0.1464008367008656,-0.1215751436708416,-0.9192411907050414
5,sharma2025_birth,EC1,CETI23-287,0.1569086750501768,-0.1899304424113088,-1.1481415786285871
5,sharma2025_birth,EC1,CETI23-287,0.1403106701067585,-0.34696472642818177,-0.8573757677016898
5,sharma2025_birth,EC1,CETI23-287,0.1478138722196054,-0.024108194910383907,-0.875750251769378
5,sharma2025_birth,EC1,CETI23-287,0.162203786364194,-0.19788259705796557,-1.225481124535593
5,sharma2025_birth,EC1,CETI23-287,0.1603326613985145,0.07138257456725094,-1.1194465112493117
5,sharma2025_birth,EC1,CETI23-287,0.1645952926083984,0.09258622383077508,-1.1664311998039187
5,sharma2025_birth,EC1,CETI23-287,0.1040503122547754,-0.9004134700249637,0.08441049633977352
5,sharma2025_birth,EC1,CETI23-287,0.1340052809386699,-1.02946251748791,-0.39227982935277445
5,sharma2025_birth,EC1,CETI23-287,0.1100894781034829,-0.8916483285882405,-0.05730307055416491
5,sharma2025_birth,EC1,CETI23-287,0.1467637602744297,-1.2519886307370975,-0.38911276573872994
5,sharma2025_birth,EC1,CETI23-287,0.1467637602744297,-1.2519886307370975,-0.38911276573872994
5,sharma2025_birth,EC1,CETI23-287,0.1077521491327585,-1.0624014512069706,-0.02535693475784978
5,sharma2025_birth,EC1,CETI23-287,0.1211053186120298,-1.178260301390875,0.012054345158498958
5,sharma2025_birth,EC1,CETI23-287,0.1135994275782843,-0.9949395663021572,-0.11822631148859852
5,sharma2025_birth,EC1,CETI23-287,0.1224456493606663,-1.0331910913341038,-0.1310248041207352
5,sharma2025_birth,EC1,CETI23-287,0.1436269993120462,-1.0552809535115608,-0.3640998394328538
5,sharma2025_birth,EC1,CETI23-287,0.1436269993120462,-1.0552809535115608,-0.3640998394328538
5,sharma2025_birth,EC1,CETI23-287,0.1097125077946364,-0.8689091925197193,-0.06048339762856721
5,sharma2025_birth,EC1,CETI23-287,0.1222258299340248,-1.0505991395208443,-0.06466527770985374
5,sharma2025_birth,EC1,CETI23-287,0.1240159660132947,-1.1208187780649095,0.07447292297147623
5,sharma2025_birth,EC1,CETI23-287,0.119154864810443,-1.102094305171452,-0.05725094149839957
5,sharma2025_birth,EC1,CETI23-287,0.1101045062393477,-1.0394554626429064,-0.15128514605390636
5,sharma2025_birth,EC1,CETI23-287,0.1361083580277626,-1.035693713158714,-0.4388497526585607
5,sharma2025_birth,EC1,CETI23-287,0.131425473872093,-0.9748151870572314,-0.35633961247654666
5,sharma2025_birth,EC1,CETI23-287,0.1080981635105344,-0.8716347397860733,0.36047753085102285
5,sharma2025_birth,EC1,CETI23-287,0.1222682349032316,-0.9649801456985502,-0.14302531567731636
5,sharma2025_birth,EC1,CETI23-287,0.1118104972234821,-0.8165243041514338,0.0022543915294448297
5,sharma2025_birth,EC1,CETI23-287,0.1119758518220934,-0.5858127380274636,-0.10972787553327377
5,sharma2025_birth,EC1,CETI23-287,0.1361922647004806,-0.8350845601731332,-0.46451262614569677
5,sharma2025_birth,EC1,CETI23-287,0.1099149555868935,-0.8912359729105248,-0.0749880247108553
5,sharma2025_birth,EC1,CETI23-287,0.1136698810781384,-1.0403315057275977,-0.008880339264456583
5,sharma2025_birth,EC1,CETI23-287,0.1514590857495601,-0.5443240059541228,-0.7343652505676227
5,sharma2025_birth,EC1,CETI23-287,0.104618137360946,-0.8455712941117176,-0.0917299289674057
5,sharma2025_birth,EC1,CETI23-287,0.1080158358511788,-0.8131429964797647,0.03608776704014224
5,sharma2025_birth,EC1,CETI23-287,0.1279877036556081,-1.2033070486672264,-0.10892676096162819
5,sharma2025_birth,EC1,CETI23-287,0.1132557022612947,-0.8860530070250011,0.031761534018183754
5,sharma2025_birth,EC1,CETI23-287,0.1244593549709538,-1.0066313322811236,-0.20640744607793393
5,sharma2025_birth,EC1,CETI23-287,0.1249927044045022,-1.0251620488710067,-0.10134312842026211
5,sharma2025_birth,EC1,CETI23-287,0.1163819789505882,-0.9851410544702988,-0.07494793297578889
5,sharma2025_birth,EC1,CETI23-287,0.1438929137681205,-0.8626965422867782,-0.6201997877523873
5,sharma2025_birth,EC1,CETI23-287,0.1207963061774994,-0.8962752310026709,-0.21214740924719133
5,sharma2025_birth,EC1,CETI23-287,0.1376442683776181,-0.9201508250369239,-0.3900884630045649
5,sharma2025_birth,EC1,CETI23-287,0.1378807066645277,-0.49797817486534474,-0.4768417406813425
5,sharma2025_birth,EC1,CETI23-287,0.1343671695111404,-0.4717364866883931,-0.43292518704863403
5,sharma2025_birth,EC1,CETI23-287,0.1199453725378084,-0.9948458637121825,-0.14345090490943227
5,sharma2025_birth,EC1,CETI23-287,0.1497833092256122,-0.7917424827964705,-0.6943407155557163
5,sharma2025_birth,EC1,CETI23-287,0.1430852788798478,-0.9319617406800199,-0.41266863355945493
5,sharma2025_birth,EC1,CETI23-287,0.1262254667118144,-0.38424334179388653,-0.38151766185783004
5,sharma2025_birth,EC1,CETI23-287,0.119299833401738,-0.7586823848709084,0.06143097191034384
5,sharma2025_birth,EC1,CETI23-287,0.128847184633347,-1.2415126843143072,0.0391987782128457
5,sharma2025_birth,EC1,CETI23-287,0.148615939896844,-1.0956363038389314,-0.7343268345136924
5,sharma2025_birth,EC1,CETI23-287,0.1336182789627236,-1.0916128668502503,-0.24775400148400184
5,sharma2025_birth,EC1,CETI23-287,0.1416727339072112,-1.26594223237471,-0.27564044927093634
5,sharma2025_birth,EC1,CETI23-287,0.1227028531630071,-0.9957573525819511,0.009911921255287393
5,sharma2025_birth,EC1,CETI23-287,0.1290550431796636,-0.9381453409298974,-0.16226522779736116
5,sharma2025_birth,EC1,CETI23-287,0.1400297389667802,-0.9629956735757632,-0.4633632822082815
5,sharma2025_birth,EC1,CETI23-287,0.1600021621857085,-0.7913206628588141,-1.033540341036691
5,sharma2025_birth,EC1,CETI23-287,0.1365609446540393,-1.0693378218199048,-0.40988367946038207
5,sharma2025_birth,EC1,CETI23-287,0.1665951844896651,-0.9698711477609426,-0.67597919210145
5,sharma2025_birth,EC1,CETI23-287,0.1281556848924515,-1.0551206528800066,-0.2145308539772376
5,sharma2025_birth,EC1,CETI23-287,0.1522955127777782,-0.45430058085151137,-0.5395983472506678
5,sharma2025_birth,EC1,CETI23-287,0.145581626719931,-0.956103373775558,-0.5547854716524688
5,sharma2025_birth,EC1,CETI23-287,0.1537477352484161,-1.072056410199214,-0.8509256723570877
5,sharma2025_birth,EC1,CETI23-287,0.1474535382248262,-0.5420729094612822,-0.9360641613414823
5,sharma2025_birth,EC1,CETI23-287,0.1304057807597655,-0.7058257365460106,-0.5929038847545922
5,sharma2025_birth,EC1,CETI23-287,0.1210085459633434,-1.018502303087875,-0.022733609750069203
5,sharma2025_birth,EC1,CETI23-287,0.1508176266008955,-0.5690592878435828,-0.2874915444329081
5,sharma2025_birth,EC1,CETI23-287,0.1542575161822421,-0.30658877770718856,-1.1177319060032127
5,sharma2025_birth,EC1,CETI23-287,0.1519336705641766,-1.1036527201145843,-0.556436524267958
5,sharma2025_birth,EC1,CETI23-287,0.1521834752130223,0.010789587831148084,-1.0179071365323786
5,sharma2025_birth,EC1,CETI23-287,0.1312995310882553,-0.7733953846779402,-0.6144292682964639
5,sharma2025_birth,EC1,CETI23-287,0.1560331512715949,0.0016049523868869042,-1.0925605922390005
5,sharma2025_birth,EC1,CETI23-287,0.1149515142251047,-0.9448873958038463,-0.05715207718039698
5,sharma2025_birth,EC1,CETI23-287,0.1091480496919895,-0.8528852840404917,-0.04283626374376505
5,sharma2025_birth,EC1,CETI23-287,0.1215450989845911,-1.1534463605222993,0.02978722303850989
5,sharma2025_birth,EC1,CETI23-287,0.1240417741163111,-1.2244094392269191,-0.028647690972940898
5,sharma2025_birth,EC1,CETI23-287,0.1189457561149789,-1.3290431826470315,-0.010232962826646999
5,sharma2025_birth,EC1,CETI23-287,0.1427960116272479,-0.6748320497620348,-0.600699248829099
5,sharma2025_birth,EC1,CETI23-287,0.147164694660403,-1.3039895952185083,-0.35860008968965557
5,sharma2025_birth,EC1,CETI23-287,0.1368564884418751,-0.8641291990931634,-0.12581978550708994
5,sharma2025_birth,EC1,CETI23-287,0.1889849322926379,-1.5115464103781782,-0.723595438500245
5,sharma2025_birth,EC1,CETI23-287,0.1437858553342784,-1.336655833939954,-0.3917746361313768
5,sharma2025_birth,EC1,CETI23-287,0.1627746824446133,-1.3301264800003016,-0.6098638127636999
5,sharma2025_birth,EC1,CETI23-287,0.1627746824446133,-1.3301264800003016,-0.6098638127636999
5,sharma2025_birth,EC1,CETI23-287,0.1019283838073025,-1.1887775719050384,0.27219116033081614
5,sharma2025_birth,EC1,CETI23-287,0.1567897387746229,-1.313953269631832,-0.05897172299158489
5,sharma2025_birth,EC1,CETI23-287,0.1202113633178165,-1.2703285199308267,-0.22268609830243685
5,sharma2025_birth,EC1,CETI23-287,0.1268560915217189,-1.244510430377915,-0.2811364651171595
5,sharma2025_birth,EC1,CETI23-287,0.1189427587111516,-1.237339098043279,0.13603544071399762
5,sharma2025_birth,EC1,CETI23-287,0.1378230310284872,-1.1117963398510782,-0.4786303920243727
5,sharma2025_birth,EC1,CETI23-287,0.155591338457921,-1.1974955135708854,-0.5637251915034824
5,sharma2025_birth,EC1,CETI23-287,0.1525222111981478,-1.1909263567492743,-0.4528087016150358
5,sharma2025_birth,EC1,CETI23-287,0.193129946423753,-1.5087821231905851,-1.157617690967916
5,sharma2025_birth,EC1,CETI23-287,0.1121330225006047,-1.397878723241725,0.22073935497036795
5,sharma2025_birth,EC1,CETI23-287,0.1105710953909428,-1.375293423662769,0.12526825131744035
5,sharma2025_birth,EC1,CETI23-287,0.1481601752085755,-0.8627481361869098,-0.7277745557974542
5,sharma2025_birth,EC1,CETI23-287,0.1464974437153082,-0.8881662041040032,-0.6611328103160132
5,sharma2025_birth,EC1,CETI23-287,0.148465047175486,-0.3127890656851857,-0.9978214062377975
5,sharma2025_birth,EC1,CETI23-287,0.1688811652752782,-0.1411829733802639,-1.3393496265663072
5,sharma2025_birth,EC1,CETI23-287,0.1045232790992236,-0.9778513600038675,0.04371182885623638
5,sharma2025_birth,EC1,CETI23-287,0.1220959269282731,-0.785427211380074,-0.16310077730415368
5,sharma2025_birth,EC1,CETI23-287,0.1078145871291678,-1.0834761192326305,-0.01698201786460138
5,sharma2025_birth,EC1,CETI23-287,0.1092450813580599,-0.5766337562839363,-0.15136158979223688
5,sharma2025_birth,EC1,CETI23-287,0.1169652868007697,-1.1064563214476448,-0.04639789835446978
5,sharma2025_birth,EC1,CETI23-287,0.1352634263985216,-1.2466886368379853,-0.23384193855158075
5,sharma2025_birth,EC1,CETI23-287,0.1341137700048047,-1.1639463800226684,-0.5586390220798959
5,sharma2025_birth,EC1,CETI23-287,0.1288228968886982,-1.0515545020106472,-0.20281496849993239
5,sharma2025_birth,EC1,CETI23-287,0.1303396302538602,-1.110556553288611,-0.2276882020825016
5,sharma2025_birth,EC1,CETI23-287,0.1434306348370719,-0.8957091362606626,-0.23902589392324264
5,sharma2025_birth,EC1,CETI23-287,0.1189574245581206,-0.9399925384873806,-0.3258097882342438
5,sharma2025_birth,EC1,CETI23-287,0.1604437612688232,-0.7114366994312349,-0.939119748894644
5,sharma2025_birth,EC1,CETI23-287,0.1337034615548333,-0.859242148442873,-0.49818531214088496
5,sharma2025_birth,EC1,CETI23-287,0.1444101512502527,-0.7504134104789735,-0.8727930126166725
5,sharma2025_birth,EC1,CETI23-287,0.1245886392535335,-1.362074904002357,-0.04821501978127389
5,sharma2025_birth,EC1,CETI23-287,0.1243445006579327,-1.1962483101852806,-0.03734429404767084
5,sharma2025_birth,EC1,CETI23-287,0.1249322195484622,-1.1101296215853527,-0.07769303201120557
5,sharma2025_birth,EC1,CETI23-287,0.1279569386407922,-0.9659228425376875,-0.13593702554033177
5,sharma2025_birth,EC1,CETI23-287,0.1388511862954785,-1.0632895510290625,-0.20976451741728241
5,sharma2025_birth,EC1,CETI23-287,0.1404826285417115,-1.323812213959385,-0.24032914547633613
5,sharma2025_birth,EC1,CETI23-287,0.142880947784365,0.2126944677781452,-0.7198357522087151
5,sharma2025_birth,EC1,CETI23-287,0.1268567198939086,-1.4568120956712556,0.17626978912520314
5,sharma2025_birth,EC1,CETI23-287,0.1083622376898575,-1.4679282866263905,0.20851105302400216
5,sharma2025_birth,EC1,CETI23-287,0.1005002195284427,-1.406279836810204,0.4622123383559287
5,sharma2025_birth,EC1,CETI23-287,0.1160411699302053,-1.1707834902820289,0.03436918109133445
5,sharma2025_birth,EC1,CETI23-287,0.1352697980622506,-1.45315734898071,-0.31392984542815555
5,sharma2025_birth,EC1,CETI23-287,0.1143462848592461,-0.9520841621460758,-0.025793549169045762
5,sharma2025_birth,EC1,CETI23-287,0.111993006585089,-1.029123748672485,-0.02227380429534126
5,sharma2025_birth,EC1,CETI23-287,0.1082897372087266,-1.276498345514097,0.25589129666716703
5,sharma2025_birth,EC1,CETI23-287,0.111840965410248,-1.148215531454272,0.007848710189390234
5,sharma2025_birth,EC1,CETI23-287,0.1737983366277151,-1.3888520375910685,-0.6729350491868133
5,sharma2025_birth,EC1,CETI23-287,0.1175639595129968,-0.9585447059410408,0.004502806360784345
5,sharma2025_birth,EC1,CETI23-287,0.1228964085358278,-0.4376967484241947,-0.5292620795091427
5,sharma2025_birth,EC1,CETI23-287,0.1391731310743166,-0.8229763189246544,-0.33698135314142136
5,sharma2025_birth,EC1,CETI23-287,0.1292556994312745,-0.9654952110630818,-0.20231417589886552
5,sharma2025_birth,EC1,CETI23-287,0.1454981200685479,-1.103281741070985,-0.29943008969057683
5,sharma2025_birth,EC1,CETI23-287,0.1169560142146397,-0.9909829294017463,-0.055952343732202335
5,sharma2025_birth,EC1,CETI23-287,0.1154961711168156,-1.1329009826234728,0.012291094400597016
5,sharma2025_birth,EC1,CETI23-287,0.128146878642082,-1.125422718754832,-0.2556334835069088
5,sharma2025_birth,EC1,CETI23-287,0.1106207785079021,-1.0169224969174075,-0.0345848053493787
5,sharma2025_birth,EC1,CETI23-287,0.1158237134527011,-0.9017161045775873,-0.24501918765239614
5,sharma2025_birth,EC1,CETI23-287,0.1141403798956215,-1.122186929359754,-0.08809321453328757
5,sharma2025_birth,EC1,CETI23-287,0.1157835709801412,-1.3949960903953929,-0.009950535929790394
5,sharma2025_birth,EC1,CETI23-287,0.1164007447438822,-0.9379680730111201,-0.05111905997556339
5,sharma2025_birth,EC1,CETI23-287,0.1399263107403967,-1.496871732649503,0.009003970686498275
5,sharma2025_birth,EC1,CETI23-287,0.1390669405995991,-1.044070646024923,-0.6598173536363243
5,sharma2025_birth,EC1,CETI23-288,0.1085998128018373,-1.1853226454619055,0.029493224970713994
5,sharma2025_birth,EC1,CETI23-288,0.1246312927708696,-1.1592438075614848,-0.05356707318238946
5,sharma2025_birth,EC1,CETI23-288,0.1019715999503123,-1.0637139975670205,0.2585362725143359
5,sharma2025_birth,EC1,CETI23-288,0.1114691465719222,-0.767003510243515,0.14026264449628983
5,sharma2025_birth,EC1,CETI23-288,0.1374257884706882,-0.9738590657267954,-0.08683976400593474
5,sharma2025_birth,EC1,CETI23-288,0.1330760465344867,-1.3264340441195142,-0.1300848473182013
5,sharma2025_birth,EC1,CETI23-288,0.1157235548319751,-1.1213688671731863,0.0537346662563426
5,sharma2025_birth,EC1,CETI23-288,0.1516654494497734,-1.3804544249473163,-0.4957006785185596
5,sharma2025_birth,EC1,CETI23-288,0.1292776504818772,-1.2138104348238268,-0.33916152377329833
5,sharma2025_birth,EC1,CETI23-288,0.1341362468440285,-1.3793115524682977,-0.1681873936007427
5,sharma2025_birth,EC1,CETI23-288,0.1246372792993526,-0.5586868883787803,-0.35772796972821563
5,sharma2025_birth,EC1,CETI23-288,0.1523557137337253,-1.4320599483221956,-0.3404278994398666
5,sharma2025_birth,EC1,CETI23-288,0.1378986804349818,-1.2837205881134919,-0.24885413503071674
5,sharma2025_birth,EC1,CETI23-288,0.1278058832083196,-1.26488383929766,-0.15309077328226986
5,sharma2025_birth,EC1,CETI23-288,0.1314108929115714,-1.2753125780444465,-0.24840115324463946
5,sharma2025_birth,EC1,CETI23-288,0.131422766418527,-1.2792072567012072,-0.2497608407070835
5,sharma2025_birth,EC1,CETI23-288,0.1252548435218497,-1.3195419701429434,-0.15353343827720628
5,sharma2025_birth,EC1,CETI23-288,0.1166118363345553,-1.098769169247238,-0.13112984184326817
5,sharma2025_birth,EC1,CETI23-288,0.1085080286472001,-0.9048657816808293,0.04527353822289289
5,sharma2025_birth,EC1,CETI23-288,0.1198291291656417,-1.1492609336457327,-0.12626269488047184
5,sharma2025_birth,EC1,CETI23-288,0.1119243420094786,-1.484489981314226,0.11730741802994513
5,sharma2025_birth,EC1,CETI23-288,0.1339593964266993,-1.246880586827841,-0.18110409965460306
5,sharma2025_birth,EC1,CETI23-288,0.1084479767147757,-1.0042855836181677,0.004770771556539821
5,sharma2025_birth,EC1,CETI23-288,0.1334381404865541,-1.4675730153222597,-0.1156855846244332
5,sharma2025_birth,EC1,CETI23-288,0.1300159019861128,-1.1377907536716374,-0.19307263405680947
5,sharma2025_birth,EC1,CETI23-288,0.141561632562869,-1.2539511051393464,-0.1217314800563774
5,sharma2025_birth,EC1,CETI23-288,0.1136352162021899,-1.3073371660170738,0.21932482695537153
5,sharma2025_birth,EC1,CETI23-288,0.1515703659573367,-1.3805851418673667,-0.23666813069418752
5,sharma2025_birth,EC1,CETI23-288,0.1257042943977325,-1.0463627897561079,-0.23155522052809335
5,sharma2025_birth,EC1,CETI23-288,0.1599188972660308,-1.238959778733742,-0.48247235173359526
5,sharma2025_birth,EC1,CETI23-288,0.1792713560869004,-1.045952645748542,-0.9761961794404225
5,sharma2025_birth,EC1,CETI23-288,0.1444717901004934,-1.340790370391853,-0.37241228968647333
5,sharma2025_birth,EC1,CETI23-288,0.1300656515932811,-1.100655839394669,-0.07802697656553265
5,sharma2025_birth,EC1,CETI23-288,0.1243083251558872,-1.0310878113116393,-0.1872384144867605
5,sharma2025_birth,EC1,CETI23-288,0.1345906535305022,-1.0451555707021272,-0.3154035402891645
5,sharma2025_birth,EC1,CETI23-288,0.1517466761766451,-1.100621476807188,-0.4623110514177905
5,sharma2025_birth,EC1,CETI23-288,0.1247482453206787,-0.9795778521293012,-0.1112786052144474
5,sharma2025_birth,EC1,CETI23-288,0.11041048090523,-0.8937861486379377,-0.28736651649299516
5,sharma2025_birth,EC1,CETI23-288,0.1519103100002822,-0.8433905265432586,-0.6902134902129735
5,sharma2025_birth,EC1,CETI23-288,0.1516291352527082,-1.0675208339717663,0.09580749636872399
5,sharma2025_birth,EC1,CETI23-288,0.1596727770436872,-1.058082946975645,-0.863452290461322
5,sharma2025_birth,EC1,CETI23-288,0.1631688669245669,-1.1760175065242846,-0.28516730967081283
5,sharma2025_birth,EC1,CETI23-288,0.1692819779917986,-0.8347150878391578,-0.6788416213424746
5,sharma2025_birth,EC1,CETI23-288,0.1153495735799793,-1.4255461146883142,0.26634146113814006
5,sharma2025_birth,EC1,CETI23-288,0.1607327534762337,-0.3363777835526585,-0.1863488152830839
5,sharma2025_birth,EC1,CETI23-288,0.170897589232902,1.1077153834235558,-1.0332874424192018
5,sharma2025_birth,EC1,CETI23-288,0.1673440286973173,-1.4852474932996447,-0.2407025034506183
5,sharma2025_birth,EC1,CETI23-288,0.1125433848819786,-1.130251976794775,-0.09417401508992038
5,sharma2025_birth,EC1,CETI23-288,0.1388333183417896,-1.2433396552465341,-0.2651012929180936
5,sharma2025_birth,EC1,CETI23-288,0.1384818411539031,-1.1923608797177192,-0.41260253226008736
5,sharma2025_birth,EC1,CETI23-288,0.1266361908583183,-1.079145437023,-0.15214886956726853
5,sharma2025_birth,EC1,CETI23-288,0.1264284958942604,-1.2412496997174167,-0.11028283456353628
5,sharma2025_birth,EC1,CETI23-288,0.1313012264419152,-1.1242374077748507,-0.2831278850193043
5,sharma2025_birth,EC1,CETI23-288,0.1350755740337207,-1.0533967650119758,-0.40124643903062696
5,sharma2025_birth,EC1,CETI23-288,0.1334930528056343,-0.18628160927821383,-0.2871881896218376
5,sharma2025_birth,EC1,CETI23-288,0.1272947419074222,-0.9079594891390947,-0.37163049690660127
5,sharma2025_birth,EC1,CETI23-288,0.1426208583600864,-1.0797045909810241,-0.4852203265377163
5,sharma2025_birth,EC1,CETI23-288,0.183912916623895,-1.160481636948801,-0.9243362775183893
5,sharma2025_birth,EC1,CETI23-288,0.1404399491520643,-0.9538758363307254,-0.686970623143523
5,sharma2025_birth,EC1,CETI23-288,0.1404540227163561,-1.1025003110300846,-0.6217527147669595
5,sharma2025_birth,EC1,CETI23-288,0.148976279517515,-1.0416007891401553,-0.4905943244840913
5,sharma2025_birth,EC1,CETI23-288,0.148976279517515,-1.0416007891401553,-0.4905943244840913
5,sharma2025_birth,EC1,CETI23-288,0.3062861214966205,-0.592062436000369,-6.61917580823254
5,sharma2025_birth,EC1,CETI23-288,0.1514472589677518,-1.3388751260508363,-0.31618531090453833
5,sharma2025_birth,EC1,CETI23-288,0.1426277316206178,-0.007164464859107711,-0.8085136440169786
5,sharma2025_birth,EC1,CETI23-288,0.1279499256645229,-1.1086301007106134,-0.2923819580755928
5,sharma2025_birth,EC1,CETI23-288,0.1309880524793242,-1.2231271066108986,-0.39671983383972975
5,sharma2025_birth,EC1,CETI23-288,0.114246196251062,-0.8434314130616458,-0.1645833363952529
5,sharma2025_birth,EC1,CETI23-288,0.1117876000350483,-0.8217853574657731,0.10056244639593617
5,sharma2025_birth,EC1,CETI23-288,0.1610888346762245,-1.3253538005662466,-0.35471665944169345
5,sharma2025_birth,EC1,CETI23-288,0.1186170573131985,-1.0191369543361755,-0.061164202876860654
5,sharma2025_birth,EC1,CETI23-288,0.1013167765914517,-0.7752489599467002,-0.01496881210487816
5,sharma2025_birth,EC1,CETI23-288,0.1182648336116632,-0.23920130239832105,-0.3547917701828631
5,sharma2025_birth,EC1,CETI23-288,0.1238266880666526,-1.0391960511798097,-0.09471794818166802
5,sharma2025_birth,EC1,CETI23-288,0.1339736414314145,-0.5099371363011806,-0.667223876590202
5,sharma2025_birth,EC1,CETI23-288,0.1217108188912711,-0.8164996312524408,-0.20444200954018588
5,sharma2025_birth,EC1,CETI23-288,0.1539600597921914,-0.7075465532881589,-0.5407405016943353
5,sharma2025_birth,EC1,CETI23-288,0.1633623207190928,-1.0020943948962973,-0.8260910541250461
5,sharma2025_birth,EC1,CETI23-288,0.1990245186064794,0.11008384190235082,0.4644544481696298
5,sharma2025_birth,EC1,CETI23-288,0.1259423261785764,-1.1369038317610318,-0.20929876250308746
5,sharma2025_birth,EC1,CETI23-288,0.10762895011077,-0.8622958637776219,-0.06097241197104237
5,sharma2025_birth,EC1,CETI23-288,0.103817013609374,-1.3010019060915958,0.5249716506776544
5,sharma2025_birth,EC1,CETI23-288,0.1245345919599428,-0.6530862715190312,0.2986542872624464
5,sharma2025_birth,EC1,CETI23-288,0.1291399091051601,-1.0602809111904485,-0.18818513240329732
5,sharma2025_birth,EC1,CETI23-288,0.1255277126549594,-0.932222961898735,-0.24947710858433259
5,sharma2025_birth,EC1,CETI23-288,0.1284544236188215,-1.1495965484122654,-0.3764880337243911
5,sharma2025_birth,EC1,CETI23-288,0.1287687972135107,-1.2583625421773772,-0.3935160554109909
5,sharma2025_birth,EC1,CETI23-288,0.1311802891039796,-1.2859940772363896,-0.23299082914758654
5,sharma2025_birth,EC1,CETI23-288,0.1305059972148989,-1.5373918445732997,0.027537893215193454
5,sharma2025_birth,EC1,CETI23-288,0.1432102384605364,-1.456123702887961,-0.3276974241348324
5,sharma2025_birth,EC1,CETI23-288,0.1375867341943447,-1.2355307160791842,-0.42861653598659977
5,sharma2025_birth,EC1,CETI23-288,0.116347369790076,-1.236855549871383,-0.0657709743699337
5,sharma2025_birth,EC1,CETI23-288,0.1134830575085405,-1.1874904833400286,0.18229506298354997
5,sharma2025_birth,EC1,CETI23-288,0.1031528743198895,-1.1935801146598308,0.2944145119442758
5,sharma2025_birth,EC1,CETI23-288,0.1558359753365673,-0.9965208486633663,-0.8287910123733865
5,sharma2025_birth,EC1,CETI23-288,0.1600473159165957,-1.1449509259277,-0.6360601451338505
5,sharma2025_birth,EC1,CETI23-288,0.1430386176123181,-0.7438779866654016,-0.7637463497644489
5,sharma2025_birth,EC1,CETI23-288,0.1371976327082996,-1.1917668707584144,-0.3266798569752346
5,sharma2025_birth,EC1,CETI23-288,0.179162883860551,-0.7299862959886263,-1.1557389643110618
5,sharma2025_birth,EC1,CETI23-288,0.1682576318834597,-1.0839736936938649,-1.1259276979256838
5,sharma2025_birth,EC1,CETI23-288,0.1621710441467419,-1.0950145955234483,-0.9190334526776279
5,sharma2025_birth,EC1,CETI23-288,0.1283873499144008,-1.0558682069064425,-0.25980213877836333
5,sharma2025_birth,EC1,CETI23-288,0.3273964682392924,-1.9100731993996725,-2.6092144472262895
5,sharma2025_birth,EC1,CETI23-288,0.1269438576504827,-1.2102161300854581,-0.19108349288120513
5,sharma2025_birth,EC1,CETI23-288,0.1430399928396244,-1.2028445613335057,-0.2734742936167425
5,sharma2025_birth,EC1,CETI23-288,0.1058311898786957,-1.3841229602724727,0.4012205381973847
5,sharma2025_birth,EC1,CETI23-288,0.1231052884404791,-1.4003239588736716,-0.2821971906561412
5,sharma2025_birth,EC1,CETI23-288,0.1368815524807561,-1.0000091613707092,-0.4228896125717768
5,sharma2025_birth,EC1,CETI23-288,0.1290645745809841,-1.047462355400456,-0.23041154989601592
5,sharma2025_birth,EC1,CETI23-288,0.1394302033853828,0.20641471780812592,-0.6080028814999932
5,sharma2025_birth,EC1,CETI23-288,0.1353722288244269,-1.163772320301213,-0.18806438552663535
5,sharma2025_birth,EC1,CETI23-288,0.1535128749606856,-1.0446267986195303,-0.6344697503398488
5,sharma2025_birth,EC1,CETI23-288,0.1362585092576758,-1.2041621277755716,-0.3863454694360484
5,sharma2025_birth,EC1,CETI23-288,0.1331939095556822,-1.1893044093162752,-0.3982896804422451
5,sharma2025_birth,EC1,CETI23-288,0.1540522557639921,-0.7262163938354995,-0.8982277143022024
5,sharma2025_birth,EC1,CETI23-288,0.1249925842074912,-1.435086874929723,0.11322372937517776
5,sharma2025_birth,EC1,CETI23-288,0.1420992648003141,-1.1138800192271976,-0.48756520893660543
5,sharma2025_birth,EC1,CETI23-288,0.1259713840540111,-1.2987268556512501,-0.07543599216888525
5,sharma2025_birth,EC1,CETI23-288,0.1229668943120383,-1.2009649878597755,-0.14023216403397665
5,sharma2025_birth,EC1,CETI23-288,0.1258712510392979,-1.1073990227687298,-0.18762043361005637
5,sharma2025_birth,EC1,CETI23-288,0.1461485337178271,-1.325523902475424,-0.3837004872033117
5,sharma2025_birth,EC1,CETI23-288,0.1319344583685358,-1.062919902525021,-0.1485761348695343
5,sharma2025_birth,EC1,CETI23-288,0.111873694346722,-1.013098606973523,-0.1721038873282117
5,sharma2025_birth,EC1,CETI23-288,0.1394792417929322,-0.9106727392739128,-0.6241064066832074
5,sharma2025_birth,EC1,CETI23-288,0.1269813513075247,-1.2625718035375084,-0.032499351942510094
5,sharma2025_birth,EC1,CETI23-288,0.1409013571279971,-1.3687963957695763,-0.21400004146520318
5,sharma2025_birth,EC1,CETI23-288,0.1169587615349986,-1.1479886510565458,-0.020526096312590614
5,sharma2025_birth,EC1,CETI23-288,0.1407890764636677,-1.2771559091249958,-0.3477379360869195
5,sharma2025_birth,EC1,CETI23-288,0.1257264404190902,-1.436553752285922,0.10146966368045165
5,sharma2025_birth,EC1,CETI23-288,0.1342073156724156,-1.50722417794436,-0.002469556516749072
5,sharma2025_birth,EC1,CETI23-288,0.1313976507846737,-1.3857988932329373,-0.10846887943522984
5,sharma2025_birth,EC1,CETI23-288,0.1291917008292681,-1.1710351947484403,-0.19904809973920606
5,sharma2025_birth,EC1,CETI23-288,0.1456465642047564,-1.2465780396036608,-0.28414286087695895
5,sharma2025_birth,EC1,CETI23-288,0.1326443830160522,-0.9474246078468532,-0.1806325137522335
5,sharma2025_birth,EC1,CETI23-288,0.1356236004749621,-1.377248318773428,-0.17390540510021085
5,sharma2025_birth,EC1,CETI23-288,0.1519093619170059,-1.1424179056806538,-0.32810395515217683
5,sharma2025_birth,EC1,CETI23-288,0.1195664146349221,-1.344336300702578,0.3644742156576214
5,sharma2025_birth,EC1,CETI23-288,0.156686028837339,-0.8986396296519642,-0.48451101033156546
5,sharma2025_birth,EC1,CETI23-288,0.1167575233532157,-0.9821761643172099,-0.1416954601706485
5,sharma2025_birth,EC1,CETI23-288,0.1120258292251616,-0.9852515706002676,0.06847461991495452
5,sharma2025_birth,EC1,CETI23-289,0.129740261397755,-1.1671081166818764,0.02015626641568516
5,sharma2025_birth,EC1,CETI23-289,0.1260126390726106,-1.1997776428271805,-0.0756463101392415
5,sharma2025_birth,EC1,CETI23-289,0.1005022731321728,-1.1130297537108182,0.22597306322751237
5,sharma2025_birth,EC1,CETI23-289,0.135066569645285,-1.3119989348793637,-0.2108714970638509
5,sharma2025_birth,EC1,CETI23-289,0.1371978216060394,-1.2763703760948055,-0.12829979028057414
5,sharma2025_birth,EC1,CETI23-289,0.1141461312995663,-1.0328737348913704,-0.1514361339227373
5,sharma2025_birth,EC1,CETI23-289,0.1302297898018788,-0.916173747956336,-0.30964686521265494
5,sharma2025_birth,EC1,CETI23-289,0.1442551422538768,-1.0975274467397405,-0.34165476308478054
5,sharma2025_birth,EC1,CETI23-289,0.141467312309918,-1.4524861681426322,-0.08103956807748636
5,sharma2025_birth,EC1,CETI23-289,0.1598789418075887,-1.296057583701025,-0.4414371625254161
5,sharma2025_birth,EC1,CETI23-289,0.1518925149126068,-1.06438250746175,-0.3314085926020102
5,sharma2025_birth,EC1,CETI23-289,0.1366206936817775,-1.0633878449278926,-0.2606249730348622
5,sharma2025_birth,EC1,CETI23-289,0.1605706069671773,-0.8635173017497781,-0.24562645896651608
5,sharma2025_birth,EC1,CETI23-289,0.1428474119622804,-1.2274049828899156,-0.23501583318288408
5,sharma2025_birth,EC1,CETI23-289,0.1362605510219345,-1.0639213911509984,-0.1742482622787612
5,sharma2025_birth,EC1,CETI23-289,0.1371149153804573,-0.4250863905921516,-0.7561608364667031
5,sharma2025_birth,EC1,CETI23-289,0.1236179198035449,-0.5233461850502664,-0.517888826638863
5,sharma2025_birth,EC1,CETI23-289,0.1643572124434886,-0.41616343974137815,-1.2052685758751465
5,sharma2025_birth,EC1,CETI23-289,0.1410441343786243,-0.3559514940885167,-0.8290083714837039
5,sharma2025_birth,EC1,CETI23-289,0.1327343946060607,-0.29583183416297165,-0.6574582480218002
5,sharma2025_birth,EC1,CETI23-289,0.211179639256475,1.7015420115497084,-1.9507338505637442
5,sharma2025_birth,EC1,CETI23-289,0.1395073198152371,-0.26984447480482354,-0.7258549825972576
5,sharma2025_birth,EC1,CETI23-289,0.1734052903104917,0.527633150276074,-1.0092497723196896
5,sharma2025_birth,EC1,CETI23-289,0.1508121897181792,0.28124772754965544,-0.22789622976069354
5,sharma2025_birth,EC1,CETI23-289,0.1228360211009963,-0.4192284350185689,-0.4981063972392094
5,sharma2025_birth,EC1,CETI23-289,0.1337160411630335,-0.44083356445009686,-0.731171030308134
5,sharma2025_birth,EC1,CETI23-289,0.1489978726104273,-0.19410028768972634,-0.9685367903171845
5,sharma2025_birth,EC1,CETI23-289,0.1437204999751132,-0.14703273744485618,-0.6326356739574633
5,sharma2025_birth,EC1,CETI23-289,0.156605053084617,-0.1481260125304605,-1.091272209836812
5,sharma2025_birth,EC1,CETI23-289,0.1304064237983464,-0.33839749447655254,-0.6578682113329406
5,sharma2025_birth,EC1,CETI23-289,0.1339884222339664,-0.3786165672233318,-0.7277108737111393
5,sharma2025_birth,EC1,CETI23-289,0.1422374838340898,-0.3319872773236059,-0.8794239027612998
5,sharma2025_birth,EC1,CETI23-289,0.1280265532037091,-0.25574622766945165,-0.6019885579536278
5,sharma2025_birth,EC1,CETI23-289,0.102170298043495,-1.0984928872429292,0.0866015338034469
5,sharma2025_birth,EC1,CETI23-289,0.2163789156107414,-1.550836738576998,-1.35035182109196
5,sharma2025_birth,EC1,CETI23-289,0.1574894516666491,-1.2198102574915848,-0.6349494137364723
5,sharma2025_birth,EC1,CETI23-289,0.1232247830346439,-1.0511094891032708,-0.2135419232802928
5,sharma2025_birth,EC1,CETI23-289,0.1596044311665853,-1.1585271324838464,-0.36163107137342015
5,sharma2025_birth,EC1,CETI23-289,0.1102730357155196,-1.1240042688710639,0.1964228410028746
5,sharma2025_birth,EC1,CETI23-289,0.1322088643179719,-1.2776228818992754,-0.2863699299433
5,sharma2025_birth,EC1,CETI23-289,0.1235682043778484,-1.255941268208041,0.43579221395201345
5,sharma2025_birth,EC1,CETI23-289,0.1292888658135176,-1.308936862347591,0.047635561065888773
5,sharma2025_birth,EC1,CETI23-289,0.1506925787996577,-1.2641588399168513,-0.170019061369687
5,sharma2025_birth,EC1,CETI23-289,0.1054616686997804,-0.9135670255283269,0.21821118471042084
5,sharma2025_birth,EC1,CETI23-289,0.138359503144711,-1.300152337347284,-0.15898067607430816
5,sharma2025_birth,EC1,CETI23-289,0.152762211419696,-0.49740678152770884,-0.6598488113179799
5,sharma2025_birth,EC1,CETI23-289,0.1711713538822706,-1.428230911249436,-0.5204401962897344
5,sharma2025_birth,EC1,CETI23-289,0.1464264605209598,-1.2098783956404289,-0.19818458545654488
5,sharma2025_birth,EC1,CETI23-289,0.1468825727892659,-1.188326986348674,-0.3352087455474732
5,sharma2025_birth,EC1,CETI23-289,0.1306056347096387,-1.0499946712897532,-0.23360771944910086
5,sharma2025_birth,EC1,CETI23-289,0.1517385472299709,-1.3298493793837418,-0.165918390045605
5,sharma2025_birth,EC1,CETI23-289,0.132223045494282,-1.0368122413646357,-0.41689062980171965
5,sharma2025_birth,EC1,CETI23-289,0.132223045494282,-1.0368122413646357,-0.41689062980171965
5,sharma2025_birth,EC1,CETI23-289,0.1641072268497591,-1.1645815439718339,-0.48652407806849957
5,sharma2025_birth,EC1,CETI23-289,0.1361238689791602,-1.2675885740895774,-0.21737025068848215
5,sharma2025_birth,EC1,CETI23-289,0.1362473577260087,-1.2583403470009351,-0.21356736860575487
5,sharma2025_birth,EC1,CETI23-289,0.139515537969725,-1.0931467718855756,-0.38419601605350867
5,sharma2025_birth,EC1,CETI23-289,0.139515537969725,-1.0931467718855756,-0.38419601605350867
5,sharma2025_birth,EC1,CETI23-289,0.139515537969725,-1.0931467718855756,-0.38419601605350867
5,sharma2025_birth,EC1,CETI23-289,0.1413925305132575,-1.1900042456870334,-0.4676079573185122
5,sharma2025_birth,EC1,CETI23-289,0.139582195211754,-1.18568394128086,-0.4445248270974169
5,sharma2025_birth,EC1,CETI23-289,0.1207916729457262,-1.2187690607437789,0.027564244891494935
5,sharma2025_birth,EC1,CETI23-289,0.1221847576860418,-1.1286006926764383,0.1138001590913978
5,sharma2025_birth,EC1,CETI23-289,0.1401108041045579,-1.3191851143835744,-0.1857779502388662
5,sharma2025_birth,EC1,CETI23-289,0.124214091727238,-1.419892999863196,0.022908558518341088
5,sharma2025_birth,EC1,CETI23-289,0.1450627052081101,-1.2362108030856136,-0.1681821094970914
5,sharma2025_birth,EC1,CETI23-289,0.1444636087628718,-1.270820953812406,-0.23723245873333937
5,sharma2025_birth,EC1,CETI23-289,0.1365513739779125,-1.339284691800613,-0.1523952799472999
5,sharma2025_birth,EC1,CETI23-289,0.1375379287615026,-1.133289268431906,-0.18513426281831524
5,sharma2025_birth,EC1,CETI23-289,0.1635520844463817,-0.9270433484464489,-0.7931996273110454
5,sharma2025_birth,EC1,CETI23-289,0.1290514444737485,-1.2311044388159365,-0.14801675685022864
5,sharma2025_birth,EC1,CETI23-289,0.149425356421894,-1.2812737833957286,-0.3280011782297435
5,sharma2025_birth,EC1,CETI23-289,0.1491191829799042,-1.2398693936030898,-0.22308903073631575
5,sharma2025_birth,EC1,CETI23-289,0.1303506278540423,-1.08207077575762,-0.14507698893742693
5,sharma2025_birth,EC1,CETI23-289,0.139472481427739,-1.2568390511861294,-0.18198853850141888
5,sharma2025_birth,EC1,CETI23-289,0.1396608029363853,-1.3192170353342916,-0.1977468267078879
5,sharma2025_birth,EC1,CETI23-289,0.2107560154557127,-1.4495279583533383,-1.6216943377139343
5,sharma2025_birth,EC1,CETI23-289,0.1469090292409715,-1.2624762808157755,-0.1352398278982454
5,sharma2025_birth,EC1,CETI23-289,0.1640545932639296,-1.3598630132526526,-0.6363486626632703
5,sharma2025_birth,EC1,CETI23-289,0.128225958681767,-0.9339211266987859,-0.15429222637771833
5,sharma2025_birth,EC1,CETI23-289,0.1451403760834789,-0.9639456967206286,-0.35936187687451865
5,sharma2025_birth,EC1,CETI23-289,0.1274430130460397,-1.011625229425904,-0.3578815920572214
5,sharma2025_birth,EC1,CETI23-289,0.1063605742226473,-0.8704330730695263,0.05434716049655376
5,sharma2025_birth,EC1,CETI23-289,0.1332463961667414,-1.1483940342599772,-0.23283956229730762
5,sharma2025_birth,EC1,CETI23-289,0.1315153122014222,-1.2906637037692588,-0.2594222902083103
5,sharma2025_birth,EC1,CETI23-289,0.1338194746183004,-0.9324180506077443,-0.3054998444192629
5,sharma2025_birth,EC1,CETI23-289,0.107698741072857,-0.7821317586163123,-0.0787923932664755
5,sharma2025_birth,EC1,CETI23-289,0.1453513487647923,-1.3145953703473143,-0.47249245439661897
5,sharma2025_birth,EC1,CETI23-289,0.144406114381233,-1.1536344454105723,-0.38039873383442707
5,sharma2025_birth,EC1,CETI23-289,0.1420297257052143,-0.9479787739368385,-0.470898944024633
5,sharma2025_birth,EC1,CETI23-289,0.1687944129603507,-0.725294897543757,-0.9367068355622749
5,sharma2025_birth,EC1,CETI23-289,0.1149212123846322,-0.9185709831200483,-0.25847052283306876
5,sharma2025_birth,EC1,CETI23-289,0.114499118452226,-0.4046474911980402,-0.32722846404283523
5,sharma2025_birth,EC1,CETI23-289,0.1644359199759065,-0.22209353834373258,-1.2712344214048998
5,sharma2025_birth,EC1,CETI23-289,0.1285699742246249,-1.0738764759925217,-0.05218049838125537
5,sharma2025_birth,EC1,CETI23-289,0.1277912408052561,-1.0891057373148147,-0.2606822531270516
5,sharma2025_birth,EC1,CETI23-289,0.121168794086071,-1.111287418300567,-0.1299086719865278
5,sharma2025_birth,EC1,CETI23-289,0.1130037346337715,-0.8882872223758987,-0.08431292608148624
5,sharma2025_birth,EC1,CETI23-289,0.1828374370151742,-1.1279616336436808,-0.4521580175236633
5,sharma2025_birth,EC1,CETI23-289,0.1182427428283236,-1.1375214726295408,0.006809991499264492
5,sharma2025_birth,EC1,CETI23-289,0.1049718782261374,-1.2432172543924938,0.19582113958207142
5,sharma2025_birth,EC1,CETI23-289,0.1137098636790441,-0.8922245050348087,-0.2387437628006039
5,sharma2025_birth,EC1,CETI23-289,0.1243120231474951,-1.1907467880899303,0.12760665091595363
5,sharma2025_birth,EC1,CETI23-289,0.1208876899491729,-1.4604587741870165,0.23469968653910073
5,sharma2025_birth,EC1,CETI23-289,0.1160807744701926,-1.3101565524985057,0.126157772677577
5,sharma2025_birth,EC1,CETI23-289,0.1434062325882492,-1.168737031904915,-0.25526307760035116
5,sharma2025_birth,EC1,CETI23-289,0.1281196471005337,-1.0750565978060687,-0.09183225259597835
5,sharma2025_birth,EC1,CETI23-289,0.1619478487685598,-1.2427516235513885,-0.6402465779901586
5,sharma2025_birth,EC1,CETI23-289,0.1335111141756563,0.6625027010852738,2.139174490601188
5,sharma2025_birth,EC1,CETI23-289,0.109219655509427,-0.07322880286039149,0.6095591200199851
5,sharma2025_birth,EC1,CETI23-289,0.1362899769401649,-0.6138473936468236,-0.565368767783868
5,sharma2025_birth,EC1,CETI23-289,0.1350095607024999,-1.2761571826032527,-0.14183211895335374
5,sharma2025_birth,EC1,CETI23-289,0.1333888369968346,-1.2343053999170035,-0.22749624838146484
5,sharma2025_birth,EC1,CETI23-289,0.1419952144224622,-1.202242180814063,-0.35187122970185636
5,sharma2025_birth,EC1,CETI23-289,0.1159528587756841,-1.1791862395861146,0.0012292223849529882
5,sharma2025_birth,EC1,CETI23-289,0.1145939197691159,-1.1740599162937215,0.016388851181203062
5,sharma2025_birth,EC1,CETI23-289,0.1220252865473841,-1.0452774028355352,0.03416033569371632
5,sharma2025_birth,EC1,CETI23-289,0.115517026853418,-1.00003040791261,0.07764189149699573
5,sharma2025_birth,EC1,CETI23-289,0.1071713376951504,-0.8012762649259881,-0.1880733587557173
5,sharma2025_birth,EC1,CETI23-289,0.1140970267907629,-0.9616549602004907,0.08498396065962584
5,sharma2025_birth,EC1,CETI23-289,0.1199372628327004,-0.9048773543464818,-0.2593076854862699
5,sharma2025_birth,EC1,CETI23-289,0.1078642861599204,-0.8836336887609335,0.4184831583496089
5,sharma2025_birth,EC1,CETI23-289,0.1153118870371363,-0.778553000512525,-0.2186048116141045
5,sharma2025_birth,EC1,CETI23-289,0.1372564238197458,-0.85750690796363,-0.6798474631429585
5,sharma2025_birth,EC1,CETI23-289,0.1529147334966642,-0.8733487805525454,-0.3751375921336373
5,sharma2025_birth,EC1,CETI23-289,0.1006862559577524,-2.0656411673807837,0.9225904919014988
5,sharma2025_birth,EC1,CETI23-289,0.1148768919594014,-0.8163755117407399,0.14319289656544915
5,sharma2025_birth,EC1,CETI23-289,0.1421811590435384,-1.2680326342133084,-0.5314405151518458
5,sharma2025_birth,EC1,CETI23-289,0.1976380407896935,0.9038673298569968,-2.2158089307949855
5,sharma2025_birth,EC1,CETI23-289,0.1435901357730141,-1.2043375030155379,-0.40066573051422333
5,sharma2025_birth,EC1,CETI23-289,0.1472055400569316,-1.1542377051753787,-0.3406791856978683
5,sharma2025_birth,EC1,CETI23-289,0.1348088433086347,-1.2535221848668665,-0.369785517635497
5,sharma2025_birth,EC1,CETI23-289,0.1226162693904975,-1.1956804325491186,-0.0736674624432012
5,sharma2025_birth,EC1,CETI23-289,0.1434649793128885,-1.1902508151811912,-0.3681545385916699
5,sharma2025_birth,EC1,CETI23-289,0.1657711640797129,-1.3217358346454078,-0.6942370873310864
5,sharma2025_birth,EC1,CETI23-289,0.1093627615564575,-1.1885355708126009,0.051972021333276164
5,sharma2025_birth,EC1,CETI23-289,0.1290678307026809,-1.3836979475507345,-0.12129272703062312
5,sharma2025_birth,EC1,CETI23-289,0.1363688792670131,-1.1963902579468546,-0.373097056047238
5,sharma2025_birth,EC1,CETI23-289,0.1178432875516065,-1.2127625799831268,-0.11539920994697524
5,sharma2025_birth,EC1,CETI23-289,0.142268672974873,-0.8698747039056789,-0.3523579579592401
5,sharma2025_birth,EC1,CETI23-289,0.1449682303941724,-0.9010593431338028,-0.636000686959405
5,sharma2025_birth,EC1,CETI23-289,0.169661776790239,-1.2019565503168845,-0.8855031661453242
5,sharma2025_birth,EC1,CETI23-289,0.1279299344152626,-0.7913623622533463,-0.3318516154251234
5,sharma2025_birth,EC1,CETI23-289,0.1801516405217313,-1.2543103393982753,-0.537570289205245
5,sharma2025_birth,EC1,CETI23-289,0.1490688553975688,-0.8987125058854392,-0.5531665685616014
5,sharma2025_birth,EC1,CETI23-289,0.1298838246946844,-0.10362390080405015,-0.5867992868255848
5,sharma2025_birth,EC1,CETI23-289,0.1440426479494514,-0.10429730166025314,-0.8917947941330922
5,sharma2025_birth,EC1,CETI23-289,0.1357726856929391,-0.30690496121022753,-0.7099100085537746
5,sharma2025_birth,EC1,CETI23-289,0.1612420701496034,-0.8008443007452168,-0.9802630721403298
5,sharma2025_birth,EC1,CETI23-289,0.1376136225564105,-0.4113391336846843,-0.779921456161751
5,sharma2025_birth,EC1,CETI23-289,0.1279620000456225,-1.0304107481260194,-0.4243037037034608
5,sharma2025_birth,EC1,CETI23-289,0.2189849060582009,-0.8024842868572692,-0.5777077171442626
5,sharma2025_birth,EC1,CETI23-289,0.1618989655113764,0.11079817882455356,-1.1041733393563173
5,sharma2025_birth,EC1,CETI23-289,0.1350040449591262,-0.6752062755613184,-0.5601748490623787
5,sharma2025_birth,EC1,CETI23-289,0.1549540771149906,0.21012162372738225,-0.9802350845436626
5,sharma2025_birth,EC1,CETI23-289,0.1334643031560403,-0.6685416752554829,-0.5157733889145185
5,sharma2025_birth,EC1,CETI23-289,0.1472562310069687,-0.23773774754577953,-0.947170194059899
5,sharma2025_birth,EC1,CETI23-289,0.1544656381262096,-0.12444824887588807,-1.0835129328087962
5,sharma2025_birth,EC1,CETI23-289,0.1296002866068075,-0.2773559326314064,-0.6053907179269133
5,sharma2025_birth,EC1,CETI23-289,0.1352228437804268,-0.4217607097868597,-0.653504995945826
5,sharma2025_birth,EC1,CETI23-289,0.133793699975874,-0.32812987291672635,-0.70731476974201
5,sharma2025_birth,EC1,CETI23-289,0.1392944422029628,-0.31330677447889166,-0.8195132534695456
5,sharma2025_birth,EC1,CETI23-289,0.1281534863313519,-0.00576412718655217,-0.470576006260723
5,sharma2025_birth,EC1,CETI23-289,0.1314098007298406,-0.9876832522004962,-0.3938214191236068
5,sharma2025_birth,EC1,CETI23-289,0.1297935572708687,-1.2264720540929195,-0.3282308463758298
5,sharma2025_birth,EC1,CETI23-289,0.1363486452783815,-1.1905542739272454,-0.16029029435103176
5,sharma2025_birth,EC1,CETI23-289,0.1355273021652995,-1.3705913152436813,-0.14200113944230008
5,sharma2025_birth,EC1,CETI23-289,0.1266722166390324,-1.1091973453834805,-0.0742328485809009
5,sharma2025_birth,EC1,CETI23-289,0.1253034559215226,-1.3898389126053283,0.01871717095025356
5,sharma2025_birth,EC1,CETI23-289,0.1238380439788039,-1.20077506527424,-0.16544346001315324
5,sharma2025_birth,EC1,CETI23-289,0.1279854357770214,-1.4850951783086455,0.008488140640814407
5,sharma2025_birth,EC1,CETI23-289,0.1267779570138026,-1.1922877286430213,0.09946729316038008
5,sharma2025_birth,EC1,CETI23-289,0.1439705414416167,-0.24728471872757876,-0.8764486835952464
5,sharma2025_birth,EC1,CETI23-289,0.1443351609703283,-0.2565239880346807,-0.9051985531691313
5,sharma2025_birth,EC1,CETI23-289,0.1477419971004961,-0.17168321140784354,-0.9759165488169037
5,sharma2025_birth,EC1,CETI23-289,0.1386030285159515,-0.18478752075431382,-0.7970169424619828
5,sharma2025_birth,EC1,CETI23-289,0.1652431714487675,-0.05510792454966623,-1.2858121531310194
5,sharma2025_birth,EC1,CETI23-289,0.1530919471380889,-0.14978994918730254,-1.0479792240013153
5,sharma2025_birth,EC1,CETI23-289,0.1505924903262039,-0.10845854895685642,-0.9331676473649724
5,sharma2025_birth,EC1,CETI23-289,0.1505924903262039,-0.10845854895685642,-0.9331676473649724
5,sharma2025_birth,EC1,CETI23-289,0.1685815592258115,-0.24027504027086996,-1.3662374738109122
5,sharma2025_birth,EC1,CETI23-289,0.1412342973687304,0.17259629907798762,-0.63748532552084
5,sharma2025_birth,EC1,CETI23-289,0.1412342973687304,0.17259629907798762,-0.63748532552084
5,sharma2025_birth,EC1,CETI23-290,0.1309179635753261,-1.1538618320017573,-0.23384132107397626
5,sharma2025_birth,EC1,CETI23-290,0.1152150951968315,-1.1974663922843354,0.027735746830687927
5,sharma2025_birth,EC1,CETI23-290,0.1281842201656335,-1.415759243144154,-0.10380805557940473
5,sharma2025_birth,EC1,CETI23-290,0.1557510763565182,-1.6955424341454828,-0.26131054478113885
5,sharma2025_birth,EC1,CETI23-290,0.1270242131104806,-0.9663391239915697,-0.23531983887151114
5,sharma2025_birth,EC1,CETI23-290,0.1199068762122442,-1.2105961780466012,0.015024742062846347
5,sharma2025_birth,EC1,CETI23-290,0.1514027861279749,-1.44594493910127,-0.23510304933811305
5,sharma2025_birth,EC1,CETI23-290,0.1436938929015726,-0.03917781429838768,-0.8565284565713347
5,sharma2025_birth,EC1,CETI23-290,0.1523829732143305,-0.6224998007295359,-0.6496025432846142
5,sharma2025_birth,EC1,CETI23-290,0.1331420610862999,-0.1194644580007937,-0.6638998374052618
5,sharma2025_birth,EC1,CETI23-290,0.1463048140223483,-1.426220397671983,-0.001792510943902259
5,sharma2025_birth,EC1,CETI23-290,0.1349532298788765,-1.4336209937793623,-0.09175382139185745
5,sharma2025_birth,EC1,CETI23-290,0.1333463885084494,-1.507261475474545,-0.024634941403114632
5,sharma2025_birth,EC1,CETI23-290,0.1199957520027246,-1.3254007067316527,0.05319054844756259
5,sharma2025_birth,EC1,CETI23-290,0.1026498660879384,-1.1336768997462763,0.16599030419636718
5,sharma2025_birth,EC1,CETI23-290,0.1183102413287633,-0.9439233009944599,-0.2295254626014898
5,sharma2025_birth,EC1,CETI23-290,0.1412093873869379,-1.1185779197141719,-0.1688041089067252
5,sharma2025_birth,EC1,CETI23-290,0.1067791359146721,-0.968910713148025,-0.1032382096101359
5,sharma2025_birth,EC1,CETI23-290,0.104851643357503,-0.8801459359002256,0.19889957303077355
5,sharma2025_birth,EC1,CETI23-290,0.106039073423943,-1.0815596283786242,-0.022570440201241118
5,sharma2025_birth,EC1,CETI23-290,0.1337697604597018,-1.296386000745425,-0.10399562612470707
5,sharma2025_birth,EC1,CETI23-290,0.121122955188165,-1.0603303696871518,0.0033969447478805898
5,sharma2025_birth,EC1,CETI23-290,0.1123355393015494,-1.0026654441328515,-0.047776096085273084
5,sharma2025_birth,EC1,CETI23-290,0.1130669843365598,-1.1826701118052028,0.1534645707543485
5,sharma2025_birth,EC1,CETI23-290,0.1824164662968664,0.5730451913013315,-1.5005927641330747
5,sharma2025_birth,EC1,CETI23-290,0.1824164662968664,0.5730451913013315,-1.5005927641330747
5,sharma2025_birth,EC1,CETI23-290,0.1081530870342978,-1.0415862102734583,0.057382002474027805
5,sharma2025_birth,EC1,CETI23-290,0.126947162456718,-1.2434297093748345,-0.1646916214145578
5,sharma2025_birth,EC1,CETI23-290,0.1305619087401114,-0.3421002277690567,0.25710334640397303
5,sharma2025_birth,EC1,CETI23-290,0.1019564670007249,-1.0509086855998095,0.15509137269907086
5,sharma2025_birth,EC1,CETI23-290,0.1747876652966508,-1.2506442799099524,-0.38274349789122786
5,sharma2025_birth,EC1,CETI23-290,0.1512233252861088,-0.9045495913788805,-0.026850883411457204
5,sharma2025_birth,EC1,CETI23-290,0.1240843247529887,-1.1953353323463485,0.18638254492875178
5,sharma2025_birth,EC1,CETI23-290,0.1535620565991544,-1.5921691066921642,0.020623125436580236
5,sharma2025_birth,EC1,CETI23-290,0.1379011340870683,-1.3407786510594133,-0.108916705229974
5,sharma2025_birth,EC1,CETI23-290,0.2269637950254109,-0.06181316393680791,-1.1435119493576544
5,sharma2025_birth,EC1,CETI23-290,0.1177658623870027,-1.0013456827063685,-0.0909937299899897
5,sharma2025_birth,EC1,CETI23-290,0.1172422215141542,-0.9573322280520781,0.03127626096508529
5,sharma2025_birth,EC1,CETI23-290,0.1358296584992195,-1.331444295573966,-0.05942470295416097
5,sharma2025_birth,EC1,CETI23-290,0.1004567409305641,-0.7103540740083769,0.2999168655935496
5,sharma2025_birth,EC1,CETI23-290,0.1261064133389958,-1.2223410670854098,-0.08502678219633925
5,sharma2025_birth,EC1,CETI23-290,0.1266113553452549,-1.259642340672138,0.048610623442637335
5,sharma2025_birth,EC1,CETI23-290,0.1479598609918633,-0.615780072202128,-0.595296421617656
5,sharma2025_birth,EC1,CETI23-290,0.1383109529728587,-1.3871775214269468,-0.23312063311877557
5,sharma2025_birth,EC1,CETI23-290,0.1591060185317472,-1.462394536430422,-0.3118157500533033
5,sharma2025_birth,EC1,CETI23-290,0.1486899278755185,-1.2703631307852017,-0.3462380119009294
5,sharma2025_birth,EC1,CETI23-290,0.1326185959245861,-1.1718943419958088,-0.16408600896902606
5,sharma2025_birth,EC1,CETI23-290,0.1348405889126818,-1.125940039704837,-0.1474187795818693
5,sharma2025_birth,EC1,CETI23-290,0.1495209213773951,-1.2224036342176077,-0.20182076522784048
5,sharma2025_birth,EC1,CETI23-290,0.1443310934482172,-1.3282558304491514,-0.26718829565174307
5,sharma2025_birth,EC1,CETI23-290,0.1279450811319016,-1.3019151079775177,-0.22312598462744299
5,sharma2025_birth,EC1,CETI23-290,0.1302641059245824,-1.3065463185699306,-0.17924695954680436
5,sharma2025_birth,EC1,CETI23-290,0.1428727839974074,-1.2865304895357115,-0.15012150088954895
5,sharma2025_birth,EC1,CETI23-290,0.1453929991156384,-1.1415822476301496,-0.2023095455115156
5,sharma2025_birth,EC1,CETI23-290,0.1445462236249853,-1.242661492850871,-0.08475387873148658
5,sharma2025_birth,EC1,CETI23-290,0.1286358241812267,-0.9956570969109056,-0.0040974273620760435
5,sharma2025_birth,EC1,CETI23-290,0.111550793579516,-1.0058569780155104,0.12200088217159351
5,sharma2025_birth,EC1,CETI23-290,0.1129450652508745,-1.1384251879965794,0.015226201589842614
5,sharma2025_birth,EC1,CETI23-290,0.1389760509112745,-0.8479523066902694,-0.4451698932271303
5,sharma2025_birth,EC1,CETI23-290,0.1332038856971105,-1.2983746490807764,-0.019184895912355268
5,sharma2025_birth,EC1,CETI23-290,0.1211989264412735,-1.0546455890685251,-0.25292059768257813
5,sharma2025_birth,EC1,CETI23-290,0.1167360103982,-1.0801014707143644,-0.13126788255087918
5,sharma2025_birth,EC1,CETI23-290,0.117258267509945,-1.0222039015440827,-0.21434997905844475
5,sharma2025_birth,EC1,CETI23-290,0.1218619478525471,-1.1713345108744022,-0.09095860348383891
5,sharma2025_birth,EC1,CETI23-290,0.1229623699756563,-1.1242683329423522,-0.10745770306803086
5,sharma2025_birth,EC1,CETI23-290,0.1253344918689727,-1.1848474538843787,-0.08553569269127219
5,sharma2025_birth,EC1,CETI23-290,0.1258700625461293,-1.234263792048974,-0.16695270812513624
5,sharma2025_birth,EC1,CETI23-290,0.1714079774510628,-0.7473767468316206,0.3723749021530467
5,sharma2025_birth,EC1,CETI23-290,0.1210969095054698,-1.3455733953215077,0.11228880532355454
5,sharma2025_birth,EC1,CETI23-290,0.1261131900052599,-1.475625966263555,-0.008936338919125403
5,sharma2025_birth,EC1,CETI23-290,0.1215653357578096,-1.017548838663367,-0.06358803653326041
5,sharma2025_birth,EC1,CETI23-290,0.1590129628517929,-1.3416121513470538,-0.3934495551200927
5,sharma2025_birth,EC1,CETI23-290,0.1546046022152135,-1.25749001257809,-0.36204562017985187
5,sharma2025_birth,EC1,CETI23-290,0.126816083727768,-1.2213260510577624,-0.2007499026854942
5,sharma2025_birth,EC1,CETI23-290,0.1461151836260056,-1.5164301842390469,-0.4387466777759933
5,sharma2025_birth,EC1,CETI23-290,0.1491170669520092,-1.2866976745279133,-0.4546796095170354
5,sharma2025_birth,EC1,CETI23-290,0.118485603883291,-0.8738909905155372,-0.35642084495796056
5,sharma2025_birth,EC1,CETI23-290,0.1028949194639593,-0.9176466542991879,0.08591427013531056
5,sharma2025_birth,EC1,CETI23-290,0.1140904063438954,-0.9461429358510771,0.041172300144913174
5,sharma2025_birth,EC1,CETI23-290,0.1476505118126516,-0.40574194220575166,-0.4127996860589769
5,sharma2025_birth,EC1,CETI23-290,0.1164914439408499,-0.1701158567710499,-0.33342292884338015
5,sharma2025_birth,EC1,CETI23-290,0.1271362760851131,-0.4020373396908145,-0.6032635409072973
5,sharma2025_birth,EC1,CETI23-290,0.1238562868825852,-0.3284301014700556,-0.5071587495621159
5,sharma2025_birth,EC1,CETI23-290,0.1222679388435682,-0.28306061390700976,-0.43642599519101694
5,sharma2025_birth,EC1,CETI23-290,0.1381199527757305,-0.2821775180106125,-0.8073954746072792
5,sharma2025_birth,EC1,CETI23-290,0.1727423106476115,-1.4241813100580858,-0.5061760117718792
5,sharma2025_birth,EC1,CETI23-290,0.1600138247435299,-0.8503618485523695,-0.8916341175901736
5,sharma2025_birth,EC1,CETI23-290,0.1379498566888832,-1.1047476140452377,-0.3392082782203632
5,sharma2025_birth,EC1,CETI23-290,0.1237590896810156,-0.9635784213931452,-0.007747935972636011
5,sharma2025_birth,EC1,CETI23-290,0.1172241680795507,-1.0480760211397226,0.05751196421361346
5,sharma2025_birth,EC1,CETI23-290,0.1462813674553013,-1.127342465013418,-0.3682065982912652
5,sharma2025_birth,EC1,CETI23-290,0.1343193603477979,-1.1462141632004768,-0.29046099875407816
5,sharma2025_birth,EC1,CETI23-290,0.172837167388858,-1.3045361089413026,-0.5191784576607006
5,sharma2025_birth,EC1,CETI23-290,0.16980325756653,-1.2994277480176992,-0.4693932397112365
5,sharma2025_birth,EC1,CETI23-290,0.1607563456494111,-1.2549730966103136,-0.3005294415240568
5,sharma2025_birth,EC1,CETI23-290,0.1595210557764297,-1.227861043572572,-0.2997563151140328
5,sharma2025_birth,EC1,CETI23-290,0.1715416901050672,-1.331057053739991,-0.7994647328735889
5,sharma2025_birth,EC1,CETI23-290,0.164640034968277,-1.2418575823828317,-0.7687376793761536
5,sharma2025_birth,EC1,CETI23-290,0.1752805950916139,-0.8809915080902062,-1.1368295828480004
5,sharma2025_birth,EC1,CETI23-290,0.1413373030901558,-1.0317471153072633,-0.4273233590965204
5,sharma2025_birth,EC1,CETI23-290,0.1315062737701154,-1.1485025426066504,-0.2323553387850131
5,sharma2025_birth,EC1,CETI23-290,0.1341527737652775,-1.1520665640364047,-0.4412880604253381
5,sharma2025_birth,EC1,CETI23-290,0.1460799291793895,-1.2041490333152232,-0.4534522665086713
5,sharma2025_birth,EC1,CETI23-290,0.1527654308071281,-1.6117682664717672,-0.28835061297600156
5,sharma2025_birth,EC1,CETI23-290,0.1444129234082389,-1.2719853512864834,-0.32167985315500697
5,sharma2025_birth,EC1,CETI23-290,0.1100803151365095,-0.9862841940807272,0.13966879657574083
5,sharma2025_birth,EC1,CETI23-290,0.1451134211038216,-1.2836617756839073,-0.16227351718227861
5,sharma2025_birth,EC1,CETI23-290,0.2975024450811933,0.8794442749366047,0.4265511596507119
5,sharma2025_birth,EC1,CETI23-290,0.1473657023635144,-1.1842189679843595,-0.17083851565710323
5,sharma2025_birth,EC1,CETI23-290,0.1684844630897422,-0.5716762387596992,-0.43186456505787996
5,sharma2025_birth,EC1,CETI23-290,0.1595520142700272,-0.8691254354062314,-0.6923974116861936
5,sharma2025_birth,EC1,CETI23-290,0.1517873021253118,-1.1792194268676615,-0.4533444630612521
5,sharma2025_birth,EC1,CETI23-290,0.1189955345687747,-1.328182065593658,0.3730456898115301
5,sharma2025_birth,EC1,CETI23-290,0.1046050942380333,-1.1131026083306923,0.08871934635751821
5,sharma2025_birth,EC1,CETI23-290,0.131774302476217,-1.4641699552065726,0.06693126635193469
5,sharma2025_birth,EC1,CETI23-290,0.1405142481901773,-1.1869576905372061,-0.3233017184418361
5,sharma2025_birth,EC1,CETI23-290,0.1226734917774594,-1.3813060612088268,0.0605806781941568
5,sharma2025_birth,EC1,CETI23-290,0.1444964415280311,-0.8948659709420346,-0.3297151739882792
5,sharma2025_birth,EC1,CETI23-290,0.1346905785143694,-1.1154769235278648,-0.30799973670307035
5,sharma2025_birth,EC1,CETI23-290,0.1447440977718474,-1.2920281080441285,-0.32527389098185233
5,sharma2025_birth,EC1,CETI23-290,0.1608643323086942,0.058015171744220884,-1.0809015773713857
5,sharma2025_birth,EC1,CETI23-290,0.1683541778924933,-0.05536708509866878,-1.3585060871390342
5,sharma2025_birth,EC1,CETI23-290,0.1640168081212086,-0.4823452052496836,-1.2645173430382601
5,sharma2025_birth,EC1,CETI23-290,0.1463583440248951,-0.5116538811525895,-0.9571394160705566
5,sharma2025_birth,EC1,CETI23-290,0.1078199872703539,-1.1829164966241748,0.048066869662331535
5,sharma2025_birth,EC1,CETI23-290,0.1382299448411686,-1.3375984556668257,-0.20619393108992173
5,sharma2025_birth,EC1,CETI23-290,0.1184202858460358,-1.1214947289354922,0.034594243819434684
5,sharma2025_birth,EC1,CETI23-290,0.1271611491999199,-1.652737596357596,0.32039221181214217
5,sharma2025_birth,EC1,CETI23-290,0.1219992916307188,-1.1286585536034548,-0.12248750266443509
5,sharma2025_birth,EC1,CETI23-290,0.1555524712482122,-0.16576580725891643,-1.119452602118007
5,sharma2025_birth,EC1,CETI23-290,0.1322971946120703,-0.9572764895317629,-0.4770443844638666
5,sharma2025_birth,EC1,CETI23-290,0.1358004415409347,-0.33901551715501205,-0.7756477585803171
5,sharma2025_birth,EC1,CETI23-290,0.136234473459935,-0.42845348277842976,-0.7802921870697912
5,sharma2025_birth,EC1,CETI23-290,0.1629130630233921,-0.3834380148673232,-1.2911964228660155
5,sharma2025_birth,EC1,CETI23-290,0.158749660671922,-0.20596216647167137,-1.1587625786357714
5,sharma2025_birth,EC1,CETI23-290,0.1602618126671299,-1.0126003893770124,-0.2298870690321148
5,sharma2025_birth,EC1,CETI23-290,0.131593011453111,-1.1043815913882908,-0.2431127540392111
5,sharma2025_birth,EC1,CETI23-290,0.1382757421649106,-1.210991868691786,-0.2848232179854654
5,sharma2025_birth,EC1,CETI23-290,0.1575807203260051,-0.9803018525339646,-0.6387969099018179
5,sharma2025_birth,EC1,CETI23-290,0.1305140121692893,-0.8025442319703878,-0.46649942824635593
5,sharma2025_birth,EC1,CETI23-290,0.1642942715664689,-0.9268315476113527,-0.7204220324149851
5,sharma2025_birth,EC1,CETI23-290,0.1551422671302794,-0.9538352565433371,-0.769649388324364
5,sharma2025_birth,EC1,CETI23-290,0.1409296548191723,-0.9417356645943182,-0.4826451023587476
5,sharma2025_birth,EC1,CETI23-290,0.1518605205303823,-1.0078524106571023,-0.12498747848475096
5,sharma2025_birth,EC1,CETI23-290,0.1447158262557583,-1.4252461455465957,-0.1922203538386883
5,sharma2025_birth,EC1,CETI23-290,0.1440226307490268,-1.3271807967954938,-0.2237927229348728
5,sharma2025_birth,EC1,CETI23-290,0.1554595885072367,-1.153878179998691,-0.41867766409352725
5,sharma2025_birth,EC1,CETI23-290,0.1519434223459824,-0.9290580689049668,-0.7578645821640583
5,sharma2025_birth,EC1,CETI23-290,0.1527602312989349,-0.8859856170165131,-0.6522568939376032
5,sharma2025_birth,EC1,CETI23-290,0.1666080088202839,-2.1855434718666586,-0.5948927804591365
5,sharma2025_birth,EC1,CETI23-290,0.1399383196203999,-1.0744916692977864,-0.27922931266063666
5,sharma2025_birth,EC1,CETI23-290,0.1242719361018482,-1.0546554680238116,-0.13588649753969295
5,sharma2025_birth,EC1,CETI23-290,0.1660777329176841,-0.45249173422466615,-1.35407556258186
5,sharma2025_birth,EC1,CETI23-290,0.1396300079672795,-1.0598445205756841,-0.2661686333923343
5,sharma2025_birth,EC1,CETI23-290,0.1460972118374746,-0.13442089340293442,-0.8641157687967737
5,sharma2025_birth,EC1,CETI23-290,0.1252505382956049,-1.0694183717298222,-0.2795043093084685
5,sharma2025_birth,EC1,CETI23-290,0.1402813185232281,-0.8454364499761964,0.18193081211729067
5,sharma2025_birth,EC1,CETI23-290,0.1446859700695869,-0.15887191072079587,-0.9147578860520159
5,sharma2025_birth,EC1,CETI23-290,0.1225384288908926,-1.1870881745827926,0.02403179426292175
5,sharma2025_birth,EC1,CETI23-290,0.1281122832879934,-1.260937724844665,0.09075009323752774
5,sharma2025_birth,EC1,CETI23-290,0.1678665543292259,0.1669067544193086,-0.5887381808083026
5,sharma2025_birth,EC1,CETI23-290,0.1528856311246722,-1.1722808269431437,-0.31354661940562106
5,sharma2025_birth,EC1,CETI23-290,0.1557780643879429,-0.42577158068184945,-1.0944747408474116
5,sharma2025_birth,EC1,CETI23-290,0.1371068543591442,-1.2475032090690967,-0.30044694969783636
5,sharma2025_birth,EC1,CETI23-290,0.1623509801025864,-1.3392212138134285,-0.42489230423151053
5,sharma2025_birth,EC1,CETI23-290,0.1522325516246192,-0.13269447955345043,-1.0221643947507344
5,sharma2025_birth,EC1,CETI23-290,0.1436201058660814,-0.9572061782054417,-0.5143342726434097
5,sharma2025_birth,EC1,CETI23-290,0.1411138221933008,-0.1736158165117359,-0.7944528853674526
5,sharma2025_birth,EC1,CETI23-290,0.1271783046820872,-1.0371230782132241,-0.16801307189456738
5,sharma2025_birth,EC1,CETI23-290,0.1271783046820872,-1.0371230782132241,-0.16801307189456738
5,sharma2025_birth,EC1,CETI23-290,0.1393241037401339,-0.10259088717463666,-0.7337982907744236
5,sharma2025_birth,EC1,CETI23-290,0.1356660173443842,-1.0359669377267493,-0.24861048820954845
5,sharma2025_birth,EC1,CETI23-290,0.1494943410735997,-1.1687669533961382,-0.37937658034181676
5,sharma2025_birth,EC1,CETI23-290,0.1278612451932528,-0.9127031130826555,-0.30348825870030144
5,sharma2025_birth,EC1,CETI23-290,0.1707682950228621,-1.0884305897351374,-1.002162587035062
5,sharma2025_birth,EC1,CETI23-290,0.1422197808004893,-1.0351024126684634,-0.5715423245091984
5,sharma2025_birth,EC1,CETI23-290,0.1685827334649198,-0.47471580743036984,-1.244277496647692
5,sharma2025_birth,EC1,CETI23-290,0.1616122548504194,-1.0686573702338034,-0.8892803338167333
5,sharma2025_birth,EC1,CETI23-290,0.1677754469747892,-0.9589730907221193,-0.660247653633761
5,sharma2025_birth,EC1,CETI23-290,0.1062956580096479,-0.9336651572191376,0.07004865808553132
5,sharma2025_birth,EC1,CETI23-290,0.1533946308889839,-0.93470190236134,-0.6195681286908862
5,sharma2025_birth,EC1,CETI23-290,0.1290512572085418,-1.0136738791767017,-0.2684157817097438
5,sharma2025_birth,EC1,CETI23-290,0.1220961332124315,-0.677545857433278,-0.3716983877773521
5,sharma2025_birth,EC1,CETI23-290,0.1520734148006152,-1.1834659588350913,-0.4954862753226739
5,sharma2025_birth,EC1,CETI23-291,0.1233062488495,-0.961004364226629,-0.3111362960930224
5,sharma2025_birth,EC1,CETI23-291,0.1518203899117268,-1.1372860596157528,-0.5126664089096689
5,sharma2025_birth,EC1,CETI23-291,0.1262420251348804,-1.1357058766283825,-0.1615699091702939
5,sharma2025_birth,EC1,CETI23-291,0.1359097651439092,-1.285240019142369,-0.07996605416872028
5,sharma2025_birth,EC1,CETI23-291,0.1105894756407876,-1.0673478383811872,0.12667883620228354
5,sharma2025_birth,EC1,CETI23-291,0.1388505444440176,-1.1771706556443005,-0.26500855568176473
5,sharma2025_birth,EC1,CETI23-291,0.1178178774758346,0.0980040891742775,2.4595243380581278
5,sharma2025_birth,EC1,CETI23-291,0.1867421888977883,-1.3358915789395605,-0.9212701851390008
5,sharma2025_birth,EC1,CETI23-291,0.1487599750295676,-0.3709879617006351,-1.027883269008307
5,sharma2025_birth,EC1,CETI23-291,0.1402633939273646,-0.020876846815725325,-0.757855716894744
5,sharma2025_birth,EC1,CETI23-291,0.1297407945829645,-0.4138151574080374,-0.5408577175761675
5,sharma2025_birth,EC1,CETI23-291,0.1248462768442743,-0.22278591684927684,-0.503537890168048
5,sharma2025_birth,EC1,CETI23-291,0.1616401558840161,-0.36899850245102084,-1.2610056018627476
5,sharma2025_birth,EC1,CETI23-291,0.1411724301619641,-0.3657566501393759,-0.8645390835475955
5,sharma2025_birth,EC1,CETI23-291,0.1505292440859375,-0.016450749301675338,-0.9896571386355726
5,sharma2025_birth,EC1,CETI23-291,0.1512656286262405,0.10028503727418253,-0.9316791087496019
5,sharma2025_birth,EC1,CETI23-291,0.1462117922547791,-1.0330999217699675,-0.40966789858349534
5,sharma2025_birth,EC1,CETI23-291,0.1340833153791251,-1.2750610979492427,-0.44808059684511237
5,sharma2025_birth,EC1,CETI23-291,0.1280887049273468,-1.2315370102325396,-0.13685616393203703
5,sharma2025_birth,EC1,CETI23-291,0.1299934691382476,-1.3782007277001134,0.041235459990133005
5,sharma2025_birth,EC1,CETI23-291,0.1299337084515984,-1.1393661030603777,-0.20303629469193865
5,sharma2025_birth,EC1,CETI23-291,0.1358079690787248,-1.2334823933887902,-0.1546312558388962
5,sharma2025_birth,EC1,CETI23-291,0.1355301622407237,-1.1696158778265648,-0.25287889051622403
5,sharma2025_birth,EC1,CETI23-291,0.1357075166834421,-1.2872495284904018,-0.09983165427297344
5,sharma2025_birth,EC1,CETI23-291,0.1159086807657681,-1.4567849367919412,0.492591713768316
5,sharma2025_birth,EC1,CETI23-291,0.1372993950604525,-1.313665988990703,-0.153568740930885
5,sharma2025_birth,EC1,CETI23-291,0.124125845833825,-1.0755594638189012,-0.252297602561139
5,sharma2025_birth,EC1,CETI23-291,0.1063554784570881,-0.970080260877608,0.06252998358120306
5,sharma2025_birth,EC1,CETI23-291,0.1031144473771899,-0.87541760759561,0.13790868787323995
5,sharma2025_birth,EC1,CETI23-291,0.1305331809892063,-1.3130486191344013,-0.12945327798562137
5,sharma2025_birth,EC1,CETI23-291,0.1519488334385547,-1.2006101581903654,-0.42940672583631756
5,sharma2025_birth,EC1,CETI23-291,0.1272316945658057,-0.5800196533127628,-0.5913385890676066
5,sharma2025_birth,EC1,CETI23-291,0.1492127985479773,-0.5527832864804155,-0.638829364624949
5,sharma2025_birth,EC1,CETI23-291,0.1375457963648011,-1.8818706251182533,0.6539986350904265
5,sharma2025_birth,EC1,CETI23-291,0.105063744527501,-1.7032919926882668,0.5540802703417886
5,sharma2025_birth,EC1,CETI23-291,0.1435837442763479,-0.7117774727941582,-0.7333004113597859
5,sharma2025_birth,EC1,CETI23-291,0.1540408071362999,-0.8326340168798647,-0.5011492860695005
5,sharma2025_birth,EC1,CETI23-291,0.1350558304801661,-1.3536747521775176,-0.09913740422747593
5,sharma2025_birth,EC1,CETI23-291,0.1558696971085567,-0.5320782388392483,-0.5089316433571787
5,sharma2025_birth,EC1,CETI23-291,0.1268636841743815,-1.247741927452616,-0.1297461760763426
5,sharma2025_birth,EC1,CETI23-291,0.1343295588167921,-0.8529446615727225,-0.509233605396573
5,sharma2025_birth,EC1,CETI23-291,0.126192117457858,-0.5677838484862614,-0.3706372985677047
5,sharma2025_birth,EC1,CETI23-291,0.1382882601064618,-0.7319725156518613,-0.642638169616161
5,sharma2025_birth,EC1,CETI23-291,0.1631455503634991,-1.1769971512377608,-0.4880682016759105
5,sharma2025_birth,EC1,CETI23-292,0.1380695913976395,-0.28031736039045724,-0.7995905309113145
5,sharma2025_birth,EC1,CETI23-292,0.1004805479665333,-0.88780174613595,0.11825867827755884
5,sharma2025_birth,EC1,CETI23-292,0.1460818503290231,-1.1614906522914734,-0.10604501150072362
5,sharma2025_birth,EC1,CETI23-292,0.1340309811385747,-0.2568851994895086,-0.6186978555069721
5,sharma2025_birth,EC1,CETI23-292,0.1424633707427481,-0.6680555590913239,-0.7528727218991591
5,sharma2025_birth,EC1,CETI23-292,0.1312029277923076,-0.9706942821803517,-0.4287952379366699
5,sharma2025_birth,EC1,CETI23-292,0.1288005640605236,-0.0208446901060359,-0.5248881847600195
5,sharma2025_birth,EC1,CETI23-292,0.1495012172061758,-1.011075882618743,-0.5873643864669605
5,sharma2025_birth,EC1,CETI23-292,0.1011497852259546,-1.0813478451863527,0.14377304319262388
5,sharma2025_birth,EC1,CETI23-292,0.1359979779950977,-1.197635169268464,-0.2421237812405796
5,sharma2025_birth,EC1,CETI23-292,0.1148887104098275,-0.733373906522871,-0.27879835589547586
5,sharma2025_birth,EC1,CETI23-292,0.1370685580523849,-0.18399066881659304,-0.7143142364627634
5,sharma2025_birth,EC1,CETI23-292,0.106722899594134,-1.10879902667448,0.2210337158515102
5,sharma2025_birth,EC1,CETI23-292,0.1327782143299505,-0.7737679341128774,-0.4444080296447196
5,sharma2025_birth,EC1,CETI23-292,0.1464300079631678,-0.1882956426779847,-0.9143162582439415
5,sharma2025_birth,EC1,CETI23-292,0.1243474499218152,-1.1552114292689017,-0.17366950038484885
5,sharma2025_birth,EC1,CETI23-292,0.1595465460088933,-0.12971015005963846,-1.1913813145715495
5,sharma2025_birth,EC1,CETI23-292,0.1717647743954853,-1.344886964740841,-0.49317513736666563
5,sharma2025_birth,EC1,CETI23-292,0.1620521914989484,-0.24855268802424663,-1.1639935568292654
5,sharma2025_birth,EC1,CETI23-292,0.1703260722573489,-0.25566585135206166,-1.3538251630538052
5,sharma2025_birth,EC1,CETI23-292,0.1476989052127379,-0.28048100785572044,-0.9603343785788849
5,sharma2025_birth,EC1,CETI23-292,0.1333755745802692,-1.1780859744698258,-0.42206976317850986
5,sharma2025_birth,EC1,CETI23-292,0.1126195809558508,-1.199713876847147,0.18949112939650958
5,sharma2025_birth,EC1,CETI23-292,0.1046984106627835,-1.05838188503964,0.23254222729425006
5,sharma2025_birth,EC1,CETI23-292,0.1509506952660097,-0.1307219051266516,-0.9490073191008966
5,sharma2025_birth,EC1,CETI23-292,0.1262977176960444,-1.2522029431680277,-0.15303730164263415
5,sharma2025_birth,EC1,CETI23-292,0.1102973165593985,-0.8247608588905183,0.3461219926613471
5,sharma2025_birth,EC1,CETI23-292,0.1145440081372626,-1.2856185919831657,0.0012652549832589816
5,sharma2025_birth,EC1,CETI23-292,0.1257124849769304,-1.137225329898206,-0.2209423285046095
5,sharma2025_birth,EC1,CETI23-292,0.1403972037404636,-0.3349122007014439,-0.7632500538565656
5,sharma2025_birth,EC1,CETI23-292,0.1114335605548542,-0.9223871642658417,-0.1830337694252654
5,sharma2025_birth,EC1,CETI23-292,0.1066258119700935,-0.9483565014738009,-0.09720726097081733
5,sharma2025_birth,EC1,CETI23-292,0.1156297401226541,-0.9515303874044716,-0.12599763479466874
5,sharma2025_birth,EC1,CETI23-292,0.1377225334682018,-0.9364423071154717,-0.5217725261624039
5,sharma2025_birth,EC1,CETI23-292,0.1047682414349026,-1.1736979657823483,0.1171366689838031
5,sharma2025_birth,EC1,CETI23-292,0.1204330149362321,-0.9582204322645617,-0.15837284342501784
5,sharma2025_birth,EC1,CETI23-292,0.1300531740962009,-1.251418868337094,-0.1272491806031727
5,sharma2025_birth,EC1,CETI23-292,0.1236123749658223,-1.1426723456693013,-0.27620736575049637
5,sharma2025_birth,EC1,CETI23-292,0.1120181071538109,-0.7401873143473336,-0.24926165376546955
5,sharma2025_birth,EC1,CETI23-292,0.1146734457058128,-1.0909552025267157,-0.07493833057715155
5,sharma2025_birth,EC1,CETI23-292,0.107919972533308,-1.1534378757823245,0.0004519591518699073
5,sharma2025_birth,EC1,CETI23-292,0.1087678578812593,-1.00005215221467,0.133612078273744
5,sharma2025_birth,EC1,CETI23-292,0.1480444372823217,-1.0078950194605731,-0.5956927336665238
5,sharma2025_birth,EC1,CETI23-292,0.1386912169299835,0.9577390405941576,-2.476141730355252
5,sharma2025_birth,EC1,CETI23-292,0.1260154606943248,-1.0660789677705376,-0.19722291421811786
5,sharma2025_birth,EC1,CETI23-292,0.1270537494761685,-1.0447424491906352,-0.2055862179542738
5,sharma2025_birth,EC1,CETI23-292,0.133105157779558,-1.1695366255438207,-0.335469372663517
5,sharma2025_birth,EC1,CETI23-292,0.1353626338805334,-1.2272812477216979,-0.08534122317944212
5,sharma2025_birth,EC1,CETI23-292,0.1280015304358985,-1.3274077931114086,0.04992836349657061
5,sharma2025_birth,EC1,CETI23-292,0.1704130843803012,-1.1842569273904178,-0.6224662061218587
5,sharma2025_birth,EC1,CETI23-292,0.1071231532067565,-1.022477068300876,0.036227884698195226
5,sharma2025_birth,EC1,CETI23-292,0.1452216259317263,-1.1562778204643387,-0.3742148281982285
5,sharma2025_birth,EC1,CETI23-292,0.1053612077436878,-0.8384562885793976,-0.09058073286674581
5,sharma2025_birth,EC1,CETI23-292,0.1587684392295854,-1.2351104142336773,-0.39673675939347214
5,sharma2025_birth,EC1,CETI23-292,0.105119702251564,-1.020777892376432,0.018274870612332572
5,sharma2025_birth,EC1,CETI23-292,0.1540587663286759,-0.9709200544423984,-0.3016381511454279
5,sharma2025_birth,EC1,CETI23-292,0.1134993125991684,-1.0225802159475605,-0.04709859836380176
5,sharma2025_birth,EC1,CETI23-292,0.1462792631441216,-1.0652034912368697,-0.5466825103576376
5,sharma2025_birth,EC1,CETI23-292,0.1490394614842397,-0.9467949281913046,-0.5780253519426838
5,sharma2025_birth,EC1,CETI23-292,0.1160143162086477,-1.0165950872919016,0.09713597875591207
5,sharma2025_birth,EC1,CETI23-292,0.1252507691508842,-0.8427865022798702,0.24161345349626
5,sharma2025_birth,EC1,CETI23-292,0.1388317017389555,-1.1943121487461141,-0.2865710142438452
5,sharma2025_birth,EC1,CETI23-292,0.132534221017426,-1.0070728587442388,-0.3190667109796824
5,sharma2025_birth,EC1,CETI23-292,0.1322593194837718,-0.9209450073580562,-0.044210954129193285
5,sharma2025_birth,EC1,CETI23-292,0.1351283964222596,-1.1159551816623212,-0.3494148650790189
5,sharma2025_birth,EC1,CETI23-292,0.1046663050749595,-0.7966575267339975,-0.004214299140427397
5,sharma2025_birth,EC1,CETI23-292,0.136643700328155,-1.2913768734424713,-0.024610111250543756
5,sharma2025_birth,EC1,CETI23-292,0.1233931573526641,-1.2172631926021111,0.03951662392227928
5,sharma2025_birth,EC1,CETI23-292,0.1258539806413343,-1.1341025964675777,-0.0449273045894138
5,sharma2025_birth,EC1,CETI23-292,0.1331312221436829,-1.1657715648647677,-0.17428043383522163
5,sharma2025_birth,EC1,CETI23-292,0.1000584268628497,-1.0517094584072926,0.28530820810468743
5,sharma2025_birth,EC1,CETI23-292,0.1325509129377145,-1.0882042190833356,-0.2550850284868197
5,sharma2025_birth,EC1,CETI23-292,0.1425892166925601,-1.1477850436330825,-0.3234514870311502
5,sharma2025_birth,EC1,CETI23-292,0.108590290198358,-1.0042539780925552,-0.037601409945161285
5,sharma2025_birth,EC1,CETI23-292,0.1229948098955822,-0.9439147061013204,-0.23411365881018392
5,sharma2025_birth,EC1,CETI23-292,0.152938440845626,-0.7226394073955961,-0.9735923353322449
5,sharma2025_birth,EC1,CETI23-292,0.1323316219656278,-1.1208877769426624,-0.5426119306787931
5,sharma2025_birth,EC1,CETI23-292,0.1417087602388115,-1.2851528733683961,-0.10177935152654705
5,sharma2025_birth,EC1,CETI23-292,0.135700112669821,-1.0263224834620102,-0.053730764353253614
5,sharma2025_birth,EC1,CETI23-292,0.1345527951356292,-1.2851494409804212,-0.2662260469356236
5,sharma2025_birth,EC1,CETI23-292,0.1201435379018587,-1.10511665884212,0.06196574685402555
5,sharma2025_birth,EC1,CETI23-292,0.1639715464814888,-1.4243433578953764,-0.634165612245668
5,sharma2025_birth,EC1,CETI23-292,0.1585672868699423,-1.0446347083901648,-0.7430995696375635
5,sharma2025_birth,EC1,CETI23-292,0.1013072624068665,-1.132764134214439,0.20105260206783582
5,sharma2025_birth,EC1,CETI23-292,0.1402621368929554,-0.9679288840533713,-0.25903259062208484
5,sharma2025_birth,EC1,CETI23-292,0.1085148737103511,-0.711524777825256,0.00212844340564243
5,sharma2025_birth,EC1,CETI23-292,0.1242453596441182,-1.16603079061438,-0.08801311565697068
5,sharma2025_birth,EC1,CETI23-292,0.1439834881282827,-1.4530877893327054,0.3468212515580627
5,sharma2025_birth,EC1,CETI23-292,0.1088502224405583,-1.1056058724452373,0.003972356105770708
5,sharma2025_birth,EC1,CETI23-292,0.1274697934187278,-1.0474595394581976,-0.11153157034587594
5,sharma2025_birth,EC1,CETI23-292,0.1123264681809295,-1.165933264634072,0.22449057536379324
5,sharma2025_birth,EC1,CETI23-292,0.1278853783441006,-0.8950809143508291,-0.446131105843616
5,sharma2025_birth,EC1,CETI23-292,0.1313342470588693,-1.2698692259482074,-0.1348802072029548
5,sharma2025_birth,EC1,CETI23-292,0.1242965027617871,-0.8824267067352705,-0.47075845342478717
5,sharma2025_birth,EC1,CETI23-292,0.1026103521646653,-0.8608904327984235,-0.004995703516175606
5,sharma2025_birth,EC1,CETI23-292,0.1380051087477661,-1.1706625471426992,-0.2809615953890722
5,sharma2025_birth,EC1,CETI23-292,0.1281375841871563,-1.5246404631609058,0.04578855534749798
5,sharma2025_birth,EC1,CETI23-292,0.1558387207279362,-1.4032751572722955,-0.46428501925004234
5,sharma2025_birth,EC1,CETI23-292,0.153268404468385,-1.4254403457225504,-0.37469927645367074
5,sharma2025_birth,EC1,CETI23-292,0.1336440716374213,-1.0641947131822251,-0.4098057738251312
5,sharma2025_birth,EC1,CETI23-292,0.1366972432769236,-0.9722706280342858,-0.18311244023041864
5,sharma2025_birth,EC1,CETI23-292,0.1416021937719901,-1.14295033138661,-0.5254212344236117
5,sharma2025_birth,EC1,CETI23-292,0.1271030481388855,-0.7534072097609861,-0.3968731380066709
5,sharma2025_birth,EC1,CETI23-292,0.14336833019604,-1.3196258287209075,-0.41564419275971876
5,sharma2025_birth,EC1,CETI23-292,0.1696754488719328,-1.4147406246830982,-0.44006750146691803
5,sharma2025_birth,EC1,CETI23-292,0.1588731973880285,-1.4272874837778766,-0.47859528198423057
5,sharma2025_birth,EC1,CETI23-292,0.1317298700746871,-0.4379343279238162,-0.6440354085297489
5,sharma2025_birth,EC1,CETI23-292,0.1320007060420553,-0.9241604539854301,-0.4393068797059769
5,sharma2025_birth,EC1,CETI23-292,0.1204031858842338,-0.48094107072901315,-0.4867660796474115
5,sharma2025_birth,EC1,CETI23-292,0.1158208789103389,-0.5464263858038884,-0.35712081529643225
5,sharma2025_birth,EC1,CETI23-292,0.1457343263931489,-1.14835902753308,-0.39768422428028094
5,sharma2025_birth,EC1,CETI23-292,0.1262310560033212,-1.133785234720011,-0.16280965676581116
5,sharma2025_birth,EC1,CETI23-292,0.1377921322339161,-0.4138428826108199,-0.790025823003679
5,sharma2025_birth,EC1,CETI23-292,0.1348188010552629,-1.050869099790796,-0.35407294275738277
5,sharma2025_birth,EC1,CETI23-292,0.1361913665442172,-0.8067051971147217,-0.5653808198682211
5,sharma2025_birth,EC1,CETI23-292,0.1082989336687745,-0.6099819170261029,-0.16662626635998232
5,sharma2025_birth,EC1,CETI23-292,0.1349547702192901,-0.9613079413105403,-0.4871695381704179
5,sharma2025_birth,EC1,CETI23-292,0.1210352486168039,-1.138554392837949,0.14042661669250586
5,sharma2025_birth,EC1,CETI23-292,0.163229022697989,-0.620148439316824,-0.9823305500067556
5,sharma2025_birth,EC1,CETI23-292,0.1291803564313456,-1.0757203362177061,-0.36439700551251714
5,sharma2025_birth,EC1,CETI23-292,0.1423154822439724,-1.2044475787025264,-0.34721773954735485
5,sharma2025_birth,EC1,CETI23-292,0.1028000549495401,-1.0140160463623387,0.07504366080575607
5,sharma2025_birth,EC1,CETI23-292,0.1372750288619645,-1.22586440629282,-0.15869945130861884
5,sharma2025_birth,EC1,CETI23-292,0.1160238167773284,-0.3364457272274296,-0.37188404596594316
5,sharma2025_birth,EC1,CETI23-292,0.131795357309308,-1.2181189988992944,-0.164139271974783
5,sharma2025_birth,EC1,CETI23-292,0.1041374314288356,-0.03884068956063619,0.029075018132513716
5,sharma2025_birth,EC1,CETI23-292,0.126962629940147,-1.108246015307473,-0.28419248670718666
5,sharma2025_birth,EC1,CETI23-292,0.120278196806256,-1.2010892788001664,0.02238063261471754
5,sharma2025_birth,EC1,CETI23-292,0.1347534555757721,-0.20279395855338617,-0.6142505831653814
5,sharma2025_birth,EC1,CETI23-292,0.1323623081250436,-0.8726246011611652,-0.5174149826505094
5,sharma2025_birth,EC1,CETI23-292,0.1323623081250436,-0.8726246011611652,-0.5174149826505094
5,sharma2025_birth,EC1,CETI23-292,0.1484545560659805,-0.887530822199329,-0.7921786853106154
5,sharma2025_birth,EC1,CETI23-292,0.1219669504230865,-0.8490937955182172,-0.4679861619396416
5,sharma2025_birth,EC1,CETI23-292,0.1205458932969134,-0.6614051860091761,-0.4296627569906184
5,sharma2025_birth,EC1,CETI23-292,0.1345059328242363,-0.9146025769808257,-0.5254923870391435
5,sharma2025_birth,EC1,CETI23-292,0.1317526418090606,-0.843994236433639,-0.4705603173398383
5,sharma2025_birth,EC1,CETI23-292,0.1288924370461014,-0.7031737655637521,-0.5270517186800155
5,sharma2025_birth,EC1,CETI23-292,0.1475276082038119,-0.922010631868199,-0.7111157845065202
5,sharma2025_birth,EC1,CETI23-292,0.1493350634816503,-1.3981844533842922,-0.4318151465476697
5,sharma2025_birth,EC1,CETI23-292,0.1039883655959291,-1.2030147697516966,0.39309970520337606
5,sharma2025_birth,EC1,CETI23-292,0.1460779223855646,-0.47603090914241486,-0.9099083790789616
5,sharma2025_birth,EC1,CETI23-292,0.1588018900153755,-1.2384921775557016,-0.5881050510971348
5,sharma2025_birth,EC1,CETI23-292,0.1116763545456025,-0.39315341218399164,1.8337701129586543
5,sharma2025_birth,EC1,CETI23-292,0.125133538642443,-0.9601232275410746,-0.37287025743627655
5,sharma2025_birth,EC1,CETI23-292,0.1437429721684786,-1.0936939641955685,-0.5000448170605898
5,sharma2025_birth,EC1,CETI23-292,0.1428726463205247,-1.0843673019218378,-0.4347634777713488
5,sharma2025_birth,EC1,CETI23-292,0.2083270456327565,-2.026546507509557,-1.1704659168878293
5,sharma2025_birth,EC1,CETI23-292,0.1136700124350222,-0.9816875716830702,-0.07288682342709871
5,sharma2025_birth,EC1,CETI23-292,0.1189697179201014,-0.8314594612937743,0.004914782864757723
5,sharma2025_birth,EC1,CETI23-292,0.157039519380049,-0.9775576288288932,-0.8168810071536577
5,sharma2025_birth,EC1,CETI23-292,0.142809683906202,-0.9973429711137605,-0.5318865456352204
5,sharma2025_birth,EC1,CETI23-292,0.1241552113735673,-1.183490163562285,-0.2102064171542209
5,sharma2025_birth,EC1,CETI23-292,0.1373982340177665,-0.9804529159323034,-0.3900626429855787
5,sharma2025_birth,EC1,CETI23-292,0.1319497765948777,-1.3888992425014233,0.020224695150828392
5,sharma2025_birth,EC1,CETI23-292,0.1364669391254425,-1.398132408496646,-0.10784506995227873
5,sharma2025_birth,EC1,CETI23-292,0.138632875952721,-0.23268811030804473,-0.7967417486249017
5,sharma2025_birth,EC1,CETI23-292,0.125039603045903,-1.2200789030566488,-0.08621268671694633
5,sharma2025_birth,EC1,CETI23-292,0.1489362157923527,-0.29122537765827816,-0.920957358571902
5,sharma2025_birth,EC1,CETI23-292,0.1230119488880476,-1.0834030568029074,-0.0871063849776375
5,sharma2025_birth,EC1,CETI23-292,0.1251241105694956,-1.424624110108122,0.059318826973556255
5,sharma2025_birth,EC1,CETI23-292,0.1245457935630119,-0.9525153756556746,-0.22999921684544872
5,sharma2025_birth,EC1,CETI23-292,0.1248929854723285,-1.2219382768826568,-0.0344499043361869
5,sharma2025_birth,EC1,CETI23-292,0.1013671390054066,-0.8880583885388588,0.03183132132360196
5,sharma2025_birth,EC1,CETI23-292,0.1603951629487678,0.0565027481104437,-1.135536345504757
5,sharma2025_birth,EC1,CETI23-292,0.1009561509710774,-1.1183442927817664,0.2977507484172056
5,sharma2025_birth,EC1,CETI23-292,0.1012580506190667,-1.1347480227482445,0.18332005226965603
5,sharma2025_birth,EC1,CETI23-292,0.1017483229281887,-1.1673795907480944,0.2460541372652973
5,sharma2025_birth,EC1,CETI23-292,0.1105282903292972,-1.0987204082760782,0.009532476867231812
5,sharma2025_birth,EC1,CETI23-292,0.166939909111542,0.19086226651823485,-1.2116695709532233
5,sharma2025_birth,EC1,CETI23-292,0.1448146573697203,-1.1986954699763919,-0.22530473019592612
5,sharma2025_birth,EC1,CETI23-292,0.1230310038573825,-1.1694818166629268,-0.22174704712528784
5,sharma2025_birth,EC1,CETI23-292,0.1398352086206811,-1.0536337331527081,-0.39787032828533264
5,sharma2025_birth,EC1,CETI23-292,0.1075111922832022,-1.0545151019558947,-0.02103475317621284
5,sharma2025_birth,EC1,CETI23-292,0.1464640934318628,-0.3798580290012751,-0.9238895329687731
5,sharma2025_birth,EC1,CETI23-292,0.1564552151781088,-0.3730604864905606,-1.1475809068212814
5,sharma2025_birth,EC1,CETI23-292,0.1593368320490377,-0.542461161975802,-1.1012878682708929
5,sharma2025_birth,EC1,CETI23-292,0.1479893888673073,-0.27876469297251216,-0.9711616114981364
5,sharma2025_birth,EC1,CETI23-292,0.1146811576411106,-1.3536897992767616,0.15856744789343533
5,sharma2025_birth,EC1,CETI23-292,0.1221863191117796,-1.0993652863381786,-0.1825729627761652
5,sharma2025_birth,EC1,CETI23-292,0.1242165254664247,-1.431211568464848,0.25999589172688853
5,sharma2025_birth,EC1,CETI23-292,0.1309231222694805,-0.07874478097045712,-0.5797266114300099
5,sharma2025_birth,EC1,CETI23-292,0.1509119880092905,-1.4133446861502077,-0.3721132247969558
5,sharma2025_birth,EC1,CETI23-292,0.10380855473296,-1.058773433399616,0.3973373532641342
5,sharma2025_birth,EC1,CETI23-292,0.1491572850643253,-0.27726310941936316,-0.9597005270423148
5,sharma2025_birth,EC1,CETI23-292,0.1172326536703884,-0.8745025366227556,0.31585995391041405
5,sharma2025_birth,EC1,CETI23-292,0.1439365971063724,-1.1333821518252105,-0.3482457403564973
5,sharma2025_birth,EC1,CETI23-292,0.1470881381779717,-1.4315016383470178,-0.12743356337066725
5,sharma2025_birth,EC1,CETI23-292,0.1324277767489514,-1.3951118600078236,0.0392669263638519
5,sharma2025_birth,EC1,CETI23-292,0.1617993160545437,-1.5276876662852947,-0.4600041027189985
5,sharma2025_birth,EC1,CETI23-292,0.1116857748478117,-1.245747342091396,0.049441232812082486
5,sharma2025_birth,EC1,CETI23-292,0.1531728633075046,-1.4171217704721912,-0.37208518473272145
5,sharma2025_birth,EC1,CETI23-292,0.1091994237554526,-1.3563549259528904,0.10858287923368096
5,sharma2025_birth,EC1,CETI23-292,0.1914522491079342,-1.2344388712444894,-0.7462277664291941
5,sharma2025_birth,EC1,CETI23-292,0.1487752373157765,-0.8123243002602831,-0.7000027189654006
5,sharma2025_birth,EC1,CETI23-292,0.1525396377552435,-0.9826583587811608,-0.53239967208435
5,sharma2025_birth,EC1,CETI23-292,0.1242869393403981,-0.9921450941959178,-0.3955561915753929
5,sharma2025_birth,EC1,CETI23-292,0.1071285547117546,-1.029059882250953,0.0168413334771855
5,sharma2025_birth,EC1,CETI23-292,0.1325307089671677,-1.217564668290055,-0.2289772304240305
5,sharma2025_birth,EC1,CETI23-292,0.1684667218017566,-0.19457832892147695,-1.3171952568595096
5,sharma2025_birth,EC1,CETI23-292,0.1610204986021949,0.22593192568475318,-0.8370929030757719
5,sharma2025_birth,EC1,CETI23-292,0.1656369351551512,-0.23163235145446404,-1.3079706272712377
5,sharma2025_birth,EC1,CETI23-292,0.1472204981966275,-0.3483723240153038,-0.912980921734635
5,sharma2025_birth,EC1,CETI23-292,0.1100562527089828,-0.8224562820852517,-0.17532041432417123
5,sharma2025_birth,EC1,CETI23-292,0.1284567458303845,-0.9031044970297757,-0.3348126791988979
5,sharma2025_birth,EC1,CETI23-292,0.1227135847736901,-1.11497991675546,-0.23990526607482018
5,sharma2025_birth,EC1,CETI23-292,0.1401198782304846,-0.9509545426253854,-0.5332032437374791
5,sharma2025_birth,EC1,CETI23-292,0.1486166684633795,-0.7342066375382306,-0.8843288749628108
5,sharma2025_birth,EC1,CETI23-292,0.1532462743172477,-1.1362152826980925,-0.7527734650504977
5,sharma2025_birth,EC1,CETI23-292,0.1545836887945136,-1.0735188408941092,-0.7166961767568291
5,sharma2025_birth,EC1,CETI23-292,0.1334177281553235,-1.0494114457945138,-0.3806371731720991
5,sharma2025_birth,EC1,CETI23-292,0.1366414149723107,-0.9314495529078343,-0.42023442780808745
5,sharma2025_birth,EC1,CETI23-292,0.1479665212451795,-0.05954626977258359,-0.9565560208302081
5,sharma2025_birth,EC1,CETI23-292,0.1259853965379759,-1.1608391115973662,-0.27397683546410134
5,sharma2025_birth,EC1,CETI23-292,0.1285281444732617,-1.2021024683637296,-0.000561793480829173
5,sharma2025_birth,EC1,CETI23-292,0.1486515518897279,-0.21326579869239637,-0.9491918916188018
5,sharma2025_birth,EC1,CETI23-292,0.1282776093174022,-1.2692271980975605,-0.14742404440330825
5,sharma2025_birth,EC1,CETI23-292,0.1489171175056723,-0.222364430600925,-0.9489803463107446
5,sharma2025_birth,EC1,CETI23-292,0.1353740808852816,-1.2508088236508967,-0.16683206353735242
5,sharma2025_birth,EC1,CETI23-292,0.1398049262601828,-1.2890088873611822,-0.02817011140165851
5,sharma2025_birth,EC1,CETI23-292,0.1516581808302877,-0.27963873035560743,-1.0477580270229674
5,sharma2025_birth,EC1,CETI23-292,0.1277014583189573,-1.130665166189146,-0.14638848404946492
5,sharma2025_birth,EC1,CETI23-292,0.163877068166128,-0.17514345939997292,-1.2354324627519349
5,sharma2025_birth,EC1,CETI23-292,0.1624280390632504,-0.5282261701271458,-1.1548929461780282
5,sharma2025_birth,EC1,CETI23-292,0.1460994526732534,-1.3607576666132504,-0.2769224330842508
5,sharma2025_birth,EC1,CETI23-292,0.1609893091126514,-0.33910294713498657,-1.1223912078688616
5,sharma2025_birth,EC1,CETI23-292,0.1345818470440719,-0.3098647433840907,-0.7272883941009778
5,sharma2025_birth,EC1,CETI23-292,0.1572875762455041,-0.09838697567684851,-1.113500644713011
5,sharma2025_birth,EC1,CETI23-292,0.123889059769289,-0.4999992249940882,-0.44271151080469867
5,sharma2025_birth,EC1,CETI23-292,0.1608569739526111,-0.2059541538033319,-1.2189355468268464
5,sharma2025_birth,EC1,CETI23-292,0.1381036288671178,-0.3253263458777923,-0.760306486506134
5,sharma2025_birth,EC1,CETI23-292,0.1161745274379472,-0.9672983936717174,-0.10998146798330927
5,sharma2025_birth,EC1,CETI23-292,0.142326271415781,-0.22291506086162177,-0.8475407936887706
5,sharma2025_birth,EC1,CETI23-292,0.1442158867071878,0.1379794285533767,-0.7269992092941924
5,sharma2025_birth,EC1,CETI23-292,0.1363835267988231,-1.2483075739753737,-0.3621023397457691
5,sharma2025_birth,EC1,CETI23-292,0.1460933145345962,-0.3213287347384742,-0.9122572183569626
5,sharma2025_birth,EC1,CETI23-292,0.1441296395878741,-0.9705305877077752,-0.5251419830847133
5,sharma2025_birth,EC1,CETI23-292,0.1330131673691958,-0.11103113374267554,-0.6588326412188283
5,sharma2025_birth,EC1,CETI23-292,0.1330131673691958,-0.11103113374267554,-0.6588326412188283
5,sharma2025_birth,EC1,CETI23-292,0.1261562841916499,-1.0838617577091854,-0.12424408671440937
5,sharma2025_birth,EC1,CETI23-292,0.1231036627314821,-0.963904371362472,-0.21555270216917788
5,sharma2025_birth,EC1,CETI23-292,0.140239252709873,-1.0480123415994393,-0.24205802948676414
5,sharma2025_birth,EC1,CETI23-292,0.1418479694329897,-1.152447557765963,-0.4756788699282867
5,sharma2025_birth,EC1,CETI23-292,0.141096670681058,-1.1029368737496745,-0.3768071653229027
5,sharma2025_birth,EC1,CETI23-292,0.1398988538109608,-1.2576624432170551,-0.21524144947990068
5,sharma2025_birth,EC1,CETI23-292,0.1588868854399506,-1.2645878839005844,-0.30935268840001695
5,sharma2025_birth,EC1,CETI23-292,0.127133655025194,-1.1586350033124797,-0.07118214986801763
5,sharma2025_birth,EC1,CETI23-292,0.1239333925566018,-1.1158605573533809,-0.1407579472842847
5,sharma2025_birth,EC1,CETI23-292,0.1534978976916133,-1.5961037463337462,-0.30889461860938805
5,sharma2025_birth,EC1,CETI23-292,0.1895198419220418,-1.345432565112174,-1.06267364896241
5,sharma2025_birth,EC1,CETI23-292,0.1483809546324034,-0.30245450366287835,-0.9961678494882784
5,sharma2025_birth,EC1,CETI23-292,0.1155713987962207,-1.0946496293724903,0.17287676398742652
5,sharma2025_birth,EC1,CETI23-292,0.1348346132157416,-0.9314038679478241,-0.25197834738254743
5,sharma2025_birth,EC1,CETI23-292,0.1346753744314518,-0.36168102545588765,-0.6816519219717923
5,sharma2025_birth,EC1,CETI23-292,0.123528753125355,-1.0512654149876544,-0.09273114222922829
5,sharma2025_birth,EC1,CETI23-292,0.150929279218327,-0.21419328296835977,-1.0325046105222808
5,sharma2025_birth,EC1,CETI23-292,0.1384291306956518,-1.0481128478259811,-0.2263061242237605
5,sharma2025_birth,EC1,CETI23-292,0.1176689804348564,-0.9721817109422983,0.19412843275082442
5,sharma2025_birth,EC1,CETI23-292,0.128619269263398,-0.8905310239304458,-0.42299315240072355
5,sharma2025_birth,EC1,CETI23-292,0.1236005840499242,-1.3558498909173875,-0.07226059967379264
5,sharma2025_birth,EC1,CETI23-292,0.1384249502894706,-0.15416532573004904,-0.7465288256498017
5,sharma2025_birth,EC1,CETI23-292,0.1568548441139774,-1.13914548578854,-0.7373454527712557
5,sharma2025_birth,EC1,CETI23-292,0.1041737107008246,-1.0925070934148235,0.2903926893439902
5,sharma2025_birth,EC1,CETI23-292,0.136859773121547,-0.28573943785304967,-0.7044535376106038
5,sharma2025_birth,EC1,CETI23-292,0.1198705640708454,-1.0890623349845587,-0.09401412000181789
5,sharma2025_birth,EC1,CETI23-292,0.1574648301521334,-1.195965413175125,-0.5270573140863319
5,sharma2025_birth,EC1,CETI23-292,0.1391155587570576,0.07318086520480971,-0.715144175491149
5,sharma2025_birth,EC1,CETI23-292,0.1462313547331866,-0.9549893585097409,-0.6272606464067555
5,sharma2025_birth,EC1,CETI23-292,0.1352841393952523,-0.9155569114691569,-0.44781530525852425
5,sharma2025_birth,EC1,CETI23-292,0.1143888961994249,-0.9421838885518933,-0.02677141065979652
5,sharma2025_birth,EC1,CETI23-292,0.1397974404701993,-1.1508326604723353,-0.22409946314140483
5,sharma2025_birth,EC1,CETI23-292,0.1568788865355117,0.033140205359264874,-1.0183898921329186
5,sharma2025_birth,EC1,CETI23-292,0.1454588321507315,-0.05738155922280477,-0.8480113252714531
5,sharma2025_birth,EC1,CETI23-292,0.1533949633198781,-1.0266302567143721,-0.42507640223485327
5,sharma2025_birth,EC1,CETI23-292,0.1443138568034646,0.10005667542612662,-0.7754194439580311
5,sharma2025_birth,EC1,CETI23-292,0.1565923494877991,0.011881982885033282,-1.0304766122599245
5,sharma2025_birth,EC1,CETI23-292,0.109962418299417,-1.0214285516824693,-0.04701221830948274
5,sharma2025_birth,EC1,CETI23-292,0.1547803345474122,0.049448860782577986,-0.9636084217014534
5,sharma2025_birth,EC1,CETI23-292,0.1580859794281083,-0.5228823291924598,-0.8883367383065232
5,sharma2025_birth,EC1,CETI23-292,0.1662746118642763,-0.9042658081999033,-1.019381697703065
5,sharma2025_birth,EC1,CETI23-292,0.1508824769543632,-0.019140614359042407,-0.9986030478259226
5,sharma2025_birth,EC1,CETI23-292,0.1557798296082073,-0.011428632803809458,-1.0361043939778678
5,sharma2025_birth,EC1,CETI23-292,0.1628526075745234,-0.6242164923862462,-0.9350033332418966
5,sharma2025_birth,EC1,CETI23-292,0.1068514963529928,-1.1352608651189444,0.4726714075187668
5,sharma2025_birth,EC1,CETI23-292,0.1316748957407738,-0.8238261698396085,-0.21903256482958028
5,sharma2025_birth,EC1,CETI23-292,0.1109240201755756,-1.0616734157565302,0.06063953727972371
5,sharma2025_birth,EC1,CETI23-292,0.1523929315790946,0.1475240594583781,-0.979257093043109
5,sharma2025_birth,EC1,CETI23-292,0.1353013941943553,-0.9167326792433144,-0.401552832750695
5,sharma2025_birth,EC1,CETI23-292,0.1098041500519123,-1.0874214183554014,0.2278555060617833
5,sharma2025_birth,EC1,CETI23-292,0.153906578107371,-1.3427073756624122,-0.43333797321142997
5,sharma2025_birth,EC1,CETI23-292,0.1567368976403881,0.19751369710187183,-1.03769045636357
5,sharma2025_birth,EC1,CETI23-292,0.1212038175871926,-1.0320200809552367,-0.05925027143179527
5,sharma2025_birth,EC1,CETI23-292,0.1295517176406646,-1.17056296300672,-0.1166043931220021
5,sharma2025_birth,EC1,CETI23-292,0.1488240893152913,-0.16025678090633394,-0.9280626705476046
5,sharma2025_birth,EC1,CETI23-292,0.1037368949921027,-0.8129269257046017,0.14760391384592053
5,sharma2025_birth,EC1,CETI23-292,0.1442266820529274,0.04998669097082109,-0.8237931841650113
5,sharma2025_birth,EC1,CETI23-292,0.1506178616687507,-0.41769414237463176,-0.8745241089744415
5,sharma2025_birth,EC1,CETI23-292,0.1238454748955624,-0.2951552299285884,-0.500133912181891
5,sharma2025_birth,EC1,CETI23-292,0.1382977858751692,-0.009427047750385886,-0.7163695821281278
5,sharma2025_birth,EC1,CETI23-292,0.1603920520840458,0.3031875483053833,-1.04435302109577
5,sharma2025_birth,EC1,CETI23-292,0.1624443025165624,0.17202972468005406,-1.0385743220737504
5,sharma2025_birth,EC1,CETI23-292,0.1242563488054538,-0.5196917237673984,-0.5531142920276171
5,sharma2025_birth,EC1,CETI23-292,0.1043708708204927,-0.55947561998223,-0.13020978260705374
5,sharma2025_birth,EC1,CETI23-292,0.1046087944620839,-0.7928672349511033,-0.11161338337641735
5,sharma2025_birth,EC1,CETI23-292,0.1104835489244866,-0.9854367208011712,0.005454071006115488
5,sharma2025_birth,EC1,CETI23-292,0.1153404896083325,-0.9531329183116541,-0.19645835049747765
5,sharma2025_birth,EC1,CETI23-292,0.1588599914309586,-0.10397061356028886,-1.122984480599139
5,sharma2025_birth,EC1,CETI23-292,0.1054440944389511,-0.8094139582854123,-0.004437100337978714
5,sharma2025_birth,EC1,CETI23-292,0.1640094664214705,-0.26533084740067403,-1.202253148811331
5,sharma2025_birth,EC1,CETI23-292,0.1206966056519828,-1.2698167735621535,-0.20810605927241907
5,sharma2025_birth,EC1,CETI23-292,0.1206966056519828,-1.2698167735621535,-0.20810605927241907
5,sharma2025_birth,EC1,CETI23-292,0.100487110457548,-1.0957789318718025,0.3810261853967921
5,sharma2025_birth,EC1,CETI23-292,0.1281856898251688,-0.7079057630249461,-0.498185710743685
5,sharma2025_birth,EC1,CETI23-292,0.1311718906250093,-1.1287892791366765,-0.17812955971955563
5,sharma2025_birth,EC1,CETI23-292,0.1105976371822513,-0.8720833026335963,-0.2811502220924471
5,sharma2025_birth,EC1,CETI23-292,0.1203593350798365,-1.098468895024919,0.07378775940655516
5,sharma2025_birth,EC1,CETI23-292,0.1193372277849486,-1.1550891097569977,-0.12596700703302927
5,sharma2025_birth,EC1,CETI23-292,0.1237208677232713,-0.8948044113053296,-0.07798592547209965
5,sharma2025_birth,EC1,CETI23-292,0.1285047798969777,-1.4440281005477273,-0.09684327798647586
5,sharma2025_birth,EC1,CETI23-292,0.1105059400522257,-1.300921416290654,0.20445023925209124
5,sharma2025_birth,EC1,CETI23-292,0.1091463050279223,-0.9687902473797301,-0.011576150975988159
5,sharma2025_birth,EC1,CETI23-292,0.1308675990491937,-0.9718112473191456,-0.39848830945389213
5,sharma2025_birth,EC1,CETI23-292,0.1206005598414563,-1.1300629083422886,-0.10366912748979869
5,sharma2025_birth,EC1,CETI23-292,0.1343205323666361,-1.0901950152194868,-0.40899913307028435
5,sharma2025_birth,EC1,CETI23-292,0.121666498185947,-0.9272894746849734,0.03099694434623701
5,sharma2025_birth,EC1,CETI23-292,0.1170338949434791,-1.1278357955022893,-0.22353122157315503
5,sharma2025_birth,EC1,CETI23-292,0.1187043642766363,-1.127587025772488,0.009580168827900595
5,sharma2025_birth,EC1,CETI23-292,0.1350445156898496,-1.2272968004823608,-0.1912303254578537
5,sharma2025_birth,EC1,CETI23-292,0.1104970308034192,-0.9541291219811889,-0.15678045187575063
5,sharma2025_birth,EC1,CETI23-292,0.1085682994565879,-0.6043431596472653,-0.13102826801944925
5,sharma2025_birth,EC1,CETI23-292,0.1194682625914469,-1.115726773369772,-0.13846687472102676
5,sharma2025_birth,EC1,CETI23-292,0.1151783650806057,-0.9116980037096943,-0.16752202515644965
5,sharma2025_birth,EC1,CETI23-292,0.120706926189721,-0.7823641695808012,-0.4009550441931151
5,sharma2025_birth,EC1,CETI23-292,0.1322351731733267,-0.5735167453322365,-0.5475547613294885
5,sharma2025_birth,EC1,CETI23-292,0.1285318321626579,-0.5583262066962514,-0.639609434502744
5,sharma2025_birth,EC1,CETI23-292,0.1212892305812037,-0.6321270112579341,-0.4810247554436502
5,sharma2025_birth,EC1,CETI23-292,0.1189052559567664,-0.9196334043886876,0.05085072867179094
5,sharma2025_birth,EC1,CETI23-292,0.1127409644452124,-0.7384073884762168,-0.15248065560071683
5,sharma2025_birth,EC1,CETI23-292,0.1407569552771254,-1.467489542002043,-0.12089308913792052
5,sharma2025_birth,EC1,CETI23-292,0.1298448223880066,-0.9747045391233173,-0.45027593672080474
5,sharma2025_birth,EC1,CETI23-292,0.1457403152001122,-1.2467098968378885,-0.5324312825189833
5,sharma2025_birth,EC1,CETI23-292,0.1242171599357594,-0.740118922681892,-0.4312179661891539
5,sharma2025_birth,EC1,CETI23-292,0.120219847252344,-1.0281421459736084,-0.011276816849052088
5,sharma2025_birth,EC1,CETI23-292,0.1273672243551008,-1.0253832698001482,-0.3228602566927402
5,sharma2025_birth,EC1,CETI23-292,0.1340061161345257,-0.8669820550916179,-0.17092396786190228
5,sharma2025_birth,EC1,CETI23-292,0.1433896488328071,-0.8040828167721183,-0.7630754374654266
5,sharma2025_birth,EC1,CETI23-292,0.1252168688880948,-1.0184648428130951,-0.10628751154797093
5,sharma2025_birth,EC1,CETI23-292,0.1318888302643476,-0.5884788639286375,-0.6309374313081976
5,sharma2025_birth,EC1,CETI23-292,0.1079225204299412,-0.8616673545580464,0.16832615665552908
5,sharma2025_birth,EC1,CETI23-292,0.1456528468972164,-0.4475810683138617,-0.9192726603500725
5,sharma2025_birth,EC1,CETI23-292,0.1722369777884269,0.17189572883705567,-1.1605485859834963
5,sharma2025_birth,EC1,CETI23-292,0.1446646817356229,-0.7133601402420673,-0.8919786710091069
5,sharma2025_birth,EC1,CETI23-292,0.1469598451859138,-1.341933154632783,-0.23336852509159492
5,sharma2025_birth,EC1,CETI23-292,0.1455960955551353,-0.6795081937186109,-0.8437730724028613
5,sharma2025_birth,EC1,CETI23-292,0.1271316787708886,-0.679681185846956,-0.41520455831219166
5,sharma2025_birth,EC1,CETI23-292,0.1575924422083172,-0.6246551206344828,-1.0967278201004766
5,sharma2025_birth,EC1,CETI23-292,0.1511142275834238,-0.872076525820055,-0.7079988556105252
5,sharma2025_birth,EC1,CETI23-292,0.1495486220915381,-0.7607249030918677,-0.9322202131633344
5,sharma2025_birth,EC1,CETI23-292,0.1320053833898845,-0.724805305084357,-0.5248563204662112
5,sharma2025_birth,EC1,CETI23-292,0.1270712868981292,-0.3822759122273606,-0.36652570230225917
5,sharma2025_birth,EC1,CETI23-292,0.1280978378180826,-0.7633048117632748,-0.4936165091121107
5,sharma2025_birth,EC1,CETI23-292,0.1587380261615142,-0.6245835145580607,-0.9959763309807637
5,sharma2025_birth,EC1,CETI23-292,0.1391794444915322,-0.9716154219580275,-0.6158870399917601
5,sharma2025_birth,EC1,CETI23-292,0.1434563811637829,-0.7922118047288678,-0.7311021721646549
5,sharma2025_birth,EC1,CETI23-292,0.1434683155415988,-0.8192193023180452,-0.6936515554189068
5,sharma2025_birth,EC1,CETI23-292,0.1122168435748005,-1.0116922306229665,0.16936081747829018
5,sharma2025_birth,EC1,CETI23-292,0.1318061173867921,-0.5625011173292289,-0.6495083906447541
5,sharma2025_birth,EC1,CETI23-292,0.1063688985539339,-0.9177923498189171,-0.034933813923195056
5,sharma2025_birth,EC1,CETI23-292,0.1315974565877214,-0.7159580755225043,-0.5263376850711088
5,sharma2025_birth,EC1,CETI23-292,0.1406580631308299,-0.7487344403081332,-0.6462935969212411
5,sharma2025_birth,EC1,CETI23-292,0.1033130290310828,-0.9271896041089449,-0.11696486256747005
5,sharma2025_birth,EC1,CETI23-292,0.1291140830116512,-0.2898931938509337,-0.29346071431236914
5,sharma2025_birth,EC1,CETI23-292,0.1109514204719064,-0.7223436765559493,-0.2379624143403706
5,sharma2025_birth,EC1,CETI23-292,0.1188959039413454,-1.36245467726377,-0.08810426580675648
5,sharma2025_birth,EC1,CETI23-292,0.1381716079190545,-1.2569369315482395,-0.4628516048007538
5,sharma2025_birth,EC1,CETI23-292,0.1249168378305613,-1.0311818704543234,-0.2079325320487047
5,sharma2025_birth,EC1,CETI23-292,0.159941698968757,-0.7704943903322095,-1.0864957977751541
5,sharma2025_birth,EC1,CETI23-292,0.1167155098325817,-0.23740977835596705,-0.3647524904068752
5,sharma2025_birth,EC1,CETI23-292,0.1432621204643462,-0.7149130146507907,-0.6001879362909952
5,sharma2025_birth,EC1,CETI23-292,0.1209561887686202,-0.6042606904901777,-0.510558940013442
5,sharma2025_birth,EC1,CETI23-292,0.1607627599177496,-0.49244463731088833,-1.1552816921000184
5,sharma2025_birth,EC1,CETI23-292,0.1114176654591694,-0.4378459075812616,-0.29332433895191135
5,sharma2025_birth,EC1,CETI23-292,0.1125211914074152,-0.4099491150235775,-0.3307444079027814
5,sharma2025_birth,EC1,CETI23-292,0.1065399550449136,-0.5031792756687382,-0.03982053426669297
5,sharma2025_birth,EC1,CETI23-292,0.1116562424359227,-0.9371582815628431,-0.006158243077717784
5,sharma2025_birth,EC1,CETI23-292,0.1276557087720111,-1.1913334043654058,0.08632549812506735
5,sharma2025_birth,EC1,CETI23-292,0.1072387564188047,-1.3864227259449025,0.3261213576388646
5,sharma2025_birth,EC1,CETI23-292,0.1125749361293294,-1.1018815184061683,0.04862728757306066
5,sharma2025_birth,EC1,CETI23-292,0.1386838756557177,-0.33951487864713326,-0.5595704170026637
5,sharma2025_birth,EC1,CETI23-292,0.126261159063298,-1.2094256775748613,0.12757660281107844
5,sharma2025_birth,EC1,CETI23-292,0.1393586054804549,-0.27989655538966834,-0.8281793855782092
5,sharma2025_birth,EC1,CETI23-292,0.1304298058967629,-0.9689276600523515,-0.22853235704063357
5,sharma2025_birth,EC1,CETI23-292,0.1440835381629063,-1.17072646605064,-0.5423814995204733
5,sharma2025_birth,EC1,CETI23-292,0.1231448515440651,-0.8577427915575203,-0.3931630242274925
5,sharma2025_birth,EC1,CETI23-292,0.1264865667409794,-0.8705474801321402,-0.4280604044192484
5,sharma2025_birth,EC1,CETI23-292,0.119491587752524,-0.9286684588413299,-0.3150972965830787
5,sharma2025_birth,EC1,CETI23-292,0.1154877009995291,-0.4756353668893853,-0.3773043981277842
5,sharma2025_birth,EC1,CETI23-292,0.1173768823017673,-0.2697898289922535,-0.376827765782683
5,sharma2025_birth,EC1,CETI23-292,0.137352446464886,-0.00912998169348156,-0.7098775711207557
5,sharma2025_birth,EC1,CETI23-292,0.1256370237379355,-0.8287026981942436,-0.37858161870118434
5,sharma2025_birth,EC1,CETI23-292,0.139552918298547,-0.3679723053659716,-0.8099830894347897
5,sharma2025_birth,EC1,CETI23-292,0.1381556135200624,-1.1775631944116227,-0.5563082081980479
5,sharma2025_birth,EC1,CETI23-292,0.1147831083218437,-0.4909372572996203,-0.31271006949790037
5,sharma2025_birth,EC1,CETI23-292,0.1162933794020582,-0.9234780626926631,-0.21822479137463957
5,sharma2025_birth,EC1,CETI23-292,0.1108719351823312,-0.8743127535377243,0.0635255957683986
5,sharma2025_birth,EC1,CETI23-292,0.1159774803284746,-0.8076450212655675,-0.23656489566108635
5,sharma2025_birth,EC1,CETI23-292,0.1299047890250204,-0.6878687889171657,-0.4191394779201527
5,sharma2025_birth,EC1,CETI23-292,0.1289591680257805,-0.45688755266773096,-0.6573265017972336
5,sharma2025_birth,EC1,CETI23-292,0.1004979028425215,-0.9089735040239972,0.1945970331439071
5,sharma2025_birth,EC1,CETI23-292,0.1430363105209843,-0.9839727189479109,-0.47822109294223664
5,sharma2025_birth,EC1,CETI23-292,0.1017680288750301,-0.3643484767441849,0.03619772241491434
5,sharma2025_birth,EC1,CETI23-292,0.1398884537720781,-1.1658894619236122,-0.27371909695060176
5,sharma2025_birth,EC1,CETI23-292,0.1366095413574365,-1.0644044010311298,-0.4149775917148687
5,sharma2025_birth,EC1,CETI23-292,0.1449719823338599,-0.3808505727865917,-0.9222792010423493
5,sharma2025_birth,EC1,CETI23-292,0.128990207586345,-0.9346737519651416,-0.4646124583843136
5,sharma2025_birth,EC1,CETI23-292,0.1440968786801387,-1.1766766947340614,-0.44712126387127904
5,sharma2025_birth,EC1,CETI23-292,0.1269895068668395,-0.4333823646699455,-0.6121320158151975
5,sharma2025_birth,EC1,CETI23-292,0.1470324016163865,-0.39067125460314467,-0.9701098589553786
5,sharma2025_birth,EC1,CETI23-292,0.1408948080310419,-1.1102767883101294,-0.26902582082941334
5,sharma2025_birth,EC1,CETI23-292,0.1253799884901489,-0.4316357883232231,-0.47464446748433475
5,sharma2025_birth,EC1,CETI23-292,0.1414617577819908,-0.6297296887415229,-0.8968390468761425
5,sharma2025_birth,EC1,CETI23-292,0.140410350228223,-0.6286110929070359,-0.8765171927028096
5,sharma2025_birth,EC1,CETI23-292,0.1378469014095494,-1.2196210413655275,-0.08382939820230773
5,sharma2025_birth,EC1,CETI23-292,0.1369271668162698,-1.217473438624206,-0.07839145141702544
5,sharma2025_birth,EC1,CETI23-292,0.1178033939469919,-1.0554326913170309,-0.15323815037896346
5,sharma2025_birth,EC1,CETI23-292,0.1341575871712357,-1.083615203125376,-0.27846526045926395
5,sharma2025_birth,EC1,CETI23-292,0.1127020237311523,-1.2235408100657965,-0.1885463636637174
5,sharma2025_birth,EC1,CETI23-292,0.1347581736040352,-1.28580920758814,-0.13632168788592344
5,sharma2025_birth,EC1,CETI23-292,0.1158410719340077,-1.2561307405523643,0.20211310208765573
5,sharma2025_birth,EC1,CETI23-292,0.1318182463386667,-1.0286694542893553,-0.011889762537183358
5,sharma2025_birth,EC1,CETI23-292,0.120217425485271,-1.1428283679131694,0.047585121011612705
5,sharma2025_birth,EC1,CETI23-292,0.1220332890348907,-1.0984785648382542,0.08799201662623539
5,sharma2025_birth,EC1,CETI23-292,0.1150807241462794,-0.5146478431006731,-0.30241284231543913
5,sharma2025_birth,EC1,CETI23-292,0.122532559325419,-0.9798895293583205,0.010858852053982057
5,sharma2025_birth,EC1,CETI23-292,0.1270041249495911,-0.9909244337194911,-0.17233846729124547
5,sharma2025_birth,EC1,CETI23-292,0.1093212291304883,-1.0378471357152093,0.07494392052536225
5,sharma2025_birth,EC1,CETI23-292,0.1178545771995711,-0.882694649036735,0.009607057608553474
5,sharma2025_birth,EC1,CETI23-292,0.1339109988542262,-1.0306303182293408,-0.3316748369683901
5,sharma2025_birth,EC1,CETI23-292,0.1262763628055968,-1.1254945858889958,-0.16864934749771898
5,sharma2025_birth,EC1,CETI23-292,0.1297129799046664,-1.0534433846989624,-0.23131641559300048
5,sharma2025_birth,EC1,CETI23-292,0.1045751887432828,-0.5805132086528368,-0.136180051366903
5,sharma2025_birth,EC1,CETI23-292,0.113656559180727,-1.159893482965991,0.0047475574215218586
5,sharma2025_birth,EC1,CETI23-292,0.1177740830262693,-0.9725445953950664,-0.10723209502760911
5,sharma2025_birth,EC1,CETI23-292,0.1097903729400151,-1.3259260184093438,0.14109202345666239
5,sharma2025_birth,EC1,CETI23-292,0.1425079384164303,-1.1748725066117855,-0.05315581608932441
5,sharma2025_birth,EC1,CETI23-292,0.1118569167091297,-0.6714492138837875,-0.1973163471690646
5,sharma2025_birth,EC1,CETI23-292,0.1304976779450685,-0.9646608360801865,-0.3009636645822104
5,sharma2025_birth,EC1,CETI23-292,0.1068316607871709,-1.330302910250758,0.47280680447390344
5,sharma2025_birth,EC1,CETI23-292,0.1017534361525289,-1.1375007858353954,0.19440772731609793
5,sharma2025_birth,EC1,CETI23-292,0.1135179490294117,-0.8378049799092854,-0.006179105608262236
5,sharma2025_birth,EC1,CETI23-292,0.1493732379444298,-1.0421949132773358,-0.30260516116733593
5,sharma2025_birth,EC1,CETI23-292,0.1225644304657727,-1.174341745379917,-0.07306151994751635
5,sharma2025_birth,EC1,CETI23-292,0.1453285170816091,-1.2104523873887665,-0.25181802526429264
5,sharma2025_birth,EC1,CETI23-292,0.1138599557812763,-1.027949736262156,-0.01759313372530727
5,sharma2025_birth,EC1,CETI23-292,0.1305250962444032,-1.1619823298394962,0.053302072555476684
5,sharma2025_birth,EC1,CETI23-292,0.1371436007744461,-1.3294867458879218,-0.16390382824240163
5,sharma2025_birth,EC1,CETI23-292,0.1180070798014616,-0.9514515399991519,-0.14121854159725336
5,sharma2025_birth,EC1,CETI23-292,0.1279621857707927,-0.9862113393391359,-0.11814413669088131
5,sharma2025_birth,EC1,CETI23-292,0.1391133508716061,-0.23739695081905654,-0.8009215127677832
5,sharma2025_birth,EC1,CETI23-292,0.1445428671539506,-1.3292391151767433,-0.3333136598392461
5,sharma2025_birth,EC1,CETI23-292,0.1168364692673856,-1.1403492386993288,0.07224583793580973
5,sharma2025_birth,EC1,CETI23-292,0.117672998671054,-1.2393334030677357,0.03263385736715074
5,sharma2025_birth,EC1,CETI23-292,0.1225320877052955,-1.099355957307429,0.008850039189733025
5,sharma2025_birth,EC1,CETI23-292,0.1295926791585775,-1.4100726583486882,0.10272352625404874
5,sharma2025_birth,EC1,CETI23-292,0.1359537439037907,-1.2386787298234754,-0.13474976342219874
5,sharma2025_birth,EC1,CETI23-292,0.1229397703211529,-0.9889436372811167,-0.23243020249841612
5,sharma2025_birth,EC1,CETI23-292,0.1354743427723865,-1.2387628667359873,-0.049530116622796765
5,sharma2025_birth,EC1,CETI23-292,0.1284315729330446,-1.0134833197743727,-0.15994231732310316
5,sharma2025_birth,EC1,CETI23-292,0.1314901508175352,-1.0535213207185803,-0.40933529971055876
5,sharma2025_birth,EC1,CETI23-292,0.1214264836908691,-0.884343148562267,-0.22522100847047935
5,sharma2025_birth,EC1,CETI23-292,0.124058284222055,-1.2646232314083128,-0.017299255141186798
5,sharma2025_birth,EC1,CETI23-292,0.1336565696373795,-1.2535099402627345,-0.20681433510719696
5,sharma2025_birth,EC1,CETI23-292,0.1344266240654446,-1.251534978452543,-0.12890924196723538
5,sharma2025_birth,EC1,CETI23-292,0.1135998040753741,-1.0729020959005973,0.16353123674872022
5,sharma2025_birth,EC1,CETI23-292,0.1286178328272403,-1.019254290982877,-0.180111416639905
5,sharma2025_birth,EC1,CETI23-292,0.1352464833140031,-1.0288284597445272,-0.23038729763599772
5,sharma2025_birth,EC1,CETI23-292,0.1240301660916134,-1.2819129864858259,-0.055070367301366205
5,sharma2025_birth,EC1,CETI23-292,0.1618557914272286,-1.2006773521404823,-0.6349374144001124
5,sharma2025_birth,EC1,CETI23-292,0.1325455378652783,-1.0546100799070113,-0.24946333812863752
5,sharma2025_birth,EC1,CETI23-292,0.1412735799271927,-0.8803683274867313,-0.6280911117238228
5,sharma2025_birth,EC1,CETI23-292,0.143961403602206,-0.9384966868225221,-0.7432383315285563
5,sharma2025_birth,EC1,CETI23-292,0.124261277131609,-1.1844859408106754,0.016432204924249794
5,sharma2025_birth,EC1,CETI23-292,0.142772684625599,-1.3244756570997631,-0.08618009777834545
5,sharma2025_birth,EC1,CETI23-292,0.139847463553961,-0.36498550951596237,-0.85396222968391
5,sharma2025_birth,EC1,CETI23-292,0.1367428500833928,-1.1372585092445426,-0.14320440229535106
5,sharma2025_birth,EC1,CETI23-292,0.1046742029886,-0.896197393659188,0.2832032685385163
5,sharma2025_birth,EC1,CETI23-292,0.1070622222022318,-1.365132240526645,0.4421329260530755
5,sharma2025_birth,EC1,CETI23-292,0.1577333049167699,-1.091448592295741,-0.5256295470584608
5,sharma2025_birth,EC1,CETI23-292,0.1512980896037295,-1.2215052311136014,-0.5329394277766768
5,sharma2025_birth,EC1,CETI23-292,0.1419472375884007,-0.4453222857795066,-0.897099651438694
5,sharma2025_birth,EC1,CETI23-292,0.1334704932677577,-1.1797647062790346,-0.3277630461468888
5,sharma2025_birth,EC1,CETI23-292,0.1403697444076981,-1.0532934641794909,-0.2698973843065048
5,sharma2025_birth,EC1,CETI23-292,0.1290904870146571,-0.4716247704173495,-0.567852361629257
5,sharma2025_birth,EC1,CETI23-292,0.1488745174480025,-1.176246952312794,-0.5614995975769574
5,sharma2025_birth,EC1,CETI23-292,0.1271361549778782,-0.8621808639491706,-0.36249841915452435
5,sharma2025_birth,EC1,CETI23-292,0.1597379480258462,-0.7873826234615622,-1.0668219887864
5,sharma2025_birth,EC1,CETI23-292,0.1505583704529897,-1.1955667179521687,-0.4626062487919601
5,sharma2025_birth,EC1,CETI23-292,0.1318900258740404,-1.0621398143869119,0.16755069380127044
5,sharma2025_birth,EC1,CETI23-292,0.1354070230632558,-0.8111760378157022,-0.5342721727570183
5,sharma2025_birth,EC1,CETI23-292,0.1233593403058973,-0.5081535424543007,0.14352841081473494
5,sharma2025_birth,EC1,CETI23-292,0.1407945104647187,-1.1224927962083626,-0.31330387409223626
5,sharma2025_birth,EC1,CETI23-292,0.1567605295834575,-0.9701711207519566,-0.7197862532094005
5,sharma2025_birth,EC1,CETI23-292,0.1302764409415573,-0.7929805976439327,-0.5706046657867204
5,sharma2025_birth,EC1,CETI23-292,0.1457484621785412,-1.2510927663411864,-0.34696576768983
5,sharma2025_birth,EC1,CETI23-292,0.1226734950461571,-1.103312175644878,-0.06550235905618945
5,sharma2025_birth,EC1,CETI23-292,0.1409252872877165,-1.4777712162257415,-0.15224924810954604
5,sharma2025_birth,EC1,CETI23-292,0.1044338683390616,-1.0482275999264743,0.3016232078801104
5,sharma2025_birth,EC1,CETI23-292,0.1520135869967049,-1.404399188314557,-0.1853235416556047
5,sharma2025_birth,EC1,CETI23-292,0.1878454457012436,-1.6786227968489338,-0.8114242611904345
5,sharma2025_birth,EC1,CETI23-292,0.1108927350418856,-1.1796614500857123,0.23525549938079415
5,sharma2025_birth,EC1,CETI23-292,0.1429198914305459,-1.134618244501315,-0.40199691085676453
5,sharma2025_birth,EC1,CETI23-292,0.1465538248751192,-1.2540544805188039,-0.4177343637357582
5,sharma2025_birth,EC1,CETI23-292,0.1329916856026736,0.3099669393641792,0.34644797473024824
5,sharma2025_birth,EC1,CETI23-292,0.1544042928843232,-0.9764283487897132,-0.07904619468317764
5,sharma2025_birth,EC1,CETI23-292,0.1512919971816528,-0.3785548291727303,-1.0136582055602996
5,sharma2025_birth,EC1,CETI23-292,0.1279237509601494,-1.119452158673017,-0.012283571304489704
5,sharma2025_birth,EC1,CETI23-292,0.1247206254398186,-0.2571283305564215,-0.5251191327299758
5,sharma2025_birth,EC1,CETI23-292,0.1546703491290954,-0.5863419024259405,-0.7954366064989894
5,sharma2025_birth,EC1,CETI23-292,0.1382203694108365,-0.760954216994165,-0.5169150373552621
5,sharma2025_birth,EC1,CETI23-293,0.148061197789282,-0.4174294991775551,-0.7694978819275087
5,sharma2025_birth,EC1,CETI23-293,0.1407717045176473,-0.3490266218645335,-0.8435303442019028
5,sharma2025_birth,EC1,CETI23-293,0.1069453724039971,-0.5589649751743433,0.1381989188026684
5,sharma2025_birth,EC1,CETI23-293,0.1540490749486204,-0.266583471632019,-1.0659200889651608
5,sharma2025_birth,EC1,CETI23-293,0.1714752478213185,0.1744677645175954,-1.199425696836001
5,sharma2025_birth,EC1,CETI23-293,0.1561298156235057,-0.1389463656043975,-1.128769724946375
5,sharma2025_birth,EC1,CETI23-293,0.1395909657416199,-0.19282026894055426,-0.7346950914251509
5,sharma2025_birth,EC1,CETI23-293,0.1550978443296462,-0.11591023262571917,-0.9928974499950525
5,sharma2025_birth,EC1,CETI23-293,0.1059382096678651,-0.8459678577861365,-0.0025117124108908206
5,sharma2025_birth,EC1,CETI23-293,0.1371902968571655,-1.1498736977978798,-0.568940707075442
5,sharma2025_birth,EC1,CETI23-293,0.1088650294654416,-0.7850418475753007,-0.11342320435693243
5,sharma2025_birth,EC1,CETI23-293,0.1333774054109014,-1.0766057682123775,-0.10342526393928547
5,sharma2025_birth,EC1,CETI23-293,0.1480518502915621,-1.1564788089033253,-0.376604869309755
5,sharma2025_birth,EC1,CETI23-293,0.1361930275716027,-0.7702870764783913,-0.5157065087637357
5,sharma2025_birth,EC1,CETI23-293,0.1512394221817705,-0.5611777253529483,-0.9851316897068341
5,sharma2025_birth,EC1,CETI23-293,0.1548795743397535,-0.7291429310152843,-0.9470440012090068
5,sharma2025_birth,EC1,CETI23-293,0.1096888976577596,-0.19688914132032118,-0.21042550903258933
5,sharma2025_birth,EC1,CETI23-293,0.1564742256583603,-0.40392083486650004,-1.111171416839889
5,sharma2025_birth,EC1,CETI23-293,0.1310769030595267,-0.3369125066850609,-0.5953702098425344
5,sharma2025_birth,EC1,CETI23-293,0.1506247245919222,-0.8769037646736476,-0.6889591428886209
5,sharma2025_birth,EC1,CETI23-293,0.147034668722553,-0.776411406886059,-0.7870051128190902
5,sharma2025_birth,EC1,CETI23-293,0.1404940920927613,-0.24163297024069424,-0.782558964938812
5,sharma2025_birth,EC1,CETI23-293,0.1381469358748837,-0.8489192662621079,-0.47930950186870275
5,sharma2025_birth,EC1,CETI23-293,0.1175813408497454,-0.36661115651096826,-0.3504672130260604
5,sharma2025_birth,EC1,CETI23-293,0.1474814641552421,-1.0408508426083485,-0.6544176727202976
5,sharma2025_birth,EC1,CETI23-293,0.1542480321812426,-0.30661017709517735,-1.0173530915288203
5,sharma2025_birth,EC1,CETI23-293,0.1450986241015537,-1.067889222069804,-0.6550704600609669
5,sharma2025_birth,EC1,CETI23-293,0.1363435151774276,-0.19704712120849174,-0.7246520560711904
5,sharma2025_birth,EC1,CETI23-293,0.1517176348648614,-1.061125647461807,-0.36857332522465763
5,sharma2025_birth,EC1,CETI23-293,0.1492806996267141,-0.3574044173739027,-0.9115813216546237
5,sharma2025_birth,EC1,CETI23-293,0.1324543799644705,-1.0959275915753113,-0.31956738240644833
5,sharma2025_birth,EC1,CETI23-293,0.1423350478206706,-1.1268230190564235,-0.5685751649823885
5,sharma2025_birth,EC1,CETI23-293,0.1454692646730654,-0.9784383205580994,-0.5172507522416326
5,sharma2025_birth,EC1,CETI23-293,0.1326913202943586,-0.5217995315693684,-0.5541076608712525
5,sharma2025_birth,EC1,CETI23-293,0.162942138445458,-0.1289287546527293,-1.2130458582566643
5,sharma2025_birth,EC1,CETI23-293,0.1481282026037455,-0.7306974678569915,-0.7380083307923666
5,sharma2025_birth,EC1,CETI23-293,0.1674492491408543,-0.5262693815786683,-1.3496284679842714
5,sharma2025_birth,EC1,CETI23-293,0.1371909513215998,-0.8547576208559851,-0.44818937562973515
5,sharma2025_birth,EC1,CETI23-293,0.1605247852472284,-0.14069179239303758,-1.1928035883499568
5,sharma2025_birth,EC1,CETI23-293,0.1428075227117228,-0.9157757615004719,-0.34218406241129795
5,sharma2025_birth,EC1,CETI23-293,0.1526302389151211,-0.9625358583804751,-0.495259246986113
5,sharma2025_birth,EC1,CETI23-293,0.1622386235777769,-0.1787203854761453,-1.183439629768358
5,sharma2025_birth,EC1,CETI23-293,0.1579471705934077,-0.8593089744668152,-0.6582904944449443
5,sharma2025_birth,EC1,CETI23-293,0.1387440475338009,-0.968251104472597,-0.47640428535314405
5,sharma2025_birth,EC1,CETI23-293,0.129545827216453,-0.4909438639429285,-0.6365050426934226
5,sharma2025_birth,EC1,CETI23-293,0.156465134394344,-0.7302402306934643,-1.0356969588382425
5,sharma2025_birth,EC1,CETI23-293,0.1220052536719089,-0.9709846691254054,-0.19971982641867506
5,sharma2025_birth,EC1,CETI23-293,0.1439019959204533,-1.0219481891671915,-0.6503305839183969
5,sharma2025_birth,EC1,CETI23-293,0.1387561329009643,-0.9543392003052186,-0.47332124999015035
5,sharma2025_birth,EC1,CETI23-293,0.1025747834586795,-0.6139373885173087,-0.1540433138667961
5,sharma2025_birth,EC1,CETI23-293,0.1292935429478634,-1.1678385252954082,-0.26021720954949357
5,sharma2025_birth,EC1,CETI23-293,0.105870829461836,-0.4810376269301934,-0.15340697980300613
5,sharma2025_birth,EC1,CETI23-293,0.1347114875806691,-0.9711804106848076,-0.380507350094604
5,sharma2025_birth,EC1,CETI23-293,0.130963873995503,-1.251002945881171,0.022786105057988434
5,sharma2025_birth,EC1,CETI23-293,0.1051860749759648,-0.6951690657108267,-0.20674789772406213
5,sharma2025_birth,EC1,CETI23-293,0.1517343914093886,-1.212108781895043,-0.3233817070711612
5,sharma2025_birth,EC1,CETI23-293,0.111753432196015,-0.9214475459824757,-0.09610504856518995
5,sharma2025_birth,EC1,CETI23-293,0.1427276792717849,-1.0161624251468206,-0.16532233439876493
5,sharma2025_birth,EC1,CETI23-293,0.1389154892277334,-0.8751680807624153,0.14653731249975988
5,sharma2025_birth,EC1,CETI23-293,0.1323921524040884,-1.1852783797398838,-0.16265796091657597
5,sharma2025_birth,EC1,CETI23-293,0.1167756832387799,-0.9932874220243796,0.010311321168521195
5,sharma2025_birth,EC1,CETI23-293,0.1170693275780506,-1.0757270298746644,0.22084551509026581
5,sharma2025_birth,EC1,CETI23-293,0.1065282000390165,-0.9299139129365452,-0.03407759176171585
5,sharma2025_birth,EC1,CETI23-293,0.1218323600190099,-1.0285478855792451,-0.0909420300998398
5,sharma2025_birth,EC1,CETI23-293,0.1581472878679667,-1.2711302879858724,-0.4126030763550159
5,sharma2025_birth,EC1,CETI23-293,0.1420287112837253,-1.03432887756949,-0.4530124403435574
5,sharma2025_birth,EC1,CETI23-293,0.1370760432104225,-0.907823393268095,-0.6864012730841342
5,sharma2025_birth,EC1,CETI23-293,0.1279107310176666,-1.1138125665740586,-0.28539897708385753
5,sharma2025_birth,EC1,CETI23-293,0.1397858736595693,-1.017617768973934,-0.06103632723639172
5,sharma2025_birth,EC1,CETI23-293,0.1312786372681823,-1.0294591129624,-0.05484646263454492
5,sharma2025_birth,EC1,CETI23-293,0.1298341953026577,-0.9931595922566013,-0.25055314376813986
5,sharma2025_birth,EC1,CETI23-293,0.1273211136249613,-0.969699492312353,-0.20496491147760193
5,sharma2025_birth,EC1,CETI23-293,0.1231968852718719,-1.0437426994665018,0.01766579874112245
5,sharma2025_birth,EC1,CETI23-293,0.1387645863544546,-1.1074520485611206,-0.1929602730370374
5,sharma2025_birth,EC1,CETI23-293,0.1414050184416397,-0.637117073036737,-0.05808299905168298
5,sharma2025_birth,EC1,CETI23-293,0.140331582080154,-0.8209863740428844,-0.1547984888297103
5,sharma2025_birth,EC1,CETI23-293,0.1605321441240738,-0.7623039750103371,-0.770998220860511
5,sharma2025_birth,EC1,CETI23-293,0.1278425052708773,-1.1060568680463065,-0.19179649526660214
5,sharma2025_birth,EC1,CETI23-293,0.1305450054075474,-1.3944623419593491,-0.0005788380314634411
5,sharma2025_birth,EC1,CETI23-293,0.1051147523254741,-1.5779819852769992,0.3598466452790792
5,sharma2025_birth,EC1,CETI23-293,0.138285115896081,-1.3317668643212897,-0.14858633132538387
5,sharma2025_birth,EC1,CETI23-293,0.1234453824101855,-1.2339498357798875,-0.04664459569722923
5,sharma2025_birth,EC1,CETI23-293,0.1692563784966663,-1.3197506570458026,-0.42688797149348656
5,sharma2025_birth,EC1,CETI23-293,0.1318771286035189,-1.0498925065232991,-0.36935993148533497
5,sharma2025_birth,EC1,CETI23-293,0.1539224353154646,-1.3176125381621415,-0.4016218029182997
5,sharma2025_birth,EC1,CETI23-293,0.1304827009450897,-1.2148888540954073,-0.04899853802775357
5,sharma2025_birth,EC1,CETI23-293,0.141207535546514,-1.0690858905935965,-0.37532067583025114
5,sharma2025_birth,EC1,CETI23-293,0.1149911858724658,-0.7930251452262554,-0.1365530762797587
5,sharma2025_birth,EC1,CETI23-293,0.1266435439889066,-1.1308535294890403,-0.10115814698621879
5,sharma2025_birth,EC1,CETI23-293,0.1336580974819913,-0.913019737333978,-0.5372693755229435
5,sharma2025_birth,EC1,CETI23-293,0.119283008462811,-1.1274003601982683,-0.04957995009468337
5,sharma2025_birth,EC1,CETI23-293,0.114445942818699,-0.7225026991060939,-0.32578670864303977
5,sharma2025_birth,EC1,CETI23-293,0.1415362254317579,-1.0191292616988437,-0.6386339196964068
5,sharma2025_birth,EC1,CETI23-293,0.1177998041150295,-1.3033146378825804,0.09454930833741171
5,sharma2025_birth,EC1,CETI23-293,0.132029933673043,-0.7812259336965317,-0.14679583703419288
5,sharma2025_birth,EC1,CETI23-293,0.1786831729185601,-1.4846413727057568,-0.6280293340261549
5,sharma2025_birth,EC1,CETI23-293,0.1282789299546382,-0.7468094637763643,-0.5248660467929714
5,sharma2025_birth,EC1,CETI23-293,0.1531796967562019,-0.47314533237068457,-1.0696434009382578
5,sharma2025_birth,EC1,CETI23-293,0.1215198379092688,-0.23430855164688738,-0.3221206359798131
5,sharma2025_birth,EC1,CETI23-293,0.1590371152795684,-0.864793731342415,-0.9485362543195347
5,sharma2025_birth,EC1,CETI23-293,0.1353789635244101,-0.8690652337846496,-0.6209412734600587
5,sharma2025_birth,EC1,CETI23-293,0.1353789635244101,-0.8690652337846496,-0.6209412734600587
5,sharma2025_birth,EC1,CETI23-293,0.1353789635244101,-0.8690652337846496,-0.6209412734600587
5,sharma2025_birth,EC1,CETI23-293,0.1353789635244101,-0.8690652337846496,-0.6209412734600587
5,sharma2025_birth,EC1,CETI23-293,0.1353789635244101,-0.8690652337846496,-0.6209412734600587
5,sharma2025_birth,EC1,CETI23-293,0.1353789635244101,-0.8690652337846496,-0.6209412734600587
5,sharma2025_birth,EC1,CETI23-293,0.1369355781724012,-0.39158161793941965,-0.7077719664338783
5,sharma2025_birth,EC1,CETI23-293,0.1582758332977919,-0.9568556704857305,-0.6919044685277701
5,sharma2025_birth,EC1,CETI23-293,0.1461173007600578,-0.8887233003807271,-0.6554681296173098
5,sharma2025_birth,EC1,CETI23-293,0.1613418855696142,-0.8178576699586793,-0.9903017594517047
5,sharma2025_birth,EC1,CETI23-293,0.1665188057565927,-0.1465613917752584,-1.1894476767083035
5,sharma2025_birth,EC1,CETI23-293,0.1390631831618893,-0.02088037161499326,-0.7007929760188183
5,sharma2025_birth,EC1,CETI23-293,0.147155212225759,-1.2394015801063905,-0.5933209583925637
5,sharma2025_birth,EC1,CETI23-293,0.1530958087045279,-1.2278240037927666,-0.35506929647658775
5,sharma2025_birth,EC1,CETI23-293,0.1120179022601699,-1.4346269755007963,0.035593594956591756
5,sharma2025_birth,EC1,CETI23-293,0.1304581714433484,-1.3629616536165228,-0.01382045616254475
5,sharma2025_birth,EC1,CETI23-293,0.1062814081980114,-1.1237896932011502,0.26579492848708114
5,sharma2025_birth,EC1,CETI23-293,0.1605351890318327,-0.08248413055371406,-1.1944788769405894
5,sharma2025_birth,EC1,CETI23-293,0.1286216770677366,-0.7200440847837857,-0.6428678304406343
5,sharma2025_birth,EC1,CETI23-293,0.150263717240142,-0.3148988377237016,-1.0022115248996966
5,sharma2025_birth,EC1,CETI23-293,0.1549893286999229,0.4058620282481489,-0.9101792029125617
5,sharma2025_birth,EC1,CETI23-293,0.1410209352209447,-0.5226916246480227,-0.8630136392316782
5,sharma2025_birth,EC1,CETI23-293,0.1555375333205845,0.018922148606724087,-1.0709027996260432
5,sharma2025_birth,EC1,CETI23-293,0.1579453538543998,0.14084435303466988,-1.053752832975105
5,sharma2025_birth,EC1,CETI23-293,0.1330374542257996,-1.0969213140998932,-0.2638127330821055
5,sharma2025_birth,EC1,CETI23-293,0.1537172808566912,-0.21519885106432476,-0.846935928456117
5,sharma2025_birth,EC1,CETI23-293,0.1394009061002057,-1.1788137351937822,-0.1439672120191552
5,sharma2025_birth,EC1,CETI23-293,0.1410739967696127,-1.2060021618708001,-0.21685997979391541
5,sharma2025_birth,EC1,CETI23-293,0.1361159562360622,-0.9180655688057913,0.3299241867232502
5,sharma2025_birth,EC1,CETI23-293,0.1461375401070937,-1.2771141407480036,-0.24360942329558777
5,sharma2025_birth,EC1,CETI23-293,0.1301613891080287,-1.1575367521497375,-0.04947073167260642
5,sharma2025_birth,EC1,CETI23-293,0.1235747715257402,-1.0327187252495578,-0.20724146536303328
5,sharma2025_birth,EC1,CETI23-293,0.1295575470285805,-1.1697598661315671,-0.2471098905922406
5,sharma2025_birth,EC1,CETI23-293,0.1327336877327447,-1.3343776418790334,-0.07361208320285967
5,sharma2025_birth,EC1,CETI23-293,0.1363841303366241,-1.2897742239252112,-0.24298298325933443
5,sharma2025_birth,EC1,CETI23-293,0.1249535544299547,-1.2043613165020854,-0.10518232027255582
5,sharma2025_birth,EC1,CETI23-293,0.1165502763271087,-1.2097762706976236,0.11594711058049784
5,sharma2025_birth,EC1,CETI23-293,0.1454713495864532,-1.291882843849407,-0.2611457696976016
5,sharma2025_birth,EC1,CETI23-293,0.1366201280641339,-1.1587064134174598,-0.14663736837754404
5,sharma2025_birth,EC1,CETI23-293,0.1402694338115218,-1.1156652613205111,-0.49904650980499515
5,sharma2025_birth,EC1,CETI23-293,0.1466515973078973,-0.8052852841280674,-0.9151294794454532
5,sharma2025_birth,EC1,CETI23-293,0.1187952351426974,-0.49132012777863454,-0.3673240436442394
5,sharma2025_birth,EC1,CETI23-293,0.1018343896702348,-1.0837303618784642,0.05054007206319425
5,sharma2025_birth,EC1,CETI23-293,0.1336318275565166,-0.6987561983654913,-0.3901059520717095
5,sharma2025_birth,EC1,CETI23-293,0.1364339933319832,-0.7479653494163588,-0.5820250758327423
5,sharma2025_birth,EC1,CETI23-293,0.1335233482394931,-0.8085867144223291,-0.5161354403610003
5,sharma2025_birth,EC1,CETI23-293,0.1572328483104036,-0.5349724076354792,-1.033815542168756
5,sharma2025_birth,EC1,CETI23-293,0.1508544633141746,-1.0623857522046105,-0.3798729019702622
5,sharma2025_birth,EC1,CETI23-293,0.122861544120285,-0.9824480030994602,-0.2595409040718882
5,sharma2025_birth,EC1,CETI23-293,0.1332263443977913,-0.5289943516941367,-0.6518309667661083
5,sharma2025_birth,EC1,CETI23-293,0.1336590300062996,-0.7717204902877509,-0.6526769192762684
5,sharma2025_birth,EC1,CETI23-293,0.1538938741357647,-0.42749701531942413,-1.1194932512983904
5,sharma2025_birth,EC1,CETI23-293,0.1127539369977732,-0.5117371442245553,-0.3321962435805821
5,sharma2025_birth,EC1,CETI23-293,0.1431716208314138,-0.6550265636173285,-0.6092365282826435
5,sharma2025_birth,EC1,CETI23-293,0.1457792616708833,-0.5553298756737675,-0.8655196981717799
5,sharma2025_birth,EC1,CETI23-293,0.1511879022092039,-0.6424453626236756,-0.8881317851418129
5,sharma2025_birth,EC1,CETI23-293,0.1097676002332593,-0.5905475125429573,-0.2474025038334871
5,sharma2025_birth,EC1,CETI23-293,0.1611889659530593,-0.7461799079351422,-1.0445337263997552
5,sharma2025_birth,EC1,CETI23-293,0.1556872265062472,-0.7955864821874329,-0.9542937103516389
5,sharma2025_birth,EC1,CETI23-293,0.1315206939096508,-0.8404689318989579,-0.35228572986571427
5,sharma2025_birth,EC1,CETI23-293,0.1230425453063484,-0.35395709449998247,-0.4900760282172366
5,sharma2025_birth,EC1,CETI23-293,0.1042599683994683,-0.24328055188559955,0.032901194246611115
5,sharma2025_birth,EC1,CETI23-293,0.1026490472652041,-0.5733919222028198,-0.08513431352940096
5,sharma2025_birth,EC1,CETI23-293,0.1104803038611308,-0.6411074424682,-0.06740961927196704
5,sharma2025_birth,EC1,CETI23-293,0.1501364108147186,-1.0526181981609863,-0.7042505688421798
5,sharma2025_birth,EC1,CETI23-293,0.1035183852178724,-0.7278828305550836,-0.1174602271879276
5,sharma2025_birth,EC1,CETI23-293,0.1319948078138814,-0.5313798359631725,-0.5590289377724224
5,sharma2025_birth,EC1,CETI23-293,0.1153304407546516,-0.5133507145638971,-0.2503163876674199
5,sharma2025_birth,EC1,CETI23-293,0.1058879273370669,-1.0397591660814092,0.13956100139140798
5,sharma2025_birth,EC1,CETI23-293,0.1121861775032003,-0.44996709392085804,-0.29864026646846215
5,sharma2025_birth,EC1,CETI23-293,0.1137436333092675,-0.7595290145863722,-0.20883594660844224
5,sharma2025_birth,EC1,CETI23-293,0.1030397209668753,-0.7688435470994319,-0.11700505516101141
5,sharma2025_birth,EC1,CETI23-293,0.1155376833604581,-0.7877311741409047,-0.2730398039527986
5,sharma2025_birth,EC1,CETI23-293,0.1691812492911148,-0.5891770405429312,-1.1611785096910632
5,sharma2025_birth,EC1,CETI23-293,0.1684233034330538,-0.4560889616128126,0.5474878397105329
5,sharma2025_birth,EC1,CETI23-293,0.1164728303072838,-0.9283315430368819,-0.27390581891171395
5,sharma2025_birth,EC1,CETI23-293,0.1112864644614487,-1.0738498193900483,0.06425849353197077
5,sharma2025_birth,EC1,CETI23-293,0.1657145632183229,-0.5828734425359775,-1.2553895824222163
5,sharma2025_birth,EC1,CETI23-293,0.1609863932746485,-0.7832963974812444,-0.9198123030120942
5,sharma2025_birth,EC1,CETI23-293,0.1596844931987703,-0.8298763508378153,-1.0473775957689453
5,sharma2025_birth,EC1,CETI23-293,0.1522387492237965,-0.6794461743719267,-0.7941693344187963
5,sharma2025_birth,EC1,CETI23-293,0.1522486464009978,-1.0343824275189792,-0.6548158216159451
5,sharma2025_birth,EC1,CETI23-293,0.1561931796748256,-0.9334227188274862,-0.8680688494196963
5,sharma2025_birth,EC1,CETI23-293,0.1530266567526763,-0.9056084835533469,-0.8669709715977053
5,sharma2025_birth,EC1,CETI23-293,0.1480296023187538,-0.9796473195440794,-0.705949961400329
5,sharma2025_birth,EC1,CETI23-293,0.1477148170535434,-0.5234008295026957,-0.9529951963429675
5,sharma2025_birth,EC1,CETI23-293,0.1547419622297044,-0.5299232630907681,-1.056429788334462
5,sharma2025_birth,EC1,CETI23-293,0.1458950028259046,-0.5807994003618044,-0.7995304168497863
5,sharma2025_birth,EC1,CETI23-293,0.130490643669969,-0.9151904482835131,-0.32153701610007224
5,sharma2025_birth,EC1,CETI23-293,0.1588404119643339,-1.2438974225166821,-0.16423348365810156
5,sharma2025_birth,EC1,CETI23-293,0.102179190704367,-0.7836136520884847,-0.08633152444418862
5,sharma2025_birth,EC1,CETI23-293,0.105958194478933,-0.03967343659819808,-0.02788997884530474
5,sharma2025_birth,EC1,CETI23-293,0.1105650227934682,-0.45516764749522187,-0.30169134543109943
5,sharma2025_birth,EC1,CETI23-293,0.1103466096300438,-0.3387242291222353,-0.22003571851563944
5,sharma2025_birth,EC1,CETI23-293,0.1037040647471546,-0.08469307792151781,0.012839932918344663
5,sharma2025_birth,EC1,CETI23-293,0.1014241167690362,-0.8214671039948775,0.026448044907300253
5,sharma2025_birth,EC1,CETI23-293,0.1164701867471476,-0.9986676327293926,0.010706875444996794
5,sharma2025_birth,EC1,CETI23-293,0.1099271628710328,-0.704520976422853,-0.14061678879274875
5,sharma2025_birth,EC1,CETI23-293,0.1056660145143797,-0.7962326747800024,0.16776054246082656
5,sharma2025_birth,EC1,CETI23-293,0.1299040374387722,-0.39607547056248693,0.2420209982021554
5,sharma2025_birth,EC1,CETI23-293,0.1077643611727828,-0.9186024606345409,-0.03770526592474556
5,sharma2025_birth,EC1,CETI23-293,0.1119623844892168,-0.8867746152563734,0.01480982325159462
5,sharma2025_birth,EC1,CETI23-293,0.1196762724622555,-1.2162472794608539,0.18695926628051684
5,sharma2025_birth,EC1,CETI23-293,0.1674901116906383,-0.3425837939929134,-1.1897003834538373
5,sharma2025_birth,EC1,CETI23-293,0.1380916997818403,-0.5251911122932026,-0.717168694433635
5,sharma2025_birth,EC1,CETI23-293,0.1534434109322765,-0.4795846347324144,-1.0020601996051404
5,sharma2025_birth,EC1,CETI23-293,0.1632733658693206,-0.2201172113308678,-1.2470301522594491
5,sharma2025_birth,EC1,CETI23-293,0.1005790651089194,-1.0810279495891262,0.18173381276210304
5,sharma2025_birth,EC1,CETI23-293,0.120602828129431,-0.8105818202723492,0.0450137005704966
5,sharma2025_birth,EC1,CETI23-293,0.1522698713960781,-0.34634205993436057,-0.9887262179525756
5,sharma2025_birth,EC1,CETI23-293,0.1195668477542056,-1.2030183550348301,-0.010026136198656013
5,sharma2025_birth,EC1,CETI23-293,0.1345406876024996,-0.6200647597329432,-0.4344177330540058
5,sharma2025_birth,EC1,CETI23-293,0.103387165725345,-0.8557128064671475,0.11566546882052528
5,sharma2025_birth,EC1,CETI23-293,0.1585266704139664,-0.5962044945938202,-1.0803528514958112
5,sharma2025_birth,EC1,CETI23-293,0.1366190015742553,-0.30295286927761417,-0.7320149545007916
5,sharma2025_birth,EC1,CETI23-293,0.1542749211327534,-0.5126101364629809,-1.0235013355544362
5,sharma2025_birth,EC1,CETI23-293,0.1484531735133995,-0.3769385814883682,-0.9719337535357899
5,sharma2025_birth,EC1,CETI23-293,0.1486423004094277,-0.3729911856118697,-0.9867650586169006
5,sharma2025_birth,EC1,CETI23-293,0.1491797685989397,-0.5134055511631811,-0.9358614372084613
5,sharma2025_birth,EC1,CETI23-293,0.130696774948001,-1.0118679473236802,-0.5273718752319321
5,sharma2025_birth,EC1,CETI23-293,0.1359632065193873,-0.4248681463372084,-0.7359024017275005
5,sharma2025_birth,EC1,CETI23-293,0.1489628526261049,-0.002789314165524248,-0.9103350373225197
5,sharma2025_birth,EC1,CETI23-293,0.127626334875104,-0.4957309716039514,-0.522716856390897
5,sharma2025_birth,EC1,CETI23-293,0.1400826816024947,-0.2931030990097503,-0.8304185820152314
5,sharma2025_birth,EC1,CETI23-293,0.1370008017654848,-0.22311058756690397,-0.6778818119069707
5,sharma2025_birth,EC1,CETI23-293,0.1047320821989866,-0.9424035813511437,0.16023572998569854
5,sharma2025_birth,EC1,CETI23-293,0.1413388638221921,-0.27676707211341633,-0.8335343542943587
5,sharma2025_birth,EC1,CETI23-293,0.1481544305463668,-0.23626346534794707,-0.9304159110412249
5,sharma2025_birth,EC1,CETI23-293,0.1568458664106248,-0.23667537970976357,-1.1603522640306803
5,sharma2025_birth,EC1,CETI23-293,0.1435435188630539,-0.03990651734578071,-0.8238083959724175
5,sharma2025_birth,EC1,CETI23-293,0.1246248959665714,0.7720036737961387,-0.5159791541354548
5,sharma2025_birth,EC1,CETI23-293,0.1472263710056941,-0.6543701109988592,-0.7991600372886324
5,sharma2025_birth,EC1,CETI23-293,0.1689642135883025,-0.5266890508835289,-1.202689780616208
5,sharma2025_birth,EC1,CETI23-293,0.1625036511776275,-0.8560504194026193,-0.9015007455158388
5,sharma2025_birth,EC1,CETI23-293,0.13285459757228,-1.0661538083663973,-0.304193201603516
5,sharma2025_birth,EC1,CETI23-293,0.1057378663922868,0.07853295599307245,0.09933887618627561
5,sharma2025_birth,EC1,CETI23-293,0.1421492988647135,-0.16722762281345477,-0.8617786264874537
5,sharma2025_birth,EC1,CETI23-293,0.1610324287908902,0.13986234187486268,-1.1518101811572374
5,sharma2025_birth,EC1,CETI23-293,0.1298478383449358,-0.6318314083338328,-0.6147170975924431
5,sharma2025_birth,EC1,CETI23-293,0.1039649219799402,-0.8002118517177672,-0.06947938881202409
5,sharma2025_birth,EC1,CETI23-293,0.1422556486272014,-1.1582997313674974,-0.19720574048342007
5,sharma2025_birth,EC1,CETI23-293,0.1327585666958524,-1.0486352606372864,-0.11010877462967562
5,sharma2025_birth,EC1,CETI23-293,0.1541096982024924,-1.1397850843157868,-0.2450065482775567
5,sharma2025_birth,EC1,CETI23-293,0.1193528238631224,-0.674867945610294,-0.33937297440591707
5,sharma2025_birth,EC1,CETI23-293,0.1197025694084702,-0.5567166598223645,-0.42971162506004845
5,sharma2025_birth,EC1,CETI23-293,0.1374418880854207,-0.8127043633715674,-0.5858648560366179
5,sharma2025_birth,EC1,CETI23-293,0.1362728502282606,-0.42017775525654255,-0.7848697157984834
5,sharma2025_birth,EC1,CETI23-293,0.1664887055350088,-0.6628447159919949,-1.1722663863666174
5,sharma2025_birth,EC1,CETI23-293,0.1381902900426969,-0.784368626144038,-0.7717174227749894
5,sharma2025_birth,EC1,CETI23-293,0.1403999081555952,-0.9613887929578306,-0.5246086429620597
5,sharma2025_birth,EC1,CETI23-293,0.1389857272865919,-0.6333969488466471,-0.6386772324641667
5,sharma2025_birth,EC1,CETI23-293,0.1556075233428036,-0.3178425189044866,-1.1125890642057839
5,sharma2025_birth,EC1,CETI23-293,0.1216162542899169,-0.6211253278711413,-0.2738416890252741
5,sharma2025_birth,EC1,CETI23-293,0.1484821102506495,-0.17556946851839153,-0.9248208585505838
5,sharma2025_birth,EC1,CETI23-293,0.1462095854567799,-0.3349251546691837,-0.8611956974583523
5,sharma2025_birth,EC1,CETI23-293,0.1333057160320764,-0.24448717885104926,-0.6619740700298242
5,sharma2025_birth,EC1,CETI23-293,0.157801574821599,-0.2220657590173426,-1.0571290125989372
5,sharma2025_birth,EC1,CETI23-293,0.1333862626402151,-0.11808214505727085,-0.5799061922465056
5,sharma2025_birth,EC1,CETI23-293,0.167744304586664,-0.13134530659314897,-1.2677879117788087
5,sharma2025_birth,EC1,CETI23-293,0.1326886986952223,-1.4813568173986456,0.0710919888432471
5,sharma2025_birth,EC1,CETI23-293,0.1518881652567733,0.01788983720612275,-0.9626654505294047
5,sharma2025_birth,EC1,CETI23-293,0.1415012853286271,-0.20518623962760002,-0.7129826805882221
5,sharma2025_birth,EC1,CETI23-293,0.1392098740394738,-0.18247812653497128,-0.7119953869405441
5,sharma2025_birth,EC1,CETI23-293,0.1102866275140089,-1.0052667392736592,0.1367783121991893
5,sharma2025_birth,EC1,CETI23-293,0.1297977452332402,-1.3597595949215984,-0.13821030321710753
5,sharma2025_birth,EC1,CETI23-293,0.1401978349476051,-0.22480039089217774,-0.8296261292004957
5,sharma2025_birth,EC1,CETI23-293,0.1464699112388252,-0.2180445145900959,-0.9598950952546859
5,sharma2025_birth,EC1,CETI23-293,0.143677889368408,-0.1326686739392372,-0.8648108938747489
5,sharma2025_birth,EC1,CETI23-293,0.1588345006046297,-0.018792680835151565,-1.0352061880182677
5,sharma2025_birth,EC1,CETI23-293,0.1658660064801348,-0.10499573141398866,-1.2367606969605622
5,sharma2025_birth,EC1,CETI23-293,0.1488310871420926,-1.5218002825523311,-0.43351831074799496
5,sharma2025_birth,EC1,CETI23-293,0.164384028377405,-0.11842469094752556,-1.223305661281205
5,sharma2025_birth,EC1,CETI23-293,0.1481784504453075,-0.23411227900526974,0.14982443374987656
5,sharma2025_birth,EC1,CETI23-293,0.1418405405489391,-0.07112331580460973,-0.8136411866122107
5,sharma2025_birth,EC1,CETI23-293,0.1591919938767724,-0.03902363539254711,-1.0796535553525746
5,sharma2025_birth,EC1,CETI23-293,0.1358514584612405,-1.0945906833382122,-0.32252818833523456
5,sharma2025_birth,EC1,CETI23-293,0.1490847999968924,-0.030177637257801454,-0.9172812902042675
5,sharma2025_birth,EC1,CETI23-294,0.1215908829932392,-1.3645511483875699,0.08362487282743258
5,sharma2025_birth,EC1,CETI23-294,0.1405839260709522,-1.1340468923803377,-0.16709613051096045
5,sharma2025_birth,EC1,CETI23-294,0.1126962216661875,-1.2121843444597493,-0.028593348946490252
5,sharma2025_birth,EC1,CETI23-294,0.1199438100075002,-1.1151320382502092,-0.17553762689357805
5,sharma2025_birth,EC1,CETI23-294,0.1028692000695948,-1.0773015023969805,0.07744283724049397
5,sharma2025_birth,EC1,CETI23-294,0.1071729288005648,-1.0832966557548978,-0.03776647973004055
5,sharma2025_birth,EC1,CETI23-294,0.104297209703317,-0.9433454244472779,0.08477084231517068
5,sharma2025_birth,EC1,CETI23-294,0.1148037553381023,-0.9683985496539843,-0.10099132325306794
5,sharma2025_birth,EC1,CETI23-294,0.1018393126264039,-1.1493105185832309,0.03651402584786173
5,sharma2025_birth,EC1,CETI23-294,0.1545923466805646,-1.13647938657566,-0.42461637458178403
5,sharma2025_birth,EC1,CETI23-294,0.1482288707031566,-0.9912618139444369,-0.48412387199826135
5,sharma2025_birth,EC1,CETI23-294,0.157941757792156,-1.008303429145917,-0.692504809274858
5,sharma2025_birth,EC1,CETI23-294,0.150000673718568,-0.8758939119926843,-0.6775441205370836
5,sharma2025_birth,EC1,CETI23-294,0.1475340939520072,-0.7861483742140942,-0.7375234374897444
5,sharma2025_birth,EC1,CETI23-294,0.1076884248507685,-1.4403837233482493,0.3924470751313478
5,sharma2025_birth,EC1,CETI23-294,0.1116318061636918,-1.31106691419407,0.03590506537109045
5,sharma2025_birth,EC1,CETI23-294,0.1335133209814429,-0.7939223388743402,-0.6028503269226594
5,sharma2025_birth,EC1,CETI23-294,0.1227264775189856,-1.1952150843608187,-0.04558491881600478
5,sharma2025_birth,EC1,CETI23-294,0.1301423852440607,-0.6298518278550992,-0.5157549610771414
5,sharma2025_birth,EC1,CETI23-294,0.1094108566203254,-1.357646189836339,0.1309206713364774
5,sharma2025_birth,EC1,CETI23-294,0.1349020717900067,-0.8213970667899084,-0.27186577576726256
5,sharma2025_birth,EC1,CETI23-294,0.1430049757384726,-1.0009974809602784,-0.1573495479935485
5,sharma2025_birth,EC1,CETI23-294,0.1279782226766707,-0.039083913660067436,-0.10140093991606675
5,sharma2025_birth,EC1,CETI23-294,0.1393205735677856,-0.6986565584782315,-0.6170766189656696
5,sharma2025_birth,EC1,CETI23-294,0.1574457035564092,-0.5563093142228788,-0.9119708557116191
5,sharma2025_birth,EC1,CETI23-294,0.1117027843185215,-1.0743790091644758,0.09183156186331347
5,sharma2025_birth,EC1,CETI23-294,0.1638711690622705,-0.6517537750704566,-1.1632158611970254
5,sharma2025_birth,EC1,CETI23-294,0.1549692154614885,-0.554918802093897,-1.0593271033494105
5,sharma2025_birth,EC1,CETI23-294,0.139309021121419,-1.2258899611788112,-0.12013498223549054
5,sharma2025_birth,EC1,CETI23-294,0.1698862834665711,-0.8075269382999423,-1.305999013229902
5,sharma2025_birth,EC1,CETI23-294,0.1425566100329273,-1.2306999079063767,-0.25142591016205934
5,sharma2025_birth,EC1,CETI23-294,0.1003859242684402,-0.9892966732887082,0.19773711119985152
5,sharma2025_birth,EC1,CETI23-294,0.1307318616835942,-0.9759580142125615,-0.21494844620279135
5,sharma2025_birth,EC1,CETI23-294,0.1357877079654267,-0.9121967064532612,-0.3967510654922698
5,sharma2025_birth,EC1,CETI23-294,0.1145929904466012,-0.8468752694505728,-0.19019833227663657
5,sharma2025_birth,EC1,CETI23-294,0.1475531357365762,-1.1467424569042275,-0.4946113660567104
5,sharma2025_birth,EC1,CETI23-294,0.147782375929785,-1.1408597458286152,-0.40236461125782086
5,sharma2025_birth,EC1,CETI23-294,0.1054152269340416,-0.934102552059774,0.23736265663881756
5,sharma2025_birth,EC1,CETI23-294,0.1337119842050473,-0.9266914617206209,-0.14592653833882954
5,sharma2025_birth,EC1,CETI23-294,0.1595067804155385,-1.2417038857391092,-0.4981021258253092
5,sharma2025_birth,EC1,CETI23-294,0.1428006191670455,-0.9989725416127644,-0.33979717199275355
5,sharma2025_birth,EC1,CETI23-294,0.1367745748544487,-1.0211966386281064,-0.2579979431978511
5,sharma2025_birth,EC1,CETI23-294,0.1266257108687949,-0.8477671470246461,-0.2649254527166157
5,sharma2025_birth,EC1,CETI23-294,0.155585001281039,-0.9562953061531354,-0.5650276286523452
5,sharma2025_birth,EC1,CETI23-294,0.159710084310008,-1.2150321686406265,-0.5025240976862722
5,sharma2025_birth,EC1,CETI23-294,0.1611171410656005,-1.2775442481114474,-0.43838160142863974
5,sharma2025_birth,EC1,CETI23-294,0.1504127855704478,-1.1173669615341026,-0.6062859048728532
5,sharma2025_birth,EC1,CETI23-294,0.1406059334003434,-0.9232451187762096,-0.41412822191966325
5,sharma2025_birth,EC1,CETI23-294,0.1354830305315541,-1.0031930122485162,-0.24958922762687075
5,sharma2025_birth,EC1,CETI23-294,0.1434376742867835,-0.9896287179095914,-0.2239429258835415
5,sharma2025_birth,EC1,CETI23-294,0.141068814310381,-0.9721738108960848,-0.4643212241814043
5,sharma2025_birth,EC1,CETI23-294,0.1366604999934475,-0.7166314353847182,-0.47073339138512127
5,sharma2025_birth,EC1,CETI23-294,0.1328323739350511,-0.6237725528411247,-0.6786557057557828
5,sharma2025_birth,EC1,CETI23-294,0.1328323739350511,-0.6237725528411247,-0.6786557057557828
5,sharma2025_birth,EC1,CETI23-294,0.1483229397138712,-0.8021980638073255,-0.8358842774813927
5,sharma2025_birth,EC1,CETI23-294,0.1350449826858986,-0.23273881439649266,-0.6826402571159919
5,sharma2025_birth,EC1,CETI23-294,0.1229855248622346,-0.7547835791982512,-0.398379580784827
5,sharma2025_birth,EC1,CETI23-294,0.1463196524050125,-0.1434532190875469,-0.8221723245442614
5,sharma2025_birth,EC1,CETI23-294,0.1669443811145165,0.27412260567407865,-1.1663887581927765
5,sharma2025_birth,EC1,CETI23-294,0.1191671563417852,-0.3602608062653042,-0.44481134445647796
5,hersh2022_pacific,,38,0.1491614590122956,0.6673977967833155,-0.15671477478915952
5,hersh2022_pacific,REG,31,0.1154370842113355,0.3213689872689366,0.09728109586069664
5,hersh2022_pacific,REG,31,0.1053670601626168,0.32207790022238153,0.30750700181965535
5,hersh2022_pacific,REG,31,0.1446491965170453,0.4092845793352286,-0.3613589185816346
5,hersh2022_pacific,,68,0.1447140891645616,0.6265483352675262,-0.161702124548662
5,hersh2022_pacific,,68,0.1528193995559816,0.6930177142349324,-0.14735364567632941
5,hersh2022_pacific,,68,0.1441060439630668,0.5649949279842011,-0.02101289347357029
5,hersh2022_pacific,,68,0.1320628053946539,0.044335854096869715,-0.12823627228223589
5,hersh2022_pacific,,68,0.1441577649227455,0.03559208444133251,-0.3346626778598536
5,hersh2022_pacific,,68,0.1185287111283068,0.1115007623070606,-0.1325358904959827
5,hersh2022_pacific,,38,0.1577546507707027,0.47868399198376105,-0.528520815644383
5,hersh2022_pacific,,38,0.1615239969338348,0.5896932501835239,-0.43234640549591963
5,hersh2022_pacific,,38,0.1554095449758269,0.4708287237434398,-0.8628525018405244
5,hersh2022_pacific,,236,0.3227510084043791,2.3335680648311965,1.8915594515092475
5,hersh2022_pacific,,65,1.004872490990756,13.006399777089698,-15.282001660549406
5,hersh2022_pacific,PO,54,0.2346561946683599,0.7088230926775463,3.022539753266683
5,hersh2022_pacific,PO,54,0.1025810100678774,-0.07418633901675574,0.7447901825915023
5,hersh2022_pacific,PO,54,0.1040580927542925,-0.0643740568085262,0.9303040854454111
5,hersh2022_pacific,REG,64,0.1599582790611451,0.8358702193715181,-0.42080318867433897
5,hersh2022_pacific,REG,64,0.1301278693367905,0.2056281657316771,-0.3261847916421781
5,hersh2022_pacific,REG,64,0.1145155996520601,0.2055678418303527,0.09351963303774893
5,hersh2022_pacific,REG,64,0.1316803960591791,0.32919456302603306,-0.10846949119848065
5,hersh2022_pacific,REG,64,0.1261959441506711,0.32893718888306844,0.00811604391543945
5,hersh2022_pacific,REG,75,0.1094702615085046,0.12386179510256903,0.3392578859172539
5,hersh2022_pacific,REG,75,0.147003846451834,0.7859659199559175,-0.18229727238244942
5,hersh2022_pacific,REG,75,0.1303512711743715,0.43645510492554895,-0.045557793349690276
5,hersh2022_pacific,REG,75,0.1307920859693867,0.4909314365861025,0.023003682314672688
5,hersh2022_pacific,REG,8,0.1474133799450535,0.6099639804080113,-0.2956362868999948
5,hersh2022_pacific,REG,8,0.1695946271975221,0.5931775770734048,-0.7810971902043616
5,hersh2022_pacific,REG,8,0.1523657499694982,0.7508199243521322,-0.37548173234950505
5,hersh2022_pacific,REG,8,0.1378803646592684,0.8950724463321333,-0.7253582094528028
5,hersh2022_pacific,REG,8,0.1280797496392921,1.0576342928573104,-0.6389495364764715
5,hersh2022_pacific,REG,8,0.1620495671149902,0.6016812729142567,-0.6910247497312184
5,hersh2022_pacific,REG,8,0.1610330199275191,0.6618237739796269,-0.8189997313734112
5,hersh2022_pacific,REG,8,0.1644757224580999,0.6045992198649923,-0.6171133187808967
5,hersh2022_pacific,REG,8,0.1613861339762074,0.4220078888052592,-0.5350996461282214
5,hersh2022_pacific,REG,8,0.1542661455317011,0.3636870085107025,-0.21339121780461534
5,hersh2022_pacific,REG,8,0.1355957693883674,0.3758010415382831,-0.2408585541691491
5,hersh2022_pacific,REG,8,0.128587299723726,0.26197400018894806,-0.09679926280832521
5,hersh2022_pacific,SH,238,0.1077403537000134,1.4983925481560594,-0.34786125107389587
5,hersh2022_pacific,SH,238,0.1194271673403354,0.6110879684287787,0.5820622823530979
5,hersh2022_pacific,PALI,232,0.3256966427296753,5.239909472606154,-5.714578331173367
5,hersh2022_pacific,RI,50,0.16073101070874,0.45376092979497973,0.4906785954315933
5,hersh2022_pacific,RI,50,0.1383051481841009,-1.2773716953469205,3.7930187570379954
5,hersh2022_pacific,RI,50,0.1593023676077461,-0.6524062611317032,3.6201486513505015
5,hersh2022_pacific,RI,50,0.1536700455858935,-1.050687868547229,3.7977485967649875
5,hersh2022_pacific,RI,50,0.1523530282471265,0.5447521038461234,0.7454479738195544
5,hersh2022_pacific,SH,14,0.2881540475402533,2.3635934090197397,1.5977422492024154
5,hersh2022_pacific,SH,14,0.3143260738104902,1.9143341813388846,1.6797296255276255
5,hersh2022_pacific,SH,14,0.1112230381163377,1.0115721397664341,3.0883923965226834
5,hersh2022_pacific,SH,14,0.3054779173670922,2.427592804751307,2.2521741945608698
5,hersh2022_pacific,FP,230,0.4207424699809737,4.438788212072756,2.513437980378226
5,hersh2022_pacific,FP,230,0.3929990635120136,7.319501999565233,-0.9022771970197014
5,hersh2022_pacific,FP,230,0.3668673754954965,4.691707126480843,-8.490422825659579
5,hersh2022_pacific,FP,230,0.4741638911111128,2.3188348224386863,2.4828566989941043
5,hersh2022_pacific,FP,230,0.3961437672678807,4.571906999212618,-1.8503138945820319
5,hersh2022_pacific,FP,230,0.5136161178655537,3.0088838237139486,3.4261713577228425
5,hersh2022_pacific,FP,230,0.4602668559234211,2.682563510420089,2.7537872191878994
5,hersh2022_pacific,FP,230,0.2787366073032964,2.059578711794135,1.670372229029739
5,hersh2022_pacific,FP,230,0.2863824060839978,5.463259838864539,-0.745119768344305
5,hersh2022_pacific,SI,55,0.1418900353900457,1.3425833308581492,0.3894168256116365
5,hersh2022_pacific,SI,55,0.1429864697162993,3.1960730238774877,-0.10463453205787715
5,hersh2022_pacific,SI,55,0.1392811272682638,1.5567672118505091,0.35157741813901955
5,hersh2022_pacific,REG,62,0.1379759427134121,0.4438948528454803,0.007399383344466687
5,hersh2022_pacific,REG,62,0.1517095368575234,0.6359830217478861,-0.1210290530551465
5,hersh2022_pacific,REG,62,0.1424733707057123,0.5306178168223115,0.04321906514664716
5,hersh2022_pacific,REG,62,0.1431941631084226,0.7059228406859939,-0.05409060254205801
5,hersh2022_pacific,REG,62,0.1096482290174478,0.20201900032992076,0.14207431844730428
5,hersh2022_pacific,REG,62,0.1227437971716326,0.29304207927690473,-0.04313138534917006
5,hersh2022_pacific,REG,48,0.1311652649802811,0.3415514185132795,-0.12158442421795235
5,hersh2022_pacific,REG,48,0.1233418448344808,0.33283910265142147,-0.014986242039531004
5,hersh2022_pacific,REG,48,0.1214088945478314,0.2643329699039837,-0.01726988830365847
5,hersh2022_pacific,REG,48,0.1253580030039499,0.2679466326699582,-0.06198612674109709
5,hersh2022_pacific,REG,48,0.1047512239343511,0.2074559155929506,0.34964249986304485
5,hersh2022_pacific,REG,48,0.1587910772183786,0.982083078467664,-0.31683715569398524
5,hersh2022_pacific,REG,47,0.1504712204355107,0.9477077267415127,-0.28199762643466686
5,hersh2022_pacific,REG,47,0.1551024735168346,0.9334914764573979,-0.41468819676239943
5,hersh2022_pacific,REG,47,0.1560855080425806,0.9403864203987384,-0.4078600400961289
5,hersh2022_pacific,REG,47,0.154585253025723,0.6467441041657697,-0.20328521939511576
5,hersh2022_pacific,REG,47,0.1521800462460698,0.6851699283106326,-0.2048851635718139
5,hersh2022_pacific,REG,47,0.1509412642542679,0.707473677689769,-0.28901125042014963
5,hersh2022_pacific,REG,47,0.1573925641657722,0.7146971150153856,-0.29490137264510446
5,hersh2022_pacific,REG,47,0.1528282888331337,0.7437900223903462,-0.18529597929921984
5,hersh2022_pacific,REG,47,0.1552386761208934,0.7246496018980927,-0.30114480733889626
5,hersh2022_pacific,REG,47,0.1550624269396356,0.9365137103902571,-0.4649078660442821
5,hersh2022_pacific,REG,47,0.1472969902713169,0.7673034122677029,-0.2477556592930971
5,hersh2022_pacific,REG,47,0.1554582068849052,0.6442507390573751,-0.2421665772333866
5,hersh2022_pacific,REG,47,0.1470134624549344,0.7287164098974908,-0.21616724361557327
5,hersh2022_pacific,REG,21,0.1318801702737945,0.3810552251808347,-0.29743980196634406
5,hersh2022_pacific,REG,21,0.1219187339345637,0.2165268250703548,-0.08289381707526677
5,hersh2022_pacific,REG,21,0.1127804141501794,0.14942063934576147,0.11546766743353305
5,hersh2022_pacific,REG,21,0.1410481633298915,0.09539765142956877,-0.2209821016658121
5,hersh2022_pacific,REG,21,0.1308639677254423,0.22857799168204637,-0.14737323433310923
5,hersh2022_pacific,SH,244,0.1663679626793335,-0.4593404736594209,2.2646259672092373
5,hersh2022_pacific,REG,4,0.1148734917493385,0.21466826399191258,0.29727097116624224
5,hersh2022_pacific,REG,4,0.1444647337312854,0.5615438018912751,0.08251380028182004
5,hersh2022_pacific,REG,4,0.1047886731121674,0.13981895075325648,0.2932600409311832
5,hersh2022_pacific,REG,4,0.1547617960764432,0.8821597689548906,-0.3663331766495276
5,hersh2022_pacific,REG,4,0.1240596584206642,0.24459531129749645,0.012487173693525321
5,hersh2022_pacific,SH,235,0.4030305266574195,-0.21457383007695308,1.2765019325075886
5,hersh2022_pacific,SH,235,0.1682552391034274,-1.039160033754298,-0.6928700046658457
5,hersh2022_pacific,SH,235,0.1887723119979587,-0.6991731409461082,3.510344755090478
5,hersh2022_pacific,PO,43,0.1653727585229621,0.6527821210750191,-0.24017507702455582
5,hersh2022_pacific,SH,229,0.1190693086232897,-1.469120433838421,-0.22562065423580221
5,hersh2022_pacific,SH,229,0.209223554620845,-0.04892816454744203,-3.760093576889846
5,hersh2022_pacific,REG,66,0.1283813254609195,0.36479036511177304,-0.13051207455536706
5,hersh2022_pacific,REG,66,0.1301945021852291,0.4436903215926161,0.06122212314533903
5,hersh2022_pacific,REG,66,0.1285083992788116,0.4451504206421603,-0.0010155159243710951
5,hersh2022_pacific,REG,66,0.1016858099631507,-0.050290239233281325,0.20636844300916263
5,hersh2022_pacific,REG,66,0.1042241902793683,0.013930733337743834,0.2260707107927151
5,hersh2022_pacific,REG,66,0.1345078384558186,0.4794396482230555,0.16402932441795093
5,hersh2022_pacific,REG,66,0.1210197675987031,0.3226460811887025,0.08030157820885739
5,hersh2022_pacific,REG,66,0.1246662591700208,0.2712234518091383,0.03820233304874938
5,hersh2022_pacific,REG,66,0.1263091374388739,0.30981781214858806,0.18442287807519075
5,hersh2022_pacific,REG,66,0.1315694707679899,0.3616579615241342,0.03516597400495401
5,hersh2022_pacific,REG,66,0.1523832288900828,0.9164465481855371,-0.6127303916549828
5,hersh2022_pacific,PO,43,0.1524507422821049,-0.08182659661840558,1.4455726907370043
5,hersh2022_pacific,PO,43,0.1040540375898076,-0.499565175389762,1.3593787245067261
5,hersh2022_pacific,REG,18,0.148008010199611,0.7002086539063738,-0.21595672011291667
5,hersh2022_pacific,REG,18,0.128055492544431,0.17868490956579058,-0.007479248733152352
5,hersh2022_pacific,REG,18,0.1288047765039765,0.17241820242946582,-0.03442811992890503
5,hersh2022_pacific,SH,223,0.2990243268677156,2.679318682301018,2.002491967765568
5,hersh2022_pacific,SH,223,0.3180742940954563,2.425920499984836,1.94857310238838
5,hersh2022_pacific,SH,223,0.322441760293064,3.718514525350452,3.3942760209571183
5,hersh2022_pacific,FP,2,0.3096341954008066,4.936361648815311,2.2214653514197833
5,hersh2022_pacific,REG,37,0.1333145934074591,0.4178981694561989,0.0005411340041868735
5,hersh2022_pacific,REG,37,0.1238025174727833,0.5932572559824113,0.2010713510492644
5,hersh2022_pacific,REG,37,0.12048137404327,0.18275513760336803,-0.052840874536958425
5,hersh2022_pacific,REG,37,0.1037674136684439,-0.0958993478592005,0.2453495751165236
5,hersh2022_pacific,REG,37,0.117969296543187,0.09573293296236002,-0.10755170872032299
5,hersh2022_pacific,REG,37,0.1346750704671287,0.7632138837141572,0.06374658964579512
5,hersh2022_pacific,REG,16,0.1440059399663285,0.7036252207546452,-0.16305824973403296
5,hersh2022_pacific,REG,16,0.1587152980860404,0.835885128090488,-0.312695692195361
5,hersh2022_pacific,REG,16,0.1475404317823453,0.6718595463819725,-0.0733933866423867
5,hersh2022_pacific,REG,16,0.1520464146585538,0.6664204206956125,-0.08727666242359598
5,hersh2022_pacific,REG,16,0.1495343229523967,0.5339053543235951,-0.12294563899778153
5,hersh2022_pacific,REG,16,0.1339141280784811,0.4072547452441321,0.08387197537738739
5,hersh2022_pacific,REG,16,0.1409995050232087,0.46309859601097997,-0.2249798321437866
5,hersh2022_pacific,REG,16,0.1357091108922286,0.5170842381633841,-0.15966765068189662
5,hersh2022_pacific,REG,32,0.1140810786990476,0.23545738279805728,0.19362434093284958
5,hersh2022_pacific,REG,32,0.1096724397870569,0.2097379568501957,0.266854049343872
5,hersh2022_pacific,REG,32,0.2583465168840188,5.649962989367905,-3.0544917154127345
5,hersh2022_pacific,REG,32,0.1443082327295106,0.4173158754834482,-0.08324807932132348
5,hersh2022_pacific,REG,32,0.1391045334584848,0.6638098860540911,0.00823006698680255
5,hersh2022_pacific,PALI,215,0.1063884657501199,0.10788928562938817,2.2056180524565008
5,hersh2022_pacific,PALI,215,0.1156235000150124,0.007408877968988731,2.173765146762444
5,hersh2022_pacific,PALI,215,0.1192408083318825,-0.11798310917885335,2.6804247037123905
5,hersh2022_pacific,PALI,215,0.1272877760146884,-0.1289553876400847,2.8212618784718138
5,hersh2022_pacific,PALI,215,0.121670105595012,-0.10035630824519992,2.8322838702471107
5,hersh2022_pacific,PALI,215,0.1155324572609562,0.7280738661570797,1.6635194201596146
5,hersh2022_pacific,PALI,215,0.1303576493455008,0.6853349623672389,1.6474861764629596
5,hersh2022_pacific,PALI,215,0.1407772514500538,0.4647551227278772,1.9192230181646759
5,hersh2022_pacific,PALI,215,0.1212029509958256,-0.3767907587315398,2.91249621553311
5,hersh2022_pacific,PALI,215,0.1335564029723022,0.12895528244058585,2.4710524009148953
5,hersh2022_pacific,PALI,215,0.1118506073709566,-0.06918861701220845,2.5643629686023024
5,hersh2022_pacific,PALI,215,0.1090249701309698,0.0064557710642052235,2.587240077594359
5,hersh2022_pacific,PALI,215,0.1043705475974051,-0.18331706283238103,2.812654919088974
5,hersh2022_pacific,PALI,215,0.1068754126996322,-0.32945162913803605,2.898151168405235
5,hersh2022_pacific,PALI,215,0.1059931542867133,0.033274618031027145,2.4990828137173406
5,hersh2022_pacific,PALI,215,0.1210508599424498,1.3254734447282703,0.8912705802307919
5,hersh2022_pacific,PALI,215,0.2319905792951293,2.836317235179589,-0.47973629609174473
5,hersh2022_pacific,REG,107,0.1699628167924492,3.1121482806806138,0.5625930460226488
5,hersh2022_pacific,REG,107,0.1428750836933824,0.6523833242609317,0.037357608386212986
5,hersh2022_pacific,REG,107,0.1410073370372016,0.5498194177521618,0.05147681108810423
5,hersh2022_pacific,REG,107,0.1382574180819124,0.7908463018724485,-0.12195794048384961
5,hersh2022_pacific,REG,27,0.1399750603301066,0.6076156780725497,0.12602919541075697
5,hersh2022_pacific,REG,27,0.1490640270439949,0.9624146794304921,-0.30158286467193873
5,hersh2022_pacific,REG,27,0.1453276362117148,1.0720379876284372,-0.31763042162099053
5,hersh2022_pacific,REG,27,0.1539130929064711,0.9617018782707147,-0.42826641598097537
5,hersh2022_pacific,REG,27,0.1555900793826647,0.920882056998008,-0.39656751705187687
5,hersh2022_pacific,REG,27,0.1489375753226446,0.6621786616403154,-0.1740108595711986
5,hersh2022_pacific,REG,27,0.1449294106138256,0.9339286131982826,-0.5882830956585445
5,hersh2022_pacific,REG,27,0.1113992643495733,0.106560757677893,0.07169886321287378
5,hersh2022_pacific,REG,27,0.1028403618215014,-0.22033286493300835,0.2955444123620981
5,hersh2022_pacific,REG,27,0.1304285182580022,0.24589215343330095,-0.3352887403810176
5,hersh2022_pacific,REG,27,0.129460630486871,0.15587646482296982,-0.34509574853546887
5,hersh2022_pacific,REG,27,0.1408050313632577,0.23957155298053678,-0.581924686899641
5,hersh2022_pacific,REG,27,0.1435843905215983,0.11372235120289502,-0.4774753375128162
5,hersh2022_pacific,REG,27,0.1541343051896691,0.38603951207643655,-0.4269921067977558
5,hersh2022_pacific,REG,27,0.1331670065448678,0.1673723322422051,-0.3371344830971727
5,hersh2022_pacific,FP,224,0.5193710333542993,6.516213472201039,0.10933567897314367
5,hersh2022_pacific,FP,224,1.100757824364459,5.021770301545452,5.622679666250175
5,hersh2022_pacific,FP,224,0.1984088990315061,0.04957358548934154,1.9746710789767645
5,hersh2022_pacific,FP,224,0.2410007570430183,1.139441663736944,3.3311826396938535
5,hersh2022_pacific,FP,224,0.2902656529467823,2.9343244341799286,2.1085003322864257
5,hersh2022_pacific,FP,224,0.3245699463441767,3.7808954031115047,1.8745867663100066
5,hersh2022_pacific,FP,224,0.2647049263633035,4.0211874709953594,0.6740724621480303
5,hersh2022_pacific,RI,226,0.1104241791818994,1.6174121599483344,2.0600581665217916
5,hersh2022_pacific,RI,226,0.2609592946472255,1.42216370890511,0.061390735168527555
5,hersh2022_pacific,RI,226,0.3050448329888187,1.7588834548781171,0.9118466573050655
5,hersh2022_pacific,RI,226,0.1912672367827692,3.0850142762089012,0.5044749691271443
5,hersh2022_pacific,FP,76,0.3879663030869257,2.336398971948733,2.7304905316330412
5,hersh2022_pacific,FP,76,0.4472763937380403,3.709687846410193,3.7194403842373562
5,hersh2022_pacific,FP,76,0.4565492287198752,1.937063535112113,4.50398905833877
5,hersh2022_pacific,REG,12,0.1262791997573406,0.371950054844526,0.05743572798566715
5,hersh2022_pacific,REG,12,0.1077664919902469,-0.04269609408834896,0.00011299125278278754
5,hersh2022_pacific,REG,12,0.1115163016476343,0.21426868442246863,0.18889625933662046
5,hersh2022_pacific,REG,12,0.1331600313999455,0.2576771765062788,-0.1420803269913218
5,hersh2022_pacific,REG,12,0.1169580576661001,0.19648082599831168,0.08055435424125548
5,hersh2022_pacific,REG,12,0.1319533141231362,0.3596420182849622,-0.14618940135233688
5,hersh2022_pacific,REG,12,0.1187458329629219,0.2423514364598514,0.15845040565754953
5,hersh2022_pacific,REG,12,0.151222970142874,0.8759791251367205,-0.30925000530250785
5,hersh2022_pacific,REG,12,0.1096948973562056,0.07423807320106635,0.15100628144032613
5,hersh2022_pacific,REG,12,0.1118340266486074,0.19171155656625033,0.17172011103258342
5,hersh2022_pacific,REG,12,0.1138255448267979,0.1125386368129348,0.1117685714489572
5,hersh2022_pacific,REG,12,0.11496250576199,0.09105872119312386,0.14093145824723463
5,hersh2022_pacific,REG,12,0.1492838984494319,1.0414716140268707,-0.5091260234985737
5,hersh2022_pacific,REG,13,0.1410137829379183,0.5295601985657217,-0.043546643971609816
5,hersh2022_pacific,REG,13,0.1530865121952061,0.5018422001037853,-0.7920844898399724
5,hersh2022_pacific,REG,13,0.1447971711986952,0.6105160715105936,-0.09216742921292555
5,hersh2022_pacific,REG,13,0.1404164179087086,0.6072222354366841,0.06491314769156116
5,hersh2022_pacific,REG,13,0.1306193814405943,0.7114638718185808,-0.027240949357481305
5,hersh2022_pacific,REG,13,0.1549299012419248,0.7129265762066793,-0.24338286971383458
5,hersh2022_pacific,REG,13,0.1417210519977609,0.8592247848439524,-0.13654192868021728
5,hersh2022_pacific,REG,13,0.1335360419565818,0.5869318770437681,-0.00402433276100744
5,hersh2022_pacific,REG,13,0.106970478222802,0.18060196405406292,0.28718528737601084
5,hersh2022_pacific,REG,13,0.1242874738898445,0.38557726553846505,0.16385273611478035
5,hersh2022_pacific,REG,13,0.1070431400288819,0.2168541092669027,0.5106394739426138
5,hersh2022_pacific,REG,13,0.1269852847248471,0.3607816500143269,0.1463252418290989
5,hersh2022_pacific,REG,13,0.128394055765738,0.6821742291698804,0.35147050628898324
5,hersh2022_pacific,REG,13,0.1117278438369011,0.5066355541818974,0.48907147582138855
5,hersh2022_pacific,REG,13,0.1389189645225856,0.5631492742683004,0.14452612350129812
5,hersh2022_pacific,REG,13,0.1180956363819989,0.3663152246796661,0.42230024302385477
5,hersh2022_pacific,REG,13,0.1100819247730416,0.2620778986154947,0.4261172424873392
5,hersh2022_pacific,REG,13,0.1292308398055957,0.4719727323378501,0.17591206153188077
5,hersh2022_pacific,REG,13,0.1491665603786459,0.7521662089709571,-0.26366232340109497
5,hersh2022_pacific,REG,101,0.1271191530926475,0.4521695157959265,0.23660911215595987
5,hersh2022_pacific,REG,101,0.1454689423852095,0.5422447329323055,-0.1756878377257306
5,hersh2022_pacific,REG,101,0.1316711893861024,0.429225222753114,0.05400443012862896
5,hersh2022_pacific,REG,101,0.1454324730262155,0.5981968385001859,0.0016313402760437523
5,hersh2022_pacific,REG,101,0.1319002419846347,0.4333967859027888,0.06164772849695508
5,hersh2022_pacific,REG,101,0.1007586884196653,0.10561277379338911,0.673299679680383
5,hersh2022_pacific,REG,101,0.1019306979234382,0.06099638821463474,0.42436118044477694
5,hersh2022_pacific,REG,101,0.103603083261982,0.2521496648061445,0.6153615038154004
5,hersh2022_pacific,REG,101,0.1005710117837887,0.23160218024550805,0.3770929927458568
5,hersh2022_pacific,REG,101,0.1558638138815207,0.9183518839177127,-0.4098247295162216
5,hersh2022_pacific,REG,101,0.1120437321231271,0.18267271445166244,0.2750611836836914
5,hersh2022_pacific,REG,101,0.1142609535035285,0.16292317109790805,0.013172019340090317
5,hersh2022_pacific,REG,101,0.1415245586254971,0.31187485871786863,-0.4037779577081255
5,hersh2022_pacific,REG,101,0.1057836573800804,-0.2828904777570996,-0.006498074583594846
5,hersh2022_pacific,REG,101,0.122942608445948,0.2591802829759669,-0.0235038697710226
5,hersh2022_pacific,REG,101,0.1243325690064537,0.06945607479895141,-0.03988470223785802
5,hersh2022_pacific,REG,101,0.1215671555052026,0.27832309271115985,0.07157482691447876
5,hersh2022_pacific,REG,101,0.1206330630973957,0.3198916328359982,0.09893324197892052
5,hersh2022_pacific,REG,101,0.1070983513086303,0.042979685418140234,0.09457556660226124
5,hersh2022_pacific,REG,101,0.1125890488361775,0.2254050597666459,0.08409062815876321
5,hersh2022_pacific,PO,23,0.114637047337022,-0.27552789560729574,1.1570812347154276
5,hersh2022_pacific,PO,41,0.1051319981233975,0.022394851949407574,0.6174375978581544
5,hersh2022_pacific,PO,23,0.1534509776032854,0.9926461081270012,-0.4837382103767399
5,hersh2022_pacific,REG,108,0.1561329462585722,0.6372194786478893,-0.14077975100187848
5,hersh2022_pacific,REG,108,0.1478495974024932,0.8631383315463599,-0.3402317528704363
5,hersh2022_pacific,REG,108,0.1421464054394343,0.761028038439167,-0.1496219131305761
5,hersh2022_pacific,REG,108,0.1348395510694055,0.7360621098293159,-0.058875153434364794
5,hersh2022_pacific,REG,108,0.1433586808468788,0.6334322232737163,-0.009021219169942241
5,hersh2022_pacific,REG,108,0.1576091623830969,0.9309909436201853,-0.3912591605381429
5,hersh2022_pacific,REG,108,0.1131517264871984,0.31501165845684814,0.5701137351210744
5,hersh2022_pacific,REG,108,0.1042251445117597,0.1783666153929352,0.459637052096285
5,hersh2022_pacific,REG,108,0.146069210077274,0.7386665075372586,-0.2016405469551893
5,hersh2022_pacific,REG,108,0.1496110179900778,0.7917380828101502,-0.22863126051497906
5,hersh2022_pacific,REG,108,0.155061308704893,0.8940390538700811,-0.2609721729525396
5,hersh2022_pacific,REG,108,0.1477549634128014,0.8402775720630693,-0.2664631108862948
5,hersh2022_pacific,REG,39,0.396956535445423,6.318597775988913,-7.885221391507001
5,hersh2022_pacific,REG,39,0.1424650000950385,0.6510060409513243,-0.1999469760695755
5,hersh2022_pacific,REG,39,0.1421120501970714,0.44014563627595654,-0.2825018968128434
5,hersh2022_pacific,REG,10,0.1087703619260072,0.1061623960404548,0.20369422831655337
5,hersh2022_pacific,REG,10,0.1073647363713664,0.22155796127922117,0.2988425556636574
5,hersh2022_pacific,REG,10,0.1049946157308522,0.027402534026177233,0.2778286756802206
5,hersh2022_pacific,REG,10,0.1262101330633559,0.3652186783714737,-0.00015103153560502153
5,hersh2022_pacific,REG,10,0.1403702509805545,0.5712849979143363,0.14693471241488165
5,hersh2022_pacific,REG,10,0.13203721648855,0.3564280756041252,-0.14466960119979996
5,hersh2022_pacific,REG,10,0.1021216359801231,0.1579992210180393,0.5722870519186974
5,hersh2022_pacific,REG,10,0.1020398921174478,0.25657938491877974,0.6827667746277479
5,hersh2022_pacific,REG,10,0.7972266115086919,9.499416120280983,-12.43021353699004
5,hersh2022_pacific,REG,10,0.1576063748220447,0.8027530858276652,-0.45461701215742895
5,hersh2022_pacific,REG,10,0.1618464670810728,0.8077437042507869,-0.4603966511308095
5,hersh2022_pacific,REG,10,0.1606751577428805,0.7566186496377402,-0.5927368652509633
5,hersh2022_pacific,REG,10,0.16056754721069,0.817401226198633,-0.5007779128946965
5,hersh2022_pacific,REG,10,0.1497885497076058,0.8485605275967075,-0.3665511034684158
5,hersh2022_pacific,REG,10,0.1141454927618045,0.23388689177707958,-0.029607889356538637
5,hersh2022_pacific,REG,10,0.1432705529778808,0.4897326975222004,-0.3106809607704462
5,hersh2022_pacific,REG,10,0.1426441541321587,0.4996507656759467,-0.3120703814444878
5,hersh2022_pacific,REG,10,0.1393055188845824,0.4812837852773349,-0.13906423397914827
5,hersh2022_pacific,REG,10,0.1463085945305832,0.5331539185760642,-0.35960080662887633
5,hersh2022_pacific,REG,6,0.1038347365967042,0.16240557833686384,0.4986935880383455
5,hersh2022_pacific,REG,6,0.1204653094139162,0.2318586641735655,0.008945476007916939
5,hersh2022_pacific,REG,6,0.1340108931556897,0.390013731268525,0.1737423558002367
5,hersh2022_pacific,REG,6,0.1245645795989272,0.43572372613180266,0.1252609856671964
5,hersh2022_pacific,REG,6,0.1621906187938556,0.7539530503688461,-0.4557770028759587
5,hersh2022_pacific,REG,6,0.1503538226396862,0.9224351350219868,-0.6170144924510162
5,hersh2022_pacific,REG,67,0.1115350673628392,0.2956197805622992,0.2853957056976413
5,hersh2022_pacific,REG,67,0.1094846071566515,0.18116272184885565,0.3655715277048067
5,hersh2022_pacific,REG,67,0.1096881830196024,0.2690355430811793,0.3759787070036832
5,hersh2022_pacific,REG,67,0.1484091913267543,0.819209542871363,0.15792597114675289
5,hersh2022_pacific,REG,67,0.1386077775131838,0.718332032927931,-0.031072337856780936
5,hersh2022_pacific,REG,67,0.1494234274565356,0.8216868534304582,-0.15807294988472648
5,hersh2022_pacific,REG,67,0.1237843707946475,0.40871387601310144,0.29038297203414043
5,hersh2022_pacific,REG,67,0.1037747208753078,0.05144704145524433,0.25706898732653755
5,hersh2022_pacific,REG,67,0.1049083143491369,-0.025234902432615766,0.256768936935358
5,hersh2022_pacific,SH,220,0.1110355067320727,1.0580554812134704,0.7720216915355896
5,hersh2022_pacific,SH,220,0.1937762008810884,1.6382492298950964,3.0839747713933505
5,hersh2022_pacific,REG,7,0.1577604094250184,0.7989749653138565,-0.4011442628065593
5,hersh2022_pacific,REG,7,0.1467997487086081,0.8300606507681298,-0.21566916263242628
5,hersh2022_pacific,REG,7,0.1549044446200675,1.002752605506239,-0.4576597225088297
5,hersh2022_pacific,REG,7,0.1529520012907075,1.108169931825548,-0.47649656380645766
5,hersh2022_pacific,REG,7,0.1494588058285195,0.9738590427762273,-0.5340788059106896
5,hersh2022_pacific,REG,7,0.1597594122101783,0.6419083535272212,-0.31551572110275977
5,hersh2022_pacific,REG,7,0.1589042203803181,0.922448472675887,-0.43973206721882063
5,hersh2022_pacific,REG,7,0.1389543106753562,1.095440639002889,-0.642328227856274
5,hersh2022_pacific,REG,7,0.1187198070182998,0.2712833061251568,0.1464731203897369
5,hersh2022_pacific,REG,7,0.138064958533938,0.4732748211276866,-0.1666072803738069
5,hersh2022_pacific,REG,7,0.13705439272247,0.4389933091323549,-0.2148204178715598
5,hersh2022_pacific,REG,7,0.15281393136201,0.7840896415307993,-0.2529764684664383
5,hersh2022_pacific,REG,7,0.1499639524049379,0.8447824070828986,-0.3130783541175459
5,hersh2022_pacific,REG,7,0.126556955802856,0.3089666888671601,-0.018496623784599497
5,hersh2022_pacific,REG,7,0.1615665430443447,0.7708004811928937,-0.45519228090348
5,hersh2022_pacific,REG,7,0.1516910564276328,0.8780139578419659,-0.25374787167933055
5,hersh2022_pacific,REG,7,0.1428909034125453,0.6914423042123827,-0.1774744631428422
5,hersh2022_pacific,REG,7,0.1510686072148862,0.6909508520436649,-0.21877189663393184
5,hersh2022_pacific,REG,7,0.1382848871446503,0.497571676238596,0.023504324597835812
5,hersh2022_pacific,PO,56,0.2304231074398767,2.076557281422011,1.3021960738380358
5,hersh2022_pacific,PO,56,0.1436237138226412,3.799501735416902,-2.9017503026626743
5,hersh2022_pacific,REG,33,0.1577897060134127,0.7528305500407806,-0.451388847547754
5,hersh2022_pacific,REG,33,0.1233987188309683,0.29726702596955706,0.18026404853316152
5,hersh2022_pacific,REG,33,0.1499070819658228,0.6199794954675225,-0.16047842875198282
5,hersh2022_pacific,REG,33,0.1678279007218177,-0.5385123791863279,-0.5437840289712818
5,hersh2022_pacific,REG,33,0.171251729233733,0.5245230877485048,0.08176623853547066
5,hersh2022_pacific,REG,33,0.1329361421770966,0.5133983179013084,0.025095805322171354
5,hersh2022_pacific,REG,33,0.1476212264514146,0.5200515479845641,-0.3200053371136966
5,hersh2022_pacific,REG,33,0.1329361421770966,0.5133983179013084,0.025095805322171354
5,hersh2022_pacific,REG,33,0.1476212264514146,0.5200515479845641,-0.3200053371136966
5,hersh2022_pacific,REG,33,0.1365033482099944,0.5091713624718011,-0.13946234507327912
5,hersh2022_pacific,REG,33,0.1168614961494807,0.10610372423813672,0.025547415702033893
5,hersh2022_pacific,REG,33,0.1065117430835646,-0.00497315348754257,0.17945111052637244
5,hersh2022_pacific,REG,33,0.1493054052714459,0.4820927824193675,-0.3085376359656549
5,hersh2022_pacific,REG,33,0.1597052933687591,0.8559488908383117,-0.33440090172959464
5,hersh2022_pacific,FP,228,0.1200204136957194,-0.7222474796970607,1.011895561518728
5,hersh2022_pacific,FP,228,0.1451900519303304,-1.5324803657373556,-0.6227950630945873
5,hersh2022_pacific,FP,228,0.1853112599251614,-0.4955305715193126,0.02420746646127803
5,hersh2022_pacific,FP,228,0.2055344170286042,0.2539298442028601,-1.3984601808629498
5,hersh2022_pacific,FP,228,0.2008649071617417,0.115942417932339,-0.4470909258287115
5,hersh2022_pacific,FP,228,0.2168983620172242,-0.8198494829072605,-3.9444425467213664
5,hersh2022_pacific,FP,228,0.1214811088066838,-0.5820134766997769,0.1960690708955376
5,hersh2022_pacific,FP,228,0.1067507322477672,-0.9769500461026475,0.47035944002407815
5,hersh2022_pacific,FP,228,0.3129377504239421,5.294775453618731,-1.1878337137075738
5,hersh2022_pacific,REG,49,0.1588076598976866,0.7982534974618678,-0.40274519675732245
5,hersh2022_pacific,REG,49,0.1430353574428741,0.5743535967908537,-0.011989627657630283
5,hersh2022_pacific,REG,49,0.1530042104933806,0.8503003953670918,-0.3451867969153336
5,hersh2022_pacific,REG,49,0.1575901242946432,0.8268951806781909,-0.4904005718035818
5,hersh2022_pacific,REG,3,0.1010492547305433,0.028742541195730387,0.4939605706327287
5,hersh2022_pacific,REG,3,0.1165108352906922,0.28789341302142163,0.40063588607959316
5,hersh2022_pacific,REG,3,0.116214926194738,0.13746386924455312,0.13018831177659426
5,hersh2022_pacific,REG,3,0.1336108226960995,0.2961728689043039,-0.2629573573804737
5,hersh2022_pacific,SH,45,0.2933425199783117,2.465113631741517,1.4904279054368885
5,hersh2022_pacific,SH,45,0.1240514998946217,0.17337008637302184,3.0903526329538527
5,hersh2022_pacific,SH,45,0.1855726009714261,0.7555475196403101,2.3835196699808088
5,hersh2022_pacific,SH,45,0.3170315198424972,2.9911546920321,2.01286838670873
5,hersh2022_pacific,SH,45,0.1348246664110784,0.5869884593439935,1.4310103419033133
5,hersh2022_pacific,SH,45,0.2966523618907966,1.7935813188557743,1.693806637454514
5,hersh2022_pacific,SH,45,0.1208713890709636,-0.11726426998288503,0.28090290588115957
5,hersh2022_pacific,SH,45,0.1443343869668872,0.29116912506706044,0.20271560202808303
5,hersh2022_pacific,SH,45,0.1319228740968769,0.05059582163119175,0.44173438905976614
5,hersh2022_pacific,SH,45,0.1248325776446088,0.19328423686416343,0.7484433782180454
5,hersh2022_pacific,SH,45,0.1485340973799498,2.0569557362212576,-2.339964880600863
5,hersh2022_pacific,SH,45,0.1399579452121273,0.7579821998008704,-0.6574424204507541
5,hersh2022_pacific,PALI,219,0.1112436985840558,-0.32818314650638236,3.0753140453268606
5,hersh2022_pacific,PALI,219,0.1011549716372529,-0.5545533868931571,3.095201233023812
5,hersh2022_pacific,PALI,219,0.1063592959657825,0.47534130369564476,1.7907954959406371
5,hersh2022_pacific,REG,29,0.1563394375805043,0.8704096327790274,-0.5175987691817667
5,hersh2022_pacific,REG,29,0.1527309633796945,0.9257484456833747,-0.5495539800128815
5,hersh2022_pacific,REG,29,0.1449704494621479,1.0294287616433921,-0.56372842434056
5,hersh2022_pacific,REG,29,0.1061567816657879,1.2475268651336395,0.37447375394375054
5,hersh2022_pacific,REG,29,0.1553865229378504,0.9665619895068098,-0.4769403929378822
5,hersh2022_pacific,REG,29,0.1520682863226506,0.9945447648797949,-0.4715922439703073
5,hersh2022_pacific,REG,29,0.1653597339847518,0.6852242101826489,-0.6322456937768111
5,hersh2022_pacific,REG,29,0.1592411148945477,0.7866189243315482,-0.2817213479436639
5,hersh2022_pacific,REG,29,0.1528950307534394,0.8725740823917529,-0.4612043895166339
5,hersh2022_pacific,REG,29,0.1577581676071164,0.5748075987480075,-0.48254659614752904
5,hersh2022_pacific,REG,29,0.1496827179178368,0.3563120904471886,-0.41216429961006146
5,hersh2022_pacific,REG,29,0.1607887051914353,0.6909276297655479,-0.5113417814411545
5,hersh2022_pacific,REG,29,0.1293521413439342,0.8802419522018221,-0.26390967003539695
5,hersh2022_pacific,REG,29,0.1095214272580327,0.3009302256774853,0.3919804051913088
5,hersh2022_pacific,REG,29,0.1388995294701862,1.2054511123874279,-0.4929472510820322
5,hersh2022_pacific,REG,29,0.1615622167141612,0.7094744802216302,-0.8757027083050902
5,hersh2022_pacific,REG,29,0.1069157378861065,-0.11806856132928453,0.1372564951839395
5,hersh2022_pacific,REG,29,0.1061516301722137,0.045505080012556626,0.14937304177495753
5,hersh2022_pacific,REG,29,0.121679265232502,0.3036806373410241,-0.09365164675852058
5,hersh2022_pacific,REG,29,0.1451565224357488,0.5800988838629189,-0.2613924236332993
5,hersh2022_pacific,REG,29,0.1581001476507,0.5886697441267899,-0.6089375003816178
5,hersh2022_pacific,REG,29,0.1421225149748726,0.1335619075485662,-0.6105933683880279
5,hersh2022_pacific,REG,29,0.1516278260528542,0.5310981123199476,-0.5768718062989284
5,hersh2022_pacific,REG,29,0.1461585418086098,0.42648878533893503,-0.42560515363055795
5,hersh2022_pacific,REG,29,0.1553398332219749,0.5101206433365748,-0.256767351610347
5,hersh2022_pacific,REG,29,0.1587843420739904,0.4567833827279413,-0.6179303566080785
5,hersh2022_pacific,REG,29,0.1626679814027439,0.7307492419153737,-0.7869425841660884
5,hersh2022_pacific,REG,29,0.10630826994782,0.16128827860607015,0.45674673772256225
5,hersh2022_pacific,REG,29,0.117569522236633,0.4538764177439825,0.14846363162020268
5,hersh2022_pacific,REG,29,0.1443605984641076,0.38774060474337413,-0.36402826645220815
5,hersh2022_pacific,REG,29,0.1544823082969524,0.6504382229519033,-0.5599281276346645
5,hersh2022_pacific,PALI,218,0.1323167475390024,1.0085635852751285,0.17638400674332066
5,hersh2022_pacific,PALI,218,0.15900840572721,-1.7154790994501765,-0.6882073142297597
5,hersh2022_pacific,PALI,218,0.1334954679986505,-0.386765894695944,3.6978095004454197
5,hersh2022_pacific,PALI,218,0.2026960577155802,0.12259758380807739,3.877262952069128
5,hersh2022_pacific,PALI,218,0.1037681297130947,-0.26581026729879276,3.0212841346501023
5,hersh2022_pacific,PALI,218,0.2399693432467829,2.1123270211191723,1.100547300383573
5,hersh2022_pacific,PO,52,0.125650859445957,0.11103397047673699,0.901379928044003
5,hersh2022_pacific,PO,52,0.1910332763019061,0.5718569043221126,0.6325700670648499
5,hersh2022_pacific,PO,52,0.2637632695759247,3.475044484825294,-0.9310492340659992
5,hersh2022_pacific,PO,52,0.2081502652668326,4.408328267288755,-3.620059733139092
5,hersh2022_pacific,PO,52,0.2454571863216592,5.9613925359792495,-2.9291083409288814
5,hersh2022_pacific,PO,52,0.1697849693575656,4.09770763699433,-0.6580944486428848
5,hersh2022_pacific,PO,46,0.1463245575702106,0.525034468009874,-0.08643557339699096
5,hersh2022_pacific,PO,46,0.1563813070904808,1.269737833055694,0.1544868924748504
5,hersh2022_pacific,PO,46,0.1630959669481188,0.4484123203357647,0.032742582051708546
5,hersh2022_pacific,PO,52,0.2064162479942595,3.523818469400486,-2.8748400006226555
5,hersh2022_pacific,SH,9,0.1489247741925022,-1.6867770056562248,-0.3059253380366435
5,hersh2022_pacific,SH,9,0.2698678214386514,1.5714200541788608,1.0990487234776922
5,hersh2022_pacific,SH,9,0.2784066165191565,1.7684957958399383,1.3745303582985475
5,hersh2022_pacific,SH,9,0.2539552189468053,1.893691955483789,1.1142731377682424
5,hersh2022_pacific,SH,9,0.2952613677802871,2.4224061796358525,2.1872601117938673
5,hersh2022_pacific,SH,9,0.131222828750087,1.8323316453726122,0.3632096927493572
5,hersh2022_pacific,FP,58,0.3606965021215271,7.120165650697222,-4.719346823758394
5,hersh2022_pacific,FP,58,0.1588619346827045,0.25432428357842196,-0.7200557097793484
5,hersh2022_pacific,FP,58,0.2215435850867133,3.905254431602714,-4.04735052252818
5,hersh2022_pacific,FP,58,0.4012503350676175,4.188261718750068,-2.6111794522064575
5,hersh2022_pacific,FP,58,0.1729231687368775,0.07991542038916505,-0.044958973745585024
5,hersh2022_pacific,FP,58,0.1732505877205097,0.19545414430158461,-0.1984591509201077
5,hersh2022_pacific,FP,58,0.1793953810883107,0.04628431421754059,-0.2779600011072432
5,hersh2022_pacific,FP,58,0.1669219988148198,0.24825879374077897,-0.5032747914904526
5,hersh2022_pacific,FP,58,0.1603323439631782,0.21212996451924332,-0.8165388174261297
5,hersh2022_pacific,FP,58,0.158114904510595,0.18224429373259782,-0.9303470874730004
5,hersh2022_pacific,FP,58,0.1570946163343895,0.2451226090727438,-0.9640750696479864
5,hersh2022_pacific,FP,58,0.1626379052746113,0.10380141699369516,-0.9595014709497163
5,hersh2022_pacific,FP,58,0.1013354421768265,-1.2546490583738994,3.7675552037400264
5,hersh2022_pacific,FP,58,0.1523429083843484,0.2832690375318969,-0.9508591941256714
5,hersh2022_pacific,FP,59,0.3978388438137404,3.1801985936954718,2.0588124427502787
5,hersh2022_pacific,FP,59,0.4306523259917522,2.950443156072245,3.1363859674090184
5,hersh2022_pacific,FP,59,0.4795380575235386,5.343212361811699,2.709988247467403
5,hersh2022_pacific,FP,59,0.4600527553691729,5.903427551809456,1.7942650457390847
5,hersh2022_pacific,FP,59,0.4772132215922219,7.6332485141837845,1.7641350924324621
5,hersh2022_pacific,FP,59,0.4311209547921801,6.93210525826495,1.246931878652152
5,hersh2022_pacific,PALI,233,0.1255335263064966,-1.1978781002461099,2.618624995270729
5,hersh2022_pacific,PALI,233,0.5748023851198996,5.124908896280356,-0.26897352822159015
5,hersh2022_pacific,PALI,233,0.1932525068140733,-0.1045977471534918,-0.7995419121056675
5,hersh2022_pacific,RI,20,0.1248191679620734,-0.13159509975007577,0.3922316996839634
5,hersh2022_pacific,RI,20,0.1590965577345781,-0.13626657402462633,-0.02755311552284409
5,hersh2022_pacific,REG,17,0.1199140243287963,0.22196784701996278,0.06779127672473517
5,hersh2022_pacific,REG,17,0.1375980729728638,0.7910676508635088,-0.03657182266590232
5,hersh2022_pacific,REG,17,0.113973472660357,0.7294063499874277,0.45856727047020274
5,hersh2022_pacific,REG,17,0.1531865165563756,0.8093786763552011,-0.21012692910820666
5,hersh2022_pacific,REG,17,0.1400264829757568,0.5206304219191358,-0.10587693426105757
5,hersh2022_pacific,REG,17,0.1489342683955044,0.6104438140144915,0.047879788353704156
5,hersh2022_pacific,REG,17,0.1347793456816169,0.5278116641031264,0.060171666833581855
5,hersh2022_pacific,REG,17,0.1439000862706576,0.7112037937808338,-0.01943595557012015
5,hersh2022_pacific,REG,17,0.1486709283084858,0.4965664399025901,-0.30965833524999553
5,hersh2022_pacific,PO,53,0.2490855794003989,2.2624820896456384,1.3288200664617627
5,hersh2022_pacific,PO,53,0.1069294062548574,-0.07203691315808988,0.3367352252139313
5,hersh2022_pacific,PO,53,0.3007339487902089,3.7098410197581497,-0.11451251356810044
5,hersh2022_pacific,PO,53,0.2801371657893853,3.2623161404922136,-1.0470413528872085
5,hersh2022_pacific,PO,53,0.1461098834492599,1.7107852420489447,0.15997168024444305
5,hersh2022_pacific,PO,53,0.1305734363711831,0.26408402741396403,0.5385267971763287
5,hersh2022_pacific,PO,53,0.1532107904803438,1.1433600290717332,0.013496774586010674
5,hersh2022_pacific,PO,53,0.1569481231113747,0.6610810236337668,0.3585225145618938
5,hersh2022_pacific,REG,105,0.1438526752596282,0.6908805156223501,-0.1462916452986849
5,hersh2022_pacific,REG,105,0.1390109772461746,0.5713313628579946,0.03823004162425227
5,hersh2022_pacific,REG,105,0.1646767741648603,0.718411644725304,-0.33340952178761857
5,hersh2022_pacific,REG,105,0.1495914468095447,0.7012599735903376,-0.1382751382346021
5,hersh2022_pacific,REG,105,0.1419375661086893,0.6848007387481239,-0.08300038465673995
5,hersh2022_pacific,REG,105,0.141662596233303,0.8023297549088341,-0.056942853151882133
5,hersh2022_pacific,REG,105,0.1500304009009181,0.5848092004612753,-0.22756269281009855
5,hersh2022_pacific,REG,105,0.1223345089535302,0.22029934646613358,-0.13562233933654677
5,hersh2022_pacific,REG,105,0.125913264256569,0.20697084839769447,-0.13987272493096353
5,hersh2022_pacific,REG,105,0.1332407835359642,0.4485460759299245,-0.1778674142804495
5,hersh2022_pacific,REG,105,0.1447630078310825,0.5599441387953681,-0.1306078438189625
5,hersh2022_pacific,REG,105,0.1480767663936035,0.7107501803792566,-0.19592659260808873
5,hersh2022_pacific,REG,105,0.1202220177707043,0.2702773205896109,0.06965592589374589
5,hersh2022_pacific,REG,105,0.1478034932519754,0.5993549749249059,-0.21715945954654461
5,hersh2022_pacific,REG,105,0.1107944983668314,0.12222772007864963,0.04050659214228883
5,hersh2022_pacific,REG,105,0.1156226406583838,0.19628864908218085,-0.014942349765297097
5,hersh2022_pacific,REG,105,0.1260705177981944,0.26325828742620905,-0.23595020487467222
5,hersh2022_pacific,REG,105,0.1024779732263515,0.21284461462212306,0.515009796015032
5,hersh2022_pacific,REG,105,0.1174208290294384,0.3230365975432193,0.2586926199804084
5,hersh2022_pacific,REG,105,0.1563492300019709,0.7390012783708062,-0.31867131185051256
5,hersh2022_pacific,REG,105,0.1575118089558981,0.854975075304481,-0.5468731290056841
5,hersh2022_pacific,REG,36,0.1505634120975908,0.7708209865756119,-0.3402202497338122
5,hersh2022_pacific,REG,36,0.1133186782076421,0.26866818013452337,0.6334592476147411
5,hersh2022_pacific,REG,36,0.1442333357819219,0.742840459929873,-0.214767379941039
5,hersh2022_pacific,REG,36,0.1514518771976278,0.6180986732588079,-0.1836586398134581
5,hersh2022_pacific,REG,36,0.1556381853982887,0.6314065254288351,-0.142809135274186
5,hersh2022_pacific,REG,36,0.1347061124721048,0.4803637225442507,0.01972176418215737
5,hersh2022_pacific,REG,36,0.1569512950431301,0.7926297232321584,-0.1837334304315843
5,hersh2022_pacific,REG,36,0.121366857142338,0.26422376392028823,0.2999726247514212
5,hersh2022_pacific,REG,36,0.1001797239115379,0.11646135193152321,0.47204582736990364
5,hersh2022_pacific,REG,36,0.1545630240475667,0.8493168823458106,-0.3230073486601954
5,hersh2022_pacific,REG,36,0.141013463583516,0.7416255727776208,-0.2416903589643524
5,hersh2022_pacific,REG,36,0.1495558903914541,0.7790277964068161,-0.21671867009938137
5,hersh2022_pacific,REG,36,0.1542590111876736,0.8693462263646731,-0.33985854417467887
5,hersh2022_pacific,REG,36,0.1541410581594692,0.7893063874308601,-0.21491025233022315
5,hersh2022_pacific,PALI,213,0.1304194818385672,1.0285004370139212,-0.00823200899463987
5,hersh2022_pacific,PALI,213,0.1058817674462127,1.0944359560152515,0.4293535320459588
5,hersh2022_pacific,PALI,213,0.1010141870078582,1.0380910845633522,0.7968138093568289
5,hersh2022_pacific,PALI,213,0.1274446717013557,0.763049472327838,0.14690152545475166
5,hersh2022_pacific,PALI,213,0.134119758233449,0.6592578796859657,-0.035523392039054386
5,hersh2022_pacific,PALI,213,0.1412770496096836,0.8244578219060378,0.35731953840367753
5,hersh2022_pacific,PALI,213,0.1162020563612057,0.8926597257979619,0.5543664198483497
5,hersh2022_pacific,PALI,213,0.1392098751473687,-1.0078477629147746,-0.5767742503889375
5,hersh2022_pacific,PALI,213,0.1212289279507137,1.1468164634908107,0.5248637572570414
5,hersh2022_pacific,PALI,213,0.1136324723756779,0.8574892620160072,0.93914726722269
5,hersh2022_pacific,PALI,213,0.1252493043001188,1.167304605066015,0.6619976416724411
5,hersh2022_pacific,PALI,213,0.1164278200444161,1.4754669476446558,3.100974250770263
5,hersh2022_pacific,PALI,213,0.1039646139945721,1.1551138648105634,0.7241077923645811
5,hersh2022_pacific,PALI,213,0.1629724231980379,1.1862339473729504,0.02408984777149375
5,hersh2022_pacific,PALI,213,0.1170206004438328,0.7710736877186811,-0.1886784257931754
5,hersh2022_pacific,PALI,213,0.1218609981297143,1.3320133426863348,0.5753277922437949
5,hersh2022_pacific,PALI,213,0.1278698676474768,1.2788051893826442,0.7270694954123814
5,hersh2022_pacific,PALI,213,0.1213885001212624,1.3027464608994934,0.42796573590352655
5,hersh2022_pacific,PALI,213,0.1099876772853432,1.2337495210442968,1.188783107138411
5,hersh2022_pacific,PALI,213,0.1668528422764209,-0.8096525967827979,-1.1627555958793385
5,hersh2022_pacific,REG,60,0.10470555749887,-0.09203164380765746,0.0584632409450075
5,hersh2022_pacific,REG,60,0.1077488369510572,0.10221038180482572,0.06838702533515455
5,hersh2022_pacific,REG,60,0.1026041774878069,0.07228740147938235,0.27660373683154044
5,hersh2022_pacific,REG,60,0.1196779549949638,0.1977728423739519,-0.10443397615318864
5,hersh2022_pacific,REG,60,0.1205806533140325,0.2407837785877776,-0.05934063027962155
5,hersh2022_pacific,REG,60,0.1167190435638914,0.16180800705312876,-0.05753356128179457
5,hersh2022_pacific,REG,60,0.1136095674910928,0.4483154612943149,0.3813424038011882
5,hersh2022_pacific,REG,60,0.1011154099185291,-0.026530140733835084,1.8172544361724101
5,hersh2022_pacific,REG,60,0.1415840123049055,0.4891959152555479,-0.21215140879531807
5,hersh2022_pacific,REG,60,0.1255258349732216,0.36666085970995804,0.02574763242984799
5,hersh2022_pacific,REG,60,0.1358484501860794,0.32824774153794845,-0.14157928745307127
5,hersh2022_pacific,REG,60,0.1406330857005693,0.4369927885224499,-0.20193660192463372
5,hersh2022_pacific,REG,60,0.1266383185148033,0.16201579701824126,-0.3106141562131316
5,hersh2022_pacific,REG,60,0.1365674361374804,0.2669941893135146,-0.39982494050708994
5,hersh2022_pacific,REG,60,0.1447050876467922,0.15123939465417396,-0.520271890170153
5,hersh2022_pacific,REG,60,0.1516319851710949,0.3481815598300236,-0.5352271276044577
5,hersh2022_pacific,REG,60,0.1482605167807877,0.26694238402946124,-0.6297215198139186
5,hersh2022_pacific,FP,57,0.4063059366688075,4.319352302096042,-2.5717868950479765
5,hersh2022_pacific,FP,57,0.4444521969860858,3.882050085993976,3.989989921642084
5,hersh2022_pacific,FP,57,0.179907786322754,-0.43235839147813415,3.57872521874114
5,hersh2022_pacific,FP,57,0.1475071325074483,1.9974591192908209,0.22872037148276372
5,hersh2022_pacific,REG,15,0.1431900896324967,0.6922206633075967,-0.08173090046070097
5,hersh2022_pacific,REG,15,0.1496723255705266,0.8454292281958462,-0.1506600712459773
5,hersh2022_pacific,REG,15,0.1453465665323013,0.6251579344322892,-0.03401584394609512
5,hersh2022_pacific,REG,15,0.1128490386154948,0.22634956270985362,0.4582445917379821
5,hersh2022_pacific,REG,15,0.1338595252665821,0.41194651052606024,0.12749686398383386
5,hersh2022_pacific,REG,15,0.1224276083393318,0.3358870886210307,0.05502269201710978
5,hersh2022_pacific,REG,15,0.124151524286428,0.26249748184368726,-0.039585711982810134
5,hersh2022_pacific,REG,15,0.1192233599461932,0.28035417772576626,0.05904816507305429
5,hersh2022_pacific,REG,15,0.1434780421505397,0.7392836884071239,-0.07590851277222227
5,hersh2022_pacific,REG,61,0.1392428624477339,0.6880865660536271,0.0046631854058551345
5,hersh2022_pacific,REG,61,0.1578510470378563,0.8468014532792812,-0.2490661203570443
5,hersh2022_pacific,REG,61,0.154458913081432,0.8179732727838157,-0.3836775666769901
5,hersh2022_pacific,REG,61,0.1136354794920629,0.26634343168466945,0.2981630570206077
5,hersh2022_pacific,REG,61,0.1146989229329457,0.22194788293320902,0.320296705905818
5,hersh2022_pacific,REG,61,0.1386533322823583,0.5535538051280565,0.025262927295710686
5,hersh2022_pacific,REG,61,0.1396651001252215,0.5789522623206258,0.018873959419404458
5,hersh2022_pacific,REG,61,0.1566389485234227,0.8640580203547045,-0.5219350642201672
5,hersh2022_pacific,REG,61,0.1486853552719555,0.7491410894810997,-0.20284109468834483
5,hersh2022_pacific,REG,61,0.1597774972982188,0.7870673025413841,-0.5024037126965724
5,hersh2022_pacific,REG,61,0.1400281926487147,0.6608791414622343,0.0443755638809207
5,hersh2022_pacific,REG,61,0.1089455334246643,0.19022511861723487,0.24041189857824022
5,hersh2022_pacific,REG,61,0.1149368999622881,0.29331438190984627,0.26193713693111526
5,hersh2022_pacific,REG,61,0.1508271354980042,0.48960764334610396,-0.004264349979772528
5,hersh2022_pacific,REG,61,0.1255934878150397,0.4719023656261934,0.10103963660538086
5,hersh2022_pacific,REG,61,0.1173656080745122,0.3160996572443872,0.24511752208512963
5,hersh2022_pacific,REG,61,0.1276618648216194,0.49330752123635724,0.33388439362743827
5,hersh2022_pacific,REG,61,0.1491364758668825,1.0643126130114091,-0.5513770060376672
5,hersh2022_pacific,REG,61,0.1509832451906927,0.8823090040454848,-0.19272816316903668
5,hersh2022_pacific,REG,61,0.156944518007166,0.7266059130380824,-0.351141839765783
5,hersh2022_pacific,REG,61,0.1554194788839683,0.7324572147196347,-0.19590161021324465
5,hersh2022_pacific,SH,242,0.1002496025766171,-0.4866853665084411,1.2262760602620768
5,hersh2022_pacific,REG,63,0.1182109200121007,0.31951248457880344,0.08577763015706927
5,hersh2022_pacific,REG,63,0.1172598204560988,0.30599097046386303,0.12006325717916688
5,hersh2022_pacific,REG,63,0.1595751796435057,0.8146391297762603,-0.48710300551552665
5,hersh2022_pacific,REG,63,0.1083127680146689,0.1390256166547375,0.1990333453322894
5,hersh2022_pacific,REG,63,0.1121977494675214,0.12466141823383084,0.16652930017150125
5,hersh2022_pacific,REG,63,0.1108579043402391,0.15492703229953086,0.14759877490946655
5,hersh2022_pacific,REG,63,0.1090628768696282,0.15600241780683605,0.30821625341004105
5,hersh2022_pacific,REG,63,0.1020353713974259,-0.08489211007504804,0.2590613514660794
5,hersh2022_pacific,REG,63,0.1044683643246015,-0.006142972973448055,0.2673379168149428
5,hersh2022_pacific,REG,63,0.1444463750060008,0.5426929024500654,-0.009127688958516407
5,hersh2022_pacific,REG,63,0.1427417442383057,0.6806246914746726,-0.0224537907848249
5,hersh2022_pacific,REG,63,0.1523537286177773,0.6583557738429864,-0.19504431899475672
5,hersh2022_pacific,REG,63,0.1569750994834559,0.8224160638942276,-0.3325211443930941
5,hersh2022_pacific,REG,63,0.1550334398236254,0.7268321812345421,-0.2262489034897613
5,hersh2022_pacific,REG,63,0.1536758171373287,0.7241261199444888,-0.24592364953475343
5,hersh2022_pacific,REG,63,0.1218692051568658,0.363265848253008,-0.013483554439795119
5,hersh2022_pacific,REG,63,0.1254536218507088,0.3962522583052558,-0.01527919402518485
5,hersh2022_pacific,REG,63,0.1272853393249994,0.4397019481286662,-0.014541674690454365
5,hersh2022_pacific,REG,63,0.1307584017135462,0.37352827399031346,-0.06459645150819261
5,hersh2022_pacific,REG,63,0.1394370497371469,0.550255616709876,-0.21747672348405991
5,hersh2022_pacific,REG,63,0.1451947775391989,0.4793496012272347,-0.02516620023787451
5,hersh2022_pacific,REG,63,0.1282909404113437,0.31207752138385886,-0.03958260836412071
5,hersh2022_pacific,REG,63,0.1113018815017935,0.16558045086259918,0.39763988966402375
5,hersh2022_pacific,REG,63,0.104497388808109,0.04206449797083865,0.3500040180698072
5,hersh2022_pacific,REG,63,0.119114077736534,0.24494959955116885,0.24006129504755236
5,hersh2022_pacific,REG,63,0.1070294166502996,0.17694618650129765,0.36766404185600754
5,hersh2022_pacific,REG,63,0.1126832058630269,0.15340954614175253,0.2798882441758514
5,hersh2022_pacific,REG,63,0.1011954586444392,0.1531907207667212,0.4740748883851925
5,hersh2022_pacific,REG,63,0.1162741357159179,0.25814353964965775,0.544858577041274
5,hersh2022_pacific,REG,63,0.1304101316307397,0.4943565938415702,0.0857430362938501
5,hersh2022_pacific,REG,63,0.1107631240737407,0.34825944572296463,0.49995852013976877
5,hersh2022_pacific,REG,63,0.1260160929485453,0.43560115882381617,0.163958584902839
5,hersh2022_pacific,REG,63,0.108457694756982,0.19255328143326855,0.4383205793014241
5,hersh2022_pacific,REG,63,0.1342840089834371,0.46827065553189623,0.09764207807240483
5,hersh2022_pacific,REG,63,0.1132523295209645,0.18088005596741394,0.009876436875476777
5,hersh2022_pacific,REG,63,0.1350161706959561,0.23589780850816822,-0.25155473416903074
5,hersh2022_pacific,REG,63,0.1208367500890454,0.3527347272370951,0.2175006913307696
5,hersh2022_pacific,REG,63,0.1309738276653454,0.46927345883234256,0.1467174525775791
5,hersh2022_pacific,REG,63,0.1319902131584372,0.4589709380618815,0.2791518213607109
5,hersh2022_pacific,REG,63,0.1179099630232013,0.28089228785213743,0.2340164714648917
5,hersh2022_pacific,REG,63,0.1285929301979321,0.4019623106830005,0.0857712154479134
5,hersh2022_pacific,REG,63,0.1425865092183479,0.6450493072627125,-0.00910529062017237
5,hersh2022_pacific,SH,225,0.3157888674013511,2.5362765264637397,2.1094128187651693
5,hersh2022_pacific,SH,225,0.2974539166937522,2.5413549714506516,1.8756647192167935
5,hersh2022_pacific,SH,225,0.3056518808883114,2.1589255419920033,1.4297258652326075
5,hersh2022_pacific,SH,225,0.1409868387251323,0.07211702457696705,3.890303817707413
5,hersh2022_pacific,SH,225,0.3591237839472368,1.6722731869000853,2.207940843050018
5,hersh2022_pacific,SH,225,0.2981227531268771,2.0836596650918784,1.4306215839095393
5,hersh2022_pacific,SH,225,0.2958015316422356,2.4169455645309466,1.7456904359036047
5,hersh2022_pacific,SH,225,0.310002267956061,2.481612901834726,2.090576962468657
5,hersh2022_pacific,REG,106,0.119395619650399,0.3003039560040159,0.39612573130225187
5,hersh2022_pacific,REG,106,0.3376461268379354,4.701249991667238,-2.437307520108921
5,hersh2022_pacific,REG,106,0.1477319192403404,0.6143902804824675,-0.09789182656051876
5,hersh2022_pacific,REG,106,0.1509556568850132,0.6502257607813241,-0.22812357252033427
5,hersh2022_pacific,REG,106,0.1411196295339042,0.5872900106711266,0.0199436370363677
5,hersh2022_pacific,REG,106,0.1360430945192186,0.7609897315038734,-0.061225544460903586
5,hersh2022_pacific,REG,106,0.1055053342050047,0.161058262922799,0.49644323726288864
5,hersh2022_pacific,REG,106,0.1536850103215466,0.8898722692062848,-0.3101557340292177
5,hersh2022_pacific,REG,106,0.2692664848768413,4.008635208881383,-6.853641919458802
5,hersh2022_pacific,PALI,214,0.1703430355345278,-1.1563563236543761,-1.1927129307617461
5,hersh2022_pacific,PALI,214,0.1323415712381785,-1.917176019046931,0.12864709783737988
5,hersh2022_pacific,PALI,214,0.1334861726722162,1.2474619921663916,0.0765579603572658
5,hersh2022_pacific,REG,19,0.1506933366364445,0.8343947505908531,-0.14921540894614882
5,hersh2022_pacific,REG,19,0.1380359395423021,0.586928457005589,0.1263148567661212
5,hersh2022_pacific,REG,19,0.1075672621015489,0.30674167993314655,0.4567820127593628
5,hersh2022_pacific,REG,19,0.1292550822003901,0.45244111793697694,0.12974820453335578
5,hersh2022_pacific,REG,19,0.1287746104790358,0.6005311665862878,0.5452074936743093
5,hersh2022_pacific,REG,19,0.1589322397070937,0.7368965774123989,-0.2548963592612363
5,hersh2022_pacific,REG,19,0.1617266393420037,0.773291457058349,-0.3955407917110334
5,hersh2022_pacific,REG,19,0.1139960565186677,0.2698655137740831,0.3682741710640509
5,hersh2022_pacific,REG,19,0.1274053604408177,0.38682910117831115,0.013580419649643748
5,hersh2022_pacific,REG,19,0.1461868805477671,0.7280561436064534,-0.21196264642051652
5,hersh2022_pacific,REG,19,0.1583374935509153,0.8618259030294096,-0.3005392827884361
5,hersh2022_pacific,REG,19,0.1384848454155925,1.150447070316628,-0.5780228051462408
5,hersh2022_pacific,REG,19,0.3556794559788621,4.261816398386983,-1.1963687502511369
5,hersh2022_pacific,REG,19,0.1477203245787044,0.8258449714020434,0.01619322855022455
5,hersh2022_pacific,REG,19,0.1392179048571617,0.502830149112129,-0.15716501746275052
5,hersh2022_pacific,REG,19,0.137133652586964,0.4363292088268542,-0.14063277879230193
5,hersh2022_pacific,REG,19,0.1284351588574061,0.47844684212748845,0.21573894055070225
5,hersh2022_pacific,REG,19,0.2111887642441909,0.5557220607380888,2.3463169218149185
5,hersh2022_pacific,REG,19,0.1541828746621761,0.6687823883374344,-0.13329173451042156
5,hersh2022_pacific,REG,19,0.1509470770166536,0.6872722400261008,-0.24788998480691468
5,hersh2022_pacific,REG,19,0.1723573369715473,0.431382946022187,2.1570931992532616
5,hersh2022_pacific,REG,19,0.1010127878063642,0.0775899723934475,0.27684683238767543
5,hersh2022_pacific,REG,19,0.110736523843568,0.04958341211525835,0.13529469166303823
5,hersh2022_pacific,REG,19,0.1036544613826393,0.13944784011596154,0.48271178607764
5,hersh2022_pacific,REG,19,0.1007249927432677,-0.06435077362729211,0.3774583797330352
5,hersh2022_pacific,REG,19,0.1103375075682415,0.11693735823478818,0.053688666753925765
5,hersh2022_pacific,REG,19,0.1268882920332581,0.21602499529772873,-0.08190676076841544
5,hersh2022_pacific,REG,19,0.1126129759701765,-0.08318353377044749,-0.06444874335926651
5,hersh2022_pacific,REG,19,0.1488712178023697,0.3923295820065722,-0.25904450090930425
5,hersh2022_pacific,REG,26,0.1152218507275532,0.17690626669195958,0.01275597850623067
5,hersh2022_pacific,REG,26,0.1213778035264904,0.3042672876882606,-0.04660795320572504
5,hersh2022_pacific,REG,26,0.1481319267501547,0.5709559748944776,0.5083530395405643
5,hersh2022_pacific,REG,26,0.1384198375747186,0.36619138349748775,-0.37195418649163736
5,hersh2022_pacific,REG,26,0.1517587044960157,0.4917432771540888,-0.4381796537815383
5,hersh2022_pacific,REG,26,0.1239900118661735,0.27592581606083066,0.08044182107948447
5,hersh2022_pacific,REG,26,0.1578118442930968,0.8726744811675438,-0.5017931350989159
5,hersh2022_pacific,REG,26,0.1445233532268736,0.46300025882566864,-0.40352920290741073
5,hersh2022_pacific,REG,26,0.1410898136635377,0.7010543514961172,-0.06714896217452974
5,hersh2022_pacific,REG,26,0.1537138614305292,0.5679632686006206,-0.2909196380783236
5,hersh2022_pacific,REG,26,0.150482341243434,0.7920072957082611,-0.31472203678340743
5,hersh2022_pacific,REG,26,0.1501710702339043,0.8238026103240166,-0.3677006511864527
5,hersh2022_pacific,REG,26,0.1545657801130297,0.8448761062980248,-0.24455987076009328
5,hersh2022_pacific,REG,26,0.1442046158550326,0.6984060856116454,-0.18035433451607233
5,hersh2022_pacific,REG,26,0.1490994119177251,0.5331849172668465,-0.23411563112149728
5,hersh2022_pacific,REG,26,0.1418807060370994,0.6599395652885495,-0.06958789031552645
5,hersh2022_pacific,REG,26,0.1564647669152565,0.8541057668810439,-0.34120316622342595
5,hersh2022_pacific,REG,26,0.1426554689575829,0.8542873099734175,-0.10464845644006007
5,hersh2022_pacific,REG,26,0.1397820292021474,0.23585749143877138,-0.4966197028799204
5,hersh2022_pacific,REG,26,0.1583792776279443,0.7455716171342033,-0.3826672309429385
5,hersh2022_pacific,REG,26,0.1550607880352235,1.0032422771158638,-0.5003664729008812
5,hersh2022_pacific,REG,26,0.1428034986348891,0.5607616951054223,-0.0812585578649232
5,hersh2022_pacific,REG,26,0.1424614799851611,1.0424034824589585,-0.6201915283162346
5,hersh2022_pacific,REG,26,0.1548955039385941,0.8968016318765866,-0.3081815913826971
5,hersh2022_pacific,REG,26,0.1141714163722314,0.25104491997389433,0.36478968149142166
5,hersh2022_pacific,REG,26,0.1151949162220715,0.3654297211912362,0.4246610770508864
5,hersh2022_pacific,REG,26,0.115180829155477,0.3388622084106918,0.36985315887769726
5,hersh2022_pacific,REG,26,0.1569557337467333,0.8015027491512121,-0.3671169189880387
5,hersh2022_pacific,REG,26,0.1520406253848389,0.9328757945509257,-0.6031924542411131
5,hersh2022_pacific,REG,26,0.1110876069890155,0.2762268104050803,0.5057436175588264
5,hersh2022_pacific,REG,26,0.1373323710087844,0.5301109312206039,0.0711232868966824
5,hersh2022_pacific,REG,26,0.136640960959413,0.5499790970141177,0.08426056288302484
5,hersh2022_pacific,REG,26,0.1304457485430518,0.40636685251276283,0.10700294075859465
5,hersh2022_pacific,REG,26,0.1454302012260058,0.4303851857936868,-0.02919060799797512
5,hersh2022_pacific,REG,26,0.1504324873312425,0.34281135821825026,-0.2405734649912024
5,hersh2022_pacific,PO,24,0.1631168481826416,3.9044081437543507,-2.8998942126722045
5,hersh2022_pacific,PO,24,0.2154417214526724,1.9716946074941348,-0.45802331602197377
5,hersh2022_pacific,PO,24,0.1163050211183823,0.04957268383256799,0.4795154253672182
5,hersh2022_pacific,PO,24,0.1602107786474655,1.5675242774647695,-2.5862989260675544
5,hersh2022_pacific,REG,74,0.1429950924113349,0.5426590850251622,-0.07015737418341067
5,hersh2022_pacific,REG,74,0.1535156314415198,0.6412376472510798,-0.28873586417720754
5,hersh2022_pacific,REG,74,0.1430084533412914,1.0935026853837817,-0.2533812364023331
5,hersh2022_pacific,REG,74,0.1495716370829488,0.7515498602670222,-0.19957578670995688
5,hersh2022_pacific,REG,74,0.1214553475496685,0.36768313524806717,0.3167344044832333
5,hersh2022_pacific,REG,74,0.1396909942780039,0.5250669627082177,0.06649463398332786
5,hersh2022_pacific,REG,74,0.1083947251523683,0.27605998459056147,0.4542779893789195
5,hersh2022_pacific,REG,74,0.1414135611488199,0.6697042897765241,-0.06419125193807097
5,hersh2022_pacific,REG,74,0.1469262614309971,0.6778129826342911,-0.16114905032056948
5,hersh2022_pacific,REG,74,0.1245848362931427,0.3404839583354587,0.031095725926373174
5,hersh2022_pacific,REG,74,0.1088809422527291,0.17618776995500782,0.5040479479890055
5,hersh2022_pacific,REG,74,0.1150813774652574,0.09346472583727895,0.07504671741414447
5,hersh2022_pacific,REG,74,0.1515016918144553,0.8361770524036239,-0.47194404132090434
5,hersh2022_pacific,REG,74,0.1579965418493219,0.6014425280789402,-0.4823895456737473
5,hersh2022_pacific,REG,74,0.1238353919589931,0.3099241298868256,0.10042915156183171
5,hersh2022_pacific,REG,74,0.1513684320693154,0.8262958130927105,-0.5101152404560648
5,hersh2022_pacific,REG,74,0.1543271449042117,0.8538802705543649,-0.4808930496952912
5,hersh2022_pacific,REG,74,0.1552675497621055,0.89533988629706,-0.2662685928600431
5,hersh2022_pacific,REG,74,0.156054434457995,0.938980686507535,-0.3106830523340702
5,hersh2022_pacific,REG,74,0.158198374467598,0.8798205016953023,-0.3327311710229026
5,hersh2022_pacific,REG,74,0.1437082962402779,0.7968991372141007,-0.14878800985274043
5,hersh2022_pacific,REG,74,0.1417293986174966,0.6548220300025543,-0.06470878039166789
5,hersh2022_pacific,REG,74,0.1464716817468264,0.642966126620319,-0.08554578207067404
5,hersh2022_pacific,REG,74,0.1473940677525863,0.6653063588579008,-0.13510678414077348
5,hersh2022_pacific,REG,74,0.1253988297199819,0.5338321937007192,0.2882205691691682
5,hersh2022_pacific,REG,74,0.1348400611172034,0.5457132877955638,0.15221388815775722
5,hersh2022_pacific,REG,74,0.132781854111732,0.4530118473821274,-0.010614675005248457
5,hersh2022_pacific,REG,74,0.1390626010148324,0.4964547044425376,-0.09310251728760889
5,hersh2022_pacific,REG,74,0.1349905821252709,0.53670785415722,0.2362597618526935
5,hersh2022_pacific,REG,74,0.1449712729038905,0.5648993803168322,-0.11276064577146358
5,hersh2022_pacific,REG,74,0.1379974950242293,0.6010695026070149,0.08042051290289981
5,hersh2022_pacific,REG,74,0.1408345100817478,0.5852086109740045,0.024113290746606265
5,hersh2022_pacific,REG,74,0.1439927984967844,0.5998207803096458,-0.12610384264658497
5,hersh2022_pacific,REG,74,0.1470842124503576,0.6699840943570217,-0.15055569131139582
5,hersh2022_pacific,REG,74,0.1456299783224201,0.6751892484719386,-0.1516125147854683
5,hersh2022_pacific,REG,74,0.1490246239657109,0.6070127627630088,-0.2255886787761587
5,hersh2022_pacific,REG,74,0.1409607455239591,0.728751588454478,-0.07273866927413455
5,hersh2022_pacific,REG,74,0.1047493778245841,0.1933286193586955,0.4271902627402532
5,hersh2022_pacific,REG,74,0.1036136340638339,0.24136050387500987,0.5392822352362241
5,hersh2022_pacific,REG,74,0.1054062986615928,0.1248821556825957,0.4002452723601724
5,hersh2022_pacific,REG,74,0.1108713525035315,0.10206320075353316,0.20936257276508957
5,hersh2022_pacific,REG,74,0.1220998031377862,0.19689486519625005,-0.18152460007357218
5,hersh2022_pacific,REG,74,0.1141978584631856,0.2871580621937486,0.20046591488087973
5,hersh2022_pacific,REG,74,0.1345899764444992,0.24273172793668074,-0.18807560754403121
5,hersh2022_pacific,REG,74,0.1129754213964962,0.11368457984859455,0.09187848234367332
5,hersh2022_pacific,REG,74,0.1145001900969761,0.11577479293138532,0.18558093057827005
5,hersh2022_pacific,REG,74,0.1213715959755,0.3365153467712269,0.12695021171950926
5,hersh2022_pacific,REG,74,0.129809390707943,0.15891862811044377,-0.1800629084275092
5,hersh2022_pacific,REG,74,0.1095669078084301,0.20481801589091406,0.21602249886561836
5,hersh2022_pacific,REG,74,0.132735746514455,0.375200896976061,-0.12229053425405333
5,hersh2022_pacific,REG,74,0.1139669607249102,0.22245480347995772,0.1539431742901768
5,hersh2022_pacific,REG,74,0.1431332248841106,0.5225048085224296,-0.21948969773467478
5,hersh2022_pacific,REG,74,0.132299847859176,0.5350508404077466,-0.033540706572864336
5,hersh2022_pacific,REG,74,0.130579007308045,0.3062681280701101,-0.1448102097911215
5,hersh2022_pacific,REG,74,0.1240121271159376,0.3771993520186043,0.23532388062199847
5,hersh2022_pacific,REG,74,0.1229210136504004,0.3173445698824905,0.17775270660635983
5,hersh2022_pacific,REG,74,0.1308666296857769,0.37521150301762907,0.09505019438513575
5,hersh2022_pacific,REG,74,0.1229466685561151,0.33447701497066334,0.18780898698050877
5,hersh2022_pacific,REG,74,0.1241669196530953,0.27622498938172063,0.13528808311191629
5,hersh2022_pacific,REG,74,0.1213179516755705,0.2226005016968102,0.257516069751274
5,hersh2022_pacific,REG,74,0.1183630787517099,0.2811653124789809,0.1632874505798691
5,hersh2022_pacific,REG,74,0.1407013508984045,0.5144724720643541,-0.06375769530859177
5,hersh2022_pacific,PALI,217,0.1153159352734442,-0.13914024595740213,2.7133972234326738
5,hersh2022_pacific,PALI,217,0.1379955620846817,-0.3262330490258203,3.7605881122837643
5,hersh2022_pacific,PALI,217,0.1048099891443701,0.8624820573753075,1.1409501322912583
5,hersh2022_pacific,PALI,217,0.1042570720101581,0.8591050810387927,1.5181611987336106
5,hersh2022_pacific,PALI,217,0.1613394591059963,2.7552144625032478,-0.9142771960319448
5,hersh2022_pacific,PALI,217,0.1439287079899218,0.054429205336687325,3.533347314886337
5,hersh2022_pacific,PALI,217,0.1183887909447508,-0.4099229495257334,3.482594356928755
5,hersh2022_pacific,PALI,217,0.1340585670119645,-0.9000459841116519,3.894427241529485
5,hersh2022_pacific,PALI,217,0.1140666788648193,-0.011710319854977072,3.2173603075228185
5,hersh2022_pacific,PALI,217,0.1344206419859818,0.951576016655883,1.1811407381424521
5,hersh2022_pacific,PALI,217,0.1119186376853933,-0.6246671262838017,3.572126576142078
5,hersh2022_pacific,PALI,217,0.1138480213457415,-0.3311276878293174,3.2094617635075133
5,hersh2022_pacific,PALI,217,0.1860937761824547,1.8022175223304093,-0.5160386271699332
5,hersh2022_pacific,PALI,217,0.1683435970952211,2.8081321811626907,-0.979713296098309
5,hersh2022_pacific,PALI,217,0.1176676452537394,0.29472848312079625,2.6020031467837286
5,hersh2022_pacific,PALI,217,0.1073885352556653,0.3011138490610223,2.721718784279115
5,hersh2022_pacific,PALI,217,0.1155281107261322,-0.05761008158328762,3.127916427884225
5,hersh2022_pacific,PALI,217,0.1046631654433259,0.450713544543512,2.3408839750123835
5,hersh2022_pacific,PALI,217,0.1056864458431386,0.3588283256105864,2.3836880905357685
5,hersh2022_pacific,PALI,217,0.1275447997436108,0.17243872932965354,3.1855164902502096
5,hersh2022_pacific,PALI,217,0.1197117663305817,-0.06303156572040508,3.112996142384119
5,hersh2022_pacific,PALI,217,0.1232324682382858,0.2865831925387643,2.780026059615423
5,hersh2022_pacific,PALI,217,0.1036589219348731,0.41369349538926925,2.4495669583298576
5,hersh2022_pacific,PALI,217,0.1131406183863151,0.3885888008497734,2.762236089902358
5,hersh2022_pacific,PALI,217,0.1012980095297264,0.39544410406924113,2.4614786874780865
5,hersh2022_pacific,PALI,217,0.1017431572968969,0.04855266175375005,2.8366642481575397
5,hersh2022_pacific,PALI,217,0.1096744174549349,1.1077807427544828,1.3472844902549277
5,hersh2022_pacific,PALI,217,0.1149723599685096,0.10055277477254171,2.9932813539977134
5,hersh2022_pacific,PALI,217,0.1126186992224644,0.2427061116996467,2.4628715179434164
5,hersh2022_pacific,PALI,217,0.1095329368168119,0.8850094513752177,1.518588934237941
5,hersh2022_pacific,PALI,217,0.1080615567278048,0.21189990345887783,2.7847555483725808
5,hersh2022_pacific,PALI,217,0.1137000141690993,0.2985264445088087,2.5931587402781235
5,hersh2022_pacific,PALI,217,0.1117756019224614,-0.7917393022854577,3.5405006632203455
5,hersh2022_pacific,PALI,217,0.1013576319264633,-0.8235296711621912,3.274257128371766
5,hersh2022_pacific,PALI,217,0.1062122333845402,-0.3219509354281392,2.9456541287969045
5,hersh2022_pacific,PALI,217,0.1232336399883746,-0.34565800782612316,3.7088820879831963
5,hersh2022_pacific,PALI,217,0.1233676516405023,-0.38385173945028805,3.3358485189060376
5,hersh2022_pacific,PALI,217,0.1314505747161465,-0.44442914803675193,3.3865006704483824
5,hersh2022_pacific,PALI,217,0.1243778365512369,-0.8271609490437923,3.2773821301320916
5,hersh2022_pacific,PALI,217,0.1275682698888692,-0.8008139442863217,3.707219649457691
5,hersh2022_pacific,PALI,217,0.1133629295667738,-0.4106058467633499,3.3124441010178747
5,hersh2022_pacific,PALI,217,0.129448921779117,-0.5030961869761117,3.76780825660492
5,hersh2022_pacific,PALI,217,0.1264287805241044,-0.08730592886825889,2.6566584283331545
5,hersh2022_pacific,PALI,217,0.1092304673893657,0.19378718953885538,2.721186989631864
5,hersh2022_pacific,PALI,217,0.143142774022075,-0.021372976997105775,3.6494787792130197
5,hersh2022_pacific,PALI,217,0.1438443088917285,0.5372089506954617,0.8136167388445276
5,hersh2022_pacific,PALI,217,0.1075129558454458,0.6517462197240036,1.2425280276239554
5,hersh2022_pacific,PALI,217,0.1219521196157764,1.079937115994887,1.4520747658912325
5,hersh2022_pacific,PALI,217,0.1282912057619868,0.2429010201794271,2.644182575204535
5,hersh2022_pacific,PALI,217,0.1210202143597037,0.15408842046486276,2.580789316596278
5,hersh2022_pacific,PALI,217,0.1172620954506871,-0.24855283316612115,2.9299945946308874
5,hersh2022_pacific,PALI,217,0.1040305698910071,-0.17937865541440345,2.75092608303074
5,hersh2022_pacific,PALI,217,0.1102326584951215,-0.10738150467067868,2.592402216618925
5,hersh2022_pacific,PALI,217,0.1102456071835392,-0.058872260531654064,2.8192987526934488
5,hersh2022_pacific,PALI,217,0.1029865169307802,0.4919403622095475,1.8158308373606304
5,hersh2022_pacific,PALI,217,0.131136958905705,0.0045859278891398625,2.746091456233608
5,hersh2022_pacific,PALI,217,0.1184063251295615,0.10101949162628843,2.448967458011031
5,hersh2022_pacific,PALI,217,0.1290695678803591,-0.332013478247052,2.7113521819258315
5,hersh2022_pacific,PALI,217,0.1295228102541776,-0.02947606979106443,2.5512383648707315
5,hersh2022_pacific,PO,42,0.198170990075742,2.621851378211506,-2.333189714143966
5,hersh2022_pacific,PO,42,0.139660958302437,1.502284415772459,0.05217181876852417
5,hersh2022_pacific,PO,42,0.1341132417709493,0.7747425303832673,0.28119721447461077
5,hersh2022_pacific,PO,42,0.1299454647983834,-0.047124268616518666,0.37144578236546766
5,hersh2022_pacific,PO,42,0.1213455244499252,0.7380693416145486,2.458554969154327
5,hersh2022_pacific,PO,42,0.1312809954908501,0.44305398019817505,-0.17710151825866227
5,hersh2022_pacific,PO,42,0.1525210356888231,0.47867279553291714,-0.23109691681741004
5,hersh2022_pacific,PO,42,0.1541800181525928,0.7458689713120037,-0.36929953522701914
5,hersh2022_pacific,PO,42,0.1597464343367353,4.133724996023386,-1.7242299780872492
5,hersh2022_pacific,PO,42,0.2389178348585946,1.7434580749802613,-4.505538251774317
5,hersh2022_pacific,PO,42,0.1493270694839042,0.7730759969609842,0.06180820999478907
5,hersh2022_pacific,PALI,212,0.1265767387588754,0.8936550684880142,1.58480983535028
5,hersh2022_pacific,PALI,212,0.1392758199824692,-0.03368933469764823,3.0731726015383307
5,hersh2022_pacific,PALI,212,0.1440191203000018,-0.2572903195998948,2.917645784237055
5,hersh2022_pacific,PALI,212,0.1112624926694143,-0.19949116356984267,2.878652145520702
5,hersh2022_pacific,PALI,212,0.1327538737366329,-0.249732299717713,3.0152660126769013
5,hersh2022_pacific,PALI,212,0.1459203778898073,-0.32150287160940283,2.9969592293361504
5,hersh2022_pacific,PALI,212,0.1513735605368329,-0.07641237688200847,3.2010778475866055
5,hersh2022_pacific,PALI,212,0.1242422192345435,-0.47344767003235766,3.0150278926795586
5,hersh2022_pacific,PALI,212,0.1446054933536936,0.6815476211412798,1.9461708526679575
5,hersh2022_pacific,PALI,212,0.1222549287257641,1.4014463812849318,0.19450039263660704
5,hersh2022_pacific,PALI,212,0.1445106717473092,1.707555105629097,0.18957417779814528
5,hersh2022_pacific,PALI,212,0.1193355358377785,1.8531266960525974,0.5769719810485934
5,hersh2022_pacific,PALI,212,0.1092677337474748,0.05957415282551409,1.9801583740872166
5,hersh2022_pacific,PALI,212,0.1406154680624947,-0.07032344769805243,2.9358078328891604
5,hersh2022_pacific,PALI,212,0.1158446211966295,-0.7010171222778381,3.0680585090060957
5,hersh2022_pacific,PALI,212,0.1349452304773651,-0.4819715183527633,3.3296165616685043
5,hersh2022_pacific,PALI,212,0.142310424537699,0.703460338926019,2.3307823935287066
5,hersh2022_pacific,PALI,212,0.1118993478630876,0.04968084533189353,2.3937031857096036
5,hersh2022_pacific,PALI,212,0.1100002588018256,-0.23492617796345117,2.7005654647911137
5,hersh2022_pacific,PALI,212,0.1086976455834838,-0.04955978380709042,2.5384264530667147
5,hersh2022_pacific,PALI,212,0.1061953802404622,-0.04537687926052632,2.4627125441272217
5,hersh2022_pacific,PALI,212,0.1172602711381658,-0.17982049453621524,2.7890033561422785
5,hersh2022_pacific,PALI,212,0.1171139372123728,-0.04929443901935643,2.5446092891764724
5,hersh2022_pacific,PALI,212,0.1078566687130646,-0.14091096165278752,2.8378804748521334
5,hersh2022_pacific,PALI,212,0.1235606565942469,0.5552147503800703,1.6751461058368384
5,hersh2022_pacific,PALI,212,0.1146872546238892,-0.0858876069162449,3.167418467691584
5,hersh2022_pacific,PALI,212,0.1117518425044857,-0.4147213137345033,3.1719289123297423
5,hersh2022_pacific,PALI,212,0.1316565228663596,-0.4314632504554931,3.21452370339671
5,hersh2022_pacific,PALI,212,0.1066246393970267,-0.6965173515777472,3.0210259961438655
5,hersh2022_pacific,PALI,212,0.1247822802456347,1.471326830828557,1.2420000965231393
5,hersh2022_pacific,PALI,212,0.1274204364745061,0.3696231153893706,2.584381663942519
5,hersh2022_pacific,PALI,212,0.1521644418040361,1.2982243825888606,1.26377609185206
5,hersh2022_pacific,PALI,212,0.105373441938666,0.48066286920410173,1.9201976198140869
5,hersh2022_pacific,PALI,212,0.1381345820390011,0.4699437183880115,2.612871218081566
5,hersh2022_pacific,PALI,212,0.1428154966516994,0.9500986251242916,1.7659798137662517
5,hersh2022_pacific,PALI,212,0.1020858374530894,0.005165292131117397,2.681678735644138
5,hersh2022_pacific,PALI,212,0.1132671149851816,1.090701058562644,1.1931277758214434
5,hersh2022_pacific,PALI,212,0.1357479457678209,0.9808996881173963,1.438203831745685
5,hersh2022_pacific,PALI,212,0.1317188478459841,0.2884180555732628,2.8247213366432904
5,hersh2022_pacific,PALI,212,0.1023294646486421,-0.44415093031763764,3.1348579718258236
5,hersh2022_pacific,PALI,212,0.1010893729378803,-0.29115446319777605,3.047181311014265
5,hersh2022_pacific,PALI,212,0.1244983322758723,-0.15239425907436938,3.414923183693355
5,hersh2022_pacific,PALI,212,0.1157976843561882,-0.06625952350657172,3.1429950304059604
5,hersh2022_pacific,PALI,212,0.111581672754094,0.12824319715354773,2.423687233214053
5,hersh2022_pacific,PALI,212,0.1342680200702965,-0.06277654247487413,2.9312593403794103
5,hersh2022_pacific,PALI,212,0.1108730021167153,-0.6078202431413153,3.281192060051961
5,hersh2022_pacific,PALI,212,0.1148532950988722,-0.5887560242749513,3.395035075524312
5,hersh2022_pacific,PALI,212,0.1112712122148745,1.1361217195743296,0.45802657721534973
5,hersh2022_pacific,PALI,212,0.1251186054744291,0.11242387589954972,3.0254124600935643
5,hersh2022_pacific,PALI,212,0.11040053783128,-0.48005310876122353,3.1392725311157212
5,hersh2022_pacific,PALI,212,0.1055531015424094,0.840930004631095,0.5204008656427496
5,hersh2022_pacific,PALI,212,0.1024895169654907,0.23623915076385665,2.8177955616825376
5,hersh2022_pacific,PALI,212,0.1111225922339215,-0.10209920901898531,2.412750381093873
5,hersh2022_pacific,PALI,212,0.1242733190979429,-0.035219680818579985,2.9348416798965626
5,hersh2022_pacific,PALI,212,0.1114227249577679,0.4940793921713569,1.8622517623045844
5,hersh2022_pacific,PALI,212,0.1055195254384451,1.0680704179856373,1.1847015970699313
5,hersh2022_pacific,PALI,212,0.1019538070591068,0.5704077810337732,1.7480005969934094
5,hersh2022_pacific,PALI,212,0.1401094643833648,-0.39158374128062773,2.2545418783442934
5,hersh2022_pacific,PALI,216,0.2741063382432351,1.0699516253042423,-4.067225245927438
5,hersh2022_pacific,PALI,216,0.1495065073564694,1.2746503647547507,-1.1429167909139724
5,hersh2022_pacific,PALI,216,0.1245310498987692,1.4547878369158607,2.25799600154312
5,hersh2022_pacific,PALI,216,0.2244327063380233,1.9028642805923761,-5.10722610775454
5,hersh2022_pacific,PALI,216,0.1302083506370148,0.766474377800441,0.24811928762081817
5,hersh2022_pacific,PALI,216,0.2172840347168186,1.8973086965102204,3.02067106181166
5,hersh2022_pacific,PALI,216,0.2027905993408333,1.9573519443487135,-1.0178734141934145
5,hersh2022_pacific,PALI,216,0.1321876377842816,0.7256325185404512,0.21380438792756226
5,hersh2022_pacific,PALI,216,0.1069341095715696,-0.5982412248529305,3.448826290114588
5,hersh2022_pacific,PALI,216,0.1096811187930103,-0.9737851005543289,3.885497397282048
5,hersh2022_pacific,PALI,216,0.1263144083750422,-0.5889974993512075,2.9000410517271384
5,hersh2022_pacific,PO,40,0.1407128603981585,1.2307294189291391,-0.10587697801962037
5,hersh2022_pacific,PO,40,0.1336161646736129,0.2588880349365048,0.11995615679643722
5,hersh2022_pacific,PO,40,0.1456365798587642,2.0017567123589877,0.08710014974957836
5,hersh2022_pacific,PO,40,0.180507205723738,3.632652433301308,-0.18750302963564203
5,hersh2022_pacific,PO,40,0.1569800470423012,0.5063164897546291,-0.02038090536895308
5,hersh2022_pacific,PO,40,0.121287354704499,0.043922267286561775,0.5362964964128624
5,hersh2022_pacific,PO,40,0.1121471156619047,0.2190170599162355,0.6298060769034928
5,hersh2022_pacific,PO,40,0.1112087299047776,0.016475060298706476,0.3327400913854003
5,hersh2022_pacific,PO,40,0.1064813488439786,-0.05594208939250609,0.3618049878427922
5,hersh2022_pacific,PO,40,0.1676632434086524,0.19572973096849722,-0.09847540576956233
5,hersh2022_pacific,PO,40,0.1306867521500231,0.37833504192179357,0.5342718941648724
5,hersh2022_pacific,PO,40,0.1534353087172905,0.7355893494927204,-0.26153889482322445
5,hersh2022_pacific,PO,40,0.1537929210625848,0.7482284091951925,-0.24297332584514547
5,hersh2022_pacific,PO,40,0.1467740226806605,0.4082472526100842,0.1349778947557067
5,hersh2022_pacific,PO,40,0.1621460317045529,0.665762871299974,0.0945257884090157
5,hersh2022_pacific,PO,40,0.1188257272148955,0.07302726139191287,0.39048008287334524
5,hersh2022_pacific,PO,40,0.1468055288642347,1.0507626633076068,-0.25002465270983176
5,hersh2022_pacific,PO,40,0.1794192524298629,0.7673158118041963,0.592197687145673
5,hersh2022_pacific,PO,40,0.4928287092940961,4.156774974820416,-1.0993477867718355
5,hersh2022_pacific,PO,40,0.3803514347540155,4.318147396649026,0.3044165816004645
5,hersh2022_pacific,PO,40,0.1310263274927417,0.38261389618889385,2.4221609614135637
5,hersh2022_pacific,PO,1,0.1579905641883301,0.46059702317765794,-0.21868936854422766
5,hersh2022_pacific,PO,1,0.1391390396056577,0.4444988746013018,0.17624223570084632
5,hersh2022_pacific,PO,1,0.1416966263794265,1.2665931358160396,-0.021500515301758755
5,hersh2022_pacific,SI,122,0.2044507235861236,4.018671994093977,-4.206684246330887
5,hersh2022_pacific,SI,118,0.138375838509648,0.7957587857584933,3.279498442585818
5,hersh2022_pacific,SI,118,0.15135396478875,0.630241621683593,3.301168377083251
5,hersh2022_pacific,SI,123,0.1732765904930494,4.2831767950832225,-0.40421995333506855
5,hersh2022_pacific,SI,120,0.2407823519822525,3.1523798837542083,2.762864745615745
5,hersh2022_pacific,SI,120,0.2774460904652535,5.2867808475363764,0.7766529736083652
5,hersh2022_pacific,SI,119,0.3042175155008446,5.973973543462594,-1.6762343512046851
5,hersh2022_pacific,SI,117,0.1276964294780006,2.948666655363465,0.4754008948334565
5,hersh2022_pacific,SI,117,0.1828491390880263,4.289525068647523,-0.10492236970930446
5,hersh2022_pacific,SI,117,0.146479146085093,4.111715528362579,-0.9649522884483845
5,hersh2022_pacific,SI,117,0.1888949738973342,4.774064815916253,-4.393621205206673
5,hersh2022_pacific,SI,117,0.166341364582449,4.150578010356079,-4.097030475582754
5,hersh2022_pacific,,231,0.2209991952320633,2.502131044112957,2.193807479248297
5,hersh2022_pacific,,231,0.1236353065279899,-0.6893152456925948,3.5191861782182072
5,hersh2022_pacific,,231,0.1212361299335436,-0.7135264120087252,3.2579518948396355
5,hersh2022_pacific,,211,0.422011731526099,5.720337373132905,2.906410905033309
5,hersh2022_pacific,,22,0.1183669144613034,0.20607770901229333,-0.12199833171861121
5,hersh2022_pacific,,22,0.1143165013804656,0.10837185214913878,0.06258501037227945
5,hersh2022_pacific,,30,0.1278992091578404,0.22404932570025296,-0.28855356067176413
5,hersh2022_pacific,,30,0.1498199022708312,0.27963356659750765,-0.5428035395283697
5,hersh2022_pacific,,30,0.1542024859818802,0.5913892367121232,-0.5262102874337512
5,hersh2022_pacific,,30,0.1573076880994575,0.6744130026435018,-0.6129818798904175
5,hersh2022_pacific,,11,0.1285741144476153,0.010878035345170123,-0.07984145971552321
5,hersh2022_pacific,,11,0.11175293765548,-0.0033799879691771006,-0.045388049659298296
5,hersh2022_pacific,,34,0.1188796494009371,0.5255472378260028,0.03957128981509458
5,hersh2022_pacific,,34,0.1656217926841507,0.5514568860593924,-0.5128476109502238
5,hersh2022_pacific,,34,0.1582913875059942,0.7618778722751263,-0.5798329652554554
5,hersh2022_pacific,,34,0.1609973107224823,0.6341554381289812,-0.5656689639282694
5,hersh2022_pacific,,34,0.1648614657965734,0.6182231510364455,-0.5319282712391783
5,hersh2022_pacific,,35,0.1046677606853915,0.2462397328494786,0.5235816755982463
5,hersh2022_pacific,,35,0.1401526959222731,0.33891742661901453,0.0360862984271141
5,hersh2022_pacific,,25,0.168282256853699,3.6788345099712236,-2.7494818527682154
5,hersh2022_pacific,,51,0.2391175594971468,0.6165990191663275,1.4158618744002684
5,hersh2022_pacific,,28,0.1573843900921293,0.8909925668638647,-0.39375333030492676
5,hersh2022_pacific,,28,0.1312891501936578,0.7662025891976016,0.060383026325233326
5,hersh2022_pacific,,28,0.1390153895530952,0.6746230146680245,-0.0786007131309733
5,hersh2022_pacific,,28,0.1568856446881683,0.6555864590465009,-0.31378589846721794
5,hersh2022_pacific,,28,0.1521174311164961,0.6656618172192634,-0.26162143599216336
5,hersh2022_pacific,,28,0.1118201287349868,0.1041585620259914,0.27367727020075494
5,hersh2022_pacific,,28,0.1268966000980382,0.516373578206663,0.18835512206823504
5,hersh2022_pacific,,28,0.1342604436920682,0.5348380055110397,0.1518962534249491
5,hersh2022_pacific,SH,129,0.1316813339262431,0.12976975188228057,1.2535366071914573
5,hersh2022_pacific,PALI,93,0.1003300903870047,-0.22824384784529866,1.1757070848424045
5,hersh2022_pacific,PALI,93,0.1178132538430277,0.6492328137947481,2.214042681842607
5,hersh2022_pacific,PALI,93,0.2237999890183301,2.084466410672194,2.8725402243994784
5,hersh2022_pacific,PALI,93,0.1306774086885061,0.3411802549236632,2.6921491253998218
5,hersh2022_pacific,SH,85,0.1769048889129961,-0.40478577802429183,1.3835715487457447
5,hersh2022_pacific,FP,148,0.3420673179895618,2.5329253280731523,1.4562124149104136
5,hersh2022_pacific,FP,148,0.1032152974782062,-0.34404669471392035,0.26333599967529475
5,hersh2022_pacific,SH,73,0.2435439567643739,1.9631185107317615,-0.4000502126688448
5,hersh2022_pacific,SH,87,0.161856243655917,0.7644192418062654,-0.8639996516180836
5,hersh2022_pacific,SH,87,0.1654944576340846,0.6747482416452025,-0.6832158099085343
5,hersh2022_pacific,SH,87,0.1616787182578659,0.40891226383118406,-0.553019827739933
5,hersh2022_pacific,SH,87,0.1590176813376576,0.7328777738357451,-0.6629219671854588
5,hersh2022_pacific,SH,87,0.1652319220244273,0.8376285564147449,-0.5732417252839318
5,hersh2022_pacific,SH,87,0.1575571206111085,0.8794923891269042,-0.31337749815766447
5,hersh2022_pacific,SH,87,0.1171245720286201,0.14285851807053782,-0.0071248630672469115
5,hersh2022_pacific,SH,87,0.1448682644641179,0.3160925848280781,0.04222870309575893
5,hersh2022_pacific,SH,87,0.1642740192930679,0.6998539863739547,-0.3186723016245781
5,hersh2022_pacific,SH,87,0.1656499982806481,0.57849331702696,-0.12024201892540975
5,hersh2022_pacific,SH,87,0.1387721882339038,1.123844248527576,-0.6699788012412502
5,hersh2022_pacific,SH,87,0.1500297776563449,0.8200720721215587,-0.6324812031008458
5,hersh2022_pacific,SH,87,0.1539747908215316,0.7067820981207467,-0.7494023910956559
5,hersh2022_pacific,SH,87,0.1632491381565181,0.7742492180428805,-0.5379488433046945
5,hersh2022_pacific,SH,87,0.1396616207529404,0.9925054017285538,-0.9810305702984774
5,hersh2022_pacific,SH,87,0.1484432855390183,1.0366499502417623,-0.7004195653258632
5,hersh2022_pacific,SH,87,0.1484432855390183,1.0366499502417623,-0.7004195653258632
5,hersh2022_pacific,SH,87,0.1689650608587642,0.3089188989284823,-0.8331778975892757
5,hersh2022_pacific,SH,87,0.1378894320694925,1.0435661157738574,-1.0272989980260618
5,hersh2022_pacific,SH,83,0.1387210040144208,0.03054137486507627,0.24958681219982892
5,hersh2022_pacific,SH,83,0.138682859475352,0.34383517886218773,0.27512819225767976
5,hersh2022_pacific,FP,136,0.1440632271472947,-1.1134758582152955,4.104585085489971
5,hersh2022_pacific,FP,136,0.267481201727698,4.74031149903616,0.22634821344909706
5,hersh2022_pacific,FP,136,0.2594563418201898,1.811904893601807,-0.3683760492921121
5,hersh2022_pacific,FP,136,0.3160854148853418,6.233525302557842,-1.0112852078161567
5,hersh2022_pacific,FP,136,0.4154109932435587,4.057179643902693,-1.7098692067165888
5,hersh2022_pacific,SI,94,0.1091613640158154,0.17780618525060204,0.57961879675922
5,hersh2022_pacific,SH,86,0.1598072915867331,0.21619225576205492,2.9107003380648457
5,hersh2022_pacific,SH,86,0.4494005022607458,5.330281119449214,-0.8129652439096569
5,hersh2022_pacific,SH,86,0.6020586860967001,6.700222008831911,-1.2397744351479716
5,hersh2022_pacific,SH,86,0.1858660951432489,4.0063904893286315,-1.9417254857600637
5,hersh2022_pacific,SH,71,0.2220257420296108,1.9580107227755135,-0.2598824864467948
5,hersh2022_pacific,SH,71,0.1587724698489933,0.7376867205035192,3.0562387581725075
5,hersh2022_pacific,SH,71,0.5606273205097952,2.5536757501716396,3.2941930572434854
5,hersh2022_pacific,FP,137,0.3777151474991161,7.698503894293879,-5.43247665133833
5,hersh2022_pacific,FP,137,0.3320727604480492,6.978088514113763,-4.7975815365812675
5,hersh2022_pacific,FP,137,0.3640178420396124,7.343194547516285,-3.887808976214832
5,hersh2022_pacific,FP,137,0.3417258487362579,7.532470577863622,-4.448987664471844
5,hersh2022_pacific,FP,137,0.4128579559853155,2.649040085089361,2.9098291105597633
5,hersh2022_pacific,FP,137,0.2157612298138326,0.9575585956996353,0.7181609058894457
5,hersh2022_pacific,FP,137,0.3666532552254418,2.846746769893215,-1.4514579347164558
5,hersh2022_pacific,PO,97,0.282755169256452,3.526918787926055,-1.0883517541867624
5,hersh2022_pacific,SH,81,0.1108390116547182,-0.6448984621704257,3.3184832308924355
5,hersh2022_pacific,SH,81,0.2201249929050084,1.4092446119188153,2.9323256244236324
5,hersh2022_pacific,SH,81,0.1723834360703603,-0.42128634564019807,2.6905368632886666
5,hersh2022_pacific,SH,88,0.1587444346309231,0.8957580886052875,-0.5529478825608564
5,hersh2022_pacific,SH,88,0.1540659874012844,0.4885259144350733,-0.3063206641018731
5,hersh2022_pacific,SH,88,0.1444611589396239,1.0338768459356893,-0.8560574464177132
5,hersh2022_pacific,SH,88,0.1484432855390183,1.0366499502417623,-0.7004195653258632
5,hersh2022_pacific,SH,88,0.139240660027149,0.8795237763732627,-0.8349399281781535
5,hersh2022_pacific,SH,88,0.1547100404921903,0.8018511056785432,-0.8023417140645116
5,hersh2022_pacific,SH,88,0.1509495783442401,1.047493749894018,-0.8601331549279915
5,hersh2022_pacific,SH,88,0.1499490281613744,0.9233599762409502,-0.8173407533206735
5,hersh2022_pacific,SH,88,0.139240660027149,0.8795237763732627,-0.8349399281781535
5,hersh2022_pacific,SH,88,0.1540659874012844,0.4885259144350733,-0.3063206641018731
5,hersh2022_pacific,SH,88,0.1667647898501601,0.4709694301418871,-0.365560141918787
5,hersh2022_pacific,SH,88,0.1500297776563449,0.8200720721215587,-0.6324812031008458
5,hersh2022_pacific,SH,88,0.1642802647090862,0.5712882438810055,-0.47408618958995535
5,hersh2022_pacific,SH,88,0.1627838653411207,0.2579944398838943,-0.4996275696478058
5,hersh2022_pacific,SH,88,0.1632491381565181,0.7742492180428805,-0.5379488433046945
5,hersh2022_pacific,SH,88,0.1484432855390183,1.0366499502417623,-0.7004195653258632
5,hersh2022_pacific,SH,88,0.1633895322882992,0.4653754366709535,-0.2614332770189714
5,hersh2022_pacific,SH,88,0.1543895637517326,0.8543866443981522,-0.6779210064416207
5,hersh2022_pacific,SH,88,0.1625525167085554,0.6791802104850839,-0.48500952033583883
5,hersh2022_pacific,SH,88,0.1567411551653014,0.6888694803232522,-0.6562510719441877
5,hersh2022_pacific,SH,88,0.1556402880410272,0.9248228547005586,-0.5428009611993186
5,hersh2022_pacific,SH,88,0.1547100404921903,0.8018511056785432,-0.8023417140645116
5,hersh2022_pacific,SH,88,0.1590561371338317,0.8432225498856787,-0.6773685901837474
5,hersh2022_pacific,SH,88,0.1583410696546399,0.7481535423278821,-0.6244292672148917
5,hersh2022_pacific,SH,88,0.1583410696546399,0.7481535423278821,-0.6244292672148917
5,hersh2022_pacific,RI,69,0.1812313380806536,-0.7342060814857853,3.978410321976151
5,hersh2022_pacific,RI,69,0.4931262725239799,3.2509250406402876,3.1275057477276222
5,hersh2022_pacific,RI,69,0.1261860215677328,0.49538684005574846,2.868237825056468
5,hersh2022_pacific,RI,69,0.1283747250246413,-1.132907355436078,3.8710560757302765
5,hersh2022_pacific,RI,69,0.1387532110639352,0.0821870263744694,1.9007823267342967
5,hersh2022_pacific,RI,69,0.2121563650714026,3.7414324001609445,-0.5654626310615536
5,hersh2022_pacific,RI,69,0.1373704900638818,0.020414759446160058,3.412155189006026
5,hersh2022_pacific,RI,69,0.1354383849852176,1.1372025005718034,1.1569738434470087
5,hersh2022_pacific,RI,69,0.1135608975805431,-0.4853259633683563,2.8707769198344137
5,hersh2022_pacific,RI,69,0.1503126859849474,-0.10698852323908681,2.8088708262610482
5,hersh2022_pacific,SH,92,0.2056370228827452,2.127596949945168,-0.32704985898051464
5,hersh2022_pacific,SH,92,0.2059738923580973,2.0944996471313435,-0.46409989485857905
5,hersh2022_pacific,FP,90,0.48603202529891,2.431329602249982,3.9802218195052044
5,hersh2022_pacific,FP,90,0.3045562044446934,2.462934848274698,0.9146013062745783
5,hersh2022_pacific,FP,90,0.4892039881497481,2.4905381455841065,4.014491970880612
5,hersh2022_pacific,FP,90,0.3009388986945281,2.4734378130889714,0.9324733645964631
5,hersh2022_pacific,FP,90,0.3761517040680955,3.4521353329279947,0.5627337650548444
5,hersh2022_pacific,FP,90,0.2474287109385177,1.5039416259808236,1.206090768992082
5,hersh2022_pacific,FP,84,0.4302511486584671,3.8148939287084023,2.6675777618244445
5,hersh2022_pacific,FP,84,0.553942054357206,9.592715139469872,0.18490702488885025
5,hersh2022_pacific,SH,144,0.1624498868152623,1.4705280503316605,0.5542326118568124
5,hersh2022_pacific,SH,144,0.3026227495341972,2.3102054606487794,2.0242822973602594
5,hersh2022_pacific,SH,144,0.2996783477415541,2.1116329142384034,1.7788297523691234
5,hersh2022_pacific,SH,144,0.3009600211159154,2.2953379509192415,1.3784204070816524
5,hersh2022_pacific,SH,144,0.3174541575036037,2.7789276714266986,2.1942037383250916
5,hersh2022_pacific,SH,144,0.1170954253883752,1.2319442656688344,1.5494570314869769
5,hersh2022_pacific,SH,144,0.1592167925869936,1.634857189698875,1.210143683906711
5,hersh2022_pacific,SH,144,0.304974900086348,2.0407269290252437,1.906162803925858
5,hersh2022_pacific,SH,144,0.2966834487220105,1.8937919449054936,2.3836153294448605
5,hersh2022_pacific,SH,144,0.2929932309550541,1.7106844404355337,2.19453390709497
5,hersh2022_pacific,SH,144,0.2542654433371865,1.8199598136532273,2.158997694878819
5,hersh2022_pacific,SH,144,0.2939465140485718,2.390830276894926,1.5184682098866378
5,hersh2022_pacific,SH,144,0.2872953201398635,2.354503953111198,1.5026282071180468
5,hersh2022_pacific,SH,144,0.3120502416170669,2.8486627451883253,1.9520131683085902
5,hersh2022_pacific,SH,144,0.1239268724070561,-0.39377357329160184,3.7868912970243724
5,hersh2022_pacific,SH,144,0.2575933303841131,1.8832653290182773,1.49193723598543
5,hersh2022_pacific,SH,144,0.3164931583318033,2.2987773998922267,2.116182062055416
5,hersh2022_pacific,SH,144,0.3121695454558184,2.5966070061717095,2.0757628336007485
5,hersh2022_pacific,SH,144,0.5251204832441346,4.255646553826239,2.2372666118332827
5,hersh2022_pacific,SH,144,0.3504493422862228,2.8634181710325146,2.1060954281555606
5,hersh2022_pacific,SH,144,0.2944002626627338,1.949295931765712,1.8942239871641777
5,hersh2022_pacific,SH,144,0.3124838871666069,3.4796329255961687,1.7932984727868777
5,hersh2022_pacific,SH,144,0.2782933409648119,4.007807978380908,0.8573681177946926
5,hersh2022_pacific,SH,144,0.1013664144928895,0.6123020953847722,2.6382241328512306
5,hersh2022_pacific,SH,79,0.2759179162723237,1.7009906526523126,1.3211779812189373
5,hersh2022_pacific,SH,79,0.3051012482319747,2.0285464017259205,1.8709764591628728
5,hersh2022_pacific,SH,79,0.3089505297026535,2.069917845933056,1.995949583043637
5,hersh2022_pacific,SH,79,0.1524044256017142,1.8773066446561144,0.7733676189520914
5,hersh2022_pacific,SH,79,0.1500324615751256,1.930045664266888,0.3519558264557416
5,hersh2022_pacific,SH,79,0.1322741821168316,1.324750640009544,0.9692602306033867
5,hersh2022_pacific,SH,79,0.2859118936513065,1.6663005058397495,1.9367203547777048
5,hersh2022_pacific,SH,79,0.162140812323457,1.7395320746153238,1.0279370426114456
5,hersh2022_pacific,SH,79,0.2947277734912364,1.941352103440107,1.8405356950782599
5,hersh2022_pacific,SH,79,0.2894192275955289,2.184369844564921,1.8105376165659361
5,hersh2022_pacific,SH,79,0.3050709620627517,2.3569438805703635,1.959280609290042
5,hersh2022_pacific,SH,79,0.2969597146647475,2.4538274486943448,1.8184798217663065
5,hersh2022_pacific,FP,135,0.1592480917462015,0.4472050049736278,-0.4767644062443014
5,hersh2022_pacific,FP,135,0.4355299704225424,5.378123333024637,2.9205015919248516
5,hersh2022_pacific,FP,135,0.4500478832964612,5.218129155848077,3.4107961112066967
5,hersh2022_pacific,FP,135,0.4008698716769734,3.7684788220643823,3.5491916166111093
5,hersh2022_pacific,FP,135,0.1190522232965103,-0.6903487271389764,2.3777961822826983
5,hersh2022_pacific,FP,135,0.2765482064224174,0.6074563849368458,4.603047637828535
5,hersh2022_pacific,FP,135,0.1492005354356384,-0.5668420309166216,3.1345642791047084
5,hersh2022_pacific,FP,135,0.2201979626220967,-0.4793129026752436,2.9588232787353883
5,hersh2022_pacific,FP,135,0.186040320940692,0.8142173862009174,2.754726278715033
5,hersh2022_pacific,FP,135,0.1850909878112991,1.1111480898706407,2.934882342166865
5,hersh2022_pacific,FP,135,0.462267336928632,6.857920714988055,0.8167371182341934
5,hersh2022_pacific,FP,135,0.3476896293059582,3.2949967111208287,-0.15698563849600589
5,hersh2022_pacific,FP,91,0.2511317639583151,2.1801751325892713,-0.3906575669791782
5,hersh2022_pacific,FP,91,0.4927808548529301,3.3761347976829126,3.8106122247057908
5,hersh2022_pacific,FP,91,0.3393894746071393,3.5466450369097897,0.32885959379263974
5,hersh2022_pacific,FP,91,0.4885296410297569,2.7477203195539666,3.6748640239306116
5,hersh2022_pacific,FP,91,0.3481185968618799,3.554367959661522,-0.596329040582866
5,hersh2022_pacific,FP,91,0.4261449676330765,3.288553580021673,-1.63986041966549
5,hersh2022_pacific,FP,91,0.4198854004153621,3.772241062169379,-0.4306406581771369
5,hersh2022_pacific,FP,91,0.4327778910155194,2.2402976399415064,3.1722351777813245
5,hersh2022_pacific,FP,91,0.4350712332538382,3.996298335375552,-0.5040025759766038
5,hersh2022_pacific,FP,91,0.4024664273124008,3.7780132842231295,-0.30516895862104865
5,hersh2022_pacific,FP,91,0.3719939896720324,3.5331733947794275,-0.32630581585537366
5,hersh2022_pacific,FP,91,0.4190775684412643,3.280252884978091,3.135627887151879
5,hersh2022_pacific,FP,91,0.4331785308582603,2.7488616522226272,2.937279661487661
5,hersh2022_pacific,FP,91,0.379015077935686,3.66985874749579,-0.10736204287856033
5,hersh2022_pacific,FP,91,0.3846636862736698,3.73263983084012,-0.11626206275278395
5,hersh2022_pacific,FP,91,0.4149767370747301,4.006206697283461,-0.34109710989034414
5,hersh2022_pacific,FP,91,0.332862606587314,2.239221259456907,1.5632961928819977
5,hersh2022_pacific,FP,91,0.3108312632240093,2.757796642364551,0.7061211958565716
5,hersh2022_pacific,FP,91,0.3454647293086005,2.9190863257362993,0.8255520366725607
5,hersh2022_pacific,FP,91,0.2966979125929113,2.2295368195917225,1.1461399745394973
5,hersh2022_pacific,FP,91,0.156015234476386,1.1175951899621552,2.966210262713488
5,hersh2022_pacific,FP,91,0.4311638347377745,3.3582969002259806,3.721906406278816
5,hersh2022_pacific,FP,91,0.4996874593366565,2.9139916051171677,3.915316281997026
5,hersh2022_pacific,FP,91,0.4023287416923802,3.5369341714800187,2.459180718198801
5,hersh2022_pacific,FP,91,0.2785383897217316,3.0711117435411937,-0.25133856866247895
5,hersh2022_pacific,FP,91,0.3085859520711306,2.893934864542928,-1.1793796867457969
5,hersh2022_pacific,FP,91,0.3325177977946242,3.2627723566100353,1.0598687477379438
5,hersh2022_pacific,FP,91,0.3429137336673309,2.729885628013891,1.2919823663388281
5,hersh2022_pacific,FP,91,0.3387715167523542,3.412600744367112,1.581435249374802
5,hersh2022_pacific,FP,91,0.3440246372181075,3.4391740900378567,1.3399636781384663
5,hersh2022_pacific,FP,91,0.3200705656688166,2.6437794052031505,1.241826807956252
5,hersh2022_pacific,FP,91,0.3388436101640124,2.9673993010178736,1.2883627692380928
5,hersh2022_pacific,FP,91,0.4648154558270404,9.183802485914672,-2.1124672418416535
5,hersh2022_pacific,FP,91,0.4965564131831672,3.4667327302777218,3.829694116288878
5,hersh2022_pacific,FP,91,0.4647902740989836,3.2537577400197297,3.69562668855986
5,hersh2022_pacific,FP,91,0.3366083053033433,3.677247951072279,0.3120258892152574
5,hersh2022_pacific,FP,91,0.4901931123087636,2.7501657734769145,3.696383367767593
5,hersh2022_pacific,FP,91,0.3522854344208794,3.484375713713937,-0.573156892438102
5,hersh2022_pacific,FP,91,0.4193234751289326,3.262646272707353,3.1264822035908737
5,hersh2022_pacific,FP,91,0.1391044227763761,1.4851264466976606,-0.4313767516380461
5,hersh2022_pacific,FP,91,0.1458149324851102,1.6265540303002148,-1.0693704179489172
5,hersh2022_pacific,FP,91,0.3196330972969827,2.8021122533325764,1.8053517748592554
5,hersh2022_pacific,FP,91,0.3268598080686167,2.6893460550831456,1.3017592600894594
5,hersh2022_pacific,FP,91,0.3114979280316904,2.463884798251519,1.390996816418697
5,hersh2022_pacific,FP,91,0.2891849510209826,2.4734692003353302,0.41091093457597366
5,hersh2022_pacific,FP,91,0.3355402983348877,2.4616354696968274,0.8486876085518612
5,hersh2022_pacific,FP,91,0.247570340285786,1.9604775741466742,0.5057770181841812
5,hersh2022_pacific,FP,91,0.2832514472468112,2.433388540942997,0.5847476729153156
5,hersh2022_pacific,FP,91,0.2945845810974712,2.370009202571133,0.6200405548945529
5,hersh2022_pacific,FP,91,0.3199984110208776,2.982540687220789,-0.16498210860903662
5,hersh2022_pacific,FP,91,0.3040587965303347,3.127892323903323,1.60758817085885
5,hersh2022_pacific,FP,91,0.3719808914000692,3.946932928522262,-0.43356571924537113
5,hersh2022_pacific,SH,77,0.1474986472581644,1.0962109736455545,0.11597649953905585
5,hersh2022_pacific,FP,89,0.3037693504621317,3.31553861928872,-6.059356677807871
5,hersh2022_pacific,FP,89,0.4488034580171602,2.5245638102468404,3.2883285641750923
5,hersh2022_pacific,FP,89,0.4857358996497321,3.1588178624875485,-0.5810818112339284
5,hersh2022_pacific,FP,89,0.2934602169681412,1.4863958477029189,3.520382911471011
5,hersh2022_pacific,FP,89,0.412715497659009,2.867388535574087,3.432625107995707
5,hersh2022_pacific,FP,89,0.4098210390327679,2.857527172091113,3.6281367297028075
5,hersh2022_pacific,FP,89,0.7418780598510012,13.296031221186158,-0.5274339179546237
5,hersh2022_pacific,FP,89,0.6547279586094203,11.998998023457595,-0.4634710141799311
5,hersh2022_pacific,SH,78,0.146310399631435,2.291947372863448,0.33475207103841254
5,hersh2022_pacific,SH,78,0.1452075409748938,0.9106217413388963,1.1250551085129583
5,hersh2022_pacific,SH,78,0.2992487798674346,2.5218183443678615,1.6432620427822813
5,hersh2022_pacific,SH,78,0.3188018834101446,1.5664935216373164,1.762425732444766
5,hersh2022_pacific,SH,78,0.3101050536895512,2.581238661373207,1.962365747725463
5,hersh2022_pacific,SH,78,0.2819179419725577,2.471383932987531,1.8777192995832204
5,hersh2022_pacific,SH,78,0.2926296962875513,1.8630606248973791,1.3710839636398164
5,hersh2022_pacific,SH,78,0.3078761316488568,2.0810819404455296,1.995397166785764
5,hersh2022_pacific,SH,78,0.2941848086571971,1.6970316312857936,1.675574568141356
5,hersh2022_pacific,SH,78,0.294644384489741,2.2095069765400317,1.653518694829403
5,hersh2022_pacific,SH,78,0.2770498669135598,2.0804174582957,1.8847761336390116
5,hersh2022_pacific,REG,131,0.119332452374623,0.5338353324894832,0.2886451747006495
5,hersh2022_pacific,REG,131,0.1415392815655968,0.6717668779620862,-0.25148092817279194
5,hersh2022_pacific,REG,131,0.2271802542010036,2.1814528413757954,2.753957872705167
5,hersh2022_pacific,REG,131,0.1473546438795146,0.4715824809740528,2.4691120180315087
5,hersh2022_pacific,REG,131,0.113574954997696,0.9277555927761405,0.04394780128254312
5,hersh2022_pacific,REG,131,0.1193906601564746,0.9161426018805388,0.2219662009057595
5,hersh2022_pacific,REG,131,0.1079442055139014,0.6749895208909509,0.2641695169086296
5,hersh2022_pacific,REG,131,0.1330393893927712,0.5931912759355815,0.236806082611796
5,hersh2022_pacific,REG,131,0.1284392229513207,0.8163730827360265,-0.33748118777863173
5,hersh2022_pacific,REG,131,0.1264847510038064,0.6365494688126412,0.04648494391156194
5,hersh2022_pacific,REG,131,0.106261380616469,0.25285746735177334,0.24131202754223752
5,hersh2022_pacific,REG,131,0.12804751117392,0.5323370045056738,0.12852845477199876
5,hersh2022_pacific,REG,131,0.108458356231758,0.49594732545699516,0.2228378815778083
5,hersh2022_pacific,REG,131,0.1099569042031898,0.5524613601306017,0.21740309162090185
5,hersh2022_pacific,REG,131,0.1204526214319191,0.46573130907012245,0.22239495879744453
5,hersh2022_pacific,REG,131,0.1288793622447313,0.451129252047113,0.013074781565195363
5,hersh2022_pacific,REG,131,0.1188527211829784,0.5588992706321858,0.17807980077633243
5,hersh2022_pacific,REG,131,0.1139110873823815,0.2988744194213686,0.17470940552125677
5,hersh2022_pacific,REG,131,0.1087446474103025,0.41689099954446335,0.3256067251671268
5,hersh2022_pacific,REG,131,0.1036252976315252,0.5641842453063218,0.31121230411036405
5,hersh2022_pacific,REG,131,0.1053681033994748,0.36870336646963087,0.49171903133991546
5,hersh2022_pacific,REG,131,0.1005565114474951,0.2395092466559725,0.5079970080185444
5,hersh2022_pacific,REG,131,0.1165314803802466,0.6594651524076109,0.08283431907733796
5,hersh2022_pacific,REG,131,0.1196182791818081,0.698728616133853,0.25035043495998355
5,hersh2022_pacific,REG,131,0.1147370136391591,0.4434662887376723,0.2133299340404715
5,hersh2022_pacific,REG,131,0.1364153803494457,0.5255621205000558,0.20567306956438713
5,hersh2022_pacific,REG,131,0.1061466981670765,0.42653268707128056,0.4726184748240406
5,hersh2022_pacific,REG,131,0.1030728071963716,0.13798299452480717,0.2241473823748242
5,hersh2022_pacific,REG,131,0.1002166607334672,0.2107089149729337,0.45329957309692986
5,hersh2022_pacific,REG,131,0.1148049042770306,0.4255665074344212,0.2446326883626307
5,hersh2022_pacific,REG,131,0.1037487285043399,0.18747054727480633,0.27855915594107433
5,hersh2022_pacific,REG,131,0.1145610737480803,0.5763638823260988,0.3043965569317782
5,hersh2022_pacific,REG,131,0.1049320519687799,0.2563720437328963,0.27439188369301526
5,hersh2022_pacific,REG,131,0.1155524445284258,0.4655969136767634,0.2630429754638403
5,hersh2022_pacific,REG,131,0.1141219322674453,0.44759865467250737,0.26736750913689916
5,hersh2022_pacific,REG,131,0.1348408757701549,0.6324055173070731,0.48700016576203997
5,hersh2022_pacific,REG,131,0.1376422709257073,0.9683858129481091,-0.20399750530896443
5,hersh2022_pacific,REG,131,0.1194170534826117,0.5272072122033143,0.2164963731201265
5,hersh2022_pacific,REG,131,0.1123886904585529,0.5284928578882748,0.1661443578725569
5,hersh2022_pacific,REG,131,0.1347938594484662,0.5065851269603968,0.19063678878423215
5,hersh2022_pacific,REG,131,0.1230190536720432,0.6975654810949845,-0.03159179279962685
5,hersh2022_pacific,REG,131,0.1421219097054113,1.4996996480140448,-0.6291000168149956
5,hersh2022_pacific,REG,131,0.1189789408524258,0.5838268923067436,0.17572940974979376
5,hersh2022_pacific,REG,131,0.1206015756078349,0.5010379205445147,0.18126423995778165
5,hersh2022_pacific,REG,131,0.1259429668597257,0.6870525640699439,0.0946333865570999
5,hersh2022_pacific,REG,131,0.1326047113524197,0.5404981195444962,-0.1395364931519217
5,hersh2022_pacific,REG,131,0.1072816009245259,0.37954238763600784,0.373545704446139
5,hersh2022_pacific,REG,131,0.2682808643750856,3.6946582752542243,1.9301837702822924
5,hersh2022_pacific,REG,131,0.1283279353038615,0.8512301891434438,-0.09637160801563412
5,hersh2022_pacific,REG,131,0.1213216851640314,0.43323467134113325,-0.001957469756633065
5,hersh2022_pacific,REG,131,0.130047737094538,-0.16998756141869154,-0.3989107256108986
5,hersh2022_pacific,REG,131,0.1166096639091906,0.639857532819997,0.108688884180841
5,hersh2022_pacific,REG,131,0.1037974363601359,0.5125144874477814,0.45536612853116437
5,hersh2022_pacific,REG,131,0.1160667877263702,0.6462643041151058,0.09545156794341668
5,hersh2022_pacific,REG,131,0.1143364878989482,0.5964114500089297,0.07938221864231822
5,hersh2022_pacific,REG,131,0.1249258126763982,0.7072550325288519,-0.05605693722908822
5,hersh2022_pacific,REG,131,0.2391174030452245,2.888682599000587,2.049061310630699
5,hersh2022_pacific,REG,131,0.1231940598273904,0.77599595944544,-0.13501005321363901
5,hersh2022_pacific,REG,131,0.2608224280007056,2.0908194428243294,3.4170375860101396
5,hersh2022_pacific,REG,131,0.138742547234503,1.028680357378464,-0.2836751759709163
5,hersh2022_pacific,REG,131,0.1601962826315345,1.8062081400280074,1.503843149842984
5,hersh2022_pacific,REG,131,0.1257118325548042,1.2100276814762916,1.7990116520586057
5,hersh2022_pacific,REG,131,0.1462539197902651,1.1795507059742791,-0.8126381455045356
5,hersh2022_pacific,REG,131,0.1220467209139416,0.7483745972222989,-0.09515827179644326
5,hersh2022_pacific,REG,131,0.1279227564927472,0.8753474222367659,-0.21038167905873992
5,hersh2022_pacific,REG,131,0.1230225662864975,0.8182959925621771,-0.14233439473793025
5,hersh2022_pacific,REG,131,0.1095578905152762,0.640143831062647,0.26790932860920985
5,hersh2022_pacific,REG,131,0.1175115319353535,0.6067244597619346,0.07633662239172619
5,hersh2022_pacific,REG,131,0.1177254342869601,0.6230101019959495,0.10810416220836219
5,hersh2022_pacific,REG,131,0.119048071825318,0.6951667054812622,0.040047424661124854
5,hersh2022_pacific,REG,131,0.1369151560302242,1.0928525774399451,0.002093851713187836
5,hersh2022_pacific,REG,131,0.1391775616809547,1.0030384355807356,-0.34523611295766815
5,hersh2022_pacific,REG,131,0.1305124292538518,0.870342468356008,-0.0799812519603045
5,hersh2022_pacific,REG,131,0.1057219730921166,0.3902827905856865,0.3799653070177856
5,hersh2022_pacific,REG,131,0.1072883923842231,0.9346887361285847,0.30628489457796215
5,hersh2022_pacific,REG,131,0.1081092585995135,0.553701999319604,0.36455467398273833
5,hersh2022_pacific,REG,131,0.1330378100039889,0.5010223341633686,-0.12681920403476105
5,hersh2022_pacific,REG,131,0.1291790525724194,0.829925787206618,-0.22181798084323726
5,hersh2022_pacific,REG,131,0.119193821149132,0.5819972135275656,0.0023042651893371777
5,hersh2022_pacific,REG,131,0.1172717104431463,0.6308234691912881,0.17048969412359732
5,hersh2022_pacific,REG,131,0.1222119074021289,0.47956039416764323,0.18965699540188372
5,hersh2022_pacific,REG,131,0.1103198241417716,0.41196116057089976,0.3419866382219632
5,hersh2022_pacific,REG,131,0.1058314289884513,0.33087852812964025,0.4157418809443544
5,hersh2022_pacific,REG,131,0.1007414799160449,0.17186136639682156,0.4458961476846083
5,hersh2022_pacific,REG,131,0.1073779973377239,0.2687733573961927,0.5513302393241076
5,hersh2022_pacific,REG,131,0.1077946292097908,0.2557754143025092,0.3152234584925593
5,hersh2022_pacific,REG,131,0.1023481480815148,0.45503655485606537,0.555950305971306
5,hersh2022_pacific,REG,131,0.1012353499225084,0.2615805911088986,0.48433755206471074
5,hersh2022_pacific,REG,131,0.1238636297786782,0.5299085886488691,0.16348142354414957
5,hersh2022_pacific,REG,131,0.1295338827241131,0.5252834120976172,-0.02065251186214522
5,hersh2022_pacific,REG,131,0.1180711841218074,0.37043242634474804,0.16345963119210288
5,hersh2022_pacific,REG,131,0.1299945982399263,0.5494856777138541,0.058938517810474635
5,hersh2022_pacific,REG,131,0.1094812262747581,0.5132130606741125,0.3627651626664354
5,hersh2022_pacific,REG,131,0.1008017756815471,0.05945689588443942,0.32661412566276704
5,hersh2022_pacific,REG,131,0.137113654827427,0.5260804630249528,-0.0862752570777736
5,hersh2022_pacific,REG,131,0.1040103905779765,0.6019687151205394,0.694723939521504
5,hersh2022_pacific,REG,131,0.3645108726646952,4.285317847693845,0.525024834821992
5,hersh2022_pacific,REG,131,0.2246329122943599,2.490877823570758,2.6389090721649424
5,hersh2022_pacific,REG,131,0.1356851069093397,-0.35189660313181614,1.2703581886453152
5,hersh2022_pacific,REG,131,0.1634304653206877,1.1432874961884483,2.136688900677815
5,hersh2022_pacific,REG,131,0.149285236327746,0.14887800237281906,1.5050404680112326
5,hersh2022_pacific,REG,131,0.1219401019987107,0.6380503452645432,1.5735204132961869
5,hersh2022_pacific,REG,131,0.1355102369550426,0.6935393692738191,-0.22573585654679848
5,hersh2022_pacific,REG,131,0.1293657044523121,0.5757727015328667,-0.1965833293260098
5,hersh2022_pacific,REG,131,0.1342292120552096,0.5311738694668047,-0.153413772987612
5,hersh2022_pacific,REG,131,0.1324426490245901,0.850951058629612,-0.31790244650653043
5,hersh2022_pacific,REG,131,0.1073905629974557,0.4811212821601033,0.44437817329513185
5,hersh2022_pacific,REG,131,0.1362961520076019,0.9548293607868787,-0.3876895077089608
5,hersh2022_pacific,REG,131,0.1318281915443186,0.7255263926375518,-0.23001460182049768
5,hersh2022_pacific,REG,131,0.1142276825575523,0.5840233795405999,0.1828890161707883
5,hersh2022_pacific,REG,131,0.1159928788572204,0.7161570900071418,-0.09797986185962493
5,hersh2022_pacific,REG,131,0.1432947330944121,0.7444828807944921,-0.3299503522100108
5,hersh2022_pacific,REG,131,0.1232373192027768,0.6951753721734734,-0.08503519269714849
5,hersh2022_pacific,REG,131,0.1172757149499179,1.195570701508259,0.7033124392350029
5,hersh2022_pacific,REG,131,0.1310186984875748,0.6336923013114633,-0.016826212957303424
5,hersh2022_pacific,REG,131,0.1279948123243652,1.1504186349402954,-0.2335963995300876
5,hersh2022_pacific,REG,131,0.1045816319209868,0.28149048387588527,0.2787392698542516
5,hersh2022_pacific,REG,131,0.1087374118231688,0.5068086786219431,0.35523234754968386
5,hersh2022_pacific,REG,131,0.1437825683404384,1.2814932953669684,-0.3734705723261281
5,hersh2022_pacific,REG,131,0.1418037083669703,1.3129033658709157,-0.6594446866838495
5,hersh2022_pacific,REG,131,0.1542307921882065,1.1697585866499511,-0.1845408338480653
5,hersh2022_pacific,REG,131,0.129428685303344,1.1454342939664452,-0.33212924656080456
5,hersh2022_pacific,REG,131,0.1269465887589496,0.8736371947094641,-0.19505973692322073
5,hersh2022_pacific,REG,131,0.1435305321702193,1.1961619232783607,0.025800002417442236
5,hersh2022_pacific,REG,131,0.1362414420717632,0.9988582057388501,-0.22779679396772048
5,hersh2022_pacific,REG,131,0.1219037822309431,0.7164663289322092,0.2070340601970792
5,hersh2022_pacific,REG,131,0.1396880386353592,1.1237048880758849,-0.48781094956482207
5,hersh2022_pacific,REG,131,0.1294489548201428,0.6230867158665366,-0.06868857513098228
5,hersh2022_pacific,REG,131,0.1173981475887679,0.6417040768154441,-0.0148480408524569
5,hersh2022_pacific,REG,131,0.113101076129575,0.3661881375308187,0.24906671551319953
5,hersh2022_pacific,REG,131,0.1177436947011473,0.45752300027552484,0.16166560245876
5,hersh2022_pacific,REG,131,0.1178626399620871,0.48816509746813214,0.13436637505542814
5,hersh2022_pacific,REG,131,0.1084248834924155,0.15874055201308301,0.15138146968421343
5,hersh2022_pacific,REG,131,0.1424514203550468,0.8692840884674157,-0.439257745074913
5,hersh2022_pacific,REG,131,0.1195752281982828,0.3113988063578437,-0.03701237490499147
5,hersh2022_pacific,REG,131,0.1258744090952022,0.823987105286416,-0.3082819658074222
5,hersh2022_pacific,REG,131,0.1108043680383213,0.49989312177369466,0.577337465012566
5,hersh2022_pacific,REG,131,0.1018683978860471,0.26394494799365986,0.41755234862370916
5,hersh2022_pacific,REG,131,0.1397959779538715,1.1277019683378149,-0.4351274497435691
5,hersh2022_pacific,REG,131,0.1399439884526212,0.9923605926397078,-0.2570512575647173
5,hersh2022_pacific,REG,131,0.1374607967884795,-0.22289599133468796,-0.41788387197047433
5,hersh2022_pacific,REG,131,0.1006210555548443,0.3182911130163616,0.4860623685287988
5,hersh2022_pacific,REG,131,0.1315504116402859,0.7313737645855672,-0.2328392315679405
5,hersh2022_pacific,REG,131,0.1035014324467639,0.37782724110713367,0.5819790594045335
5,hersh2022_pacific,REG,131,0.1117928559425261,0.44729741228837455,0.33754216807090187
5,hersh2022_pacific,REG,131,0.1225902885610517,0.895236561581151,-0.03547553702552243
5,hersh2022_pacific,REG,131,0.1166835007093703,0.9417349406795529,-0.024497035015917785
5,hersh2022_pacific,REG,131,0.1500299807012658,0.9334814513174874,-0.3784045062229035
5,hersh2022_pacific,REG,131,0.1460861121285013,1.245515469190578,-0.5261878128777802
5,hersh2022_pacific,REG,131,0.1451148922253875,1.0700031549231916,-0.3731325552441679
5,hersh2022_pacific,REG,131,0.1300694921061609,0.7483406466614906,-0.04350742289948596
5,hersh2022_pacific,REG,131,0.122510362557063,0.5116090872604803,0.2379806161512112
5,hersh2022_pacific,REG,131,0.1250905863665762,0.816817139165846,-0.07791002532395994
5,hersh2022_pacific,REG,131,0.1342907046231541,1.0181507771202776,-0.4075559602466228
5,hersh2022_pacific,REG,131,0.1059071186188976,0.6267139978821107,0.21065401884266166
5,hersh2022_pacific,REG,131,0.1357275536253354,0.8703325507402871,-0.38760286671962924
5,hersh2022_pacific,REG,131,0.1528747692591008,0.573915958325999,-0.5274444262309235
5,hersh2022_pacific,REG,131,0.1061774990844086,0.4856040053096317,0.6894684274887797
5,hersh2022_pacific,REG,131,0.1178670881114467,0.5851508449269976,0.03698102583255125
5,hersh2022_pacific,REG,131,0.1164910798460072,0.2507322610106476,0.19011494896184628
5,hersh2022_pacific,REG,131,0.1129437442778205,0.42536135350835375,0.36255569929991005
5,hersh2022_pacific,REG,131,0.1171103077081335,0.5138613807504531,0.46241122224225767
5,hersh2022_pacific,REG,131,0.1071961578699817,0.44584042272246105,0.6057374954733178
5,hersh2022_pacific,REG,131,0.1090944318500825,0.2705205334110886,0.35881300170013875
5,hersh2022_pacific,REG,131,0.1046701984086604,0.30663842374626304,0.4713440548186136
5,hersh2022_pacific,REG,131,0.1110237086772144,0.4473045800171924,0.27523177400837495
5,hersh2022_pacific,REG,131,0.1264143159484723,0.44903363989230954,-0.05302762613943783
5,hersh2022_pacific,REG,131,0.1185054718562461,0.5597967203353125,0.07186830997842206
5,hersh2022_pacific,REG,131,0.1197947872676901,0.4530234119097278,0.21353741785886646
5,hersh2022_pacific,REG,131,0.113409684451567,0.5283885709061518,0.2902754581047608
5,hersh2022_pacific,REG,131,0.127806275673106,1.0014175508940744,-0.22465016769198143
5,hersh2022_pacific,REG,131,0.1062215188051561,0.4624331166217273,0.41622105547464616
5,hersh2022_pacific,REG,131,0.1163765569405028,0.5184016652944834,0.3013729068183028
5,hersh2022_pacific,REG,131,0.1077428991609739,0.5203685508213528,0.4085851604225512
5,hersh2022_pacific,REG,131,0.1270717806662428,0.6441057098402589,-0.06046055479017755
5,hersh2022_pacific,REG,131,0.1255810460825845,0.7446395621296623,-0.1716221538235976
5,hersh2022_pacific,REG,131,0.1112681455570986,0.5704482025557438,-0.031770833515735286
5,hersh2022_pacific,REG,131,0.1206375828352801,0.5668600102308198,-0.013602398918660663
5,hersh2022_pacific,REG,131,0.1022597660674162,0.2429947914778599,0.3996163002434037
5,hersh2022_pacific,REG,131,0.1153698291712004,0.44618966952933803,0.21251479233841586
5,hersh2022_pacific,REG,131,0.1268724436942965,0.7995442362199108,-0.15552691235005994
5,hersh2022_pacific,REG,131,0.111139379711753,0.39373677408970514,0.30246531678542643
5,hersh2022_pacific,REG,131,0.1254213490293381,0.7712970264346933,-0.11632454775755789
5,hersh2022_pacific,REG,131,0.1051102690875813,0.4187977143056215,0.317444389452602
5,hersh2022_pacific,REG,131,0.104106282418941,0.3893996763401958,0.3615560096906417
5,hersh2022_pacific,REG,131,0.1347106077741635,0.7036660113918115,-0.475387477685248
5,hersh2022_pacific,REG,131,0.1482381411093734,1.3385126955555355,-0.45743397398136326
5,hersh2022_pacific,REG,131,0.1028150990863272,0.2574611412808836,1.0622958525440493
5,hersh2022_pacific,REG,131,0.1178549839973975,-0.18938598650549252,3.083831247791068
5,hersh2022_pacific,REG,131,0.1270370224700396,0.5674897459992286,-0.09649533674388883
5,hersh2022_pacific,REG,131,0.1172847836041246,0.5009098026004273,0.11759977062008019
5,hersh2022_pacific,REG,131,0.1140172114718632,0.6975343418885089,-0.0055058181924821335
5,hersh2022_pacific,REG,131,0.1259754561076424,0.5090235219003523,0.06780855165974217
5,hersh2022_pacific,REG,131,0.1116536519203213,0.6775590317017793,0.07946130253034836
5,hersh2022_pacific,REG,131,0.1153059937286075,0.7069867099102876,0.07203593098091023
5,hersh2022_pacific,REG,131,0.108142482528394,0.5742769368635066,0.11321153186887134
5,hersh2022_pacific,REG,131,0.1161765709336332,0.6965116316523876,0.06306790679075756
5,hersh2022_pacific,REG,131,0.1393811903970364,1.2570634033103998,-0.4341352338125972
5,hersh2022_pacific,REG,131,0.1135276598947157,0.5628408180985894,0.22541959868498512
5,hersh2022_pacific,REG,131,0.114262312972908,0.39338730715455744,0.15341472962977748
5,hersh2022_pacific,REG,131,0.105667718250204,0.22635729306575836,0.2395683046252945
5,hersh2022_pacific,REG,131,0.1074452083625191,0.38890822417147863,0.32025857619955156
5,hersh2022_pacific,REG,131,0.1080653198264552,0.33712187247215436,0.30169201744740787
5,hersh2022_pacific,REG,131,0.1208032413886374,0.49959690591532363,0.11049540582487294
5,hersh2022_pacific,REG,131,0.1142121296672614,0.3225847647007347,0.16620616682558093
5,hersh2022_pacific,REG,147,0.1953115901841154,0.26362597624422424,0.4612018304669887
5,hersh2022_pacific,REG,147,0.1714209161858274,-0.21018124103267868,-0.8104472874576079
5,hersh2022_pacific,REG,147,0.1376029236382474,-1.2784230805846413,-0.5289840366846551
5,hersh2022_pacific,REG,147,0.1519207782004583,0.3762388130935266,-0.800712923045517
5,hersh2022_pacific,REG,147,0.1859890451614312,0.14544279717023856,-0.15564530232461857
5,hersh2022_pacific,REG,147,0.1349784034760494,-1.0114279833885231,-0.2828668637006527
5,hersh2022_pacific,REG,147,0.1796695489808006,0.34649902370250135,-0.22732100874337285
5,hersh2022_pacific,REG,147,0.1929412147553877,-0.8277251493781715,-0.7624856499356286
5,hersh2022_pacific,REG,147,0.1715384883323625,1.0434153301052118,1.9369479462232917
5,hersh2022_pacific,REG,147,0.1769081325414782,0.1907114854905993,-0.09376582609047904
5,hersh2022_pacific,REG,147,0.1803913563779774,0.2376205000935958,-0.12026536096370172
5,hersh2022_pacific,REG,147,0.1968919707494596,-0.09491184145281006,0.10206835046569672
5,hersh2022_pacific,REG,147,0.1849521721600683,-0.03933528250928703,-0.18825964701843179
5,hersh2022_pacific,REG,138,0.1280754698073173,0.9359665718450639,-0.21923527396199544
5,hersh2022_pacific,REG,138,0.1164647402252912,0.3954236388231958,0.14614463995720825
5,hersh2022_pacific,REG,138,0.107617897114523,0.5973779572982489,0.5057359900954583
5,hersh2022_pacific,REG,138,0.1060486475512625,0.3178979980329553,0.6233143058013338
5,hersh2022_pacific,REG,138,0.1351343575665954,1.0898340445766521,-0.38116796876110626
5,hersh2022_pacific,REG,138,0.1143325944426239,0.39026467444590757,0.24422314449394164
5,hersh2022_pacific,REG,138,0.1004978184314107,0.18758999852668246,0.4673062426370501
5,hersh2022_pacific,REG,138,0.1100971762386107,0.6067429035541734,0.41044676990730045
5,hersh2022_pacific,REG,138,0.1109956213472103,0.4118889030747983,0.48203385578859287
5,hersh2022_pacific,REG,138,0.1099143438819788,0.09463735654629042,0.20584354906686322
5,hersh2022_pacific,REG,138,0.1363806488829763,0.7056079736940474,-0.05090485236628867
5,hersh2022_pacific,REG,138,0.1319418798951309,0.9067077077588758,-0.25731193309870337
5,hersh2022_pacific,REG,138,0.1026169841275021,0.4126642642432264,0.7033218650622272
5,hersh2022_pacific,REG,138,0.1035619074161139,0.817946277587147,0.20409147351976478
5,hersh2022_pacific,REG,138,0.1482886891418358,0.8190062304075052,-0.4855624245524257
5,hersh2022_pacific,REG,138,0.1321890370628812,1.018729791570543,-0.3449987075085072
5,hersh2022_pacific,REG,138,0.1177723154648859,0.24885757573551123,0.21419340201079648
5,hersh2022_pacific,REG,138,0.1016366647610916,0.18201183947677807,0.38404009611606454
5,hersh2022_pacific,REG,138,0.1089227623097856,0.2719639372832189,0.4088117044788721
5,hersh2022_pacific,REG,138,0.1091356575770218,0.1423850415259058,0.23889101608003122
5,hersh2022_pacific,REG,138,0.1409245814975554,0.935872450518545,-0.2829590143838113
5,hersh2022_pacific,REG,138,0.1037514210106908,0.29511441504733865,0.3639243173959702
5,hersh2022_pacific,REG,138,0.1108343170673523,0.23726084137233194,0.20002404727757567
5,hersh2022_pacific,REG,138,0.1279260672700179,0.404367328816025,0.08864888505723764
5,hersh2022_pacific,REG,138,0.106585149837671,0.2486800949209801,0.3847780500552165
5,hersh2022_pacific,REG,138,0.1299449073576307,1.1352125941856275,-0.23979503559858492
5,hersh2022_pacific,REG,138,0.1222016438668794,0.9734666644914175,-0.0625110492106068
5,hersh2022_pacific,REG,138,0.1215662784771455,0.48796861023427585,0.1272067686344341
5,hersh2022_pacific,REG,138,0.1519420230442845,0.9211600771040235,-0.7593120607931028
5,hersh2022_pacific,REG,138,0.1092092400147293,0.36286943969970525,0.327920781020733
5,hersh2022_pacific,REG,138,0.1432356805748542,0.6042810662078307,-0.30156816806598324
5,hersh2022_pacific,REG,138,0.1398562337809938,0.7607791107955043,-0.4908323959830309
5,hersh2022_pacific,REG,138,0.1207152468108676,0.30505417295999226,0.07562414223266624
5,hersh2022_pacific,REG,138,0.1366099903464931,0.9221217598507037,-0.3430096044444543
5,hersh2022_pacific,REG,138,0.1258876044881609,0.9174539199896727,-0.4020016514083617
5,hersh2022_pacific,REG,138,0.133099092282273,0.6334351751437425,-0.18615724357427796
5,hersh2022_pacific,REG,138,0.1464791235074401,0.872803021223024,-0.44292340869685076
5,hersh2022_pacific,REG,138,0.146673339330163,0.6918302800659466,-0.6638882778830529
5,hersh2022_pacific,REG,138,0.1571287496328098,0.8004579270447901,-0.006837696579900451
5,hersh2022_pacific,REG,138,0.1098782270858134,0.3803059101139287,0.35477906519183144
5,hersh2022_pacific,REG,138,0.1125453334850616,0.32346637998283245,0.24738768744847126
5,hersh2022_pacific,REG,138,0.1069002692606963,0.22966868265235996,0.37459578329481147
5,hersh2022_pacific,REG,138,0.1559341161162702,0.9984680886822299,-0.2160893032866783
5,hersh2022_pacific,REG,138,0.1110693695535668,0.26816587401377845,0.19094652960991346
5,hersh2022_pacific,REG,138,0.1246802334059241,0.38154440809987467,0.02722432349450017
5,hersh2022_pacific,REG,138,0.1481515306849279,0.9135257232424256,-0.4128016014562723
5,hersh2022_pacific,REG,138,0.1016862859890815,0.14132252539109796,0.4586333330286897
5,hersh2022_pacific,REG,138,0.1326979423503898,0.6668708490336372,-0.13518071390038852
5,hersh2022_pacific,REG,138,0.1480536769022881,0.6312497980369055,-0.35272891147344265
5,hersh2022_pacific,REG,138,0.1239747616444839,0.5394345726144487,0.18977488196968972
5,hersh2022_pacific,REG,138,0.1256662608849591,0.6797335064544154,0.0995719916559855
5,hersh2022_pacific,REG,138,0.1079746883492004,0.34552769929584787,0.2600119220341337
5,hersh2022_pacific,REG,138,0.1362972834199704,1.1995372461676692,-0.5527763024621077
5,hersh2022_pacific,REG,138,0.1085242084795153,0.5481926777276217,0.27158049942225254
5,hersh2022_pacific,REG,138,0.1256805688837239,0.616740115337139,0.05992333042521518
5,hersh2022_pacific,REG,138,0.1271606331005036,0.8056449866450078,-0.057049306945129816
5,hersh2022_pacific,REG,138,0.1404240531903882,0.9847155713985362,-0.4117356550433056
5,hersh2022_pacific,REG,138,0.1209244613309616,0.6790470199584747,-0.06324884936468858
5,hersh2022_pacific,REG,138,0.1160078450666781,0.6048803050094269,0.17910341607084831
5,hersh2022_pacific,REG,138,0.1203692673277294,0.781645345196206,-0.0822220660863302
5,hersh2022_pacific,REG,138,0.1523874285049953,1.084985597959554,-0.5831210557539659
5,hersh2022_pacific,REG,138,0.1394692635975503,0.982243179841013,-0.28884814683470134
5,hersh2022_pacific,REG,138,0.1400395370243754,0.9413311583165732,-0.38843995455880154
5,hersh2022_pacific,REG,138,0.1251317898405625,0.8701502914398773,-0.1754779559668576
5,hersh2022_pacific,REG,138,0.1294988022513987,0.9086784814920776,-0.2336420341443771
5,hersh2022_pacific,REG,138,0.1320499264205162,1.0601657629178751,-0.14139651408168494
5,hersh2022_pacific,REG,138,0.125743880334948,0.9622735384197084,-0.20341919687865184
5,hersh2022_pacific,REG,138,0.1211437840444514,0.45470160995100783,0.18229935838892183
5,hersh2022_pacific,REG,138,0.1090874950759557,0.386449277792045,0.276523204341531
5,hersh2022_pacific,REG,138,0.1119048265506277,0.45686020422585477,0.3382114811225159
5,hersh2022_pacific,REG,138,0.10429947779189,0.33080969067171795,0.42544990898385493
5,hersh2022_pacific,REG,138,0.1184320840031091,0.4817204874058831,0.28279689483973136
5,hersh2022_pacific,REG,138,0.1000022214694882,0.5919862603422903,0.4659131405349636
5,hersh2022_pacific,REG,138,0.1152505929787325,0.7171051535042222,-0.005736237922058966
5,hersh2022_pacific,REG,138,0.1053346034465795,0.4478786754658856,0.530900439569366
5,hersh2022_pacific,REG,138,0.1084646418923313,0.246250788784629,0.37772892688579673
5,hersh2022_pacific,REG,138,0.100069915726529,0.3557625962148727,0.49653128641863287
5,hersh2022_pacific,REG,138,0.1205745601244062,0.22049480290475015,-0.018893674742599408
5,hersh2022_pacific,REG,138,0.1343061295663467,0.9051944356335835,-0.1880335496649827
5,hersh2022_pacific,REG,138,0.1327749534846785,0.6906132237990252,-0.12776783526163932
5,hersh2022_pacific,REG,138,0.1186990380933524,0.8380670391023858,-0.06737641258191138
5,hersh2022_pacific,REG,138,0.1404937848701652,0.5717321137383718,-0.1145354548336027
5,hersh2022_pacific,REG,138,0.1329507320430415,0.7108821404729164,-0.2673960557331524
5,hersh2022_pacific,REG,138,0.1435872282155512,0.577554764444877,-0.34715774609252215
5,hersh2022_pacific,REG,138,0.1351561928340288,0.38424728350882215,-0.08856284937722354
5,hersh2022_pacific,REG,138,0.1373296374123939,0.7186711140792043,-0.2364402003376632
5,hersh2022_pacific,REG,138,0.1433056915251725,1.4470230143404117,-0.6037654788317565
5,hersh2022_pacific,REG,138,0.110454779099182,0.39909208518515626,0.3631175687842109
5,hersh2022_pacific,REG,138,0.1479462282367547,1.2924561856271368,-0.7351392154083078
5,hersh2022_pacific,REG,138,0.1358493468004366,0.8364028949230422,-0.30753554841590847
5,hersh2022_pacific,REG,138,0.1225239600109083,0.5294734190395305,0.3211009340217552
5,hersh2022_pacific,REG,138,0.1145173958761431,0.4768196799915552,0.4406373718204865
5,hersh2022_pacific,REG,138,0.1123082614703398,0.3908842445587122,0.34918504732273326
5,hersh2022_pacific,REG,138,0.1156421643888891,0.49350846234888684,0.29886928382509137
5,hersh2022_pacific,REG,138,0.1207363184711814,0.4467791772876673,0.28558518941424255
5,hersh2022_pacific,REG,138,0.1114854752374286,0.3663443967545952,0.4121896568352488
5,hersh2022_pacific,REG,138,0.1044378627928307,0.3268656134466815,0.5504513925439023
5,hersh2022_pacific,REG,138,0.1159016189061496,0.5021160230604684,0.2696053670016669
5,hersh2022_pacific,REG,138,0.1201450171916232,0.5649115684961892,0.21329549499266523
5,hersh2022_pacific,REG,138,0.1493554104172677,1.1674619107585362,-0.7633306184915294
5,hersh2022_pacific,REG,138,0.1391933560611276,1.2539503275735073,-0.42640734436513583
5,hersh2022_pacific,REG,138,0.1269737705509429,0.9990804450094565,-0.10040858420820264
5,hersh2022_pacific,REG,138,0.1538388120606603,1.0932709427361313,-0.7039791796902622
5,hersh2022_pacific,REG,138,0.1477493276496055,0.624421302310548,-0.34849496482503783
5,hersh2022_pacific,REG,138,0.1075754596049777,0.5593810253134525,0.45402890979864874
5,hersh2022_pacific,REG,138,0.130318695426886,0.3648954316412297,0.017823819524476054
5,hersh2022_pacific,REG,138,0.1212028431693707,0.5559449838777029,0.17658935007714352
5,hersh2022_pacific,REG,138,0.1153673286827948,0.8100941813451217,0.23489705320983825
5,hersh2022_pacific,REG,138,0.1284412423857143,0.6390036367061958,0.13176057847793426
5,hersh2022_pacific,REG,138,0.1351293080296309,0.41751667303502976,-0.16442557048588757
5,hersh2022_pacific,REG,138,0.1267057504107223,0.7276558148374697,-0.06399189289829768
5,hersh2022_pacific,REG,138,0.1182033619326902,0.45167459753226985,0.27405929037915566
5,hersh2022_pacific,REG,138,0.110119526002584,0.24227885187560305,0.5500483456403832
5,hersh2022_pacific,REG,138,0.1276525697296096,0.7052842587956503,-0.07972683618341456
5,hersh2022_pacific,REG,138,0.1064114053921565,0.36665322897893937,0.2749098609030826
5,hersh2022_pacific,REG,138,0.1191426782118553,0.381177607780305,0.12833897105539796
5,hersh2022_pacific,REG,138,0.1187585635689951,0.18075205335275774,0.21071540940333752
5,hersh2022_pacific,REG,138,0.1234268129855407,0.6090037841237808,-0.1840496817650017
5,hersh2022_pacific,REG,138,0.1081826977674118,0.5263917970963167,0.6418534112252557
5,hersh2022_pacific,REG,138,0.104757183137389,0.41890760858574033,0.5892720015652806
5,hersh2022_pacific,REG,138,0.1065344617750976,0.38676910448410995,0.3888875428085786
5,hersh2022_pacific,REG,138,0.1284771048283169,0.5711635795309141,-0.025836985862554323
5,hersh2022_pacific,REG,138,0.1101487196670353,0.45777965827509237,0.28419979819852764
5,hersh2022_pacific,REG,138,0.1090415431497065,0.2756187183388192,0.25013422308194844
5,hersh2022_pacific,REG,138,0.1175753625248868,1.1267497685945187,0.051647736382131486
5,hersh2022_pacific,REG,138,0.1124250759458493,0.6806414364003498,0.14461622256723902
5,hersh2022_pacific,REG,138,0.1281425726579734,0.6361216074478142,-0.009777089787883626
5,hersh2022_pacific,REG,138,0.119915952791374,0.43689894790106165,0.15178140654140462
5,hersh2022_pacific,REG,138,0.1342932062476994,0.9246877430991635,-0.05347332399678534
5,hersh2022_pacific,REG,138,0.119900970601929,0.47403523815463194,0.2840758322621987
5,hersh2022_pacific,REG,138,0.119286011078803,0.49732966828386777,0.11545990309619789
5,hersh2022_pacific,REG,138,0.1528895115169738,0.4851226186933816,-1.0165237270250898
5,hersh2022_pacific,REG,138,0.1065764840543073,0.6853981509338679,0.2620754377841071
5,hersh2022_pacific,REG,138,0.1390920834018469,0.9980737097100577,-0.370799020760288
5,hersh2022_pacific,REG,138,0.1254510380100285,0.5111282228587598,0.004033599070465601
5,hersh2022_pacific,REG,138,0.3104702324943028,3.494943634467484,2.8490635887628826
5,hersh2022_pacific,REG,138,0.1503865075552881,1.1271564823369644,-0.5445408084430059
5,hersh2022_pacific,REG,138,0.1168861220812643,0.4854049087045658,0.16080566213140984
5,hersh2022_pacific,REG,138,0.1273399164222161,0.6300738600596101,0.0694302881884868
5,hersh2022_pacific,REG,138,0.1341650182733492,0.543119602596978,-0.03699066597594888
5,hersh2022_pacific,REG,138,0.1255095907656353,0.5628830132402153,0.05348087536539077
5,hersh2022_pacific,REG,138,0.1226819391130856,0.7368151389991733,-0.08815493702638318
5,hersh2022_pacific,REG,138,0.1127555696039898,0.36540350098633273,0.2576356388351556
5,hersh2022_pacific,REG,138,0.1039851520896969,0.2689403449026602,0.370232446941977
5,hersh2022_pacific,REG,138,0.1118650616748049,0.6181757427966045,0.2770067425037924
5,hersh2022_pacific,REG,138,0.1206420238756239,0.721634850281255,0.025875030243642697
5,hersh2022_pacific,REG,138,0.1210018550037595,0.45529645882230185,0.05746359970623669
5,hersh2022_pacific,REG,138,0.1069417645754833,0.3381052449777423,0.4310837193067939
5,hersh2022_pacific,REG,138,0.1180825750151528,0.7467221512177684,0.05630839101202452
5,hersh2022_pacific,REG,138,0.122603291189596,0.6679426741003194,0.05747289914759455
5,hersh2022_pacific,REG,138,0.1124364886589289,0.48592361187342625,0.25955947566527643
5,hersh2022_pacific,REG,138,0.1213677416335254,0.7868620910962661,-0.044155849950114553
5,hersh2022_pacific,REG,138,0.1221219055735313,0.8392781785639989,-0.1084822290231992
5,hersh2022_pacific,REG,138,0.1394220376387896,1.0886220148354921,-0.3820642442613885
5,hersh2022_pacific,REG,138,0.1299726212633005,0.513270199957221,-0.03856866401553018
5,hersh2022_pacific,REG,138,0.1323323134353783,0.49557079409415844,-0.08364865792229827
5,hersh2022_pacific,REG,138,0.1315557347795147,0.6468139263621717,-0.37415388342041267
5,hersh2022_pacific,REG,138,0.1151369453275188,0.7387796352831033,0.03982744793204064
5,hersh2022_pacific,REG,138,0.1083230587479467,0.28096358218296685,0.35186490855586605
5,hersh2022_pacific,REG,138,0.1152336708442249,0.5313869738770469,0.052260219252972244
5,hersh2022_pacific,REG,138,0.1419016237887978,0.9314130901628273,-0.38705053388475996
5,hersh2022_pacific,REG,138,0.1069236281524067,0.630879751750667,0.36940663809229224
5,hersh2022_pacific,REG,138,0.1274266044827429,0.8188802536664742,-0.07452056983095884
5,hersh2022_pacific,REG,138,0.1109817071278613,0.5187024395104629,0.18440141300709348
5,hersh2022_pacific,REG,138,0.1427603011230876,0.9505621773472916,-0.3962843232033565
5,hersh2022_pacific,REG,138,0.12266067392365,0.8393446267789819,-0.09742012570852411
5,hersh2022_pacific,REG,138,0.133530711065035,0.7380635546008399,-0.10808806396439057
5,hersh2022_pacific,REG,138,0.130805371161916,0.8792560499376012,-0.22096009042608344
5,hersh2022_pacific,REG,138,0.1230520021531446,0.760456646820617,-0.08695014768255879
5,hersh2022_pacific,REG,138,0.1283367315403853,0.7706123665546053,-0.14354962708224722
5,hersh2022_pacific,REG,138,0.1462107337457443,1.0269716288145552,-0.33112545713114344
5,hersh2022_pacific,REG,138,0.1310090890774777,0.9373842236804442,-0.28946517452178555
5,hersh2022_pacific,REG,138,0.1109411269998437,0.31026417324262784,0.17120600949577205
5,hersh2022_pacific,REG,138,0.1185795734698313,0.43030852586633944,0.09601055152852611
5,hersh2022_pacific,REG,138,0.1038776732014231,0.5915583989774635,0.4096511068355181
5,hersh2022_pacific,REG,138,0.1148091910553359,0.7734212019805791,0.04444158899578653
5,hersh2022_pacific,REG,138,0.1119121441021209,0.42569654645329436,0.24073019146895036
5,hersh2022_pacific,REG,138,0.1467601764966439,1.0525112922291355,-0.5569056914423907
5,hersh2022_pacific,REG,138,0.1300892440431402,0.6718930287746275,-0.1718410704165505
5,hersh2022_pacific,REG,138,0.1178643628884164,0.62680816526539,0.32596933707732045
5,hersh2022_pacific,REG,138,0.1155430488285592,0.5722267379053854,0.2918992445437018
5,hersh2022_pacific,REG,138,0.1270649764965914,0.480722278283002,0.038894991043896904
5,hersh2022_pacific,REG,138,0.1047439743590297,0.3375789059119107,0.3478434649582478
5,hersh2022_pacific,REG,138,0.1110894076877429,0.35111110499978404,0.34853464072397444
5,hersh2022_pacific,REG,138,0.1079532304658336,0.3123295364705018,0.30539648374912126
5,hersh2022_pacific,REG,138,0.1034572360410993,0.19436310197320775,0.30615744396152106
5,hersh2022_pacific,REG,138,0.1172281016722011,0.40119397478923136,0.32490749048474676
5,hersh2022_pacific,REG,138,0.1104772651784949,0.29193058077773737,0.44892720111431533
5,hersh2022_pacific,REG,138,0.1201394880818992,0.4189102458685628,0.07302541479776084
5,hersh2022_pacific,REG,138,0.1057583108688635,0.32194875148305435,0.3534115906549067
5,hersh2022_pacific,REG,138,0.1163950712020542,0.8384432888695227,0.09233371973930822
5,hersh2022_pacific,REG,138,0.1187175259836343,0.3983143347737889,0.1625996908647528
5,hersh2022_pacific,REG,138,0.1209483974655387,0.6135309511421811,0.019902867869400112
5,hersh2022_pacific,REG,138,0.1522075054641255,1.0568038055940796,-0.4232875296738355
5,hersh2022_pacific,REG,138,0.1094573521532063,0.5476653078665502,0.29790930324665965
5,hersh2022_pacific,REG,138,0.1081313195982244,0.6193068483494517,0.5430328529289776
5,hersh2022_pacific,REG,138,0.104852392514873,0.3849249497316022,0.49165433648770057
5,hersh2022_pacific,REG,138,0.155846622861306,1.2021080539587674,-0.2531887069099475
5,hersh2022_pacific,REG,138,0.1231059512174462,0.42366995832886717,0.06494018342313573
5,hersh2022_pacific,REG,138,0.1135270586484178,0.2817272451765812,0.18152711918703457
5,hersh2022_pacific,REG,138,0.1441204464702265,1.30743281938238,-0.7940183950368012
5,hersh2022_pacific,REG,138,0.1232386862545267,0.6598793484660782,-0.23655405744714295
5,hersh2022_pacific,REG,138,0.1123561663968827,0.6987591466564819,0.32903877559015543
5,hersh2022_pacific,REG,138,0.1062053070194344,0.5021378868908863,0.47337632499011245
5,hersh2022_pacific,REG,138,0.1136429467137913,0.5291693192443051,0.36524888943272654
5,hersh2022_pacific,REG,138,0.1085534584535445,0.46452722981313743,0.5450956864750259
5,hersh2022_pacific,REG,138,0.1020058458326642,0.36813394198262717,0.5384154083693934
5,hersh2022_pacific,REG,138,0.1438955224798244,1.115138023542536,-0.567713532765246
5,hersh2022_pacific,REG,138,0.1170373413943206,0.7518279720424708,-0.06788394679148596
5,hersh2022_pacific,REG,138,0.1112131806168778,0.32740314896335715,0.336267748065475
5,hersh2022_pacific,REG,138,0.1155780952689067,0.33230395637768523,0.1784272710847203
5,hersh2022_pacific,REG,138,0.1005820160222664,0.1703539035526479,0.3640652102370241
5,hersh2022_pacific,REG,138,0.1253535663163136,0.4152497960475372,0.23124106696146474
5,hersh2022_pacific,REG,138,0.123609858736084,0.6077462797185097,-0.03423919453308366
5,hersh2022_pacific,REG,138,0.1228887357919629,1.0309335411479834,-0.017242477938298917
5,hersh2022_pacific,REG,138,0.1335635995113077,0.8335962007001243,-0.02082044043477368
5,hersh2022_pacific,REG,138,0.1231832815483773,0.48606667395899633,0.09382884164060719
5,hersh2022_pacific,REG,138,0.1045343477392676,0.42374763655051045,0.4208312505030694
5,hersh2022_pacific,REG,138,0.1263652937418694,0.8030875625645698,-0.1277628994522516
5,hersh2022_pacific,REG,138,0.148023900656427,1.1543809818860602,-0.5151694480522684
5,hersh2022_pacific,REG,138,0.12871882544332,0.7333125088327472,-0.22508544994803967
5,hersh2022_pacific,REG,138,0.1398202883579308,0.8483941027173268,-0.3418192041364453
5,hersh2022_pacific,REG,138,0.1437887044951411,0.9569321406705,-0.38389749406685475
5,hersh2022_pacific,REG,138,0.149284198131114,1.132121348723336,-0.6705490507549097
5,hersh2022_pacific,REG,138,0.1389393217746373,0.8245164422790336,-0.350586158050369
5,hersh2022_pacific,REG,138,0.1570145432676027,0.9357772983967858,-0.23711369663267362
5,hersh2022_pacific,REG,138,0.1305803681775252,0.9617747780064794,-0.03083508619269012
5,hersh2022_pacific,REG,138,0.1162971706621764,0.8768299157995461,0.1371280522907121
5,hersh2022_pacific,REG,138,0.1127599916044019,0.5746560440417364,0.29894836771312155
5,hersh2022_pacific,REG,138,0.1136786659107511,0.8025203868048116,0.04973449633757386
5,hersh2022_pacific,REG,138,0.1517601875401095,0.82718489895902,-0.4615193169023423
5,hersh2022_pacific,REG,138,0.1098551762893147,0.4269371856422967,0.38788177383078676
5,hersh2022_pacific,REG,138,0.1105682671539623,0.4509487733057955,0.30920387620110806
5,hersh2022_pacific,REG,138,0.1100447073616587,0.4735403198909752,0.3215260104853945
5,hersh2022_pacific,REG,138,0.1348293394893866,0.6333642760953406,0.042688900811128916
5,hersh2022_pacific,REG,138,0.116486313126091,0.40228655327851454,0.13705667928905327
5,hersh2022_pacific,REG,138,0.1325115592610456,0.7933134467759404,-0.25010202086130934
5,hersh2022_pacific,REG,138,0.1126477228694115,0.6608124678216758,0.08508466985279475
5,hersh2022_pacific,REG,138,0.1081247137199188,0.4863218329951708,0.2791352606761207
5,hersh2022_pacific,REG,138,0.119012850348957,0.5400527842795536,0.20593785797970335
5,hersh2022_pacific,REG,138,0.1282589195303481,0.7066722703879481,-0.18664298543180602
5,hersh2022_pacific,REG,138,0.134259284377989,0.9515465806481196,-0.3764616795169237
5,hersh2022_pacific,REG,138,0.1386796336984226,1.0169718076603798,-0.5021051765854326
5,hersh2022_pacific,REG,138,0.1261864170459108,0.5865234902664197,0.16425472288216797
5,hersh2022_pacific,REG,138,0.11957876861729,0.5093442388719636,0.22217498206836006
5,hersh2022_pacific,REG,138,0.1023203902557356,0.31839436920324493,0.4715003264695478
5,hersh2022_pacific,REG,138,0.1040096262969658,0.3984207629589684,0.513174914691717
5,hersh2022_pacific,REG,138,0.1105170609752886,0.435475908895956,0.3683258850468629
5,hersh2022_pacific,REG,138,0.1202048662395318,0.5593013799602627,0.11411323113725458
5,hersh2022_pacific,REG,138,0.1121426039394177,0.8329941380432517,0.11473413449759526
5,hersh2022_pacific,REG,138,0.1489711446394778,1.1115176612158972,-0.4138900653880733
5,hersh2022_pacific,REG,138,0.1260295706493256,0.6449552956363347,0.004804848498287674
5,hersh2022_pacific,REG,138,0.1017170385656204,0.2832881331690413,0.43624829708028273
5,hersh2022_pacific,REG,138,0.1123861273392454,0.5826559808552101,0.06087189129002689
5,hersh2022_pacific,REG,138,0.1265909409065743,0.5277839449348298,-0.04408154808640183
5,hersh2022_pacific,REG,138,0.1260252177305295,0.629194634020452,-0.03252136378857961
5,hersh2022_pacific,REG,138,0.1095111312373016,0.3503915582225817,0.27936674054182864
5,hersh2022_pacific,REG,138,0.1004688011486467,0.24170867762474607,0.4031714806137668
5,hersh2022_pacific,REG,138,0.1015682249250078,0.5726512736909666,0.27533773984290966
5,hersh2022_pacific,REG,138,0.1038001101490942,0.329722921463553,0.4621913992982436
5,hersh2022_pacific,REG,138,0.1276290417124682,0.9446615543225001,-0.0756682214238696
5,hersh2022_pacific,REG,138,0.1463871013146312,0.7411561249550144,-0.23078798458152014
5,hersh2022_pacific,REG,138,0.1063133995969607,0.39615502429090554,0.4553671886672956
5,hersh2022_pacific,REG,138,0.1129579156554431,0.533932311227095,0.3783956186454966
5,hersh2022_pacific,REG,138,0.1123395264555015,0.3806616544983477,0.39951716634338325
5,hersh2022_pacific,REG,138,0.1275858275222874,0.5348840428022377,-0.1551764023574106
5,hersh2022_pacific,REG,138,0.1201060494929652,0.5742148450230091,0.06540390878148089
5,hersh2022_pacific,REG,138,0.1150913235477611,0.5709210089490995,0.22248448568596765
5,hersh2022_pacific,REG,138,0.1160845434306734,0.5527368504779843,0.0269998293483757
5,hersh2022_pacific,REG,138,0.110311388414807,0.38733239203753567,0.29493250166867485
5,hersh2022_pacific,REG,138,0.1111374862951086,0.3820195576794097,0.2091179335291836
5,hersh2022_pacific,REG,138,0.1082394015865491,0.35640099867549213,0.28855573123513095
5,hersh2022_pacific,REG,138,0.1054392709935959,0.316261526965148,0.43581680707447695
5,hersh2022_pacific,REG,138,0.1175619256910611,0.41962351519649366,0.24650580098400432
5,hersh2022_pacific,REG,138,0.1073005623740128,0.27294983954743957,0.3658621248695582
5,hersh2022_pacific,REG,138,0.1165801606052892,0.4190000568773565,0.2250862528051345
5,hersh2022_pacific,REG,138,0.1273524400721834,0.7388218304247293,-0.13211127538755357
5,hersh2022_pacific,REG,138,0.1069786793441173,0.28599292965277506,0.2528941579771763
5,hersh2022_pacific,REG,138,0.1210325955350436,0.8417715436723934,-0.06960087118492883
5,hersh2022_pacific,REG,138,0.1309594180727352,0.6919557607272114,-0.0839772217778309
5,hersh2022_pacific,REG,138,0.1024503133681014,0.6316366691268563,0.2565844998503522
5,hersh2022_pacific,REG,138,0.1209987741813033,0.5294744498347703,0.2115318758488015
5,hersh2022_pacific,REG,138,0.1171675890007994,0.4069534568032389,0.10245505649854689
5,hersh2022_pacific,REG,138,0.1097834161186321,0.7470466158800186,0.2787036168852447
5,hersh2022_pacific,REG,138,0.1320854256345731,0.770977667910782,-0.18189205134739905
5,hersh2022_pacific,REG,138,0.1375422221743227,0.9174926950931197,-0.4436011852008272
5,hersh2022_pacific,REG,138,0.1074610296240921,0.33948369959828256,0.40724809547510576
5,hersh2022_pacific,REG,138,0.1127038992290417,0.48010962785913236,0.3670991495659219
5,hersh2022_pacific,REG,138,0.1089310869010537,0.30605805084829835,0.3199878752617201
5,hersh2022_pacific,REG,138,0.1007292238461634,0.27405608334308285,0.553661723897791
5,hersh2022_pacific,REG,138,0.1496987094917919,1.019016806021229,-0.6344578836162756
5,hersh2022_pacific,REG,138,0.1094554906283952,0.7007812043349139,0.05089259093097728
5,hersh2022_pacific,REG,138,0.1111677303108638,0.4702847907523592,0.3902102187202088
5,hersh2022_pacific,REG,138,0.1118025528312181,0.3856603309298337,0.37342922524904554
5,hersh2022_pacific,REG,138,0.122246997030569,0.3458690752311269,0.23703665612644315
5,hersh2022_pacific,REG,138,0.1034561238652499,0.19114438080649204,0.34921750682240926
5,hersh2022_pacific,REG,138,0.1142598977388835,0.6125817493256708,0.3811336074036077
5,hersh2022_pacific,REG,138,0.106430607829665,0.249504818959852,0.37181694194672843
5,hersh2022_pacific,REG,138,0.1181783588979792,0.46284539160540805,0.16439964518154848
5,hersh2022_pacific,REG,138,0.1271977915050715,0.7734633971222051,-0.12749713432380785
5,hersh2022_pacific,REG,138,0.1337736413484054,0.7069653142480228,-0.08493819213032805
5,hersh2022_pacific,REG,138,0.1057085789657778,0.3527529171805566,0.33812598369231994
5,hersh2022_pacific,REG,138,0.117770982458423,0.46498212204983735,0.11654080992669746
5,hersh2022_pacific,REG,138,0.1246129941427545,0.565209063189683,0.07509204059406144
5,hersh2022_pacific,REG,138,0.1182379530674724,0.5683598371780226,0.08374209771424423
5,hersh2022_pacific,REG,138,0.1029713645797223,0.263296627917319,0.3179062890478871
5,hersh2022_pacific,REG,138,0.1244303791261681,0.8890301657262308,-0.0986209690170258
5,hersh2022_pacific,REG,138,0.1046486961348715,0.4647109420201804,0.21860697461366504
5,hersh2022_pacific,REG,138,0.1224913334549014,0.8591253708066414,-0.2571138190837319
5,hersh2022_pacific,REG,138,0.1163878580609996,0.7970592897638439,0.1759855678667399
5,hersh2022_pacific,REG,138,0.1444880507264482,0.9955228907313509,-0.347457114279777
5,hersh2022_pacific,REG,138,0.1075610175975701,0.5446623283928993,0.030396771580611912
5,hersh2022_pacific,REG,138,0.101608685576317,0.5332811337396616,0.2527228555466434
5,hersh2022_pacific,REG,138,0.1065386131458466,0.4284197867292666,0.39148619988141864
5,hersh2022_pacific,REG,138,0.110338921993215,0.3729013518073322,0.11931973469778447
5,hersh2022_pacific,REG,138,0.1202900140154707,0.27662106370791567,-0.08498268318548233
5,hersh2022_pacific,REG,138,0.1121088778653697,0.2203885487910805,0.12121281390814459
5,hersh2022_pacific,REG,138,0.1053555568224953,0.4616203387975518,0.3253315068122553
5,hersh2022_pacific,REG,138,0.1275853564557839,0.5370207732466671,-0.20303523761226172
5,hersh2022_pacific,REG,138,0.12441620967835,0.3833493656375423,-0.029148193456520116
5,hersh2022_pacific,REG,138,0.1253208432104908,0.5647825602725557,0.10762893371339305
5,hersh2022_pacific,REG,138,0.1191694040426129,0.6092130463844505,0.15675824293834859
5,hersh2022_pacific,REG,138,0.1476429686254881,1.3032118933622614,-0.5674125760230053
5,hersh2022_pacific,REG,138,0.1269814988369743,0.5948418953242586,-0.050256341892656126
5,hersh2022_pacific,SH,146,0.1276225749790653,0.5106750167222189,0.7197553874293022
5,hersh2022_pacific,SH,146,0.2033207759076765,2.2089651244971145,-0.1738818788106733
5,hersh2022_pacific,SH,146,0.1516260667636315,0.5550283985279642,3.616632953116418
5,hersh2022_pacific,SH,146,0.1490568390415762,0.761767961371801,3.5460943849280153
5,hersh2022_pacific,SH,146,0.2047000289409112,2.170376515639319,0.264384065461417
5,hersh2022_pacific,SH,146,0.2767672715541877,-0.5167139362840465,4.211971412507614
5,hersh2022_pacific,SH,146,0.2238194375030308,2.2902460707880827,-0.10488175341608585
5,hersh2022_pacific,SH,146,0.2062913491914133,1.9493964164465072,-0.1731029184964794
5,hersh2022_pacific,SH,146,0.290749857959103,0.30728347614858675,1.6151988748045114
5,hersh2022_pacific,SH,146,0.1045245988204348,0.3586082583222068,2.1981583880474145
5,hersh2022_pacific,SH,146,0.2581442151994371,0.9165791287207891,1.3593289156158554
5,hersh2022_pacific,SH,146,0.3212881940500599,2.160135268431276,2.018172769787938
5,hersh2022_pacific,REG,130,0.1082781342316091,0.10304852448294921,-0.03374270210492249
5,hersh2022_pacific,REG,130,0.1085794734167185,0.20385138768734057,0.31607295581941675
5,hersh2022_pacific,REG,130,0.1042950464082145,0.17082110264800832,0.22236181709384412
5,hersh2022_pacific,REG,130,0.1346201088494017,0.8080391857559748,-0.6342162949237179
5,hersh2022_pacific,REG,130,0.1034558638681551,0.2378775540740441,0.2789592465833359
5,hersh2022_pacific,REG,130,0.1174779415277005,0.5251626820106181,0.3956459150281763
5,hersh2022_pacific,REG,130,0.1090407125581408,0.36598626312723687,0.3882216870378733
5,hersh2022_pacific,REG,130,0.1541725672791044,1.0454103040821816,-0.4878129291129527
5,hersh2022_pacific,REG,130,0.1139927309256949,0.4055678344538806,0.18860107439276252
5,hersh2022_pacific,REG,130,0.1231165961410617,0.17881972707054256,-0.05292200833518508
5,hersh2022_pacific,REG,130,0.1265927967734992,0.6218387684330229,-0.0019586133157678725
5,hersh2022_pacific,REG,130,0.1067817382437876,0.37572529003562904,1.015686020815662
5,hersh2022_pacific,REG,130,0.1111816209653522,0.3238928828999597,0.2148507943291389
5,hersh2022_pacific,REG,130,0.1110495440867588,0.4314679132145697,0.3099239838235352
5,hersh2022_pacific,REG,130,0.112881284394782,-0.0269919164506556,0.8355090002050778
5,hersh2022_pacific,REG,130,0.1204828853232452,0.44215728025890116,0.12268321459534251
5,hersh2022_pacific,REG,130,0.1334391645179287,-0.4625848167075082,1.526918193897201
5,hersh2022_pacific,REG,130,0.1069993952573143,0.19292344579171625,0.3241875366473894
5,hersh2022_pacific,REG,130,0.1124363852354024,0.37843839256761036,0.31654712417825426
5,hersh2022_pacific,REG,130,0.1111422219676118,0.4047392222086766,0.28510453715117207
5,hersh2022_pacific,REG,130,0.1155258942250391,0.6497745701785033,0.21686852167975276
5,hersh2022_pacific,REG,130,0.1119409459236483,0.40372367970137313,0.2913678680718843
5,hersh2022_pacific,REG,130,0.1042444300071787,0.3444714606103118,0.37544175297869403
5,hersh2022_pacific,REG,130,0.1109268249686527,0.4418469030144041,0.2711436560104118
5,hersh2022_pacific,REG,130,0.1232516286349605,0.9077609485176259,-0.24719731745177112
5,hersh2022_pacific,REG,130,0.122697974549594,0.957008928612597,-0.07000851892849129
5,hersh2022_pacific,REG,130,0.1230572788307781,0.3543414907854969,0.05484751391332025
5,hersh2022_pacific,REG,130,0.1518547618063002,1.011062343871867,-0.5470881699253808
5,hersh2022_pacific,REG,130,0.1216514429702938,0.5195587709239636,0.1921511651686677
5,hersh2022_pacific,REG,130,0.1137320410668072,0.4312465642235093,0.22453786600558828
5,hersh2022_pacific,REG,130,0.1910961214789225,0.9856790664790251,1.4870884387417043
5,hersh2022_pacific,REG,130,0.1038579626760267,0.15590660679002205,0.3806401976225712
5,hersh2022_pacific,REG,130,0.1235138047392688,0.8642722484535396,-0.09977051673506279
5,hersh2022_pacific,REG,130,0.1173115522156627,0.6280643112229617,0.08735992302662585
5,hersh2022_pacific,REG,130,0.1076788504078319,0.385810453220032,0.48929350246066927
5,hersh2022_pacific,REG,130,0.1018065648715062,0.2684779242931784,0.4703955773768055
5,hersh2022_pacific,REG,130,0.1308429292617434,0.9649759456605027,-0.36600320462758196
5,hersh2022_pacific,REG,130,0.1026775406540737,0.12292740371279683,0.5321810085096819
5,hersh2022_pacific,REG,130,0.1319373748437142,0.7371178803466989,-0.22110181925613231
5,hersh2022_pacific,REG,130,0.1351803057839496,0.4701943375039024,-0.29932916664208026
5,hersh2022_pacific,REG,130,0.1320418017542963,0.6632290449879734,-0.1899229474472975
5,hersh2022_pacific,REG,130,0.1206900125313052,0.478516242212497,0.04966501946104137
5,hersh2022_pacific,REG,130,0.1002433781347752,0.8871002622427718,0.2592243444825076
5,hersh2022_pacific,REG,130,0.1429806512298265,1.3197480566622657,-0.46036950457702797
5,hersh2022_pacific,REG,130,0.1263873543839858,1.1834188115683921,-0.2233683443703232
5,hersh2022_pacific,REG,130,0.1319904624560125,0.7545223212749005,-0.21015965241945936
5,hersh2022_pacific,REG,130,0.1267923914413006,0.8006630349140974,-0.17635228533002312
5,hersh2022_pacific,REG,130,0.1268414872423276,0.7387553822097463,-0.14317337870222874
5,hersh2022_pacific,REG,130,0.1464643525891268,1.3087900524121658,-0.48414642950202014
5,hersh2022_pacific,REG,130,0.1427730883282302,1.210536414764155,-0.5913690426837569
5,hersh2022_pacific,REG,130,0.1417678541315567,1.2039957162438406,-0.49068687490272966
5,hersh2022_pacific,REG,130,0.1454085278323285,1.314962029538125,-0.41614698349076645
5,hersh2022_pacific,REG,130,0.1214526561712026,0.8070291100309737,-0.0804231015435991
5,hersh2022_pacific,REG,130,0.117088182209471,0.7464873570486187,0.1375451532607026
5,hersh2022_pacific,REG,130,0.1371273316798579,0.8712448370607069,-0.37930415558109054
5,hersh2022_pacific,REG,130,0.1238568755810621,0.7290351597375562,-0.04582542478841528
5,hersh2022_pacific,REG,130,0.133668315734508,0.7775159771881569,-0.2618040877742505
5,hersh2022_pacific,REG,130,0.1349478567606285,1.1125608768347366,-0.36749175920164484
5,hersh2022_pacific,REG,130,0.1280764329533476,0.8251331549807457,-0.27165095874460865
5,hersh2022_pacific,REG,130,0.1466399701809733,1.0630183999730574,-0.5320215499178123
5,hersh2022_pacific,REG,130,0.1516029836002409,1.0491267548668863,-0.5938880444868493
5,hersh2022_pacific,REG,130,0.1423586251884436,1.2747941964198213,-0.9106176699263187
5,hersh2022_pacific,REG,130,0.1498805155895122,1.0924494982197448,-0.6697861109943798
5,hersh2022_pacific,REG,130,0.1218356280931754,0.8185861790111595,-0.06665630495948338
5,hersh2022_pacific,REG,130,0.1523675381203573,1.0029635687134246,-0.7266920543274138
5,hersh2022_pacific,REG,130,0.1358453338352356,0.9335779618869459,-0.3354508971552635
5,hersh2022_pacific,REG,130,0.1300269869795821,0.5384191706228388,0.044467062775878384
5,hersh2022_pacific,REG,130,0.1292451428618423,0.7025351259672347,-0.1991402978198824
5,hersh2022_pacific,REG,130,0.1157799750203622,0.5555500422784438,0.17824552565369453
5,hersh2022_pacific,REG,130,0.1273005403427646,0.6421937484250687,-0.057554791244508005
5,hersh2022_pacific,REG,130,0.1316032588639777,0.6506039037116343,0.9017693392733976
5,hersh2022_pacific,REG,130,0.1094006467761855,0.4217759725377624,0.35515925960717254
5,hersh2022_pacific,REG,130,0.1088419467269514,0.4352029483072063,0.3863878658506895
5,hersh2022_pacific,REG,130,0.1435491414434705,1.4937997411972896,-0.7571635355716466
5,hersh2022_pacific,REG,130,0.1207370923654307,0.6275789959878225,0.09332115364596244
5,hersh2022_pacific,REG,130,0.1083445776641461,0.5348430985841217,0.44946655307978156
5,hersh2022_pacific,REG,130,0.1512264424735337,0.5940980010147658,-0.0992623407817051
5,hersh2022_pacific,REG,130,0.1199513010388403,0.518887088053812,-0.04849362909985394
5,hersh2022_pacific,REG,130,0.1297163724664144,0.744867188569994,-0.19054852200974817
5,hersh2022_pacific,REG,130,0.1132799774481681,0.4212620478547805,0.21486518336495472
5,hersh2022_pacific,REG,130,0.1257599892835346,0.4952953037467759,0.10675460435022754
5,hersh2022_pacific,REG,130,0.1233432190509294,0.7084956717178542,0.09109464513274856
5,hersh2022_pacific,REG,130,0.134519979311244,1.0935470753231773,-0.35690389460787375
5,hersh2022_pacific,REG,130,0.1437867135007684,1.0209765238192805,-0.4649352359495002
5,hersh2022_pacific,REG,130,0.1171648288506914,0.5519368476806227,0.2697585989683397
5,hersh2022_pacific,REG,130,0.1217844493629001,0.9752845990390216,-0.33230328110545926
5,hersh2022_pacific,REG,130,0.1236570470109,0.5743439937623362,0.019499319946229936
5,hersh2022_pacific,REG,130,0.1313497937159483,0.6102890076973483,-0.22960695407693488
5,hersh2022_pacific,REG,130,0.1114651615604163,0.6364972485311046,0.25470735777065234
5,hersh2022_pacific,REG,130,0.1200837120616453,0.41778563789325773,0.24496010865902842
5,hersh2022_pacific,REG,130,0.1115612972868725,0.4236214857379694,0.34119139274682797
5,hersh2022_pacific,REG,130,0.109840532950322,0.04468171442138402,0.2511330767022227
5,hersh2022_pacific,REG,130,0.1449327523330478,0.7146535614260601,-0.21176157614428762
5,hersh2022_pacific,REG,130,0.1190310015172904,0.7613454298315329,-0.06807902112219591
5,hersh2022_pacific,REG,130,0.1128692310716841,0.32356827772201596,0.1440267185704428
5,hersh2022_pacific,REG,130,0.1154425986901675,0.5413178170576064,0.38451911686128615
5,hersh2022_pacific,REG,130,0.1216771325243657,0.9404230747896892,-0.14117045798407832
5,hersh2022_pacific,REG,130,0.1492371716861982,1.2918638665144753,-0.7826447381943226
5,hersh2022_pacific,REG,130,0.1047225587752774,0.27317596702437835,0.409707979979154
5,hersh2022_pacific,REG,130,0.1292466458260102,0.5690622986106859,-0.09240122280040686
5,hersh2022_pacific,REG,130,0.128949834593495,0.7458176413100139,-0.11907502942635809
5,hersh2022_pacific,REG,130,0.127509116079001,0.7654300393835066,-0.18646985723821277
5,hersh2022_pacific,REG,130,0.1196595720331608,0.48611967699588976,0.2715138250219073
5,hersh2022_pacific,REG,130,0.1271697013152064,0.6883727689995591,-0.11214379282474421
5,hersh2022_pacific,REG,130,0.1071965920596082,0.2865121009897887,0.39844480638824986
5,hersh2022_pacific,REG,130,0.1366493208203054,0.6730821638901295,-0.2651466947317606
5,hersh2022_pacific,REG,130,0.1356773424514083,0.7395510746893823,-0.2975950507366347
5,hersh2022_pacific,REG,130,0.1358669216841372,0.9543894126916614,-0.18852973452300362
5,hersh2022_pacific,REG,130,0.110633114234491,0.36313387411193754,0.2833702674606563
5,hersh2022_pacific,REG,130,0.1376149095766647,1.109081609462121,-0.36342353743060213
5,hersh2022_pacific,REG,130,0.1272007266687826,0.5579307017523873,-0.029135854330901163
5,hersh2022_pacific,REG,130,0.1401774975091347,0.9111833707037758,-0.29381659014134887
5,hersh2022_pacific,REG,130,0.1328832257309054,0.8255969340379269,-0.2830151623606597
5,hersh2022_pacific,REG,130,0.1273088967116967,0.6603913520742738,-0.028693014973541472
5,hersh2022_pacific,REG,130,0.1346517600161838,0.710319321087644,-0.12664417971604158
5,hersh2022_pacific,REG,130,0.1107889298237586,0.44279393571624476,0.4729563381209306
5,hersh2022_pacific,REG,130,0.125516842553201,0.46977761168680254,0.19240049135109982
5,hersh2022_pacific,REG,130,0.1491597552094976,1.1004015711261679,-0.7363856933310992
5,hersh2022_pacific,REG,130,0.1119159334436917,0.5045477184397585,0.25588435881691124
5,hersh2022_pacific,REG,130,0.1072438218328659,0.32132440288437125,0.28998995053446663
5,hersh2022_pacific,REG,130,0.1318855971878121,0.6402994480467606,-0.10644627742365544
5,hersh2022_pacific,REG,130,0.1206787092881588,0.8249609208202467,-0.09580973853133372
5,hersh2022_pacific,REG,130,0.1172252761078976,0.6279094104468844,0.013035908523353557
5,hersh2022_pacific,REG,130,0.1197986978557091,0.5937215976666789,0.033341254383052965
5,hersh2022_pacific,REG,130,0.1241220714913351,0.494219122305608,-0.049153488925039956
5,hersh2022_pacific,REG,130,0.1005070770614585,0.29825937975455946,0.5236836953974578
5,hersh2022_pacific,REG,130,0.1451392659200796,0.9627082859176538,-0.35624396442062106
5,hersh2022_pacific,REG,130,0.1439132158317657,0.9378150829720573,-0.35874758741383267
5,hersh2022_pacific,REG,130,0.1488630952935986,0.9240796970896625,-0.2574911406608195
5,hersh2022_pacific,REG,130,0.1371466852893119,0.9035961309853762,-0.3123562669469882
5,hersh2022_pacific,REG,130,0.1184514271544943,0.8175595805687056,0.08545977467367803
5,hersh2022_pacific,REG,130,0.1197334192956802,0.546305685593825,0.008807469066053909
5,hersh2022_pacific,REG,130,0.1244972999973283,0.8001108032958224,-0.22824999290256887
5,hersh2022_pacific,REG,130,0.1364593283877191,1.1276426878516497,-0.5084999471207712
5,hersh2022_pacific,REG,130,0.1218956732668155,0.5870910881375708,-0.018037415843293922
5,hersh2022_pacific,REG,130,0.1192941103590829,0.5090564416659203,0.12572676093573787
5,hersh2022_pacific,REG,130,0.1198771207339247,0.8633509677884489,-0.18135459550705885
5,hersh2022_pacific,REG,130,0.1318582643524984,0.7247298098783689,-0.11759502172766229
5,hersh2022_pacific,REG,130,0.1222803855425839,0.5938176861247443,0.08108960638632981
5,hersh2022_pacific,REG,130,0.1055071377478537,0.33406521981033394,0.35676570074904074
5,hersh2022_pacific,REG,130,0.1233430838255281,0.46400010799194896,0.07594803488608912
5,hersh2022_pacific,REG,130,0.1000728755924073,0.14086263454024933,0.3864551819948187
5,hersh2022_pacific,REG,130,0.1138519613345185,0.36464283591950447,0.3024289816124946
5,hersh2022_pacific,REG,130,0.1189425335329972,0.6707495884515068,0.31303108145701064
5,hersh2022_pacific,REG,130,0.1065571834967918,0.35636180146065255,0.3349500079632324
5,hersh2022_pacific,REG,130,0.1199438041533157,0.3226227439835686,-0.12055818683582237
5,hersh2022_pacific,REG,130,0.1006237453155044,0.2669312642341649,0.4349589166573231
5,hersh2022_pacific,REG,130,0.1196417106310053,0.47252777531045814,0.20224489481461433
5,hersh2022_pacific,REG,130,0.1375688987526882,0.7175829864233401,-0.28849763684205204
5,hersh2022_pacific,REG,130,0.131135076574039,0.4213205455855887,-0.09766971649823382
5,hersh2022_pacific,REG,130,0.1110133612578481,0.3394579475615324,0.2870194921365824
5,hersh2022_pacific,REG,130,0.1352722571748185,0.7154696187727211,-0.09964006689450161
5,hersh2022_pacific,REG,130,0.1275466522956192,0.9165985249124788,-0.316157733815522
5,hersh2022_pacific,REG,130,0.1108823908443909,0.44138598136831564,0.3085345631494937
5,hersh2022_pacific,REG,130,0.123722774510592,1.02135694338845,-0.24199105109931543
5,hersh2022_pacific,REG,130,0.1455374138450409,1.1208773608177895,-0.5144358577450866
5,hersh2022_pacific,REG,130,0.1228908222567351,0.865953866532999,-0.261347765732137
5,hersh2022_pacific,REG,130,0.1012712396790315,0.4277728580921296,0.5729732223086705
5,hersh2022_pacific,REG,130,0.1182404676704912,0.7254707523178356,0.10854700156572189
5,hersh2022_pacific,REG,130,0.1115924726399183,0.4619416644530098,0.3749236219835565
5,hersh2022_pacific,REG,130,0.1518144217868281,1.0188412923382444,-0.4798486239903955
5,hersh2022_pacific,REG,130,0.1085670277719202,0.4441422819255496,0.36563763072343414
5,hersh2022_pacific,REG,130,0.1217267059563694,0.5128642024228118,0.10894026027346984
5,hersh2022_pacific,REG,130,0.1184521852467977,0.5678978847366941,0.2307020630262793
5,hersh2022_pacific,REG,130,0.1075952192961943,0.39474364990479727,0.42128460322298783
5,hersh2022_pacific,REG,130,0.102646752860763,0.42505814399267494,0.44870574665245233
5,hersh2022_pacific,REG,130,0.1065171947582136,0.28034340338631575,0.35167732096439097
5,hersh2022_pacific,REG,130,0.1125642285908507,0.17615693915598135,0.05847297975000769
5,hersh2022_pacific,REG,130,0.1250782076282991,0.8686073790715024,-0.1428858212217382
5,hersh2022_pacific,REG,130,0.1095795601635636,0.2874402217312376,0.21935050610598744
5,hersh2022_pacific,REG,130,0.1165830021559865,0.3990998615978211,0.19603285948436697
5,hersh2022_pacific,REG,130,0.1294787786959655,0.6368483219538347,-0.0029195836682650543
5,hersh2022_pacific,REG,130,0.1273267533166917,0.44807976711411057,0.005838070804301269
5,hersh2022_pacific,REG,130,0.1275108563420486,0.4670935686256699,-0.004749793789469893
5,hersh2022_pacific,REG,130,0.1501959171612162,1.1715899663756455,-0.6209559458095428
5,hersh2022_pacific,REG,130,0.1335311494478294,0.9264138050474944,-0.25618827755310575
5,hersh2022_pacific,REG,130,0.1002869311820777,0.29149597379548553,0.4501808185417604
5,hersh2022_pacific,REG,130,0.1119786001477084,0.6144306825640572,0.23682655101613434
5,hersh2022_pacific,REG,130,0.1059313674203701,0.3315374359729783,0.3227383569305203
5,hersh2022_pacific,REG,130,0.1015072921320209,0.3673908918959204,0.47981992360907205
5,hersh2022_pacific,REG,130,0.1152694832285095,0.4868483125766961,0.21080436491014326
5,hersh2022_pacific,REG,130,0.1144012304156849,0.4874583257177434,0.39884679315563765
5,hersh2022_pacific,REG,130,0.10266800204527,0.2939611976241907,0.3896037043956836
5,hersh2022_pacific,REG,130,0.1005060710427059,0.3297817337815649,0.4887670617982393
5,hersh2022_pacific,REG,130,0.1123790357471355,0.40964460669007274,1.0827105380961886
5,hersh2022_pacific,REG,130,0.1112954897284589,0.4592182836613442,0.3757387636856121
5,hersh2022_pacific,REG,130,0.1148595890534781,0.6010711858048361,0.10709098991433927
5,hersh2022_pacific,REG,130,0.1005412451521994,0.3535986147703002,0.48693374163070674
5,hersh2022_pacific,REG,130,0.1161947458303207,0.7366439356339138,-0.021882774986061393
5,hersh2022_pacific,REG,130,0.1261894919890042,0.7814120499904489,-0.06375752713339806
5,hersh2022_pacific,REG,130,0.1033399495123833,0.23297482558492982,0.5043666897954736
5,hersh2022_pacific,REG,130,0.136513809295207,-0.9708447045007793,4.275586179699659
5,hersh2022_pacific,REG,130,0.1239318456296453,0.6134583659936199,-0.03841789955570089
5,hersh2022_pacific,REG,130,0.105689298797014,0.33258739720924274,0.3116210119900577
5,hersh2022_pacific,REG,130,0.111284895966439,0.5060586013221118,0.20737610673736648
5,hersh2022_pacific,REG,130,0.1011699099269619,0.3262384074369058,0.461003048900431
5,hersh2022_pacific,REG,130,0.1014345306580616,0.25859530566363353,0.3573619258581434
5,hersh2022_pacific,REG,130,0.1173191574025222,0.5954551879877914,0.15901804694023303
5,hersh2022_pacific,REG,130,0.152814734927711,0.3629320861776725,-1.15429421368511
5,hersh2022_pacific,REG,130,0.114864816112476,0.4524587659086025,0.21869353217999243
5,hersh2022_pacific,REG,130,0.107992127917044,0.36214750367956355,0.2795230121927633
5,hersh2022_pacific,REG,130,0.1222816058955353,0.678348914900297,0.07614895137724782
5,hersh2022_pacific,REG,130,0.1031750359161656,0.08445438581215947,0.20498664842377448
5,hersh2022_pacific,REG,130,0.111295027259748,0.4051350540874817,0.325450453516192
5,hersh2022_pacific,REG,130,0.1123360683127533,0.3833601735328096,0.3204755132443743
5,hersh2022_pacific,REG,130,0.1038096720839807,0.37356675722821164,0.4642770149704036
5,hersh2022_pacific,REG,130,0.1267636990834761,0.6408525699445823,-0.012546477909539045
5,hersh2022_pacific,REG,130,0.1221745370313821,0.789691117317755,-0.08030316506559688
5,hersh2022_pacific,REG,130,0.1216264426035351,0.6964834903726983,-0.036390565193589755
5,hersh2022_pacific,REG,130,0.1002868654056324,0.2663101951579673,0.3927692371242779
5,hersh2022_pacific,REG,130,0.109899829322354,0.42552103277030956,0.39533945109483054
5,hersh2022_pacific,REG,130,0.1461802885876199,1.2029544216997874,-0.6046521473205408
5,hersh2022_pacific,REG,130,0.1374869347374793,1.1653174039014418,-0.548387073936834
5,hersh2022_pacific,REG,130,0.1302503155820445,1.155939012467428,-0.286474973682051
5,hersh2022_pacific,REG,130,0.1160429980446346,0.288993159239523,0.15047468082137266
5,hersh2022_pacific,REG,130,0.1052819353557877,0.22770932549827255,0.5957752758040634
5,hersh2022_pacific,REG,130,0.1288411333553346,0.7785596609751495,-0.168608946710615
5,hersh2022_pacific,REG,130,0.1226226776874822,0.7578293544870165,-0.038386653977226834
5,hersh2022_pacific,REG,130,0.1251267758678865,0.8302231413844188,-0.20845028512731795
5,hersh2022_pacific,REG,130,0.1474561670908284,1.072369901050892,-0.46068789003934546
5,hersh2022_pacific,REG,130,0.1163345474817933,0.5462946296586747,0.15466021777850356
5,hersh2022_pacific,REG,130,0.1283989916925509,0.5860625686203311,0.20164563002125024
5,hersh2022_pacific,REG,130,0.1034120885583279,0.337108286778371,0.6198860476285571
5,hersh2022_pacific,REG,130,0.1263188297143027,0.4248894834513044,0.20189404985262135
5,hersh2022_pacific,REG,130,0.1023688107819491,0.4607634447569648,0.473947647700841
5,hersh2022_pacific,REG,130,0.115556961622189,0.46159847496713424,0.1215605488238097
5,hersh2022_pacific,REG,130,0.1141644889525356,0.7384095554410479,0.11971013490554419
5,hersh2022_pacific,REG,130,0.1119948634651333,0.41770902402267057,0.42175284599837304
5,hersh2022_pacific,REG,130,0.1163551832436516,0.6379603750305964,0.03377069447866243
5,hersh2022_pacific,REG,130,0.1027357070540612,0.31905327704658304,0.3784968024557137
5,hersh2022_pacific,REG,130,0.1098447384673588,0.4375806098543634,0.30455093245758663
5,hersh2022_pacific,REG,130,0.1056044616709152,0.5072684619486019,0.7713158038823758
5,hersh2022_pacific,REG,130,0.1082100182397725,0.23135268997475872,0.1922484029435623
5,hersh2022_pacific,REG,130,0.1111712169091203,0.2078039910888944,0.21756000501561973
5,hersh2022_pacific,REG,130,0.101183467607798,0.3345815337362552,0.47628964563708326
5,hersh2022_pacific,REG,130,0.100510928086818,0.36692519176395305,0.5587510934565061
5,hersh2022_pacific,REG,130,0.1372118371237865,0.8454665987948337,-0.33265010967006364
5,hersh2022_pacific,REG,130,0.1065609812427142,0.3237560982636616,0.2762689423497106
5,hersh2022_pacific,REG,130,0.1565196094187524,0.858139655114874,-0.31414381177609846
5,hersh2022_pacific,REG,130,0.1082134848781463,0.31298024578978184,0.3842724119707677
5,hersh2022_pacific,REG,130,0.1102900623146134,0.37091521182125425,0.3298396820414659
5,hersh2022_pacific,REG,130,0.1171401101932766,0.3761148723767756,0.12259467748088462
5,hersh2022_pacific,REG,130,0.1077655149893067,0.5851382900284542,0.2456059978407472
5,hersh2022_pacific,REG,130,0.100021278078006,0.08095914350282125,0.5480190317301422
5,hersh2022_pacific,REG,130,0.1123594423711715,0.4132803347052753,0.2447785170130725
5,hersh2022_pacific,REG,130,0.1081700522167795,0.29344966218414803,0.22853949679928992
5,hersh2022_pacific,REG,130,0.1136956017159084,0.4354797971022885,0.28478353039694076
5,hersh2022_pacific,REG,130,0.1092336370833106,0.4620717034718834,0.37102112508987584
5,hersh2022_pacific,REG,130,0.1060402206189487,0.35353994296798186,0.3087869290161877
5,hersh2022_pacific,REG,130,0.104191075557598,0.30499464443394414,0.497728100268808
5,hersh2022_pacific,REG,130,0.1035670924357983,-0.05679795263785352,0.4008520705584249
5,hersh2022_pacific,REG,130,0.1033926002854815,0.17226450652013858,0.2723605198725776
5,hersh2022_pacific,REG,130,0.1306592584385649,0.8256179075887983,-0.12124629631378463
5,hersh2022_pacific,REG,130,0.101958261597965,0.1848772055020143,0.2754718007494496
5,hersh2022_pacific,REG,130,0.1104771200270985,0.401686317237495,0.4082070159174066
5,hersh2022_pacific,REG,130,0.1040509827465272,0.3023411318954405,0.37926615575840966
5,hersh2022_pacific,REG,130,0.1054482645482247,0.384224455430485,0.6518222685838125
5,hersh2022_pacific,REG,130,0.1304149206371978,0.8442788221270313,-0.15054555853607607
5,hersh2022_pacific,REG,130,0.1160461280547305,0.48382996685016916,0.17748167954210364
5,hersh2022_pacific,REG,130,0.110874099525479,0.5261591720418359,0.16004675182920663
5,hersh2022_pacific,REG,130,0.1296698496737657,0.6992121178183959,-0.031949134726790014
5,hersh2022_pacific,REG,130,0.1167495206239357,0.42839314441297033,0.22925550460132416
5,hersh2022_pacific,REG,130,0.141001573501964,1.2660919056978734,-0.8403031782873935
5,hersh2022_pacific,REG,130,0.1140182601003105,0.3031134615812658,0.08384574903130484
5,hersh2022_pacific,REG,130,0.1187797649154856,0.7316882041079066,0.025839684844775657
5,hersh2022_pacific,REG,130,0.1185803933006062,0.44967418355598554,0.21370314273622812
5,hersh2022_pacific,REG,130,0.1124928462839586,0.6484243973533459,0.1885914673812647
5,hersh2022_pacific,REG,130,0.1074922568805016,0.3517340951507678,0.32315735402563694
5,hersh2022_pacific,REG,130,0.1108884144471446,0.3369598039672591,0.28967839700666304
5,hersh2022_pacific,REG,130,0.116547734122054,0.3108584594868355,0.20273614386324754
5,hersh2022_pacific,REG,130,0.1102283728188036,0.38145195980825847,0.39141007225464547
5,hersh2022_pacific,REG,130,0.1478638087051953,1.066759712514966,-0.5598701538947564
5,hersh2022_pacific,REG,130,0.1240112786350608,0.6125068824583602,-0.00032233396613777845
5,hersh2022_pacific,REG,130,0.1198663263378905,0.6551707179678811,0.016783123540165035
5,hersh2022_pacific,REG,130,0.1106875006685322,0.38618873158614503,0.2375313632516855
5,hersh2022_pacific,REG,130,0.11712468648644,0.9181953305972929,-0.1290627932377705
5,hersh2022_pacific,REG,130,0.1190992013565483,0.8898893084940642,-0.11643609114526426
5,hersh2022_pacific,REG,130,0.1105886379059689,0.6842880189318922,0.1578181934057964
5,hersh2022_pacific,REG,130,0.1281997413068578,0.5177626205942003,-0.028130085353109402
5,hersh2022_pacific,REG,130,0.1087739710204599,0.5624114577703694,0.23192978828128577
5,hersh2022_pacific,REG,130,0.1056677033686084,0.4672625568195001,0.4404298880020915
5,hersh2022_pacific,REG,130,0.1134560801732905,0.25082230699406816,-0.012558091072670308
5,hersh2022_pacific,REG,130,0.1133019092258002,0.4280574832998765,0.3042841775550773
5,hersh2022_pacific,REG,130,0.1147934157921184,0.489224615676154,0.04016850469826243
5,hersh2022_pacific,REG,130,0.1118227888519365,0.4561999379348172,0.34241607831757254
5,hersh2022_pacific,REG,130,0.1173284881986827,0.5745948424807853,0.29314283656730167
5,hersh2022_pacific,REG,130,0.1022703361002503,0.1756146251534271,0.31419688693678566
5,hersh2022_pacific,REG,130,0.1001187839817708,0.2595089504317529,0.4544595638154596
5,hersh2022_pacific,REG,130,0.1095418350901076,0.40391777769229015,0.3192976058470544
5,hersh2022_pacific,REG,130,0.111249819286839,0.4215202048177413,0.2746271558089755
5,hersh2022_pacific,REG,130,0.12173210089021,0.6293567025253471,-0.02050774334783492
5,hersh2022_pacific,REG,130,0.14445901334163,1.159438048524165,-0.5098869837109733
5,hersh2022_pacific,REG,130,0.1234854842623533,0.6525826558406242,0.211286495701692
5,hersh2022_pacific,REG,130,0.1269756184495699,0.7408222444010135,-0.07175512774462599
5,hersh2022_pacific,REG,130,0.1145601223954946,0.277630188250254,0.16463762201242685
5,hersh2022_pacific,REG,130,0.1027156592226447,0.3150297745966269,0.705855897644918
5,hersh2022_pacific,REG,130,0.1042743052728467,0.30706970514926923,0.39726689899093
5,hersh2022_pacific,REG,130,0.1206346331250781,0.6709169036104343,0.3303012740666107
5,hersh2022_pacific,REG,130,0.1118985279785558,0.5001757798498955,0.32462380867751245
5,hersh2022_pacific,REG,130,0.1027115039446597,0.2999719965248007,0.48759162190776306
5,hersh2022_pacific,REG,130,0.1101355071264549,0.5018085032270639,0.4440925119397675
5,hersh2022_pacific,REG,130,0.1147496899499913,0.4339617464911174,0.3956021765390129
5,hersh2022_pacific,REG,130,0.1085869900193336,0.42525898760101655,0.4191198333007315
5,hersh2022_pacific,REG,130,0.1068864142479325,0.43850142235130074,0.3393381763523755
5,hersh2022_pacific,REG,130,0.1388792222643641,1.1332470671064576,-0.25820836238405576
5,hersh2022_pacific,REG,130,0.1209158820957297,1.035563636700807,-0.02621995535487967
5,hersh2022_pacific,REG,130,0.122962682239401,1.0669287007087962,-0.11469047210319477
5,hersh2022_pacific,REG,130,0.1485803542890202,1.2018972927347051,-0.5312244083175515
5,hersh2022_pacific,REG,130,0.1208808528450509,0.7729001095687793,-0.03354209318390443
5,hersh2022_pacific,REG,130,0.1175854783534591,0.5964387010090729,0.13683859868509538
5,hersh2022_pacific,REG,130,0.1126477037084229,0.5024464375195303,0.1893201218790587
5,hersh2022_pacific,REG,130,0.1339901785221253,0.988390295209768,-0.2990752122204007
5,hersh2022_pacific,REG,130,0.101793814671087,0.2989550955697981,0.4050560260096977
5,hersh2022_pacific,REG,130,0.1149481944413486,0.6322348435773963,0.2045722795679052
5,hersh2022_pacific,REG,130,0.1204080416593309,0.47375460867740676,0.1253172170670488
5,hersh2022_pacific,REG,130,0.1389660757739495,1.3988172651258006,-0.5733953351828112
5,hersh2022_pacific,REG,130,0.1028914700639068,0.35718024805025267,0.4263013858588428
5,hersh2022_pacific,REG,130,0.1181360083778691,0.5127040549927027,0.029359673601342024
5,hersh2022_pacific,REG,130,0.1339673195955334,0.6367193137302011,-0.1085861449475376
5,hersh2022_pacific,REG,130,0.1363073270800792,1.1147272475222485,-0.37866434576789465
5,hersh2022_pacific,REG,130,0.1094338033325151,0.4253622437879001,0.40455779124148056
5,hersh2022_pacific,REG,130,0.1138109161224729,0.3844196917408313,0.22627764288720903
5,hersh2022_pacific,REG,130,0.1552462126024464,0.7527639152533441,-0.3624713785607487
5,hersh2022_pacific,REG,130,0.1237043111202745,0.6517578988102486,0.03191344862588348
5,hersh2022_pacific,REG,130,0.1028001221751652,0.19479185361758117,0.4044215696025368
5,hersh2022_pacific,REG,130,0.1290314765690365,0.5021086352033806,-0.21035752922635664
5,hersh2022_pacific,REG,130,0.1104790809406951,0.25662888830491726,0.2969465071311023
5,hersh2022_pacific,REG,130,0.115717142227615,0.4785099647632254,0.1539775054651394
5,hersh2022_pacific,REG,130,0.1326392863101221,0.8732892267377099,-0.40688254737461604
5,hersh2022_pacific,REG,130,0.1089057131466271,0.5208281140197418,0.282395326464692
5,hersh2022_pacific,REG,130,0.1159512640444881,0.4950834042032835,0.28219326641439757
5,hersh2022_pacific,REG,130,0.1223957938018746,0.8030114168621358,0.09582667276430018
5,hersh2022_pacific,REG,130,0.1194922883459734,0.6304300265554221,0.1093736464044015
5,hersh2022_pacific,REG,130,0.1197757098182638,0.5490500399363623,0.1697611934108734
5,hersh2022_pacific,REG,130,0.1206899900184662,0.43595088440398116,0.05953778260383926
5,hersh2022_pacific,REG,130,0.1125008182717779,0.486805227155524,0.34074099628816673
5,hersh2022_pacific,REG,130,0.1105295987100555,0.387334781280475,0.2741623703144992
5,hersh2022_pacific,REG,130,0.1281980265367743,0.855077147115175,-0.15955238540600442
5,hersh2022_pacific,REG,130,0.126286572391387,0.8886711418193262,-0.16459103075597192
5,hersh2022_pacific,REG,130,0.1423583842503315,1.2785816258655043,-0.5516944892805472
5,hersh2022_pacific,REG,130,0.1427593591723502,1.1465928985593188,-0.5041232115061866
5,hersh2022_pacific,REG,130,0.1436549994975836,1.1063917571198703,-0.4094645016898674
5,hersh2022_pacific,REG,130,0.1068570845043787,0.2850719766401445,0.3696780641969113
5,hersh2022_pacific,REG,130,0.1011965327596447,0.3031539097196159,0.470155704420801
5,hersh2022_pacific,REG,130,0.1203998441781131,0.3920452383945249,0.15642095102317588
5,hersh2022_pacific,REG,130,0.1006639481364631,0.3784846499870788,0.551747758686446
5,hersh2022_pacific,REG,130,0.1035743243111492,0.1381407527119764,0.32449810040112786
5,hersh2022_pacific,REG,130,0.1171783782086601,0.7446259764358788,0.1465718763575512
5,hersh2022_pacific,REG,130,0.1180938872919157,0.6029439500051863,0.15057950309677173
5,hersh2022_pacific,REG,130,0.1224532212517762,0.5851757066842015,0.11520753722950464
5,hersh2022_pacific,REG,130,0.1248081634136034,0.7274220514635595,-0.09232418882257293
5,hersh2022_pacific,REG,130,0.1089441496501231,0.4532427937692415,0.31489892409535336
5,hersh2022_pacific,REG,130,0.1144293246069442,0.5118127422231542,0.18282982850967847
5,hersh2022_pacific,REG,130,0.1106221634993374,0.4324599524123684,0.31423306832464803
5,hersh2022_pacific,REG,130,0.1229689199150189,0.5966122936172717,0.04979630529059785
5,hersh2022_pacific,REG,130,0.1106372137793543,0.6417187729170436,0.25123331119851605
5,hersh2022_pacific,REG,130,0.1190180728505816,0.5395952826716441,0.11298957559165691
5,hersh2022_pacific,REG,130,0.1131888170908106,0.6771645582706736,0.12791431298410605
5,hersh2022_pacific,REG,130,0.1161380073928007,0.7285923542312464,0.1273076448745106
5,hersh2022_pacific,REG,130,0.1220743335718626,0.8397700989008695,-0.02038796065490273
5,hersh2022_pacific,REG,130,0.1196397800439404,0.8756027217886337,-0.1766464101377502
5,hersh2022_pacific,REG,130,0.1196456589326582,0.7967835792881914,-0.17588446015128553
5,hersh2022_pacific,REG,130,0.1220745533866369,0.5928207279253732,0.26989193470809253
5,hersh2022_pacific,REG,130,0.1012049296016498,0.25528049603885267,0.35267363671575513
5,hersh2022_pacific,REG,130,0.1443810292056758,0.6835429066903931,-0.1315578824165535
5,hersh2022_pacific,REG,130,0.1130757832159075,0.45216230201034835,0.24732792840564397
5,hersh2022_pacific,REG,130,0.1095380881623067,0.12396027960452224,0.2757524428724222
5,hersh2022_pacific,REG,130,0.1086948882422785,0.516333304139823,0.29272687915644685
5,hersh2022_pacific,REG,130,0.1093367459654488,0.5751537736597253,0.23593331520011357
5,hersh2022_pacific,REG,130,0.1108292996687534,0.5502237627422283,0.2590538375808281
5,hersh2022_pacific,REG,130,0.1135326809604096,0.4149585327465551,0.2135404575431281
5,hersh2022_pacific,REG,130,0.1204761543283052,0.32820511889226517,0.07753359002697147
5,hersh2022_pacific,REG,130,0.1006007754699348,0.30095312030314275,0.48618230500680104
5,hersh2022_pacific,REG,130,0.1118198923047581,0.4477607231774025,0.2793811295776443
5,hersh2022_pacific,REG,130,0.113991960013855,0.39623641664737147,0.23703418861959918
5,hersh2022_pacific,REG,130,0.1252509251131093,0.7106434580974342,-0.10261693883455215
5,hersh2022_pacific,REG,130,0.1027123539387209,0.3437437153090515,0.4781533050320289
5,hersh2022_pacific,REG,130,0.1420332759560617,0.5677561475430067,-0.15702123872250492
5,hersh2022_pacific,REG,130,0.1119642902609478,0.5396316224753914,0.04056859534052378
5,hersh2022_pacific,REG,130,0.1160600864808084,0.2782241468420018,-0.002200228611828406
5,hersh2022_pacific,REG,130,0.1135639972458191,0.32862965467784633,0.06097208532617901
5,hersh2022_pacific,REG,130,0.1119511815335373,0.44726777204529206,0.3008559193823006
5,hersh2022_pacific,REG,130,0.1031586978438158,0.19374203289701003,0.26396776442847547
5,hersh2022_pacific,REG,130,0.1067455731622706,0.5484508346905822,0.33134247186627386
5,hersh2022_pacific,REG,130,0.108844844397801,0.3682201128249716,0.2785421456133454
5,hersh2022_pacific,REG,130,0.105054859059026,0.15729087069168096,0.20569525290957805
5,hersh2022_pacific,REG,130,0.1087210804996568,0.2474714852179997,0.2535425850278051
5,hersh2022_pacific,REG,130,0.1139492965124177,0.3592979720753567,0.20069829613857745
5,hersh2022_pacific,REG,130,0.1054980567421588,-0.024885435497468217,0.40581952409100697
5,hersh2022_pacific,REG,130,0.1039334003656351,0.2552499655162238,0.2739852960855833
5,hersh2022_pacific,REG,130,0.1119761953952545,0.47679107054371256,0.2943820649589318
5,hersh2022_pacific,REG,130,0.1147733968134297,0.2942122943825229,0.16777076560341167
5,hersh2022_pacific,REG,130,0.1134400017292801,0.6030395702950986,0.15153102022284132
5,hersh2022_pacific,REG,130,0.1203599754313931,0.6987740907979644,0.09964367222778417
5,hersh2022_pacific,REG,130,0.1075029044128947,0.3966919511237344,0.3459578594261858
5,hersh2022_pacific,REG,130,0.1192543372518502,0.6817961527868905,0.05616461227177928
5,hersh2022_pacific,REG,130,0.1372120808078203,0.698638022369703,-0.28761780028778156
5,hersh2022_pacific,REG,130,0.1126745950487647,0.2994941300498668,0.12810015823552465
5,hersh2022_pacific,REG,130,0.1063492214180958,0.5352844051270383,0.33910570671260226
5,hersh2022_pacific,REG,130,0.1109374035392364,0.5055336207039794,0.21293477920759774
5,hersh2022_pacific,REG,130,0.1178926161732923,0.5179017484166779,-0.1619099425407002
5,hersh2022_pacific,REG,130,0.1190466665132774,0.5321929116248638,0.40382814696962144
5,hersh2022_pacific,REG,130,0.1107824952773295,0.6285499541105604,0.27976667739902017
5,hersh2022_pacific,REG,130,0.1088315139263803,0.5175715540858861,0.46064859287245896
5,hersh2022_pacific,REG,130,0.104700727085966,0.35543845920508216,0.4725040455371433
5,hersh2022_pacific,REG,130,0.1068054551259646,0.3348226053546768,0.29074039738430735
5,hersh2022_pacific,REG,130,0.1073370311908872,0.2650734441752973,0.16207530011251933
5,hersh2022_pacific,REG,130,0.1277695367128627,0.7461422464879575,-0.04825095366766165
5,hersh2022_pacific,REG,130,0.1356932488348335,0.8294897273177332,-0.10620056230720212
5,hersh2022_pacific,REG,130,0.1257002623337781,0.683120573575298,-0.03578693676825586
5,hersh2022_pacific,REG,130,0.1122966877432897,0.3659901513335692,0.3046793323879511
5,hersh2022_pacific,REG,130,0.1143452255145554,0.3688167883121185,0.289302148626645
5,hersh2022_pacific,REG,130,0.1023086330807551,0.17679270433377833,0.3667440113340251
5,hersh2022_pacific,REG,130,0.1042666657275788,0.3281159501231346,0.4629512993745119
5,hersh2022_pacific,REG,130,0.108143233675259,0.5616837124691094,0.3346413403346201
5,hersh2022_pacific,REG,130,0.1482230959013231,1.0675394300578795,-0.37532766439383736
5,hersh2022_pacific,REG,130,0.1253106174347448,0.4857042300139127,0.1581979694287897
5,hersh2022_pacific,REG,130,0.1200243453772948,0.7444979990074853,-0.06866374309467463
5,hersh2022_pacific,REG,130,0.1176201229255198,0.708897312877778,-0.019668759383536686
5,hersh2022_pacific,REG,130,0.1100106754093773,0.5685600721025176,0.15893049959984032
5,hersh2022_pacific,REG,130,0.1083309912323762,0.425194928628973,0.3872875986318805
5,hersh2022_pacific,REG,130,0.1213025952019522,0.5546048361924559,0.11202860523916011
5,hersh2022_pacific,REG,130,0.115544469934607,0.4314731598686014,0.3151805559923906
5,hersh2022_pacific,REG,130,0.1088376116586696,0.2987376347850701,0.2361275535418287
5,hersh2022_pacific,REG,130,0.1015329572371754,0.49635410574676125,0.4612363545291992
5,hersh2022_pacific,REG,130,0.115749786334554,0.5223184915193765,0.11891504321547908
5,hersh2022_pacific,REG,130,0.102073576264838,0.283226463439937,0.38364593105725586
5,hersh2022_pacific,REG,130,0.1092781182979515,0.3945223009137372,0.33589848540504064
5,hersh2022_pacific,REG,130,0.1196384781200619,0.5307984024550242,0.07278349193155952
5,hersh2022_pacific,REG,130,0.1124795367284357,0.49694806433850924,0.294398503904944
5,hersh2022_pacific,REG,130,0.1176490007138286,0.45000117797686845,0.26375708714074875
5,hersh2022_pacific,REG,130,0.1187279869089675,0.7376880875890593,0.11810920095478099
5,hersh2022_pacific,REG,130,0.1239231017848384,0.6373680559179349,-0.013734828307351673
5,hersh2022_pacific,REG,130,0.1370204332572387,0.8554487259206232,-0.30220729567525423
5,hersh2022_pacific,REG,130,0.1267024186061606,0.9801341225081199,-0.18832767447270954
5,hersh2022_pacific,REG,130,0.1317015563324557,0.9637538907794326,-0.3306157895883684
5,hersh2022_pacific,REG,130,0.122925064482608,0.773030616755806,0.009352244799622095
5,hersh2022_pacific,REG,130,0.1039167439804945,0.2398186875641632,0.26594289684906125
5,hersh2022_pacific,REG,130,0.1049149907016758,0.3082501735725602,0.4290438920339937
5,hersh2022_pacific,REG,130,0.1098547684281688,0.3031392136180159,0.20407435236982835
5,hersh2022_pacific,REG,130,0.11714345997842,0.5592582945390907,0.2440498625152783
5,hersh2022_pacific,REG,130,0.1108783089938067,0.4953487288950619,0.2796448447958918
5,hersh2022_pacific,REG,130,0.1080549476267736,0.44046502835568463,0.42531846936922874
5,hersh2022_pacific,REG,130,0.1407824011936349,0.951904714275478,-0.35249370971954813
5,hersh2022_pacific,REG,130,0.1269663781146798,0.5869610491186974,-0.014134918949613122
5,hersh2022_pacific,REG,130,0.1195027824034056,0.37010782116680446,0.09263555543340643
5,hersh2022_pacific,REG,130,0.1379587465070396,1.0810323858741533,-0.37983378971285203
5,hersh2022_pacific,REG,130,0.112945046182974,0.6452242604945623,0.41419052764320335
5,hersh2022_pacific,REG,130,0.1312177199097481,0.5391789454101209,-0.04232837194303089
5,hersh2022_pacific,REG,130,0.1360545286697942,0.5894669691256355,-0.1838785331195382
5,hersh2022_pacific,REG,130,0.1362166517782166,0.3273189122610555,0.387831467218687
5,hersh2022_pacific,REG,130,0.103031457981837,0.27931694545955543,0.35222225048302896
5,hersh2022_pacific,REG,130,0.1123938696513124,0.5581490528166612,0.18179471007853865
5,hersh2022_pacific,REG,130,0.1006795589981657,0.3345150855212723,0.46522754232240815
5,hersh2022_pacific,REG,130,0.1188218398204349,0.6516139464451322,0.15564199070898221
5,hersh2022_pacific,REG,130,0.1263933898182245,0.6429548816600504,-0.05555129914463991
5,hersh2022_pacific,REG,130,0.1482306837774092,0.6549921728022933,-0.3453160328346933
5,hersh2022_pacific,REG,130,0.1476721256136315,1.0846226858463168,-0.5655487628429899
5,hersh2022_pacific,REG,130,0.1170013861950355,0.7875835589482548,-0.042554915999351656
5,hersh2022_pacific,REG,130,0.1200210990006594,0.5269170257543317,0.14081828334168014
5,hersh2022_pacific,REG,130,0.1195409704119628,0.5589918315278826,0.7000726476055583
5,hersh2022_pacific,REG,130,0.1420448003688258,1.0413672809879875,-0.4365865010792132
5,hersh2022_pacific,REG,130,0.1234629323734907,0.7940640867028581,-0.2586116730991522
5,hersh2022_pacific,REG,130,0.1120437923783414,0.6748629019102566,0.13773282427518121
5,hersh2022_pacific,REG,130,0.1368783009854036,0.9319317933316875,-0.2882967203508932
5,hersh2022_pacific,REG,130,0.1047184966342974,0.2831639034312866,0.28904147309265865
5,hersh2022_pacific,REG,130,0.1093260577884495,0.40496773892855475,0.3081802609065919
5,hersh2022_pacific,REG,130,0.1159064818851319,0.6979526462815785,0.1338367409236667
5,hersh2022_pacific,REG,130,0.1179584708415242,0.4159817111508297,0.1917635674370949
5,hersh2022_pacific,REG,130,0.1133135330468512,0.7646291002498382,-0.03730475737266251
5,hersh2022_pacific,REG,130,0.1039615467911812,0.23485442986163846,0.28717682392364785
5,hersh2022_pacific,REG,130,0.1139346664919705,0.31955925124539003,0.19519387552006837
5,hersh2022_pacific,REG,130,0.1033255994134164,0.292455983507263,0.43857378570844735
5,hersh2022_pacific,REG,130,0.1068485762961356,0.17102044729295707,0.2555481270378698
5,hersh2022_pacific,REG,130,0.1008542399838163,0.2902504156049111,0.4961406490027989
5,hersh2022_pacific,REG,130,0.1107402739504901,0.3745652143909759,0.21270246335289456
5,hersh2022_pacific,REG,130,0.1160915830352617,0.35319483240732,0.12299082208782315
5,hersh2022_pacific,REG,130,0.1052678934421206,0.46098104605738616,0.49130497005418666
5,hersh2022_pacific,REG,130,0.1026970911723247,0.27058501449452527,0.38585049343335304
5,hersh2022_pacific,REG,130,0.1038812681019487,0.5813205041316524,0.29867618904251203
5,hersh2022_pacific,REG,130,0.1246912142110661,0.6130983112914754,0.0051810968783062294
5,hersh2022_pacific,REG,130,0.1173823802022665,0.7390464589382749,-0.025493196982211832
5,hersh2022_pacific,REG,130,0.1209219031758256,0.6014981568901168,0.12135093167221418
5,hersh2022_pacific,REG,130,0.115436159306027,0.3826172639617964,0.11030887836952952
5,hersh2022_pacific,REG,130,0.1226215062072998,0.529978456902031,0.044204337331695986
5,hersh2022_pacific,REG,130,0.1294725744518746,0.5557571633360575,0.04434712629787611
5,hersh2022_pacific,REG,130,0.1208648626826677,0.48941201410640617,0.17720547141316656
5,hersh2022_pacific,REG,130,0.1178466361839469,0.8028168507030655,0.021100100111922575
5,hersh2022_pacific,REG,130,0.1118487955110565,0.44208305563125333,0.27870582058051124
5,hersh2022_pacific,REG,130,0.1063907835458875,0.4700791686581388,0.4613363947802812
5,hersh2022_pacific,REG,130,0.1218644204666599,0.36126082831588757,0.09310534709933674
5,hersh2022_pacific,REG,130,0.1106225180499734,0.3478981931141871,0.2404853827035577
5,hersh2022_pacific,REG,130,0.1142649964360078,0.7063288328621895,0.05547039682179111
5,hersh2022_pacific,REG,130,0.1000301944522539,0.2437482888158702,0.4171333515285924
5,hersh2022_pacific,REG,130,0.1122711792769292,0.33798490344631954,0.20033454066924808
5,hersh2022_pacific,REG,130,0.1098823386242236,0.2772624976511379,0.2237501776317545
5,hersh2022_pacific,REG,130,0.1077129563318063,0.23797753073844194,0.2431652439366906
5,hersh2022_pacific,REG,130,0.1135919495604472,0.37886400520519153,0.24200813911735208
5,hersh2022_pacific,REG,130,0.1124316125956865,0.3970563622003645,0.26561334321946295
5,hersh2022_pacific,REG,130,0.1177989113464848,0.6516173664833114,0.025302801181853057
5,hersh2022_pacific,REG,130,0.1255241130149232,0.5750339002964561,0.05198097143977459
5,hersh2022_pacific,REG,130,0.1209678717360071,0.5487254347584185,0.09893711765217697
5,hersh2022_pacific,REG,130,0.1125965870225397,0.3760741761985427,0.23176117750473213
5,hersh2022_pacific,REG,130,0.1057847808641155,0.5691007796174894,0.30988412100762874
5,hersh2022_pacific,REG,130,0.1176099657836574,0.4769278551800109,0.2329639169383601
5,hersh2022_pacific,REG,130,0.1083338994309666,0.4030963331759039,0.3534906745429369
5,hersh2022_pacific,REG,130,0.126105718924979,0.7731779891591016,-0.24471548681060615
5,hersh2022_pacific,REG,130,0.1377887083667527,0.7825065956112784,-0.267583726747631
5,hersh2022_pacific,REG,130,0.1164541456022056,0.4644311743465759,0.6896814896560466
5,hersh2022_pacific,REG,130,0.11292689140647,0.588466544831325,0.08367140691651019
5,hersh2022_pacific,REG,130,0.1069939284418049,0.25647202039729367,0.23859788104636973
5,hersh2022_pacific,REG,130,0.1175579295025023,0.4003501982742739,0.10853276631497705
5,hersh2022_pacific,REG,130,0.14004896307721,1.5941998067771805,-0.9324514331759878
5,hersh2022_pacific,REG,130,0.1406674928133403,1.2458333748078565,-0.34625650817934894
5,hersh2022_pacific,REG,130,0.1027869889951318,0.36364391058858697,0.5072066983527969
5,hersh2022_pacific,REG,130,0.10772607988989,0.4519236196348663,0.4121070453042438
5,hersh2022_pacific,REG,130,0.104393060958915,0.2524270762283134,0.35739127531149145
5,hersh2022_pacific,REG,130,0.1082902430642866,0.3848375279657478,0.31882336712615045
5,hersh2022_pacific,REG,130,0.1323874847054085,0.5567173135635282,-0.11883105664996085
5,hersh2022_pacific,REG,130,0.1171811163264282,0.502028601294614,0.09677439764011705
5,hersh2022_pacific,REG,130,0.1171213988490482,-1.3392828678472481,3.470547987535929
5,hersh2022_pacific,REG,130,0.2302182431139395,1.7583989781002574,3.4481350602091707
5,hersh2022_pacific,SH,222,0.3208045622790832,0.15325050844922927,2.4896301939841745
5,hersh2022_pacific,SH,222,0.1168539932207356,-0.0007406738339759134,0.10496556819475765
5,hersh2022_pacific,SH,222,0.1143597986422189,0.30809958507142177,0.329564841470494
5,hersh2022_pacific,SH,222,0.1514987503517365,0.7712422146629235,-0.2186124485904275
5,hersh2022_pacific,SH,222,0.1173494190984998,-0.14343286276669898,1.6734870291180888
5,hersh2022_pacific,SH,222,0.1252709000486807,-0.09720997039785384,0.18864070200941005
5,hersh2022_pacific,SH,222,0.1629823953310524,0.5069710451141409,-0.39607220236247676
5,hersh2022_pacific,SH,222,0.1275022268514381,-0.13724972239613653,0.9783268550510349
5,hersh2022_pacific,SH,222,0.1577085642972965,0.6139236846951421,-0.21976361636241412
5,hersh2022_pacific,SH,145,0.1817593903397202,-0.30208818711653146,-0.1605023530140389
5,hersh2022_pacific,SH,145,0.1602216833624672,0.7649635347179682,0.2112982514080201
5,hersh2022_pacific,SH,145,0.43586315661811,7.2839451130385005,-6.498930835716829
5,hersh2022_pacific,SH,145,0.1345018642553843,0.19255383215118493,0.5883585363606573
5,hersh2022_pacific,SH,133,0.1266618392059985,0.23522636898596588,2.8076952404239166
5,hersh2022_pacific,SH,227,0.1461485001237609,1.417518165534689,2.210602567528302
5,hersh2022_pacific,SH,227,0.1757787815009459,2.1552343182110745,3.1521660143752164
5,hersh2022_pacific,SH,227,0.1107697764126308,-2.5174708940668835,4.616377805068848
5,hersh2022_pacific,SH,227,0.1174147993452374,-2.643211185473814,4.690487570314546
5,hersh2022_pacific,SH,227,0.1842509927612617,0.1656132760577581,4.311114351416527
5,hersh2022_pacific,SH,227,0.1916114860851184,0.20370651643292192,4.451103562714002
5,hersh2022_pacific,SH,227,0.1422798999213997,0.12939243435403242,-0.32275222288827493
5,hersh2022_pacific,SH,227,0.1559415030091312,1.1907683414580486,2.5822275684530718
5,hersh2022_pacific,SI,246,0.1463714838074962,-1.9083557113899854,-0.1862145583440275
5,hersh2022_pacific,,161,0.1408829646089775,0.6900566818630244,-0.09132844524862666
5,hersh2022_pacific,SH,163,0.1014138208289057,0.10726133159158656,0.6053753715218375
5,hersh2022_pacific,SH,163,0.1098808497234783,0.11656760604519267,0.33193933871916004
5,hersh2022_pacific,SH,163,0.1326442262950148,0.2874464047215759,0.318200748029257
5,hersh2022_pacific,SH,163,0.1049655708680753,0.07705829221465021,0.39151273379764145
5,hersh2022_pacific,SH,163,0.1257111297705308,0.5754289215082915,0.7441692362682986
5,hersh2022_pacific,SH,163,0.1927436470488546,3.2594499445304876,0.468673755613022
5,hersh2022_pacific,,167,0.1116418065952719,0.020353825851339824,3.243949935002612
5,hersh2022_pacific,,184,0.1012495615169874,0.08833973033176064,0.7472539427688064
5,hersh2022_pacific,,184,0.1081564575389847,0.11393403626232058,0.4848153184285901
5,hersh2022_pacific,SH,187,0.137148298346855,-2.1117504198500074,0.6797926672064645
5,hersh2022_pacific,SH,187,0.1030890100297569,-2.3401616195625765,1.321455537843187
5,hersh2022_pacific,SH,187,0.3713429701102193,3.337199899158908,1.8650323189958473
5,hersh2022_pacific,SH,187,0.1300264605143796,1.4955810269981462,0.3863572587175768
5,hersh2022_pacific,SH,187,0.1208373868873021,0.17296982536389433,0.12224390288095736
5,hersh2022_pacific,SH,187,0.1645217974019627,0.7957970330032067,0.08585116306410204
5,hersh2022_pacific,SH,187,0.1280055427646098,-0.24690593895478782,-0.10363064034313035
5,hersh2022_pacific,SH,189,0.1469374192574656,-0.8792993973951625,2.763579771250958
5,hersh2022_pacific,SH,189,0.1382997085414265,0.44039648499440565,-0.008858380191771624
5,hersh2022_pacific,SH,189,0.144359881047172,-1.7142734755660778,0.6194165714120977
5,hersh2022_pacific,SH,189,0.1148128537951252,0.18464723587550297,0.36675987810261934
5,hersh2022_pacific,SH,189,0.110142308491904,0.12230919204769178,0.5160180324996678
5,hersh2022_pacific,SH,189,0.1078967621234306,0.2097908193713954,0.5961101828396965
5,hersh2022_pacific,SH,189,0.1172545254361501,0.2689116409958841,0.42713986800778986
5,hersh2022_pacific,SH,189,0.1205386093049284,0.35285383018126093,0.3959256508000881
5,hersh2022_pacific,SH,189,0.1229022426291347,0.3545368067084197,0.3231473286217918
5,hersh2022_pacific,SH,189,0.1157282041281517,0.1267442993300526,0.4371087253663463
5,hersh2022_pacific,SH,189,0.1235757031701718,0.3402788294508321,0.4091923164908604
5,hersh2022_pacific,SH,189,0.1111341236138748,0.19875784072979505,0.534782621843779
5,hersh2022_pacific,SH,189,0.1213134673666739,0.24717834689899132,0.3550005196536945
5,hersh2022_pacific,SH,189,0.10377869562473,0.17359392592269454,0.6811419984147413
5,hersh2022_pacific,SH,189,0.1253130094552879,0.1843992445681465,0.11914306500457801
5,hersh2022_pacific,SH,189,0.1336059347773542,0.54981417109813,0.046220238919248924
5,hersh2022_pacific,SH,189,0.1529158258539017,0.22354636249348825,-0.37153765769906477
5,hersh2022_pacific,SH,189,0.1090996117932824,0.011405906930211804,0.5828794339295081
5,hersh2022_pacific,SH,189,0.1190404117429862,0.011226893596470576,0.17398344267744267
5,hersh2022_pacific,SH,194,0.1238848892256934,0.2853068168660542,0.34003287976107704
5,hersh2022_pacific,SH,194,0.118939849143804,0.3026385321300011,0.44422542928717274
5,hersh2022_pacific,SH,194,0.1132951030063609,0.24448174893931549,0.36647520652132026
5,hersh2022_pacific,SH,194,0.1069541230774705,0.16013492066722881,0.6339972748367995
5,hersh2022_pacific,SH,196,0.1512811901152214,1.4073208994992228,-0.0878260115980043
5,hersh2022_pacific,SH,197,0.1614313798736897,0.7205818768361608,1.5094626975159746
5,hersh2022_pacific,,198,0.1114993889644152,0.3049975018450368,0.5237548037918395
5,hersh2022_pacific,,198,0.1128710060945231,0.29258606858289615,0.48626286662761026
5,hersh2022_pacific,,198,0.1025638190176911,0.07418992826262848,0.6256254757557491
5,hersh2022_pacific,SH,199,0.1667964832971913,1.9962184718118499,0.738844006852546
5,hersh2022_pacific,,200,0.1078632295804993,0.17764275829800732,0.47880624949969763
5,hersh2022_pacific,,200,0.1144911966674767,0.16671064660035112,0.42368677779870506
5,hersh2022_pacific,,201,0.3325778663752726,1.4434726048712399,3.460729956811023
5,hersh2022_pacific,RI,174,0.2082851540775874,-1.4928449755823074,-0.0703721197014295
5,hersh2022_pacific,RI,174,0.1153689620277841,-0.8533646956464401,3.696511067874474
5,hersh2022_pacific,RI,176,0.1954289781317953,-0.17160723776456432,0.6962794052223586
5,hersh2022_pacific,RI,176,0.117693855490489,-2.449867324213151,4.5783219086806355
5,hersh2022_pacific,RI,176,0.1274195058136921,-1.4642184179957791,4.145914284807274
5,hersh2022_pacific,RI,176,0.1078082271606734,-2.5864903629309524,4.520045033529768
5,hersh2022_pacific,RI,176,0.1590841983057644,-0.3714928795443765,2.977139020511383
5,hersh2022_pacific,RI,176,0.7176836437760982,9.485158664427207,3.154768366686249
5,hersh2022_pacific,RI,176,0.1508356601628232,-0.002082913852383461,3.9590332505568995
5,hersh2022_pacific,RI,176,0.1799400666675965,0.057311196013315246,3.970368939912896
5,hersh2022_pacific,RI,177,0.1019463745962979,-1.254951559408987,3.729529493004435
5,hersh2022_pacific,RI,177,0.1233896815130742,-0.7965477660443581,3.2658156682018418
5,hersh2022_pacific,RI,177,0.1036749864061183,-2.5482227190846514,4.422889114262402
5,hersh2022_pacific,RI,177,0.1814693225052601,-1.1020883065002094,4.4717909559249165
5,hersh2022_pacific,,179,0.1061618073238009,-2.336307106518987,4.499583262234064
5,hersh2022_pacific,RI,180,0.1690854877160152,-0.7738733685518766,4.62544360962597
5,hersh2022_pacific,RI,180,0.2321841847457707,-0.6165459488898896,4.392506583635154
5,hersh2022_pacific,RI,181,0.1184938727656075,-1.0553614777935625,3.2213394565054783
5,hersh2022_pacific,RI,181,0.1155904860271617,-1.0805855633663743,3.2523242437576676
5,hersh2022_pacific,RI,181,0.1050472244295102,-0.9081658530089789,2.5797160441489533
5,hersh2022_pacific,RI,181,0.1266772413389077,-1.0379625981065963,2.887914488810111
5,hersh2022_pacific,RI,181,0.1274730944190263,-0.9034508654489335,2.9159108175626227
5,hersh2022_pacific,RI,181,0.2535892022675362,-1.083603079152159,4.556337948258732
5,hersh2022_pacific,RI,181,0.1047634005701411,-0.6994804857133338,2.798526168816745
5,hersh2022_pacific,RI,181,0.1061279127439851,-2.6742440605638595,4.500016955935135
5,hersh2022_pacific,RI,181,0.1469437004471796,-0.7825787368131866,4.127458107451313
5,hersh2022_pacific,RI,182,0.1185803268172216,-0.1083844318334953,3.567519567479557
5,hersh2022_pacific,RI,182,0.1289819898080297,-0.6663987091014446,3.7233557989987527
5,hersh2022_pacific,RI,182,0.1768710501522131,-0.3882770415727901,4.443224321634945
5,hersh2022_pacific,RI,182,0.132671308772823,-0.6953278749366071,4.053673515275574
5,hersh2022_pacific,RI,192,0.1396006075436135,-0.5272264578925189,4.164968296263676
5,hersh2022_pacific,RI,193,0.1062187561863677,-2.7555833510046868,4.45123800291776
5,hersh2022_pacific,,160,0.3209017902792713,1.8289671102483793,1.6244521655790098
5,hersh2022_pacific,,221,0.3735722982474712,2.3618944079825956,4.095070493772503
5,hersh2022_pacific,SH,203,0.1613324448823412,-2.6951425857171776,0.7787015913011472
5,hersh2022_pacific,SH,203,0.1211484275003397,-1.3741222905699642,0.8898542135643122
5,hersh2022_pacific,SH,203,0.1599478697130058,1.2989892204207645,1.329540522078613
5,hersh2022_pacific,FP,209,0.1275247814240905,0.897389074485212,1.4477615861977635
5,hersh2022_pacific,FP,209,0.1471057827253801,0.9969623332551998,0.36719712939551497
5,hersh2022_pacific,RI,127,0.1265747092999832,-0.49301795044292124,3.3526830692054985
5,hersh2022_pacific,RI,127,0.1168469423356375,-0.8513191787357879,3.413300844248059
5,hersh2022_pacific,RI,127,0.1092451203742178,-0.7473751448699912,3.17551791158124
5,hersh2022_pacific,RI,127,0.1227227129070911,-1.0445514366552577,3.6121047531709434
5,hersh2022_pacific,RI,127,0.1202337895836682,0.026680946541273676,-0.11626994396717279
5,hersh2022_pacific,RI,127,0.3151718596113607,5.456451089523209,-6.407062047946962
5,hersh2022_pacific,RI,127,0.2610223484422636,5.69685368538783,-5.253586160873172
5,hersh2022_pacific,RI,127,0.2685680065760585,6.029418709905958,-4.846731726892954
5,hersh2022_pacific,RI,127,0.13820293539136,1.5028321281005974,0.24455541881207363
5,hersh2022_pacific,RI,127,0.1039595050480738,-0.5842787880796207,2.8301903257855003
5,hersh2022_pacific,RI,127,0.1000519669643023,-0.4872543568782034,2.8992723702819987
5,hersh2022_pacific,RI,127,0.1066774585063655,-0.4705888196993293,2.764103578148136
5,hersh2022_pacific,RI,127,0.1175984874358198,-0.4789180023069867,2.669060146541531
5,hersh2022_pacific,RI,127,0.1160705138352025,-0.4675999786768512,3.0108185809326686
5,hersh2022_pacific,RI,127,0.1028113500301345,-0.7527057596834248,2.9355250113466234
5,hersh2022_pacific,RI,127,0.1011668159313092,-0.6988742040053814,2.9863124814323863
5,hersh2022_pacific,RI,127,0.1090427590897538,-0.5482336362532095,2.7901689679950943
5,hersh2022_pacific,RI,127,0.1235029821006479,-0.4924439873433547,3.1606101361398307
5,hersh2022_pacific,RI,127,0.1191700706472985,-1.3766718745291038,3.5299702296166497
5,hersh2022_pacific,RI,127,0.1188347735401741,-1.0942137651173058,3.526115828448053
5,hersh2022_pacific,RI,127,0.1208351939172234,-0.7845530550447408,3.379235324739973
5,hersh2022_pacific,RI,127,0.1170700761403081,-0.17789478422783675,2.917927030475427
5,hersh2022_pacific,RI,127,0.1123894949154335,-0.5410249885946521,3.0787796493142854
5,hersh2022_pacific,RI,127,0.1355537827061239,-1.0202284826683083,3.6089514387613115
5,hersh2022_pacific,RI,127,0.1242831083232022,-0.6699995268674596,3.512206598671497
5,hersh2022_pacific,RI,127,0.1229625354214615,-1.155411845689173,3.4603183846033954
5,hersh2022_pacific,FP,149,0.6448221792056539,5.972575690514514,-0.14512290580396736
5,hersh2022_pacific,FP,149,0.5910761428169097,6.608354103255023,3.4719052230520817
5,hersh2022_pacific,FP,149,0.5125394595573188,4.044251392679566,3.0230374382699896
5,hersh2022_pacific,FP,149,0.5213914914750774,3.939864374979657,3.3410038945834746
5,hersh2022_pacific,FP,149,0.6017197022549312,7.860041874996184,3.206372298480648
5,hersh2022_pacific,FP,149,0.519951275546321,3.970633110319377,3.421115995302486
5,hersh2022_pacific,FP,149,0.2279736806734411,0.9349369502100874,1.526257487539287
5,hersh2022_pacific,FP,149,0.2360498512484316,0.6153520678576048,2.325336684048495
5,hersh2022_pacific,FP,149,0.1434063930980236,0.12687499948542702,1.1984047965839795
5,hersh2022_pacific,FP,149,0.3383823702694006,2.3496866896863216,1.4258256821478443
5,hersh2022_pacific,FP,149,0.2083103329609374,1.0742772919583359,1.3943719848674365
5,hersh2022_pacific,FP,149,0.5075802067893586,3.617756106954532,3.4846291624845005
5,hersh2022_pacific,FP,149,0.5066245273478281,3.6149998589409043,3.4487072837817907
5,hersh2022_pacific,FP,149,0.5293661452764533,6.890190335060877,3.014803370150804
5,hersh2022_pacific,FP,149,0.4873875721697321,3.694313282438612,3.5557487791675166
5,hersh2022_pacific,FP,149,0.2388197620933362,2.0557661619994816,2.4836844996924765
5,hersh2022_pacific,FP,149,0.1510713726757903,-0.7960575804061042,4.37782808044448
5,hersh2022_pacific,FP,149,0.6107947268637635,7.457349381369159,3.3494802847037364
5,hersh2022_pacific,FP,149,0.4844027238239645,3.6650686585611907,3.438716861102078
5,hersh2022_pacific,FP,149,0.414225630681018,3.130437920215529,3.4202229862776643
5,hersh2022_pacific,FP,149,0.3983231567964508,6.869630077585979,0.43718995278716055
5,hersh2022_pacific,FP,149,0.1470033479592376,-0.14874878702728275,4.089334074529884
5,hersh2022_pacific,FP,150,0.5064935073519284,4.1124981200594055,3.1194525192536373
5,hersh2022_pacific,FP,150,0.8467640309817611,13.476965992874053,-0.12841019349662086
5,hersh2022_pacific,FP,150,0.1614268422863887,-0.18102832724447537,3.8526822096376563
5,hersh2022_pacific,FP,150,0.2279920048624358,3.284938591936727,0.717017925760947
5,hersh2022_pacific,FP,150,0.3349783450878726,2.42644841432427,3.5648305422288296
5,hersh2022_pacific,FP,150,0.5273208943190428,8.768982152408542,1.095532225906168
5,hersh2022_pacific,FP,150,0.4767531960137489,8.049493335162815,0.3845382529349249
5,hersh2022_pacific,FP,150,0.5087911189886847,3.870506479078548,3.862590201638532
5,hersh2022_pacific,FP,150,0.3829570541690584,2.607684546584951,3.612664162531864
5,hersh2022_pacific,FP,150,0.2320408243489362,3.3932020561085823,2.418814692423548
5,hersh2022_pacific,FP,150,0.131564313536993,1.040426902783163,1.0709102873897376
5,hersh2022_pacific,FP,150,0.2145557267606596,0.9367098761747263,1.4485357624124464
5,hersh2022_pacific,FP,151,0.1505789340749529,0.5486665567600513,1.605331560030153
5,hersh2022_pacific,FP,151,0.1452967350152741,1.1458929603500005,-0.14381396578432426
5,hersh2022_pacific,FP,151,0.1740405823903626,0.6258019661292867,-0.01987448684415613
5,hersh2022_pacific,FP,151,0.1463909738389214,1.147234994818431,1.1539438200435432
5,hersh2022_pacific,FP,151,0.3778088367763871,5.708669640826217,-0.91068127439642
5,hersh2022_pacific,FP,151,0.4017111489707348,4.526924531355308,-2.510019287494014
5,hersh2022_pacific,FP,151,0.4168719665036143,4.9443293387972425,-2.4312689035922994
5,hersh2022_pacific,FP,151,0.3961489959014309,4.616000373410067,-2.388782645446069
5,hersh2022_pacific,REG,153,0.1087391028551083,0.1333767728710987,0.2328818875490095
5,hersh2022_pacific,REG,153,0.117425234401647,0.17370122291009274,0.11468564879567616
5,hersh2022_pacific,REG,153,0.1125881984465699,0.21474749005834562,0.29339815002554553
5,hersh2022_pacific,REG,153,0.1000967121421521,-0.19328911936697246,0.49697863613121385
5,hersh2022_pacific,REG,153,0.1149593091657561,0.04542297493879835,0.10992548309840514
5,hersh2022_pacific,REG,153,0.1305369281367366,0.1775583079681525,-0.09704908758791655
5,hersh2022_pacific,REG,153,0.1133415236376273,0.11694655569739787,0.15207917460327422
5,hersh2022_pacific,REG,153,0.117266136067323,0.18551443848565088,0.29485536432377774
5,hersh2022_pacific,REG,153,0.1490498550309776,0.0433667511415524,-0.34887497029641573
5,hersh2022_pacific,REG,153,0.1266989654138884,0.12468982092700406,-0.2202693954951661
5,hersh2022_pacific,REG,153,0.1047298135384653,0.2691766124789499,0.25697051229055434
5,hersh2022_pacific,REG,153,0.156187542718671,0.7419682911700848,0.8202505289814942
5,hersh2022_pacific,REG,153,0.125542723368174,1.2397671935268753,0.5395120786921501
5,hersh2022_pacific,REG,153,0.1086176672658511,0.3578538085788675,0.947302948135298
5,hersh2022_pacific,REG,153,0.1141613880773948,0.185551474490767,0.9915194183841957
5,hersh2022_pacific,REG,153,0.1084136136742801,0.10111346359215799,0.19231135637090482
5,hersh2022_pacific,REG,153,0.1076712960364284,0.11457632169062043,0.33605182863331307
5,hersh2022_pacific,REG,153,0.1126098267632242,0.10264876540768544,0.27273066264155693
5,hersh2022_pacific,REG,153,0.1177443831592441,0.1792413720092189,0.3935892983836178
5,hersh2022_pacific,REG,153,0.1018328618536935,0.003640844327775672,0.29899699945828684
5,hersh2022_pacific,REG,153,0.1003374410333248,-0.03481743586777549,0.41246482707973126
5,hersh2022_pacific,REG,153,0.1042337417551488,-0.00537769017950426,0.47708884187568534
5,hersh2022_pacific,REG,153,0.1025859891000151,0.03534950420395508,0.2788213527922851
5,hersh2022_pacific,REG,153,0.1124179026477908,0.16444664138144593,0.21568027992178615
5,hersh2022_pacific,REG,153,0.1113887373809313,0.09756334043097328,0.03306035707384027
5,hersh2022_pacific,REG,153,0.113936937459794,0.17174516632303943,0.3407183995574498
5,hersh2022_pacific,FP,155,0.3462546004343788,3.020761642720907,2.7094058762075655
5,hersh2022_pacific,FP,155,0.4932694743945613,6.084581106039653,2.8194330068499283
5,hersh2022_pacific,FP,155,0.2417506946229769,1.9962262262689707,2.3988070954122667
5,hersh2022_pacific,RI,156,0.1274674415377401,2.4476033673068214,1.0708957644598467
5,hersh2022_pacific,RI,156,0.3542725046866281,4.209292782618263,1.2825366550021027
5,hersh2022_pacific,RI,156,0.1128770757270877,-1.63933789900016,0.027446654127819964
5,hersh2022_pacific,RI,156,0.2678251694599883,1.530419791417098,2.5056160011462913
5,hersh2022_pacific,RI,156,0.1133130203758783,-1.9135253299773847,1.1431826759487054
5,hersh2022_pacific,RI,156,0.1441320157666266,0.6848865696208568,-0.02019201918308433
5,hersh2022_pacific,RI,156,0.1342596294612249,-0.10907654134747558,-0.26787599643524834
5,hersh2022_pacific,RI,156,0.1099003816011675,-1.1573513321758218,-0.178858094066228
5,hersh2022_pacific,RI,156,0.1583100703973597,0.22573865286254602,-0.44839365334632103
5,hersh2022_pacific,RI,156,0.1047942041716416,-1.5918327901497418,0.12908679646577703
5,hersh2022_pacific,RI,156,0.1013323638924399,-1.3039588793824453,0.03446202798816844
5,hersh2022_pacific,RI,156,0.1475518002364939,0.44376011583051644,1.4672767991100981
5,hersh2022_pacific,RI,156,0.1095348003919872,0.43798664203424975,2.062213025391641
5,hersh2022_pacific,RI,156,0.1309423112244603,-0.4150672294821218,3.127520479060583
5,hersh2022_pacific,RI,156,0.1084585089665635,-1.1177341284884759,0.16178804231309168
5,hersh2022_pacific,RI,156,0.3435935368966152,2.0601877071697596,3.0006925827575928
5,hersh2022_pacific,RI,156,0.1014128266151463,0.08414040078876817,1.9206296179863338
5,hersh2022_pacific,RI,156,0.1055103952625173,-0.36985688521153226,2.2106621026661135
5,hersh2022_pacific,RI,156,0.167069632110499,0.41721190464792784,-0.24899369856836945
5,hersh2022_pacific,SH,157,0.1455246189186387,0.2190599195128989,0.008545610090314952
5,hersh2022_pacific,SH,157,0.1329145649202047,0.9892202215070537,3.293546517877513
5,hersh2022_pacific,SH,157,0.1453369065538879,-0.3510398775749445,1.4359174461684168
5,hersh2022_pacific,SH,157,0.1382621989589838,1.5336260293785586,0.6780335963362698
5,hersh2022_pacific,SH,157,0.19880555440858,-0.20399990100174836,-0.0620187203704376
5,hersh2022_pacific,SH,157,0.1612734684416241,0.8675789507060438,0.12292136024987207
5,hersh2022_pacific,SH,157,0.1371506983976561,-0.6506329323608181,2.4138072311052667
5,hersh2022_pacific,SH,157,0.126007767218291,-0.17720711760725016,1.2764885884693882
5,hersh2022_pacific,SH,157,0.1405092029271942,1.3000550433362137,3.3958164574139738
5,hersh2022_pacific,SH,157,0.1384411306510237,0.33506366255661035,2.852510381784671
5,hersh2022_pacific,SH,157,0.1137921531734944,-0.754350782602901,-0.186503447703278
5,hersh2022_pacific,SH,157,0.1122948787712784,-0.9540038648897966,-0.28212336386473713
5,hersh2022_pacific,SH,157,0.1361036377551213,0.3534144068943224,1.5722211550809406
5,hersh2022_pacific,SH,157,0.1485426366090762,-0.8639987770128412,-0.9141396823958277
5,hersh2022_pacific,SH,157,0.1172722870349571,-0.9792413277399694,-0.29982925602172295
5,hersh2022_pacific,SH,157,0.1121767311481694,-1.0392219967413732,-0.15123685560825822
5,hersh2022_pacific,SH,157,0.102432889923937,-0.88967332537891,-0.012739388837511079
5,hersh2022_pacific,SH,157,0.1326106774255727,0.9837808679937033,1.5885702532397192
5,hersh2022_pacific,SH,157,0.1207064474221249,1.104504933050596,2.27191327896312
5,hersh2022_pacific,SH,157,0.1584123870668492,0.5940192280347198,-0.13473765089792059
5,hersh2022_pacific,SH,157,0.7396717067583547,9.833349173190953,-9.057445327361734
5,hersh2022_pacific,SH,157,0.1195057367407081,-0.6437399063607456,1.7122359577107513
5,hersh2022_pacific,SH,157,0.1092992426739147,0.07975355827017999,0.6444890343294202
5,hersh2022_pacific,SH,157,0.1231594925740069,-0.1465207018945648,1.3899573518509696
5,hersh2022_pacific,FP,170,0.1323009497775014,0.34467675150766053,3.5132126083481587
5,hersh2022_pacific,FP,170,0.1515283251843921,1.0993164614333297,0.40422441109446905
5,hersh2022_pacific,FP,170,0.1570088180878991,0.5516972270420611,-0.8077272350088752
5,hersh2022_pacific,REG,171,0.1264361768082625,0.3304351628600611,0.14695407333284197
5,hersh2022_pacific,REG,171,0.1258714147413647,0.09575048066130108,0.09609236601259552
5,hersh2022_pacific,REG,171,0.1140064718781614,0.19422064766963493,0.3051463193338792
5,hersh2022_pacific,REG,171,0.1025374324920021,0.19361351765412077,0.7939540994071774
5,hersh2022_pacific,REG,171,0.1050820363322309,0.04627506770591592,0.5482356811920857
5,hersh2022_pacific,REG,171,0.1182242079811434,0.278711066509917,0.4042842666175686
5,hersh2022_pacific,REG,171,0.1114380566415232,0.41389656850417883,0.5654546435865261
5,hersh2022_pacific,REG,171,0.1074158946895131,0.09748956914028617,0.48336573052534815
5,hersh2022_pacific,REG,171,0.1009360417452248,0.1516711829888891,0.635136178199449
5,hersh2022_pacific,REG,171,0.105376581142315,0.1584728595216516,0.7341723522353317
5,hersh2022_pacific,REG,171,0.104471541708023,0.17482542628135112,0.6157551270062607
5,hersh2022_pacific,REG,171,0.1060524788616071,0.08388427998138633,0.38602623757885346
5,hersh2022_pacific,,173,0.1111528951100447,0.09930419193317437,0.831573802649497
5,hersh2022_pacific,,173,0.1172781269754083,0.4083267290592465,1.4564897668698102
5,hersh2022_pacific,FP,249,0.3194530252080454,3.469925355450793,-2.464719680015612
5,hersh2022_pacific,FP,249,0.547537577465783,6.393030402562013,-7.450137583713005
5,hersh2022_pacific,SH,250,0.1358225943808333,0.800982167127577,1.6706654959451193
5,hersh2022_pacific,SH,250,0.1376485971448048,0.055848493381792486,1.4661195489936278
5,hersh2022_pacific,SH,250,0.1045722275623421,0.5790084275907612,2.2689563172823215
5,hersh2022_pacific,SH,250,0.139352339263076,4.246781652354944,-3.5149181505955602
5,hersh2022_pacific,REG,251,0.1102502951025607,0.05235460566747255,-0.013487731147739011
5,hersh2022_pacific,REG,251,0.1135972818401295,0.14928961906307234,0.055036968725665186
5,hersh2022_pacific,REG,251,0.1539195463737412,0.7861683359470563,-0.8395996274055725
5,hersh2022_pacific,REG,251,0.1526185505816838,0.5839233952171252,-0.4238848281679861
5,hersh2022_pacific,REG,251,0.1604195776218664,0.6263653263867723,-0.5792708280546496
5,hersh2022_pacific,REG,251,0.1575043085488328,0.8135308842383893,-0.6783061888038431
5,hersh2022_pacific,REG,251,0.1542781700206726,0.9463745551277001,-0.6452772140065559
5,hersh2022_pacific,REG,251,0.1674663048950412,0.7006968224856874,-0.6620313354842268
5,hersh2022_pacific,REG,251,0.1519260453593849,0.9052899568074552,-0.7908309661237566
5,hersh2022_pacific,REG,251,0.1625455908521886,0.682916369085344,-0.49746868614982964
5,hersh2022_pacific,REG,251,0.1622357640835992,0.7565218319415321,-0.8383746081469048
5,hersh2022_pacific,REG,251,0.1608951794758311,0.6191405316169079,-0.4556501047862659
5,hersh2022_pacific,REG,251,0.1647320878144253,0.7098611493691955,-0.6153893610359746
5,hersh2022_pacific,REG,251,0.1445831513930479,0.9921664697687093,-0.712466720156428
5,hersh2022_pacific,REG,251,0.1623301773142539,0.8475759741453063,-0.6454305931324122
5,hersh2022_pacific,REG,251,0.1520840730086226,0.7903641639801904,-0.43963744044467096
5,hersh2022_pacific,REG,251,0.1596861590843768,0.6601255949341813,-0.4403932916266708
5,hersh2022_pacific,REG,251,0.1457968878351691,0.6486946834778206,-0.27979873508135444
5,hersh2022_pacific,REG,251,0.1517205146360629,0.604218474197604,-0.27573972708620265
5,hersh2022_pacific,REG,251,0.1501039127367191,0.7028010070871987,-0.3440227966586852
5,hersh2022_pacific,REG,251,0.1524259570427428,0.6528643623771648,-0.42975861007658933
5,hersh2022_pacific,REG,251,0.1477941623035754,0.5347744013722754,-0.241692524779436
5,hersh2022_pacific,REG,251,0.1419693853627408,0.6246052294014853,-0.11908374971923953
5,hersh2022_pacific,REG,251,0.1502057379301599,0.6155143209233356,-0.2914588887178514
5,hersh2022_pacific,REG,251,0.156705615041642,0.9555370752180489,-0.6118080196334603
5,hersh2022_pacific,REG,251,0.1604188106606376,0.8154495264778875,-0.6415093466223651
5,hersh2022_pacific,REG,251,0.149321199035759,0.910147474436179,-0.8060586481124281
5,hersh2022_pacific,REG,251,0.1432842889384939,1.103025119242774,-0.7101667589039262
5,hersh2022_pacific,REG,251,0.1491858072285095,0.9371798736070632,-0.6514159328076735
5,hersh2022_pacific,REG,251,0.1533936015052354,0.9086203703542223,-0.714476869331679
5,hersh2022_pacific,REG,251,0.1609436542370071,0.5926678915838138,-0.5127157521382026
5,hersh2022_pacific,REG,251,0.1551958236427656,0.559523646526198,-0.47885085839351377
5,hersh2022_pacific,REG,251,0.1522056547842249,0.8896909777414453,-0.1711991429161961
5,hersh2022_pacific,REG,251,0.1546913173993908,0.632643430193258,-0.2924131321675668
5,hersh2022_pacific,REG,251,0.1649470406704302,0.7265289693314808,-0.471469638980312
5,hersh2022_pacific,REG,251,0.1556405406870082,0.7296943568722161,-0.3914619690141202
5,hersh2022_pacific,REG,251,0.1489346153046604,0.5524616756689731,-0.2854967203425405
5,hersh2022_pacific,REG,251,0.1549312634539635,0.8148424269366981,-0.48804956021905066
5,hersh2022_pacific,REG,251,0.1455322085896183,1.1851580580866288,-0.49754496130264425
5,hersh2022_pacific,REG,252,0.1544759551083105,0.850416380928675,-0.4184235935276623
5,hersh2022_pacific,REG,252,0.1553254231164953,0.8856380292133613,-0.3396724115522232
5,hersh2022_pacific,REG,252,0.1603840977157813,0.7787388382650184,-0.3711101940169942
5,hersh2022_pacific,REG,252,0.141904700304824,1.0154914044832468,-0.759965198219861
5,hersh2022_pacific,REG,252,0.1533299537128774,0.8181973446271167,-0.6159206280584233
5,hersh2022_pacific,REG,252,0.1501731094453106,0.7444692396852116,-0.3446031382957418
5,hersh2022_pacific,REG,252,0.1596129321027578,0.8070641835640122,-0.48952941307645126
5,hersh2022_pacific,REG,252,0.1551264808003175,0.8829906723322613,-0.5550677660530599
5,hersh2022_pacific,REG,252,0.1567474137875905,0.7975639753807151,-0.5303915528657701
5,hersh2022_pacific,REG,252,0.1504081714078127,0.9557131616900736,-0.555197918665993
5,hersh2022_pacific,REG,252,0.1555766322966281,0.6507025627822254,-0.28127676551658565
5,hersh2022_pacific,REG,252,0.1586646545558196,0.752223713488543,-0.653277356807746
5,hersh2022_pacific,REG,252,0.1581191197388499,0.7551166695522313,-0.5692206937062245
5,hersh2022_pacific,REG,252,0.1552029463652999,0.7980213789063636,-0.5586953446878661
5,hersh2022_pacific,REG,252,0.155156055587359,0.8211723072046353,-0.35596660248255646
5,hersh2022_pacific,REG,252,0.1571361165865545,0.8096928720070837,-0.7316183403894979
5,hersh2022_pacific,REG,252,0.1557216949711638,0.7978409680135458,-0.7498084928212886
5,hersh2022_pacific,REG,252,0.1611276223203762,0.707629089191494,-0.47549697337950486
5,hersh2022_pacific,REG,252,0.1603622333352048,0.6529914156164801,-0.4927455230150416
5,hersh2022_pacific,REG,252,0.1574261340115408,0.8163904201116401,-0.43147186013792604
5,hersh2022_pacific,REG,252,0.1551184725595459,0.7987817346486004,-0.2671674029073235
5,hersh2022_pacific,REG,252,0.152991747346402,0.8156424669834673,-0.2972588867967198
5,hersh2022_pacific,REG,252,0.1603345538524437,0.7670116810393726,-0.36538740844120843
5,hersh2022_pacific,REG,252,0.1587735993290412,0.83782974793769,-0.6961116826833265
5,hersh2022_pacific,REG,252,0.1581172783763175,0.8343868531644846,-0.3609754162527174
5,hersh2022_pacific,REG,252,0.1545290969303439,0.943096552730986,-0.7199761258455359
5,hersh2022_pacific,REG,252,0.1453019818259952,0.9236005442452607,-0.6016021557290191
5,hersh2022_pacific,REG,252,0.1533610397668519,0.8161122127164331,-0.603885162515979
5,hersh2022_pacific,REG,252,0.1536531580170006,0.8766947933728161,-0.7514644977340154
5,hersh2022_pacific,REG,252,0.1598957841708929,0.7467822371710112,-0.3928043444450683
5,hersh2022_pacific,REG,252,0.1554690485487775,0.7634140970774407,-0.6356886633328045
5,hersh2022_pacific,REG,252,0.1535869158275108,0.673453448560271,-0.583083055015393
5,hersh2022_pacific,REG,252,0.1528215400461278,0.8595611027923091,-0.4775301895638214
5,hersh2022_pacific,REG,252,0.1584473462806029,0.779171612885823,-0.44228749121965993
5,hersh2022_pacific,REG,252,0.145234361731522,1.2860478369538857,-0.7855356323466602
5,hersh2022_pacific,REG,253,0.1498946811432193,0.7194132697562757,-0.3382612085086983
5,hersh2022_pacific,REG,253,0.1399448061958664,0.937247397671747,-0.6331799278836059
5,hersh2022_pacific,REG,253,0.156364838588224,0.8923363829398437,-0.6774376529306605
5,hersh2022_pacific,REG,253,0.1538875014320355,0.6046807531479075,-0.22857613843036761
5,hersh2022_pacific,REG,253,0.1528176640254995,1.0734099593545685,-0.47619389106680915
5,hersh2022_pacific,REG,253,0.1630422320706876,0.7749232580146781,-0.3609892135245077
5,hersh2022_pacific,REG,253,0.1544457086649499,0.8322631285935953,-0.678431280283765
5,hersh2022_pacific,REG,253,0.1520538085774265,0.9152171330184196,-0.7997349608373666
5,hersh2022_pacific,REG,253,0.1488680675555844,0.8756149727727129,-0.8009796579416891
5,hersh2022_pacific,REG,253,0.1417282442047982,1.071172349639088,-0.8127978860977331
5,hersh2022_pacific,REG,253,0.1629543912743176,0.6943327905939997,-0.5471196558085082
5,hersh2022_pacific,REG,253,0.1574069293353663,0.7876040582727907,-0.5966356506433111
5,hersh2022_pacific,REG,253,0.1528353170240315,0.9321792487433499,-0.7950701735489091
5,hersh2022_pacific,REG,253,0.161865505300024,0.7998606618772492,-0.5887903374082908
5,hersh2022_pacific,REG,253,0.1434049266620855,1.013824896999968,-0.8336723800962803
5,hersh2022_pacific,REG,253,0.1545982871042104,0.9390411616792479,-0.653845322620844
5,hersh2022_pacific,REG,253,0.1542226258396147,0.8810289777456944,-0.7520182010973159
5,hersh2022_pacific,REG,253,0.1575128660753558,0.7763262359309264,-0.5787006556025825
5,hersh2022_pacific,REG,253,0.1400460116463415,1.0570036024480824,-0.8981041006614283
5,hersh2022_pacific,REG,253,0.163836122296524,0.7217611237016501,-0.5986415716435689
5,hersh2022_pacific,REG,253,0.154402195300756,0.5974818247541446,-0.3379365908996023
5,hersh2022_pacific,REG,253,0.1411163764170666,0.5838896178515973,0.08348468669306092
5,hersh2022_pacific,REG,253,0.1653251010211232,0.6638109651289993,-0.5718628622110333
5,hersh2022_pacific,REG,253,0.1472724742696423,0.7709778069304389,-0.2539753375169913
5,hersh2022_pacific,REG,253,0.1518149417185029,0.9612045375018982,-0.539119944499166
5,hersh2022_pacific,REG,253,0.1523841398910821,0.8275005894731615,-0.6843988267469033
5,hersh2022_pacific,REG,253,0.1637751022453248,0.7178877407690389,-0.5320323954295426
5,hersh2022_pacific,REG,253,0.1435086854007922,0.8682651883866586,-0.6724844119509443
5,hersh2022_pacific,REG,253,0.1356210251544368,0.4677326188540571,-0.059385200758457005
5,hersh2022_pacific,REG,253,0.1507021376692165,0.9236776702877608,-0.9503042854554958
5,hersh2022_pacific,REG,253,0.1419595560347337,0.48342374206883243,-0.19199677407609392
5,hersh2022_pacific,REG,253,0.1587879888055142,0.7627528769833566,-0.419726349289369
5,hersh2022_pacific,REG,253,0.1585939756747263,0.8015723384506238,-0.5340250605326415
5,hersh2022_pacific,REG,253,0.149756461447406,0.5691563503932096,-0.24832969483819428
5,hersh2022_pacific,REG,253,0.1462909883083574,0.9491417864193255,-0.8829202947608147
5,hersh2022_pacific,REG,253,0.1721832489454256,0.6510820847590371,-1.0204193709425449
5,hersh2022_pacific,REG,253,0.1547277417331459,0.948442284082575,-0.7131947767111795
5,hersh2022_pacific,REG,253,0.1581273557097647,0.6798506975846548,-0.5420428288183727
5,hersh2022_pacific,REG,253,0.1508610127150856,0.5248747236092203,-0.3495068038661935
5,hersh2022_pacific,REG,253,0.1499276335720094,0.6188092934794976,-0.32064976120974287
5,hersh2022_pacific,REG,253,0.1644639929531614,0.7993953900865743,-0.5093687189415224
5,hersh2022_pacific,REG,253,0.1553726432685328,0.8640904447957541,-0.36616698160213146
5,hersh2022_pacific,REG,253,0.1482426195296275,0.5808932875692626,-0.19897169431708644
5,hersh2022_pacific,REG,253,0.1502570446547055,0.603299456621321,-0.23904442454444136
5,hersh2022_pacific,REG,253,0.1515874330998139,0.5200517367585217,-0.27179213355561305
5,hersh2022_pacific,REG,253,0.1563290612639452,0.7089984712702491,-0.4948152433904802
5,hersh2022_pacific,REG,253,0.1603352755919104,0.7820260725280661,-0.5265850297864446
5,hersh2022_pacific,REG,253,0.1471632925926549,0.9603403612377774,-0.6625057922689257
5,hersh2022_pacific,REG,253,0.1438929063454233,1.016156904073633,-0.8092289572685027
5,hersh2022_pacific,REG,253,0.1569284576718416,0.8380739386206205,-0.8551538531544155
5,hersh2022_pacific,REG,253,0.1437545978798611,0.9567191939994306,-0.9957321073832938
5,hersh2022_pacific,REG,253,0.1616009491379782,0.8447503535999572,-0.5557679433524797
5,hersh2022_pacific,REG,253,0.1506251506982132,0.9176631709342289,-0.5904835486736117
5,hersh2022_pacific,RI,256,0.1747607305514034,0.15346418088151792,-0.9755647810685785
5,hersh2022_pacific,RI,256,0.1541048814432448,0.08237760483486896,-0.5292699180710992
5,hersh2022_pacific,RI,256,0.2903844290235652,3.4007893430340275,-0.010004295489616899
5,hersh2022_pacific,RI,256,0.1722236166196359,0.09240773346210278,-0.8135113380587065
5,hersh2022_pacific,RI,257,0.4849209263571981,4.962796822897991,-6.878869481756311
5,hersh2022_pacific,RI,257,0.4697233934946807,4.857500280215282,-6.7146354313566885
5,hersh2022_pacific,RI,257,0.5417744693019916,6.170694443285656,-7.056711217731705
5,hersh2022_pacific,RI,257,0.2696053664237273,2.0328334414037155,0.8178706678410952
5,hersh2022_pacific,RI,257,0.2380438787071335,0.8378494703453233,1.5300750431848102
5,hersh2022_pacific,RI,257,0.475636422774474,5.558725189481544,-6.4210436950109955
6,sharma2025_birth,EC1,CETI23-277,0.2378412195707476,-0.6499782020382051,-1.8734335560103963
6,sharma2025_birth,EC1,CETI23-277,0.2401221573670396,-1.1811686368110061,-2.2191512726451217
6,sharma2025_birth,EC1,CETI23-277,0.2265356847995852,-0.4690038404085898,-1.5294862664883935
6,sharma2025_birth,EC1,CETI23-277,0.2082730988890326,-0.8689443814038449,-1.3831088478625047
6,sharma2025_birth,EC1,CETI23-277,0.2585943998532674,-0.8916782031960632,-0.363327271723279
6,sharma2025_birth,EC1,CETI23-277,0.2414581284732296,0.23808927200346106,-0.3903587750341747
6,sharma2025_birth,EC1,CETI23-277,0.2779540961085261,-0.1139832808146844,-1.4276670503094109
6,sharma2025_birth,EC1,CETI23-277,0.2963649563112618,0.17754679249096084,-1.427001524432435
6,sharma2025_birth,EC1,CETI23-277,0.192676971858611,-0.7190727808897741,-1.5744322744576307
6,sharma2025_birth,EC1,CETI23-277,0.1927630419936036,-0.8049573136302397,-1.4628905496282498
6,sharma2025_birth,EC1,CETI23-277,0.1927630419936036,-0.8049573136302397,-1.4628905496282498
6,sharma2025_birth,EC1,CETI23-277,0.1920728803516817,1.0102692872135306,-1.6666806646316084
6,sharma2025_birth,EC1,CETI23-277,0.4486790981029171,-3.6630739574012416,-3.1653097370539607
6,sharma2025_birth,EC1,CETI23-277,0.2874551993676796,-0.21605492707331142,-2.0814874704974677
6,sharma2025_birth,EC1,CETI23-277,0.2218929135692069,2.9429106769798956,-1.6179440311966382
6,sharma2025_birth,EC1,CETI23-277,0.2817086839483546,0.0811579738436494,-1.181320580673161
6,sharma2025_birth,EC1,CETI23-277,0.354815639137562,0.039236251144316336,-2.3291921865376857
6,sharma2025_birth,EC1,CETI23-277,0.2564785198805847,-2.989107053245529,-2.4810390228780257
6,sharma2025_birth,EC1,CETI23-277,0.2405785376219192,-3.10361524653007,-2.1622503608897983
6,sharma2025_birth,EC1,CETI23-277,0.2538259406003034,0.3565439475489959,-1.1554601605438797
6,sharma2025_birth,EC1,CETI23-277,0.3080419315672863,-2.379578903008087,-2.6982536532137247
6,sharma2025_birth,EC1,CETI23-277,0.2372044315047606,-0.8489795997116716,-1.8249680567660655
6,sharma2025_birth,EC1,CETI23-278,0.3586303621127007,-1.7771596672583574,-2.3870526280580107
6,sharma2025_birth,EC1,CETI23-278,0.3292535866141742,-0.050239777427012355,-2.055926162917093
6,sharma2025_birth,EC1,CETI23-278,0.2619481287063446,0.004475389644993832,-1.8717094832128702
6,sharma2025_birth,EC1,CETI23-278,0.2607825328852843,-0.326377589460877,-1.9440934722312235
6,sharma2025_birth,EC1,CETI23-278,0.2010888996932203,-1.7955653115176675,-1.9604147960016378
6,sharma2025_birth,EC1,CETI23-278,0.2048423477904344,0.6430436155284338,-1.400023203000257
6,sharma2025_birth,EC1,CETI23-278,0.2543446963786435,-0.3358729314437773,-1.8694208999963489
6,sharma2025_birth,EC1,CETI23-278,0.2315460321568632,-1.8159498322800607,-2.3283506064623603
6,sharma2025_birth,EC1,CETI23-278,0.2554996289931707,-3.26172700894515,-2.80891683016495
6,sharma2025_birth,EC1,CETI23-278,0.2165377947108691,0.23735821700063076,-1.818074345732901
6,sharma2025_birth,EC1,CETI23-278,0.3383527728922652,-1.0022005814378345,-1.6107185044049128
6,sharma2025_birth,EC1,CETI23-278,0.2224968824785309,-1.3004666849118778,-2.1386540447285496
6,sharma2025_birth,EC1,CETI23-279,0.2448413409652033,-0.031400801546267676,-1.888159920076423
6,sharma2025_birth,EC1,CETI23-279,0.2191238293579284,-3.123647586150046,-1.84902895132829
6,sharma2025_birth,EC1,CETI23-279,0.2273735392302595,-1.5712593735789158,-2.4080619028155996
6,sharma2025_birth,EC1,CETI23-279,0.2110327887008083,-0.6692550618581808,-0.9893785868046228
6,sharma2025_birth,EC1,CETI23-279,0.1454471216050431,3.551660391770998,-0.8477248035515323
6,sharma2025_birth,EC1,CETI23-279,0.2873148926923188,-1.4814698827160129,-2.436251404273567
6,sharma2025_birth,EC1,CETI23-280,0.4000779706449042,-4.702225870297401,-3.509043202816029
6,sharma2025_birth,EC1,CETI23-280,0.2804431421281076,-0.538656533487776,-1.5433038977382592
6,sharma2025_birth,EC1,CETI23-281,0.1400227865036027,1.2632960973675158,-1.5953491878683534
6,sharma2025_birth,EC1,CETI23-281,0.1724436809295162,1.2131971173188303,-0.9150272446278837
6,sharma2025_birth,EC1,CETI23-281,0.2509272873469881,-0.9740816809252354,-1.978805904988101
6,sharma2025_birth,EC1,CETI23-281,0.2688485469073313,-1.8986281155807478,-2.6368891807716546
6,sharma2025_birth,EC1,CETI23-281,0.1874078075886069,-2.9280326874520557,-2.558638649523587
6,sharma2025_birth,EC1,CETI23-281,0.1911264599096358,-3.1698782895532425,-2.8120181542368083
6,sharma2025_birth,EC1,CETI23-281,0.1893491624644212,-3.117698255796703,-2.797011288411087
6,sharma2025_birth,EC1,CETI23-281,0.1659466443356853,1.621815811504787,-0.6256455355450811
6,sharma2025_birth,EC1,CETI23-281,0.2133782164086456,-1.2830854985667366,-2.0482087726891205
6,sharma2025_birth,EC1,CETI23-282,0.1361503739469462,1.8834399754306175,-0.7815979806247207
6,sharma2025_birth,EC1,CETI23-282,0.2617084888792573,0.20540894708001248,-0.5471049526555309
6,sharma2025_birth,EC1,CETI23-282,0.2615430903896487,0.20615107189185364,-0.5492004194947233
6,sharma2025_birth,EC1,CETI23-282,0.2503360429679266,-0.971190544302879,-2.151746689248485
6,sharma2025_birth,EC1,CETI23-282,0.2088034232851691,0.8818894408504376,-1.3897359295609235
6,sharma2025_birth,EC1,CETI23-282,0.2625951486407296,0.03582078721666904,-1.5750306423199918
6,sharma2025_birth,EC1,CETI23-282,0.1324377451877913,1.780206463902021,-0.7508774410350264
6,sharma2025_birth,EC1,CETI23-282,0.2655984452590166,-0.33202053452223546,-1.9306844189477594
6,sharma2025_birth,EC1,CETI23-283,0.1579995237074202,1.472608874931178,-1.2245280820296063
6,sharma2025_birth,EC1,CETI23-283,0.2284282361637227,-0.8373656687907751,-1.7642333875766352
6,sharma2025_birth,EC1,CETI23-285,0.1435490755752547,1.266012705333411,-1.7405339633034862
6,sharma2025_birth,EC1,CETI23-285,0.1805780198536219,1.0194932339050096,-1.123519319235177
6,sharma2025_birth,EC1,CETI23-285,0.1245093714876291,2.122510418518064,-0.5291297888871198
6,sharma2025_birth,EC1,CETI23-285,0.1523157316690301,1.363354286436936,-1.1081721290260778
6,sharma2025_birth,EC1,CETI23-285,0.2430800813929422,-0.08399023716763887,-1.681610638480828
6,sharma2025_birth,EC1,CETI23-285,0.2461649983947201,-0.00536882460184579,-1.721779878820771
6,sharma2025_birth,EC1,CETI23-285,0.2214518790221563,1.0600941681286937,-1.842566966236872
6,sharma2025_birth,EC1,CETI23-285,0.2446204598417569,0.400561713549991,-1.3588346549225911
6,sharma2025_birth,EC1,CETI23-285,0.1929478789249566,0.845031920718626,-1.648087631751332
6,sharma2025_birth,EC1,CETI23-286,0.498619064117346,-3.3370388370071185,-3.3051634651833264
6,sharma2025_birth,EC1,CETI23-287,0.2413711362125569,-0.47674383851734103,-1.8378258577389266
6,sharma2025_birth,EC1,CETI23-287,0.2289408826504737,0.26440500703679,-1.6249560331377708
6,sharma2025_birth,EC1,CETI23-287,0.2674590863125954,0.5542510898666125,-0.6951969347089608
6,sharma2025_birth,EC1,CETI23-287,0.2652581459273412,0.45428134127773867,-1.008327112451172
6,sharma2025_birth,EC1,CETI23-287,0.2073829241538098,0.4166539847250586,-1.5522173967608768
6,sharma2025_birth,EC1,CETI23-287,0.1603436689051922,1.240294076574596,-1.3282257980266254
6,sharma2025_birth,EC1,CETI23-287,0.1857170783388026,0.7737468234797659,-1.4071311218233953
6,sharma2025_birth,EC1,CETI23-287,0.1790728514902604,0.9980689552967519,-1.178566438356956
6,sharma2025_birth,EC1,CETI23-288,0.3800157044355525,-2.209567573163403,-2.8037123691263925
6,sharma2025_birth,EC1,CETI23-288,0.2693737307772245,0.6862903803764671,-0.5782343073320835
6,sharma2025_birth,EC1,CETI23-288,0.2507692468261126,0.35055137673050596,-1.0974341990152814
6,sharma2025_birth,EC1,CETI23-288,0.2547188101627832,-0.09304664201226853,-1.7612962189977726
6,sharma2025_birth,EC1,CETI23-288,0.2541108116502543,-0.08428350181952737,-1.7574005709248939
6,sharma2025_birth,EC1,CETI23-288,0.2475641665783172,0.514194263908632,-1.1036985573784908
6,sharma2025_birth,EC1,CETI23-288,0.2168737505299725,0.776245667203929,-1.1595531872995186
6,sharma2025_birth,EC1,CETI23-288,0.1987173783219223,0.846481587389215,-1.9167250066032335
6,sharma2025_birth,EC1,CETI23-288,0.3907624283169406,-4.9247212721648745,-3.553726993900705
6,sharma2025_birth,EC1,CETI23-289,0.3133232436682249,-1.1969387133225768,-2.2959988706656707
6,sharma2025_birth,EC1,CETI23-289,0.2373682067798553,-0.6296479955143444,-0.8092165913786851
6,sharma2025_birth,EC1,CETI23-289,0.189325971751966,-1.7803368077450386,-1.0901542918358054
6,sharma2025_birth,EC1,CETI23-289,0.1940376038514427,0.8219522086951933,-1.5643529486316177
6,sharma2025_birth,EC1,CETI23-289,0.2447541564898136,0.06860477172345336,-1.8519794626693638
6,sharma2025_birth,EC1,CETI23-289,0.1890962440176638,-1.5368716775687175,-1.9425499984244987
6,sharma2025_birth,EC1,CETI23-289,0.2506143510683425,-1.362552723243496,-2.3701368383509513
6,sharma2025_birth,EC1,CETI23-289,0.1931856975704886,-1.525824130321129,-2.030946047540935
6,sharma2025_birth,EC1,CETI23-290,0.1789287207718553,1.0994651576996166,-0.960740097125057
6,sharma2025_birth,EC1,CETI23-290,0.1835520670299218,1.03473565088917,-1.4079300607801393
6,sharma2025_birth,EC1,CETI23-290,0.2421583688276297,0.18855061002589285,-0.9915479414813884
6,sharma2025_birth,EC1,CETI23-291,0.251380843075228,0.31939737860206335,-1.2721071720052541
6,sharma2025_birth,EC1,CETI23-292,0.2569975342052674,0.532532369012219,-0.8371513835521968
6,sharma2025_birth,EC1,CETI23-292,0.2702615126655432,0.6350789655223745,-0.9134573952398755
6,sharma2025_birth,EC1,CETI23-292,0.2493790429542779,0.03417078900589285,-1.5267699919074165
6,sharma2025_birth,EC1,CETI23-292,0.2461483243293028,0.23430119492326804,-0.8640640368873755
6,sharma2025_birth,EC1,CETI23-292,0.2179784425201028,0.7519717423114463,-1.2195658840346133
6,sharma2025_birth,EC1,CETI23-292,0.261553553670325,0.3144440683644148,-1.394451793785497
6,sharma2025_birth,EC1,CETI23-292,0.2321213505743173,0.6879200206199203,-1.2229175566144321
6,sharma2025_birth,EC1,CETI23-292,0.2444337026334782,0.12363995416383763,-1.2776396448044791
6,sharma2025_birth,EC1,CETI23-292,0.2848579008530398,-0.3999748209672315,-2.092877487258104
6,sharma2025_birth,EC1,CETI23-292,0.2324453205743238,-0.5236460485703859,-1.733552254662392
6,sharma2025_birth,EC1,CETI23-292,0.2448914779557506,-0.6161908901595781,-1.988243449806867
6,sharma2025_birth,EC1,CETI23-292,0.2589135973548229,0.04253991810900837,-1.6143058050064094
6,sharma2025_birth,EC1,CETI23-293,0.2686415644026818,-0.5556684284054482,-2.1291797090865727
6,sharma2025_birth,EC1,CETI23-293,0.2517723118082962,0.6882829839051124,-0.9832851337468209
6,sharma2025_birth,EC1,CETI23-293,0.3408043714812444,-2.865346215583054,-1.107593120056472
6,sharma2025_birth,EC1,CETI23-293,0.2408054166628139,0.651172006593838,-1.5202532367325938
6,sharma2025_birth,EC1,CETI23-293,0.2427690694327768,-1.1119065004945976,-2.198058549369006
6,sharma2025_birth,EC1,CETI23-293,0.2567540370241344,0.08656143961327756,-1.506530734281767
6,sharma2025_birth,EC1,CETI23-293,0.1807803045496997,0.9368169594579517,-1.1360656247136922
6,sharma2025_birth,EC1,CETI23-294,0.1797744922343948,0.9640520657911381,-1.0771667235388191
6,sharma2025_birth,EC1,CETI23-294,0.23525177115576,0.6880356200935548,-1.0982173314101251
6,sharma2025_birth,EC1,CETI23-294,0.244759915813474,-0.07790418303507401,-1.5187242519626727
6,sharma2025_birth,EC1,CETI23-294,0.2228856162597522,0.7250023434419068,-1.232587859085514
6,sharma2025_birth,EC1,CETI23-294,0.267481155504966,0.02610015177688846,-1.5188103765034406
6,sharma2025_birth,EC1,CETI23-294,0.2444973676340949,0.5115824397812645,-1.2718549406330442
6,sharma2025_birth,EC1,CETI23-294,0.2623120951493018,0.0881540101068922,-1.473644276047069
6,hersh2022_pacific,,38,0.2341626193025196,1.528019166481546,-0.45348902037912336
6,hersh2022_pacific,,38,0.4853926563507411,0.9201043582008329,0.8200720041037916
6,hersh2022_pacific,,38,0.2199512603381972,1.445765270218636,-0.5430452842764639
6,hersh2022_pacific,,68,0.2140136694835069,-0.06669782069964825,-1.0191374134432238
6,hersh2022_pacific,,68,0.2019718230912685,-0.2246945695636633,-1.0682028222283189
6,hersh2022_pacific,,68,0.2046050006985908,-0.16424904361720877,-1.024584965541358
6,hersh2022_pacific,,68,0.1778443387552392,-0.444591334127733,-1.0279391828224074
6,hersh2022_pacific,,236,0.1872014815017121,2.0511965104577947,-0.10134587249474974
6,hersh2022_pacific,,236,0.1798786770642679,1.9008718918014538,-0.30922693053845934
6,hersh2022_pacific,,236,0.2852539775516812,1.7778055676097588,0.33835173949670544
6,hersh2022_pacific,,65,0.9855188884763731,-14.36323894844159,-2.250272392394974
6,hersh2022_pacific,,65,0.2288537509785721,0.1134779307727137,-1.094234608253012
6,hersh2022_pacific,,65,0.1949359170577355,-0.30734149989911674,-1.0914984342121778
6,hersh2022_pacific,PO,54,0.1724851122724696,-2.6814267284131454,-0.6106775965622036
6,hersh2022_pacific,PO,54,0.2389212823538235,1.034413264872349,-0.4921559852371862
6,hersh2022_pacific,PO,54,0.1983181653166804,1.3541611214390317,-1.3710074427988137
6,hersh2022_pacific,REG,64,0.1813781023014328,-0.49213886277619934,-1.1235130320200792
6,hersh2022_pacific,REG,8,0.2358486515121637,0.28560986364082475,-1.110974725911539
6,hersh2022_pacific,REG,8,0.1745331183227624,-0.6366209490302723,-1.1968181001780076
6,hersh2022_pacific,REG,8,0.1938104754045611,-0.41451882267519147,-1.1197187786262852
6,hersh2022_pacific,REG,8,0.2333613423288234,0.3621620246434927,-1.0235414770565643
6,hersh2022_pacific,REG,8,0.2928714390264738,0.8234843920703275,-0.4486215050137776
6,hersh2022_pacific,SH,238,0.1910747593625787,-0.27839945687912837,-0.8000150585916491
6,hersh2022_pacific,SH,238,0.2689586623754024,1.4982420589534315,-0.27558170330148535
6,hersh2022_pacific,SH,238,0.1211194631170633,2.2212639664551865,-1.536751043862075
6,hersh2022_pacific,SH,238,0.1810628939503047,1.0773817312341831,-1.3703600503196207
6,hersh2022_pacific,RI,50,0.1721034821656926,-3.8211247738769134,-0.9535758805607166
6,hersh2022_pacific,RI,50,0.1963685547230123,-0.1716172374221111,-0.7689985606112071
6,hersh2022_pacific,PALI,232,0.2399040774414177,-0.052987480875799964,-2.0456120305536487
6,hersh2022_pacific,PALI,232,0.2441399555127482,-0.13207254652653888,-2.0627981454591398
6,hersh2022_pacific,RI,50,0.2208717691727404,0.1451689921589894,-0.8270356333889294
6,hersh2022_pacific,SH,14,0.1407557783285362,1.6281455310125916,-0.8504981898777915
6,hersh2022_pacific,SH,14,0.23639950534169,-0.2431775170774048,-1.3641001957884429
6,hersh2022_pacific,FP,230,0.1909936590266618,-0.5021697264499688,-0.22309198890920645
6,hersh2022_pacific,FP,230,0.2876578692307803,-1.7393667478153911,0.30918546739018604
6,hersh2022_pacific,FP,230,0.6955070473341498,-1.4790581333814026,1.448527783374447
6,hersh2022_pacific,FP,230,0.2040224130515632,1.2088884668859334,-0.7909934808580295
6,hersh2022_pacific,FP,230,0.507378175141526,0.12355317160720147,1.6825592760267667
6,hersh2022_pacific,FP,230,0.2884961052994234,0.024908405148826446,-0.9820259876396045
6,hersh2022_pacific,FP,230,0.402010978979956,0.8971490277375597,2.003188085571725
6,hersh2022_pacific,FP,230,0.3883258087388428,1.1253968978626605,1.741997872361861
6,hersh2022_pacific,FP,230,0.2267962497331462,0.1458216309920223,-0.9793205545482163
6,hersh2022_pacific,FP,230,0.1758249802133348,-0.7458731379800551,-1.3904168135317656
6,hersh2022_pacific,SI,55,0.2022970724597756,-0.49819430242297935,0.1569049063625787
6,hersh2022_pacific,SH,243,0.1598884273577876,2.352292633114322,-0.30145262534171324
6,hersh2022_pacific,REG,62,0.2415019376827936,0.2576792287627506,-1.137132661705318
6,hersh2022_pacific,REG,62,0.1777140707620435,-0.6241104630216738,-1.197060328480783
6,hersh2022_pacific,REG,48,0.2323622053113178,0.1507006121489576,-0.9995176158884296
6,hersh2022_pacific,REG,48,0.2138450737789559,-0.18582018659114455,-0.9944184885735462
6,hersh2022_pacific,REG,48,0.1907041590553798,-0.3136520590337252,-0.9955030379056764
6,hersh2022_pacific,REG,47,0.1858502950430447,-0.4754339327575759,-1.1069212744086934
6,hersh2022_pacific,REG,47,0.1726416884085127,-0.5172234105498447,-0.9962705903263784
6,hersh2022_pacific,REG,47,0.1733472164419832,-0.5942044385299088,-1.140138821635685
6,hersh2022_pacific,REG,47,0.187943295419017,-0.3936615875132712,-1.1253836527602812
6,hersh2022_pacific,REG,21,0.1767857199520294,-0.526003121230283,-1.0898592022299753
6,hersh2022_pacific,SH,244,0.1312404623150571,1.9356860413666288,-0.7271041531162781
6,hersh2022_pacific,SH,244,0.1350680636423163,1.7070529514830246,-0.9165478805202153
6,hersh2022_pacific,SH,244,0.1206567378339633,1.897896642613149,-0.8376856060251936
6,hersh2022_pacific,SH,244,0.1230773544416738,2.0443157320187657,-0.5820369316456336
6,hersh2022_pacific,SH,244,0.2436184616130044,0.8025283329866626,-1.8617715972951348
6,hersh2022_pacific,REG,4,0.2102497488960935,0.005126939428084537,-0.8926575826031649
6,hersh2022_pacific,REG,4,0.222832391586858,0.3792396795771742,-1.2307900714104885
6,hersh2022_pacific,REG,4,0.2157158287921111,-0.016692706356431053,-1.0048089968172222
6,hersh2022_pacific,SH,235,0.2839063177700913,2.2609185982269966,0.28369504252604916
6,hersh2022_pacific,SH,235,0.3637036130920774,1.145833114491907,1.3272527628843993
6,hersh2022_pacific,SH,241,0.2615847916773298,1.1646043572510496,-0.23851388387910036
6,hersh2022_pacific,SH,241,0.141919661040089,2.03340825302275,-0.7458319857863818
6,hersh2022_pacific,PO,43,0.322802346068439,-2.8349279352540995,0.8520879998907336
6,hersh2022_pacific,PO,43,0.3736624301850079,-1.47814506719297,0.05252527083559533
6,hersh2022_pacific,SH,229,0.2172638106251752,0.4160409133796394,-1.2486784990480166
6,hersh2022_pacific,SH,229,0.2816266714492021,-3.9732473872560616,-1.3928871193772399
6,hersh2022_pacific,SH,229,0.1584330418028847,1.7459677916252356,-0.65466877330145
6,hersh2022_pacific,SH,229,0.1759437376244322,1.7918551660738127,-0.5031504974513251
6,hersh2022_pacific,SH,229,0.169381418680387,1.298751583385585,-0.8665539636336206
6,hersh2022_pacific,SH,229,0.2002186616296541,2.1256622192556893,-0.17568971145287748
6,hersh2022_pacific,SH,229,0.1511581326333021,2.291584587210275,-0.38651199860624585
6,hersh2022_pacific,SH,237,0.2572908048752272,0.9131827834927243,-0.7734044886056167
6,hersh2022_pacific,SH,237,0.4378593853021069,-3.342297979675627,-3.271032881632829
6,hersh2022_pacific,SH,237,0.2334613919978508,0.5400055504333517,-1.6965301529387167
6,hersh2022_pacific,SH,237,0.1898179426345421,0.8532649333353848,-1.6271510828550855
6,hersh2022_pacific,SH,223,0.1888334556416233,-0.5357138445809997,-0.36684746419601716
6,hersh2022_pacific,SH,223,0.2335701677440311,0.24955137093300242,-0.23620405914931153
6,hersh2022_pacific,SH,223,0.197027699898184,-0.3409864733660789,-0.21783746332327564
6,hersh2022_pacific,SH,223,0.3034323614200551,0.39598605131974984,-0.41244766803295957
6,hersh2022_pacific,SH,223,0.448253718767335,2.189932985711837,1.8610393068576343
6,hersh2022_pacific,REG,102,0.1823324553693599,-0.43121592551337373,-1.0092756779776249
6,hersh2022_pacific,REG,37,0.1769048171356442,-0.4988885539737806,-1.0044652815710826
6,hersh2022_pacific,PALI,234,0.2598505378386012,-0.3321716311145572,-2.166334888637041
6,hersh2022_pacific,PALI,234,0.1694179923379541,1.3663785386563658,-0.9548533560762908
6,hersh2022_pacific,REG,27,0.1879843092939437,-0.3774979270954271,-1.0612380280412934
6,hersh2022_pacific,REG,27,0.1949387772942056,-0.3240147327431577,-1.0797204856672562
6,hersh2022_pacific,FP,224,0.3096585027973244,2.8218271496285197,0.5423083992235175
6,hersh2022_pacific,FP,224,0.4133991713716019,0.2787754503427641,1.9082329465471302
6,hersh2022_pacific,FP,224,0.4349478957957023,1.0988036828543866,1.8802487573301394
6,hersh2022_pacific,FP,224,0.4525267052109415,1.0823007013218888,2.008191121420782
6,hersh2022_pacific,FP,224,0.4401775785936195,1.0984227666411015,1.8394630088417208
6,hersh2022_pacific,FP,224,0.4239592700363632,0.9957286697049605,1.8159468227151345
6,hersh2022_pacific,FP,224,0.4113642265661816,1.0387519927240323,1.721402322605086
6,hersh2022_pacific,FP,224,0.4317521376717827,1.1346007610274476,1.7366698354956023
6,hersh2022_pacific,FP,224,0.4035603239288853,1.7935146253181116,1.5438902877822618
6,hersh2022_pacific,FP,224,0.3310759925896599,-1.6289164532748792,0.9454190341793163
6,hersh2022_pacific,FP,224,0.2966848911685196,-1.9590922327994442,0.8057599206929396
6,hersh2022_pacific,FP,224,0.3310823313059153,-1.9260456430913353,1.093154435729459
6,hersh2022_pacific,FP,224,0.3897060965405473,-2.2786914114639285,1.3236560581958525
6,hersh2022_pacific,FP,224,0.326720145400482,-2.0705961331393508,1.221725849290025
6,hersh2022_pacific,RI,226,0.2722372511862027,0.7035994367348242,-0.05916611047275355
6,hersh2022_pacific,RI,226,0.3777714612868576,1.1560192639325695,0.822628478159378
6,hersh2022_pacific,RI,226,0.1807700012636786,-0.654319992348406,-0.23285531345551064
6,hersh2022_pacific,RI,226,0.3710893081700872,-1.9583497543879542,1.3689474806068351
6,hersh2022_pacific,FP,76,0.4087579132869444,0.9262971048676253,1.7505953221070265
6,hersh2022_pacific,FP,76,0.3809288986643297,-1.2399928105613358,1.606000499730444
6,hersh2022_pacific,FP,76,0.3275640430809793,-0.5830247478626929,1.2581883283590667
6,hersh2022_pacific,FP,76,0.3736015962377336,-1.3887824859834943,1.4693442435228956
6,hersh2022_pacific,FP,76,0.3567955114622587,-1.4237816584749168,1.3856152651049523
6,hersh2022_pacific,FP,76,0.4350782697898634,1.155092804406942,1.7218544076038036
6,hersh2022_pacific,FP,76,0.36507028375913,-1.1271748634156977,1.543089869797651
6,hersh2022_pacific,FP,76,0.4339422560096004,1.360762807789548,1.645397092200413
6,hersh2022_pacific,FP,76,0.3771275190840803,-1.390263135428286,0.912064221095364
6,hersh2022_pacific,FP,76,0.2590680441697478,-1.6043740123192662,0.7937793897876575
6,hersh2022_pacific,FP,76,0.3549314745385589,-1.7108746511530475,1.1960606687196373
6,hersh2022_pacific,FP,76,0.3467274137799204,-0.8272892989153624,1.3033149000669872
6,hersh2022_pacific,FP,76,0.3598056326251947,-0.6629303073363229,1.4363591873760062
6,hersh2022_pacific,FP,76,0.3272635336470787,-1.1973149636649199,1.1501669097165417
6,hersh2022_pacific,FP,76,0.3310218974584928,-0.7672193324339993,1.1764406098267157
6,hersh2022_pacific,FP,76,0.383246024740571,0.48707169396456407,1.6855227309328675
6,hersh2022_pacific,FP,76,0.4109222013633788,1.0219037431498852,2.0411096335730776
6,hersh2022_pacific,FP,76,0.4262274850976184,1.3260081023958312,1.921357370259254
6,hersh2022_pacific,FP,76,0.4506043429271085,1.7657754182652399,1.443096279906709
6,hersh2022_pacific,FP,76,0.4661281791698883,1.8412963397360416,1.6600303597818835
6,hersh2022_pacific,FP,76,0.4625753971349002,1.8924615876086344,1.579995376861191
6,hersh2022_pacific,FP,76,0.4682411618067914,1.6139126264246262,1.4575656669867274
6,hersh2022_pacific,FP,76,0.4127908486868519,0.8313796514273288,1.8088420258389322
6,hersh2022_pacific,FP,76,0.414964365429469,0.9935921233865143,1.7731680274865211
6,hersh2022_pacific,FP,76,0.340744714542985,-2.04406321826748,1.086379235819103
6,hersh2022_pacific,FP,76,0.3605209745765036,-1.600921080116029,1.3802901844795727
6,hersh2022_pacific,FP,76,0.4295799965306147,1.5668698047822274,1.590041031849308
6,hersh2022_pacific,FP,76,0.3596764736130634,-1.9404623069282518,1.2828429109472324
6,hersh2022_pacific,REG,12,0.1743659639949646,0.9623884782223924,-1.187523384740831
6,hersh2022_pacific,REG,12,0.242380661940824,0.14076182130487946,-1.2037464211015827
6,hersh2022_pacific,REG,12,0.2333914272501358,0.039318299764350306,-1.118389009541216
6,hersh2022_pacific,REG,13,0.4119605067006056,1.5421575001704164,0.8862198737471859
6,hersh2022_pacific,REG,13,0.3963659799027955,0.9082361996851361,1.4864855691796253
6,hersh2022_pacific,REG,13,0.1825774325704157,-0.3884746435404419,-0.7360232128632332
6,hersh2022_pacific,REG,13,0.2109710281598178,-0.12390663737323082,-1.0406173827852154
6,hersh2022_pacific,REG,13,0.2156020912529871,-0.07067457310263373,-1.0668167562445274
6,hersh2022_pacific,REG,13,0.2311169915293052,0.07363852095082449,-1.0563316684851916
6,hersh2022_pacific,REG,101,0.1906048228950945,-0.3992658826291142,-1.111696758307294
6,hersh2022_pacific,REG,101,0.1947724003490639,-0.26838439272492365,-0.975374701916571
6,hersh2022_pacific,REG,101,0.2204266761279802,0.42159101855279973,-1.1616070072701807
6,hersh2022_pacific,REG,101,0.2271924826847981,-0.20520460001842417,-1.317830568776315
6,hersh2022_pacific,PO,23,0.3386942744372737,1.3826965345514581,0.43323043326910526
6,hersh2022_pacific,PO,23,0.1664738930750187,1.1739006567440755,-0.9982782814823743
6,hersh2022_pacific,PO,23,0.1506688789664774,1.3720689960802301,-0.9696842841053559
6,hersh2022_pacific,PO,23,0.169515250614793,1.1662069203376386,-0.9974623504312907
6,hersh2022_pacific,PO,23,0.380627744658684,1.4280724768353423,0.5805942799466297
6,hersh2022_pacific,PO,41,0.2214049817322102,0.5597452206416832,-1.0524680393154697
6,hersh2022_pacific,REG,108,0.1966510593354025,-0.23759047032330705,-1.057281304110361
6,hersh2022_pacific,REG,108,0.2042458810570749,-0.19106982047345306,-1.0573222052749607
6,hersh2022_pacific,REG,108,0.1826642646156789,-0.4508113456873253,-1.0696801487825378
6,hersh2022_pacific,REG,39,0.4456135040430183,-2.6567604289984197,1.2938716030716746
6,hersh2022_pacific,REG,39,1.2328769427439528,-17.697640416875153,-2.948182118426523
6,hersh2022_pacific,REG,39,0.1704713922243688,1.2164920829079506,-0.9624802033983442
6,hersh2022_pacific,REG,39,0.1800477675270298,-0.4670942140644539,-1.0764843257097452
6,hersh2022_pacific,REG,39,0.2367358468599174,0.08765007787342563,-1.1308589980830481
6,hersh2022_pacific,REG,39,0.2296167379952663,-0.10436001778212331,-1.2454383119144319
6,hersh2022_pacific,PO,44,0.2139921216129827,-0.9984438107991171,0.12898451364740648
6,hersh2022_pacific,PO,44,0.1777607981153074,-0.7257606303152262,-1.225897281747698
6,hersh2022_pacific,REG,10,0.2347393406863254,0.3575977243408108,-1.0253545750005026
6,hersh2022_pacific,REG,10,0.2299470070238544,-0.05759721494052192,-1.2159395045179355
6,hersh2022_pacific,REG,10,0.1771801289786758,-0.570529815500918,-1.157982143810931
6,hersh2022_pacific,REG,6,0.2427967091856532,0.312898476279571,-1.0101294942544725
6,hersh2022_pacific,REG,6,0.2630989844721438,-0.32279201825952114,-0.26840250161378926
6,hersh2022_pacific,REG,6,0.2370103886288076,0.2277079958723978,-1.2334367157436363
6,hersh2022_pacific,REG,67,0.2148039879847531,-0.08234749219871063,-1.1615399884690607
6,hersh2022_pacific,SH,220,0.2508803388682259,0.9649301934105146,-0.28854274346565784
6,hersh2022_pacific,SH,220,0.2667389904601616,0.47867644951374533,0.2724576914527547
6,hersh2022_pacific,REG,7,0.2131467610653781,-0.11404415547967686,-1.0633662457693607
6,hersh2022_pacific,REG,7,0.1735986106205283,-0.5750553493247264,-1.117031734330372
6,hersh2022_pacific,REG,7,0.2254184377111244,0.09104421805193436,-1.062298207524047
6,hersh2022_pacific,REG,7,0.1862123106944166,-0.38426091748662855,-1.0500174383209189
6,hersh2022_pacific,REG,7,0.2053620566847626,-3.111577769168096,-1.750012033175068
6,hersh2022_pacific,REG,7,0.1912880959473664,-0.3738329067790695,-1.108788550326246
6,hersh2022_pacific,PO,56,0.1709657719630628,-2.4672063626896548,-0.28386654918223536
6,hersh2022_pacific,PO,56,0.1182707254117547,2.339489681610537,-0.8068875721177974
6,hersh2022_pacific,PO,56,0.1833918168577869,-0.33276059695537474,-0.6886750750311558
6,hersh2022_pacific,REG,33,0.196835438814502,0.8833188394091807,-0.961964875485584
6,hersh2022_pacific,REG,33,0.1955916537084918,-0.28271677987931765,-1.0556623867122141
6,hersh2022_pacific,REG,33,0.2225914409780884,0.4591427908223969,-1.0948965733234899
6,hersh2022_pacific,REG,33,0.2073484743898739,0.6537186272480145,-1.053518534562071
6,hersh2022_pacific,FP,228,0.4633624718229524,-0.2254302393130596,0.73751518586226
6,hersh2022_pacific,FP,228,0.2181865294835774,0.8975531266728871,-0.9748314345418273
6,hersh2022_pacific,FP,228,0.2420145771005106,-0.8967061853373806,-0.5761796276430036
6,hersh2022_pacific,FP,228,0.3265137999160931,0.6086129545395325,-0.7715690236720054
6,hersh2022_pacific,FP,228,0.1923858622613276,-1.3238813975332968,-1.539524972014684
6,hersh2022_pacific,FP,228,0.2347233483700381,1.2728038417690788,-0.9847099008176641
6,hersh2022_pacific,FP,228,0.209022080206249,1.2223969216450068,-0.8763092799244225
6,hersh2022_pacific,FP,228,0.1900483518934448,2.955124360000492,-0.02853579440269094
6,hersh2022_pacific,FP,228,0.3913480223006138,-0.09638294329160252,0.7143738482712576
6,hersh2022_pacific,FP,228,0.3668576063276084,-2.7266889476343636,1.2789853870905625
6,hersh2022_pacific,FP,228,0.2406435082318326,0.02460290681696292,-1.2415906456145351
6,hersh2022_pacific,FP,228,0.2702325411031532,-0.433546255168283,-0.9417326740894494
6,hersh2022_pacific,REG,49,0.1917947239958946,-0.34189524570228735,-1.0718906126069343
6,hersh2022_pacific,REG,49,0.1894960568970422,-0.429719965694293,-1.1446360229467518
6,hersh2022_pacific,REG,49,0.2129090513638661,-0.07618740702833979,-1.0138362611797953
6,hersh2022_pacific,REG,3,0.1515274903044937,1.4011292850360744,-0.9468283972055034
6,hersh2022_pacific,REG,3,0.234898374889644,0.2992112210637857,-0.8958692838168392
6,hersh2022_pacific,REG,3,0.1964492995937383,-0.3489555743868189,-1.1277069416819607
6,hersh2022_pacific,REG,3,0.2283898628990557,0.22000381587702003,-0.8664789379296647
6,hersh2022_pacific,REG,3,0.2130120460971918,-0.047552664811325474,-1.0338768728040595
6,hersh2022_pacific,SH,45,0.1909228931656729,-0.6139547800419161,-0.20068056627181005
6,hersh2022_pacific,SH,45,0.4218633608814044,1.5458502294264709,1.299490067929188
6,hersh2022_pacific,SH,45,0.2419506208697449,1.326881396423307,-0.1966737928892816
6,hersh2022_pacific,SH,45,0.2033644260603845,2.223338169928482,0.10391823967886987
6,hersh2022_pacific,SH,45,0.248276115940807,0.00996603226574326,0.10789195291902318
6,hersh2022_pacific,SH,45,0.2940625075510466,0.5521843174109089,-0.0054581454449630085
6,hersh2022_pacific,SH,45,0.1721344741643762,-1.8557565861789136,-0.1950432712520111
6,hersh2022_pacific,PALI,219,0.1604927534832586,3.283318361494517,0.22712553551898262
6,hersh2022_pacific,PALI,219,0.177045965638689,1.0380536957273307,-1.4208311848668371
6,hersh2022_pacific,PALI,219,0.1345519695377317,2.6633555118586685,-0.3464078018408544
6,hersh2022_pacific,REG,29,0.1826713811465135,-0.49601391781085785,-1.0552749893182176
6,hersh2022_pacific,REG,29,0.2024026068810225,0.7021465764448791,-1.0928325269351826
6,hersh2022_pacific,REG,29,0.1862417554231842,-0.444466016950366,-1.0908633760517137
6,hersh2022_pacific,REG,29,0.1750190692309053,-0.7716361139683868,-1.3758590525804983
6,hersh2022_pacific,REG,29,0.1712353397768179,-0.5976355596594409,-1.072715565827604
6,hersh2022_pacific,PALI,218,0.1308370036789145,2.232847033483056,-0.5675088423276295
6,hersh2022_pacific,PALI,218,0.1470689722224356,2.0731475286975853,-0.5188423025302223
6,hersh2022_pacific,PALI,218,0.1207738343004637,2.108246137630673,-0.7131392875940125
6,hersh2022_pacific,PO,52,0.3321915770097782,-3.6638346942714795,0.3275187261132554
6,hersh2022_pacific,PO,52,0.2476344550939475,-2.4665230356780903,0.12800301378150702
6,hersh2022_pacific,PO,52,0.17981299325848,1.6457648461715308,-0.7283426816348686
6,hersh2022_pacific,PO,52,0.1797083198859849,-2.0325066420747384,-0.31908208771100843
6,hersh2022_pacific,PO,52,0.1816626433652566,-2.5503547105303532,-0.24884385937416936
6,hersh2022_pacific,PO,52,0.1843427754972636,-0.491281847958952,-1.224791625495417
6,hersh2022_pacific,PO,52,0.2503863502022159,-4.389862930506858,-0.9541785052028915
6,hersh2022_pacific,PO,52,0.2543362322521969,-2.2434558359599515,0.5733618214375595
6,hersh2022_pacific,PO,46,0.1715456078784152,-0.44746420314528496,-0.7048350896123645
6,hersh2022_pacific,PO,46,0.1700697184776687,-0.4342893250111998,-0.6810736899224246
6,hersh2022_pacific,PO,46,0.1864646519885153,-0.4755042245979725,-0.9073522352265405
6,hersh2022_pacific,PO,46,0.1484362257033729,1.2964193020872028,-1.179094470408686
6,hersh2022_pacific,PO,46,0.1887802524813824,1.19562206966477,-0.8768627092591701
6,hersh2022_pacific,PO,46,0.1846273345591614,-1.0650579496403965,-0.26589792427556747
6,hersh2022_pacific,PO,46,0.1513765108644246,1.3778364647144077,-1.0784360188955884
6,hersh2022_pacific,PO,46,0.2005962027853891,-0.07293487761148032,-0.5069882921467034
6,hersh2022_pacific,PO,46,0.2652527000631146,0.4987172349895802,0.09368586186501812
6,hersh2022_pacific,PO,46,0.1847642953531031,-0.3255778496834518,-0.7118428634401278
6,hersh2022_pacific,PO,46,0.1592445416391932,2.1063343293275802,-0.48484687920413905
6,hersh2022_pacific,PO,46,0.1863109648613793,-0.6948074159235634,-0.05970835074518803
6,hersh2022_pacific,PO,46,0.1192834033915859,1.6295138921697505,-1.123386293802448
6,hersh2022_pacific,SH,9,0.2703209033207289,0.48585866029618624,0.06652934319786238
6,hersh2022_pacific,FP,58,0.3538764356395855,-2.165454805127575,0.9827292317865095
6,hersh2022_pacific,FP,58,0.3570063230086006,-2.426620704489922,0.9440401137380677
6,hersh2022_pacific,FP,58,0.3249002397582042,-2.282932161650847,0.9942779649830124
6,hersh2022_pacific,FP,58,0.3226811741339596,-2.1773260333410533,0.9484732698783319
6,hersh2022_pacific,FP,58,0.3190047282036014,-2.0350000288171297,0.9228033635549562
6,hersh2022_pacific,FP,58,0.3462320404301183,-2.0323031122081145,1.1017824770502114
6,hersh2022_pacific,FP,58,0.3348954100602344,-2.452831784388895,1.0646668997257622
6,hersh2022_pacific,FP,58,0.3221777551494966,-2.0703720353939246,0.9804934760104097
6,hersh2022_pacific,FP,58,0.3583730101977506,-1.052100600925887,1.396724505504276
6,hersh2022_pacific,FP,58,0.3314540124783939,-2.5990570236915898,0.8615910040510582
6,hersh2022_pacific,FP,58,0.341113249775637,-1.7414024880544354,1.0719265881160764
6,hersh2022_pacific,FP,58,0.3282685221353902,-1.9485613404374331,1.036699740440775
6,hersh2022_pacific,FP,58,0.306716939392367,-1.7415157785267958,0.820491354085177
6,hersh2022_pacific,FP,58,0.3483829924133924,-3.3541473004950864,0.530765886594342
6,hersh2022_pacific,FP,58,0.3299812139611405,-2.801418377133942,0.7521916164824775
6,hersh2022_pacific,FP,58,0.3449410268061258,-2.547023880825818,0.9574168927867112
6,hersh2022_pacific,FP,58,0.3056110386695874,-1.3609358709443673,1.0792089990370544
6,hersh2022_pacific,FP,58,0.3593407775679322,-2.6022219760275815,0.8966736669027957
6,hersh2022_pacific,FP,58,0.3336027303078301,-2.274519754809521,0.7529840543369165
6,hersh2022_pacific,FP,58,0.3400941418826156,-2.35412712977229,1.0017026885363758
6,hersh2022_pacific,FP,58,0.3367219022613265,-2.065377276664442,0.9062773742846505
6,hersh2022_pacific,FP,58,0.3455160481588921,-2.278979798173839,0.8122255373704873
6,hersh2022_pacific,FP,58,0.2805317525020993,-2.0707569231770946,0.33149853276448166
6,hersh2022_pacific,FP,58,0.3360584010650302,-1.4818676148220873,1.1498970101918937
6,hersh2022_pacific,FP,58,0.2287756841012037,-1.6908148022628833,-2.1606415143562065
6,hersh2022_pacific,FP,58,0.3320687921324773,-1.4188848574115964,1.190619161942641
6,hersh2022_pacific,FP,58,0.311082556456334,-1.7362668707831501,1.0438462960745707
6,hersh2022_pacific,FP,58,0.3796929194472139,0.513729024714138,1.7108157891077378
6,hersh2022_pacific,FP,58,0.310341306099521,-1.7282660161220162,0.9679185937071129
6,hersh2022_pacific,FP,58,0.320941781758616,-2.0978134730277773,0.8084382821854939
6,hersh2022_pacific,FP,58,0.3884914804670582,0.1980892517149007,1.7775093652665575
6,hersh2022_pacific,FP,58,0.3366510880314343,-1.8669819747201581,1.2618550577964611
6,hersh2022_pacific,FP,58,0.3193880495069289,-1.8136530955485837,1.0423628812770014
6,hersh2022_pacific,FP,58,0.3611362866599234,-0.7243422661550918,1.5254799988677625
6,hersh2022_pacific,FP,58,0.3911966415029116,0.5285949947343141,1.7222956611681797
6,hersh2022_pacific,FP,58,0.305606898913276,-1.8612859180585752,0.8843766611910714
6,hersh2022_pacific,FP,58,0.3600729819279998,-0.697284280008905,1.5008302966201807
6,hersh2022_pacific,FP,58,0.5796849593945345,2.0427949186224073,1.525484981689217
6,hersh2022_pacific,FP,58,0.3442630770145775,-3.095272481049426,0.5986806733143419
6,hersh2022_pacific,FP,58,0.3188372713032861,-2.5470075271730654,0.7692542994569683
6,hersh2022_pacific,FP,58,0.3434864156392437,-2.4492431677615123,0.8459508950527275
6,hersh2022_pacific,FP,58,0.3412569150199713,-2.5759277782416974,0.8786583021399734
6,hersh2022_pacific,FP,58,0.3471928238722448,-2.6045086928986083,0.9989101647745449
6,hersh2022_pacific,FP,58,0.5272418592280765,-4.365755308054133,1.7295057920733337
6,hersh2022_pacific,FP,58,0.3723290014783132,-3.491922185832576,0.7037072358709046
6,hersh2022_pacific,FP,58,0.3235283967038115,-3.1559329886419887,0.6088360283245223
6,hersh2022_pacific,FP,58,0.4661295875804014,-3.2831062213912414,1.835420025661426
6,hersh2022_pacific,FP,58,0.4082431963842556,-2.973016314656531,1.3794547010858267
6,hersh2022_pacific,FP,59,0.4013677027069243,0.622961342122673,1.6259534378516969
6,hersh2022_pacific,FP,59,0.4067498897603939,1.030218033327034,1.6994164662698559
6,hersh2022_pacific,FP,59,0.4210311714407238,0.5889746329059604,1.9789020313642267
6,hersh2022_pacific,FP,59,0.3175740297690228,0.8968974324119589,1.1023343751124057
6,hersh2022_pacific,FP,59,0.3984848570184071,0.36618615703075014,1.9627201846178197
6,hersh2022_pacific,FP,59,0.3970845517468128,0.8913301088921568,1.659083126577539
6,hersh2022_pacific,FP,59,0.4062214345742186,0.8071092101997568,1.779987941874424
6,hersh2022_pacific,FP,59,0.4030151110382807,0.7717699670725381,1.6944127989206943
6,hersh2022_pacific,FP,59,0.404746118542593,1.1286463241632327,1.5061876398633143
6,hersh2022_pacific,FP,59,0.3798501601759068,0.43568454557964503,1.4535110479548117
6,hersh2022_pacific,FP,59,0.4134247306794843,1.3241528605902602,1.7638904843242393
6,hersh2022_pacific,FP,59,0.4025094944102664,1.3370614964644127,1.591826188282822
6,hersh2022_pacific,FP,59,0.3686775082195256,-1.1918778053893977,1.567274475806482
6,hersh2022_pacific,FP,59,0.2867147522221452,-1.772413647697568,0.8437706529417435
6,hersh2022_pacific,FP,59,0.3610144262792812,1.465577413150322,1.2886963066573958
6,hersh2022_pacific,FP,59,0.3988478195720897,1.0133248566975561,1.5351244861839026
6,hersh2022_pacific,FP,59,0.4003372912226918,1.1130390576557299,1.5962909855706338
6,hersh2022_pacific,FP,59,0.3381034772807019,-1.6451849926938995,1.203600578800309
6,hersh2022_pacific,FP,59,0.3497869048104082,-1.8305335545141963,1.3467168848189348
6,hersh2022_pacific,FP,59,0.3242621330025786,-1.77363685869341,1.0398416089912634
6,hersh2022_pacific,FP,59,0.3663144626857891,-0.941955801952634,1.557076524830011
6,hersh2022_pacific,FP,59,0.4095081911333891,-0.6844131318451323,1.9219764197590623
6,hersh2022_pacific,FP,59,0.3722952692353453,-1.2135797015187841,1.5012194137712924
6,hersh2022_pacific,FP,59,0.3684242782787975,-1.5757938560425968,1.3921794221590682
6,hersh2022_pacific,FP,59,0.3695647083269825,0.0038001014806987865,1.5893091147380245
6,hersh2022_pacific,FP,59,0.3793562004703143,-0.15152369509421187,1.6292084984902322
6,hersh2022_pacific,FP,59,0.3831799498543656,0.5348633157556095,1.6079854363927086
6,hersh2022_pacific,FP,59,0.3921704191222491,0.004322763272824243,1.8607138025458978
6,hersh2022_pacific,FP,59,0.3713273433739849,0.1542471946282337,1.568509471420259
6,hersh2022_pacific,FP,59,0.3728108284697957,0.7924197746047748,1.2216111535052696
6,hersh2022_pacific,FP,59,0.3731539793095029,1.003699070683329,1.292361792522766
6,hersh2022_pacific,FP,59,0.3762654442281026,0.5833206878328131,1.5791189002581194
6,hersh2022_pacific,FP,59,0.3919017565302519,0.9895613853334131,1.4751769469359102
6,hersh2022_pacific,FP,59,0.4002204417994315,0.5930530475003409,1.7389435210855053
6,hersh2022_pacific,FP,59,0.4050167480301737,0.5450545513706849,1.6965504820115425
6,hersh2022_pacific,FP,59,0.4082446616819023,0.8354494385637462,1.6702098258766536
6,hersh2022_pacific,FP,59,0.416080857406592,0.7653248621449094,1.696467538334418
6,hersh2022_pacific,FP,59,0.4089428640397755,0.3697797195886907,1.8017374850734087
6,hersh2022_pacific,FP,59,0.1901728381977481,-2.151809788881829,-2.2644306310384557
6,hersh2022_pacific,PALI,233,0.2632644901161182,0.7165091513151387,-0.7718151385354295
6,hersh2022_pacific,PALI,233,0.2036610888375841,1.8203151752057236,-0.3074390361540155
6,hersh2022_pacific,PALI,233,0.1738587749150421,0.8927492997142684,-1.5956756612896301
6,hersh2022_pacific,PALI,233,0.2652150105753374,0.3021228517297006,-0.6620947955497021
6,hersh2022_pacific,PALI,233,0.2765035776222384,0.46533122008027905,-0.656677565095597
6,hersh2022_pacific,PALI,233,0.2063424102989368,-2.629816927730337,-1.7276163395468616
6,hersh2022_pacific,PALI,233,0.1296502655922057,1.4388641805433602,-1.4396224424846107
6,hersh2022_pacific,PALI,233,0.1558016699907416,1.8198543473681483,-0.5896332275714511
6,hersh2022_pacific,PALI,233,0.1755592404436908,1.8012297763036003,-0.40012366931933946
6,hersh2022_pacific,PALI,233,0.1498914395638565,2.0361504272267004,-0.46189782752914954
6,hersh2022_pacific,PALI,233,0.1476463388642205,2.049420675510933,-0.48123359646146335
6,hersh2022_pacific,REG,17,0.2402841207736062,0.15736287214475092,-1.1732069964145007
6,hersh2022_pacific,REG,17,0.1920446738072577,-0.3355455863149615,-1.0692737005123838
6,hersh2022_pacific,REG,17,0.1948552909835994,-0.3681826152597034,-1.1364330516488244
6,hersh2022_pacific,REG,17,0.1840184609342272,-0.41999649272653544,-1.0478824893986576
6,hersh2022_pacific,REG,17,0.1999400441710193,-0.18671980447246342,-0.9791870211241946
6,hersh2022_pacific,REG,17,0.2224283811158003,-0.062339012947933314,-1.1864109128914353
6,hersh2022_pacific,PO,53,0.1745375331412973,-1.2289396828674455,-0.30042552670511896
6,hersh2022_pacific,PO,53,0.1984054192517994,-1.0710274831119297,-0.23961898811275933
6,hersh2022_pacific,PO,53,0.2123337087716983,0.5762393290166316,-1.2245396700963234
6,hersh2022_pacific,PO,53,0.2320304058185116,0.2582090275566774,-0.9125570663231006
6,hersh2022_pacific,PO,53,0.2092933225478279,-1.4718021084860151,-0.2938150818500172
6,hersh2022_pacific,PO,53,0.5248433925087789,-2.1911627540781384,1.3922549765200347
6,hersh2022_pacific,PO,53,0.1756256922365202,-1.7058544232321275,-0.43369090248115033
6,hersh2022_pacific,PO,53,0.1781699722019747,-1.617014785718974,-0.3304211444085327
6,hersh2022_pacific,PO,53,0.1790088730406631,-1.75463741377548,-0.348937456283345
6,hersh2022_pacific,PO,53,0.187327640549534,-1.5837549094314118,-0.3237768336894388
6,hersh2022_pacific,PO,53,0.1789132487117755,-2.7729845333016665,-0.4371625533636469
6,hersh2022_pacific,PO,53,0.1854450939069403,-2.6229309215738996,-0.4466463250952069
6,hersh2022_pacific,PO,53,0.1919757318629184,-2.5461875198278476,-0.4452930529362572
6,hersh2022_pacific,REG,105,0.1915587854134581,-0.3188769741389199,-1.0237209906903106
6,hersh2022_pacific,REG,105,0.1985561689629874,-0.3032560905361128,-1.129824960718992
6,hersh2022_pacific,REG,105,0.2419386425005309,-0.027332870589079905,-1.5642786915988771
6,hersh2022_pacific,REG,105,0.1923978453050723,-0.3488135156374157,-1.0571900649638266
6,hersh2022_pacific,PO,53,0.4013498094327775,1.8596875814257363,0.6540696643961736
6,hersh2022_pacific,REG,36,0.2109759303703576,0.6895674217766143,-0.9189709662043399
6,hersh2022_pacific,REG,36,0.2277401557951417,0.37650707478079604,-1.1162456333049968
6,hersh2022_pacific,REG,36,0.2126355568930381,0.6020222412574285,-1.027496831191186
6,hersh2022_pacific,REG,36,0.21450596253405,0.5159517135822932,-1.1967912372510927
6,hersh2022_pacific,REG,36,0.2367673527763511,0.12544892016776316,-1.0644532378429075
6,hersh2022_pacific,REG,36,0.2219109383954001,-0.015650018070711536,-1.081464121458806
6,hersh2022_pacific,REG,36,0.2405924960811784,0.12965081009764765,-1.159382570370839
6,hersh2022_pacific,REG,36,0.1877089585974415,-0.43283638489831544,-1.1441945774229123
6,hersh2022_pacific,REG,36,0.1821004343035922,-0.4863193187711996,-1.1259117547021233
6,hersh2022_pacific,REG,36,0.2185274694720447,-0.07660543255067889,-0.927684785543254
6,hersh2022_pacific,REG,36,0.2062790110371204,-0.2739487615903746,-1.1665513759607247
6,hersh2022_pacific,PALI,213,0.257377673778272,0.8336030789576824,-0.521451693332226
6,hersh2022_pacific,PALI,213,0.2500028680959432,1.3452582632583976,-0.25272283008744356
6,hersh2022_pacific,RI,103,0.3470872164690649,1.1543615897372967,0.5001602057571599
6,hersh2022_pacific,REG,60,0.2460531776153715,0.0002809622352435426,-1.3951705483980352
6,hersh2022_pacific,REG,60,0.2311038339906837,-0.2708258573744054,-1.5047446365624557
6,hersh2022_pacific,REG,60,0.2384029084980901,0.06894548521308788,-0.6670688796616849
6,hersh2022_pacific,REG,60,0.2705130454670979,-1.4741267076624833,-2.0287720577049875
6,hersh2022_pacific,REG,60,0.2324263408794988,0.4183276040149595,-1.055429310383323
6,hersh2022_pacific,REG,60,0.289764595015984,0.5404307474895504,-1.6483639636345475
6,hersh2022_pacific,REG,60,0.2167681662567658,0.5224495212245275,-1.0926647546836308
6,hersh2022_pacific,REG,60,0.1907767864144091,0.8360771417224282,-1.040785932321324
6,hersh2022_pacific,REG,60,0.234145642396418,0.19322395105308998,-1.0167059518191872
6,hersh2022_pacific,REG,60,0.1703657063810882,1.5103785485417092,-0.6474873175357994
6,hersh2022_pacific,REG,60,0.1812751182842556,1.2146237776276534,-0.7679993920761923
6,hersh2022_pacific,REG,60,0.1906583539155087,0.9967579778002681,-0.8780878030082866
6,hersh2022_pacific,FP,57,0.1737476622458889,-3.9874347566353254,-1.8139435157098958
6,hersh2022_pacific,FP,57,0.1792784297925415,-4.449542245303115,-1.9470051804038182
6,hersh2022_pacific,FP,57,0.4076210927926451,1.043159197949356,1.673798120383391
6,hersh2022_pacific,FP,57,0.4120402295772743,1.3041319310719708,1.4987407853599755
6,hersh2022_pacific,FP,57,0.4186451980227824,1.212494853433521,1.79238643950498
6,hersh2022_pacific,FP,57,0.4146978284296762,1.088132809895743,1.7847102526419214
6,hersh2022_pacific,FP,57,0.3221678895541768,-0.6047053587516679,1.246982519548746
6,hersh2022_pacific,FP,57,0.3441982104925633,-0.6221053820196486,1.3132857424785276
6,hersh2022_pacific,FP,57,0.3821759038520874,0.5371167798155352,1.591540072770686
6,hersh2022_pacific,FP,57,0.3650980494262402,-0.3948050969937158,1.5063177615793135
6,hersh2022_pacific,FP,57,0.3134316913637158,-1.5402810060473795,1.0960177274131033
6,hersh2022_pacific,FP,57,0.2999807256535519,-1.4046014991304254,0.9665394878306113
6,hersh2022_pacific,FP,57,0.2896482064709221,-1.2627055168762435,0.9369365063377402
6,hersh2022_pacific,FP,57,0.1770765302002089,-4.34227316608549,-2.024996374164568
6,hersh2022_pacific,REG,15,0.1878276583843656,-0.4213113598769118,-1.0756981625360975
6,hersh2022_pacific,REG,15,0.2339372844850383,0.4120945732520866,-0.9689250607639249
6,hersh2022_pacific,REG,15,0.212360728114213,-0.06555008286407474,-1.0171626624958277
6,hersh2022_pacific,REG,61,0.1879817232115246,-0.41564310543945027,-1.1164666406809791
6,hersh2022_pacific,REG,61,0.2185604452224084,-0.035904364385029364,-1.04389899893442
6,hersh2022_pacific,REG,61,0.1853620883829022,1.0184707956496029,-0.9294926530355848
6,hersh2022_pacific,REG,61,0.2197572792840337,-0.022884577163281905,-1.0170881178071953
6,hersh2022_pacific,REG,61,0.2241554760430665,0.0026172381830406044,-1.1085692400094422
6,hersh2022_pacific,REG,61,0.213427782901052,0.09157772814254092,-0.7586306236139275
6,hersh2022_pacific,REG,61,0.1880879575011749,-0.47079671012982316,-1.1647883691970247
6,hersh2022_pacific,REG,61,0.2081153528959735,-0.22924333694324422,-1.1821751907323672
6,hersh2022_pacific,REG,61,0.1903056250447458,-0.45435312377128534,-1.177661939598603
6,hersh2022_pacific,REG,61,0.2102251711665799,-0.18382391009040894,-1.1652272675438031
6,hersh2022_pacific,REG,61,0.1994791982719237,-0.22202174737932018,-1.0880047025172814
6,hersh2022_pacific,REG,61,0.1751800185592964,-0.554645045525477,-1.1497650515569413
6,hersh2022_pacific,SH,242,0.1171693332990341,2.13233347935906,-0.7978638765556255
6,hersh2022_pacific,SH,242,0.1608204610096922,2.2223683588313485,-0.3908714501577445
6,hersh2022_pacific,SH,242,0.1204290151628562,1.7445964828199432,-1.4166343155400956
6,hersh2022_pacific,SH,242,0.1685460955786145,2.28518931243134,-1.0969867693836455
6,hersh2022_pacific,SH,242,0.1186018635131562,3.182923003537476,-1.1723372858779044
6,hersh2022_pacific,SH,242,0.2314924154840456,1.0652965886898953,-0.8005568436536247
6,hersh2022_pacific,REG,63,0.2115245364604673,-0.0963798549656128,-1.0187204418436466
6,hersh2022_pacific,REG,63,0.2250059998542797,-0.0037696089848982817,-1.151237414168536
6,hersh2022_pacific,REG,63,0.2221579355475959,0.1326077758444976,-0.9007533761912516
6,hersh2022_pacific,REG,63,0.2284376407348719,0.1876768730920603,-0.9442174736224138
6,hersh2022_pacific,REG,63,0.2369308088449076,0.20544963955855586,-1.004413785342317
6,hersh2022_pacific,REG,63,0.1887115698178079,-0.36434673144103735,-1.0261005601451396
6,hersh2022_pacific,SH,225,0.1844137003444188,-0.48213485630883973,-0.48519747440210964
6,hersh2022_pacific,SH,225,0.2174286836461423,-1.1474544068723047,-0.9165338213440932
6,hersh2022_pacific,SH,225,0.2860194022165701,0.7165086996154258,0.04131174183912649
6,hersh2022_pacific,SH,225,0.2320487002458666,0.03761136277107792,-0.23896197197010982
6,hersh2022_pacific,SH,225,0.2212707531581838,1.9170734023852218,-0.04556459125674017
6,hersh2022_pacific,SH,225,0.2009681970527795,-0.34094078069463973,-0.21357341324944726
6,hersh2022_pacific,SH,225,0.1619133364924018,2.6314233645141143,-0.21032787184634938
6,hersh2022_pacific,SH,225,0.1662870886376161,2.5172632941845,-0.09960519881607605
6,hersh2022_pacific,REG,106,0.2137756281931545,-0.09676992355628355,-1.0432439945557919
6,hersh2022_pacific,REG,106,0.2127999319006343,0.571917796248792,-1.1169843398258748
6,hersh2022_pacific,REG,106,0.2009887899164139,-0.21528477826209866,-1.0648847835890296
6,hersh2022_pacific,PALI,214,0.1677495045083836,0.944238142527156,-1.742705057610384
6,hersh2022_pacific,PALI,214,0.1298988277501064,1.7275374259395684,-0.9998960252096998
6,hersh2022_pacific,PALI,214,0.1912901681922822,0.9395430398117128,-0.9695428005753992
6,hersh2022_pacific,PALI,214,0.1570721723967209,1.1433005776061256,-1.2384236192082956
6,hersh2022_pacific,PALI,214,0.2776731066274227,-1.3664735486922972,-2.5968581597920415
6,hersh2022_pacific,PALI,214,0.1371587285347485,1.4831863887897994,-1.3710127672821866
6,hersh2022_pacific,REG,19,0.2388508416161038,0.26264485943543525,-0.974655149589534
6,hersh2022_pacific,REG,19,0.2143606306172651,-0.10500755763121022,-1.0707633863813872
6,hersh2022_pacific,REG,19,0.2017598227917538,-0.21358073901952537,-1.0249301430379867
6,hersh2022_pacific,REG,19,0.3802176157214448,0.966082813501488,0.48812084756753493
6,hersh2022_pacific,REG,19,0.1252781852684203,2.0376249917825744,-0.6203391490299596
6,hersh2022_pacific,REG,19,0.2403090074966078,0.3314334188172783,-0.8832751423966266
6,hersh2022_pacific,REG,26,0.2257631762085346,-0.3546581056739708,-1.4813475544661363
6,hersh2022_pacific,REG,26,0.2451158668152711,0.4009417045355461,-0.9169203165966506
6,hersh2022_pacific,REG,26,0.1760186988043623,-0.547721161191695,-1.1069843620804465
6,hersh2022_pacific,REG,26,0.1890973531401265,-0.34712918794207404,-1.0188641514642063
6,hersh2022_pacific,REG,26,0.1827547018987315,-0.4223744343236163,-1.0426592419170402
6,hersh2022_pacific,REG,26,0.1753935400633244,-0.48967504480321034,-0.9895595901221752
6,hersh2022_pacific,REG,26,0.192919313070637,-0.34022747176627055,-1.0831837352522529
6,hersh2022_pacific,REG,26,0.1987101627635014,-0.31007699719836274,-1.117706780077044
6,hersh2022_pacific,REG,26,0.4554418646327147,-3.5210706354918617,0.15676206464008913
6,hersh2022_pacific,REG,26,0.1770690543696102,-0.541987001086786,-1.1019217097062066
6,hersh2022_pacific,REG,26,0.1840760042015543,-0.44399905952952323,-1.083709512944097
6,hersh2022_pacific,REG,26,0.176969009464568,-0.5307606234822538,-1.098115653487288
6,hersh2022_pacific,REG,26,0.2343129464846508,0.3977455663585062,-0.9745547785471328
6,hersh2022_pacific,REG,26,0.2099487729710854,-0.14927014845702188,-1.0605917618777287
6,hersh2022_pacific,REG,26,0.2173382084886186,0.6407150938511438,-0.9236102511460962
6,hersh2022_pacific,REG,26,0.2254306432052772,-0.1980437522507866,-1.2916123142597224
6,hersh2022_pacific,REG,26,0.1725582720017891,-2.747402864532065,-0.7647339053978282
6,hersh2022_pacific,PO,24,0.2145853748214728,-0.46624535749292156,0.015531067806280469
6,hersh2022_pacific,PO,24,0.1865881670296231,-1.1902437173132396,-0.23404068303383505
6,hersh2022_pacific,PO,24,0.1985057441568399,-1.5905133653164263,0.24744927519625837
6,hersh2022_pacific,PO,24,0.1826741811556541,-0.33318303768217733,-0.7481296816854986
6,hersh2022_pacific,PO,24,0.200758034825695,-0.2140926641585687,-0.600088000177167
6,hersh2022_pacific,PO,24,0.2192636731176734,-1.3503161584457273,-0.33233728723755956
6,hersh2022_pacific,PO,24,0.2322389208111357,0.07105805114551947,-0.10470989197402282
6,hersh2022_pacific,PO,24,0.1772622939396189,-2.117138510322886,-0.578929932587338
6,hersh2022_pacific,PO,24,0.295189011936282,-0.18727173796075697,0.24567236483114938
6,hersh2022_pacific,PO,24,0.234063303961145,-0.43475062890019867,0.0017004229300399687
6,hersh2022_pacific,PO,24,0.3224550013415673,-2.7486288263560814,-0.349441771499753
6,hersh2022_pacific,PO,24,0.1622053654072965,1.2435673619636767,-1.0005010778990884
6,hersh2022_pacific,PO,24,0.2642109704759163,-1.7901191611307496,-0.07479836485945845
6,hersh2022_pacific,PO,24,0.2128373297491559,-1.828507998733363,-0.22477756536175164
6,hersh2022_pacific,PO,24,0.2403132555032532,0.18485290435903057,-0.5846057553488783
6,hersh2022_pacific,PO,24,0.1961424066361468,-2.4255973591723734,0.10164024525840776
6,hersh2022_pacific,REG,74,0.1865076438068725,-0.46525290066640257,-1.161942297674388
6,hersh2022_pacific,REG,74,0.2033456686146003,-0.23651560645487676,-1.1172909698234403
6,hersh2022_pacific,REG,74,0.1756859455405308,-0.5997428835762084,-1.1745649104517808
6,hersh2022_pacific,REG,74,0.1768780219731469,-0.4304010548632468,-1.0100277035208922
6,hersh2022_pacific,REG,74,0.2085065387007894,-0.15185868710808076,-1.0978834472203631
6,hersh2022_pacific,REG,74,0.1942345695553624,-0.3166110170125048,-1.057299980019922
6,hersh2022_pacific,REG,74,0.1721958958564302,-0.6173731692883067,-1.1538538441934794
6,hersh2022_pacific,REG,74,0.1734354659128586,-0.5372038592830617,-1.0665196793188918
6,hersh2022_pacific,REG,74,0.2157908365682416,-0.08164868502184511,-1.0779242239658409
6,hersh2022_pacific,REG,74,0.1949245211316832,-0.36291154125453207,-1.1343310293848217
6,hersh2022_pacific,REG,74,0.2027229864425765,-0.21496871373418114,-1.0679876059454245
6,hersh2022_pacific,REG,74,0.1914229437548881,-0.3167839827296316,-1.0543695726903015
6,hersh2022_pacific,REG,74,0.2289770268446559,0.06356199996105394,-1.076186775622985
6,hersh2022_pacific,REG,74,0.2262453614813906,0.0391387663087743,-1.0836234761419594
6,hersh2022_pacific,REG,74,0.2389526965323748,0.25280287889545133,-0.9726851573917585
6,hersh2022_pacific,REG,74,0.217074210301133,-0.06687161388517107,-1.0750437698424131
6,hersh2022_pacific,REG,74,0.2154643373972497,-0.2409715616522058,-1.3333136115354658
6,hersh2022_pacific,PALI,217,0.1973331875376676,0.7521435387199021,-1.1555016197389152
6,hersh2022_pacific,PALI,217,0.1282619330075105,2.0841247510136465,-0.5525452958748451
6,hersh2022_pacific,PALI,217,0.1591761799767916,2.585108301522513,-0.1048589047272882
6,hersh2022_pacific,PALI,217,0.2127342892794402,-1.0124028497910142,-1.5556186506546936
6,hersh2022_pacific,PALI,217,0.1923260162268875,1.034648228466859,-0.9644426863779705
6,hersh2022_pacific,PO,42,0.1476816989947584,1.5466380123194383,-0.8079111850766169
6,hersh2022_pacific,PO,42,0.1865364697177228,-2.681809738597337,-0.28855270094066604
6,hersh2022_pacific,PO,42,0.1919549801382952,0.9316039561072784,-0.8794532718006709
6,hersh2022_pacific,PO,42,0.1833964414370297,-1.0843950635033999,-0.3624401581133894
6,hersh2022_pacific,PO,42,0.1815032575106841,-2.4011933497587625,-0.5829702383016766
6,hersh2022_pacific,PO,42,0.1866289078017878,-2.3287391112456888,-0.40189856199037977
6,hersh2022_pacific,PO,42,0.169749407298036,-2.6237337200364395,-0.5768730114717394
6,hersh2022_pacific,PO,42,0.1715608964260566,-1.2767068345678545,-0.41038901829236324
6,hersh2022_pacific,PO,42,0.2976644226037177,-1.5142048963311299,-0.944028159661412
6,hersh2022_pacific,PO,42,0.1708192979515529,-0.5451692767025442,-0.4050047243268985
6,hersh2022_pacific,PO,42,0.1724143750297944,1.0541066932755583,-1.0429058297622997
6,hersh2022_pacific,PO,42,0.185757579875007,-0.40116808532787085,-0.6187691000884498
6,hersh2022_pacific,PO,42,0.1818631393743909,-2.915335961505282,-0.4411856159959668
6,hersh2022_pacific,PO,42,0.2699107783823939,-0.07811556063274201,-0.03182496977560845
6,hersh2022_pacific,PO,42,0.7545094701286761,-0.7353566334705272,1.905390339676179
6,hersh2022_pacific,PO,42,0.2460700999754239,0.5925680740527768,-0.48510495005309406
6,hersh2022_pacific,PO,42,0.2528170115671334,0.38529478092939157,-0.05406640718470494
6,hersh2022_pacific,PO,42,0.1757976471421648,-0.41243991548091896,-0.9501289685499089
6,hersh2022_pacific,PO,42,0.4105062170167192,-2.1643905620421973,0.3952465187801385
6,hersh2022_pacific,PO,42,0.1747112100747852,-0.4656885936297558,-0.9717089148162548
6,hersh2022_pacific,PO,42,0.1953311584466852,-2.3480998854964765,-0.40167676173915523
6,hersh2022_pacific,PO,42,0.3339966059758806,-2.7530826398626567,-0.47469280700065064
6,hersh2022_pacific,PO,42,0.1702255406862176,-1.5984671066660165,-0.3394914011659798
6,hersh2022_pacific,PO,42,0.2125193345665322,-2.855553216792577,-0.2879311921922488
6,hersh2022_pacific,PO,42,0.2371852170655929,-0.26114121535165435,-0.13610098808924775
6,hersh2022_pacific,PO,42,0.1964167841730951,-0.1446198406796149,-0.4269576625966137
6,hersh2022_pacific,PALI,212,0.1783814803892409,2.074299404690643,-0.1741959394963486
6,hersh2022_pacific,PALI,212,0.1860037139952116,2.7176367363495597,0.1826942591966697
6,hersh2022_pacific,PALI,212,0.1997904277982032,1.3250797955192029,-1.290804818863307
6,hersh2022_pacific,PALI,212,0.3716773982246977,0.3249675772721644,-1.8516052938837768
6,hersh2022_pacific,PALI,212,0.1846449703621409,1.9001385924142558,-0.23670722538724326
6,hersh2022_pacific,PALI,212,0.1367577653973411,3.453283707613134,0.08866012292658032
6,hersh2022_pacific,PALI,212,0.1549538421564859,1.5155008802917294,-1.2315164710589799
6,hersh2022_pacific,PALI,212,0.1989034386876133,1.7121395844778755,-0.19282056185507201
6,hersh2022_pacific,PALI,212,0.2115042340421815,1.4756875238480411,-0.2180095714169359
6,hersh2022_pacific,PALI,212,0.2406702762152548,-0.793508153084115,-0.24947823548747333
6,hersh2022_pacific,PALI,216,0.363936668826353,-1.7454988349670604,-2.6200238136155254
6,hersh2022_pacific,PALI,216,0.1871850623087867,0.7729712459480332,-1.673278427004179
6,hersh2022_pacific,PALI,216,0.1252055940032816,1.4520429044699392,-1.4406311540108796
6,hersh2022_pacific,PALI,216,0.1922905327603478,-0.9228809298286518,-1.1641111598114033
6,hersh2022_pacific,PALI,216,0.2668798072256891,0.9897471260624865,-0.262866099778601
6,hersh2022_pacific,PALI,216,0.2254509572135903,0.15845640769797936,-2.0018923186358615
6,hersh2022_pacific,PALI,216,0.1791391144545403,-1.11440751346918,-1.2205929272223481
6,hersh2022_pacific,PALI,216,0.1945854682198365,-1.2131006368023876,-1.5407726551690701
6,hersh2022_pacific,PALI,216,0.1967155906042488,1.4658966368525772,-0.5245724922583318
6,hersh2022_pacific,PALI,216,0.2611297434961715,0.8417507143926715,-0.4874972105409949
6,hersh2022_pacific,PALI,216,0.2452380211283664,0.15434887597533792,-1.25781895027
6,hersh2022_pacific,PALI,216,0.2335599629373327,-0.7175890594155792,-1.5563395352862346
6,hersh2022_pacific,PALI,216,0.2104241946886875,0.9081213952604086,-1.6999760267659394
6,hersh2022_pacific,PALI,216,0.1159260066465992,2.9177382503726186,-0.3716821273126222
6,hersh2022_pacific,PO,40,0.252218741667196,-2.8034223128992273,0.4400348387338902
6,hersh2022_pacific,PO,40,0.1933376566786068,-0.29027922518626,-1.1005039854014877
6,hersh2022_pacific,PO,40,0.1856922414339942,-0.3421299617712654,-0.6678703398243625
6,hersh2022_pacific,PO,40,0.2965201368770037,0.14859625945750973,0.0435820060559554
6,hersh2022_pacific,PO,40,0.2026877673277378,-2.377827292844774,-0.18669221619168935
6,hersh2022_pacific,PO,40,0.2313093739583842,0.04643884464231995,0.0620404445587317
6,hersh2022_pacific,PO,40,0.2378127557574596,0.2661088962522318,-1.439986220119723
6,hersh2022_pacific,PO,40,0.1159273910361417,1.6686600779308671,-1.1722477370772586
6,hersh2022_pacific,PO,40,0.2022667981706677,-0.6495980355967454,0.03201865297474718
6,hersh2022_pacific,PO,40,0.2281831697387451,0.7098054323402655,-0.8026545234129577
6,hersh2022_pacific,PO,40,0.1825951228864427,-0.23871644223452332,-0.6326477986602196
6,hersh2022_pacific,PO,40,0.2344729913933796,-3.231290291773695,0.04015712983913905
6,hersh2022_pacific,PO,40,0.3217291840278288,1.8718152849787935,0.3976402091346559
6,hersh2022_pacific,PO,40,0.194700249278421,-1.203900622162998,-0.13346573510476073
6,hersh2022_pacific,PO,40,0.2190499329304634,-0.15617805728665865,-0.06191927718340527
6,hersh2022_pacific,PO,40,0.2197082456359401,-0.6576262738802172,-0.23061949708751633
6,hersh2022_pacific,PO,40,0.2815829902116639,-0.5597654420374689,-0.0879754198065611
6,hersh2022_pacific,PO,40,0.2006854774668417,-0.2848030938312355,-1.1152860304315433
6,hersh2022_pacific,PO,40,0.4144450548216184,-0.7895804025069227,0.5601360425823032
6,hersh2022_pacific,PO,40,0.1830870503677495,-3.769156236404529,-0.8819089325123557
6,hersh2022_pacific,PO,40,0.1971071529945492,-0.9310340856868226,-0.8573771151926596
6,hersh2022_pacific,PO,40,0.1967915032759175,0.855411450154601,-1.0493270437927533
6,hersh2022_pacific,PO,1,0.1872925944756705,-0.70015052904618,-0.8750687419974487
6,hersh2022_pacific,PO,1,0.1807763977142135,-2.125806858756918,-0.550653395186621
6,hersh2022_pacific,PO,1,0.1906584952704146,-0.20573418225506837,-0.8667730707018332
6,hersh2022_pacific,PO,1,0.1817206422883115,-0.3698788633587341,-0.7958656786835586
6,hersh2022_pacific,SI,122,0.2696626723466542,-3.0773972373172627,-0.24790311070933335
6,hersh2022_pacific,SI,118,0.1188678618766543,3.091471689555724,-0.14308908592268688
6,hersh2022_pacific,SI,118,0.1995726176211271,2.05996709982406,-0.2875109838628286
6,hersh2022_pacific,SI,118,0.2974712206299709,2.267846801936567,0.4640536373002899
6,hersh2022_pacific,SI,121,0.2609998641112562,0.3918358871325939,-0.4075584266120506
6,hersh2022_pacific,SI,114,0.1904246928687399,-0.31001804405330835,-0.9118782490076682
6,hersh2022_pacific,SI,114,0.3522145620581235,0.006173025234915076,1.1108805080284825
6,hersh2022_pacific,SI,114,0.3157784699217068,-0.16938903861329618,0.8557178887806134
6,hersh2022_pacific,SI,120,0.2867412581610221,0.55939714847448,-0.38661819217725746
6,hersh2022_pacific,SI,120,0.2644749995189939,-0.12746818064869017,-0.19806462099541944
6,hersh2022_pacific,SI,116,0.1396303860535657,2.342931642146069,-0.33237473110362903
6,hersh2022_pacific,SI,116,0.2404833824410189,0.18785046346143805,-1.0259935185237201
6,hersh2022_pacific,SI,117,0.2817120956089087,0.3654692209202463,0.06935185721302162
6,hersh2022_pacific,,231,0.1272671937340999,2.5849365908505835,-0.6607646164948192
6,hersh2022_pacific,,231,0.1681911451454663,0.9786482140727233,-1.73044727539784
6,hersh2022_pacific,,231,0.2349567048298557,1.0871701749400788,-0.5685107902407314
6,hersh2022_pacific,,239,0.26444117364614,-0.16588459770525416,-1.57503597939692
6,hersh2022_pacific,,211,0.3542979140546587,0.9720272710281062,0.40768078392812795
6,hersh2022_pacific,,211,0.4099531612690798,0.4232817671430959,1.7645090707471236
6,hersh2022_pacific,,211,0.2202300894266502,-0.46995441510962327,0.2725780142626576
6,hersh2022_pacific,,211,0.4148337280175972,0.6529780379682087,1.9191843440009266
6,hersh2022_pacific,,211,0.2405664877816871,-0.8186171950804435,0.541876169907341
6,hersh2022_pacific,,211,0.3852733525703675,-0.18791959671467023,1.7079529686442783
6,hersh2022_pacific,,35,0.2039683804814939,-0.23011296568548084,-1.1034872612610669
6,hersh2022_pacific,,35,0.2196465806672835,0.5724554014606537,-1.0031264883805726
6,hersh2022_pacific,,35,0.1869229794785515,-0.4657755019646581,-1.1368534369831127
6,hersh2022_pacific,,25,0.1462232427528876,1.3650211426080585,-1.1204544813574528
6,hersh2022_pacific,,25,0.1723029266488699,-1.257753292760999,-0.3355465176256095
6,hersh2022_pacific,,51,0.1868928188660714,-0.3133047774213214,-0.6921929325340938
6,hersh2022_pacific,,51,0.2601874827354954,1.1740364703082347,-0.35355062274672866
6,hersh2022_pacific,,28,0.2224174155718844,-0.0316236329597788,-1.0451557512988598
6,hersh2022_pacific,,28,0.1648265677042688,1.27963659753495,-0.9035176315795034
6,hersh2022_pacific,,5,0.1815387945722648,-0.5187289450547126,-1.131988841058059
6,hersh2022_pacific,PALI,93,0.1952333416036783,2.2602251124859167,-0.008526673102721538
6,hersh2022_pacific,SH,85,0.3857042848706594,-0.15077196718834457,1.5658654396993676
6,hersh2022_pacific,SH,85,0.391508415430194,-0.22493131429425028,1.6801647565777216
6,hersh2022_pacific,SH,85,0.4050496918958218,-0.06500727977751503,1.8513820162850756
6,hersh2022_pacific,SH,85,0.3599155631207714,-0.36606982232112817,1.3412529047335007
6,hersh2022_pacific,SH,85,0.5511373431318661,-1.4353230525755127,1.8358590794344178
6,hersh2022_pacific,SH,85,0.2200646490027898,0.20017429505567627,-0.7945767431658823
6,hersh2022_pacific,SH,85,0.2490772456187029,0.4343559251632328,-1.9312055943479505
6,hersh2022_pacific,FP,148,0.4197681272276916,1.0096498128343885,1.7011883481109806
6,hersh2022_pacific,FP,148,0.4365109383804669,0.8109336144166557,1.9835489558153603
6,hersh2022_pacific,FP,148,0.4327992096860855,0.6095127200576458,2.1360076087221485
6,hersh2022_pacific,FP,148,0.4451651596649575,1.023367793397928,1.8143911810279802
6,hersh2022_pacific,FP,148,0.4654716704146791,0.9517930529708942,2.2601731862965124
6,hersh2022_pacific,FP,148,0.4111349693849562,0.6003647463780255,1.7071763042730448
6,hersh2022_pacific,FP,148,0.4603946699515814,1.2537402756469156,1.7930219943098387
6,hersh2022_pacific,FP,148,0.411912226359334,-0.04592761596397382,1.8871872201095867
6,hersh2022_pacific,FP,148,0.4643832428717945,1.1650236517913426,2.0516246191050054
6,hersh2022_pacific,FP,148,0.3412486023377055,-2.2170076646035812,0.7410282596904681
6,hersh2022_pacific,FP,148,0.5275849278570373,1.0152395026575527,2.262538755945161
6,hersh2022_pacific,FP,148,0.4749488739874168,1.050287089774821,1.5491930750336707
6,hersh2022_pacific,FP,148,0.4708627818470906,1.1593220631015528,1.8651145577100106
6,hersh2022_pacific,FP,148,0.4381775205142371,0.963111817673004,1.6362309331171618
6,hersh2022_pacific,FP,148,0.4664591397156917,0.8387927914358717,2.2036978290244127
6,hersh2022_pacific,FP,148,0.4375434394064055,0.7586073310972534,1.8454079817079858
6,hersh2022_pacific,FP,148,0.4071070065468379,0.6810022382822147,1.404728691873017
6,hersh2022_pacific,FP,148,0.4057895193586425,0.09931371053152915,1.9079672715840448
6,hersh2022_pacific,FP,148,0.4211990368663478,-0.06453439202540484,1.944530959276024
6,hersh2022_pacific,FP,148,0.3838445676453822,0.09770152766157278,1.7525131058802375
6,hersh2022_pacific,FP,148,0.4096531753253647,0.7846968357799492,1.9459759846930675
6,hersh2022_pacific,FP,148,0.4049976206347707,0.9192677929605928,1.7044436530196174
6,hersh2022_pacific,FP,148,0.4353139227028353,1.299007111165213,1.832538437352211
6,hersh2022_pacific,FP,148,0.4412855233382184,1.2272266898404702,1.80849402026723
6,hersh2022_pacific,FP,148,0.4377105864563307,1.1468734213455676,2.052298577017535
6,hersh2022_pacific,SH,73,0.1903789784566331,2.145906466343984,-0.018527080173425303
6,hersh2022_pacific,SH,87,0.2066461556651099,-0.25882608725430467,-1.1805590654971745
6,hersh2022_pacific,SI,72,0.3122188429020727,0.09096092325112384,1.028442040618159
6,hersh2022_pacific,SH,83,0.1697698004906395,-0.39809873699639964,-0.5294316776055574
6,hersh2022_pacific,SH,83,0.1933289132435834,-0.1057215944715462,-0.7031956714210333
6,hersh2022_pacific,SH,83,0.2156500371782943,1.6943648614719697,-0.12403773276179125
6,hersh2022_pacific,SH,83,0.4525831989255415,-4.676763515701243,-1.1067540687926036
6,hersh2022_pacific,SI,70,0.1835077688015731,1.435824023299884,-0.5186837407799102
6,hersh2022_pacific,FP,136,0.1816625035927762,0.8687612188562235,-1.1510179253521984
6,hersh2022_pacific,FP,136,0.4478186425700234,-4.792643458802138,0.6581890073479209
6,hersh2022_pacific,FP,136,0.4174779647313657,-4.344206402123134,0.6772010682134011
6,hersh2022_pacific,FP,136,0.3142541872630544,-1.7172703571764483,0.8667278494363391
6,hersh2022_pacific,FP,136,0.455959362061104,1.4319107469550387,1.8243370986885012
6,hersh2022_pacific,FP,136,0.4508456430896942,1.2886030022773827,1.8828592853648196
6,hersh2022_pacific,FP,136,0.4403668745697536,0.9568581908632453,1.8454680215308614
6,hersh2022_pacific,FP,136,0.3222032505841457,-1.7872766450261122,1.0287625263039737
6,hersh2022_pacific,FP,136,0.3512135655555937,-2.2157100654472397,0.9447578781132908
6,hersh2022_pacific,FP,136,0.470589592063649,2.034991302963444,1.5988280919762636
6,hersh2022_pacific,FP,136,0.4225674650406375,1.2775562747513265,1.7493971138947226
6,hersh2022_pacific,FP,136,0.4302720746438619,1.3042743306501394,1.8866807457975339
6,hersh2022_pacific,FP,136,0.4290970133154547,1.216270284009386,2.029910421051425
6,hersh2022_pacific,FP,136,0.4240098006898186,1.1385553709738052,1.9549180420430015
6,hersh2022_pacific,FP,136,0.3252820897021838,-1.9608364121322195,1.0232362166891433
6,hersh2022_pacific,FP,136,0.3589222449539881,-0.8025411703862046,1.5865460679118324
6,hersh2022_pacific,FP,136,0.3427157040905382,-1.2700737559567727,1.18666472734285
6,hersh2022_pacific,FP,136,0.4433828915203652,1.1688865290585047,1.9441369073644394
6,hersh2022_pacific,FP,136,0.4340333936432052,1.0237320218011101,1.8717804783179044
6,hersh2022_pacific,FP,136,0.4242676338700329,0.6085077816632052,1.8169524940897466
6,hersh2022_pacific,FP,136,0.3830269422234934,0.6587663454449605,1.6546535827111177
6,hersh2022_pacific,FP,136,0.4221441395102041,0.8068546437924757,1.9337260663941087
6,hersh2022_pacific,FP,136,0.4951988787757108,0.5499192623409479,1.9273756207195178
6,hersh2022_pacific,FP,136,0.347688972679334,-0.3356046112240077,1.5037033215928064
6,hersh2022_pacific,FP,136,0.3596980495183261,-2.133674266207136,1.2972324274484635
6,hersh2022_pacific,FP,136,0.3330642103713236,-2.271451836716466,0.7669588221351391
6,hersh2022_pacific,FP,136,0.3087159165120665,-2.2293140053034524,0.5509296113523691
6,hersh2022_pacific,FP,136,0.3087387116077262,-2.22345927304034,0.7019892009996881
6,hersh2022_pacific,FP,136,0.3260920493757771,-1.7816855980876518,1.0822903201320764
6,hersh2022_pacific,FP,136,0.4685755883976604,1.8005176321156464,1.2873262129155627
6,hersh2022_pacific,FP,136,0.3359225555678794,2.52084487180511,0.44667705962022
6,hersh2022_pacific,FP,136,0.4367844113318517,0.9163028688178523,2.3155779077764076
6,hersh2022_pacific,FP,136,0.3907451421462209,0.7208131728756958,1.78653895293963
6,hersh2022_pacific,FP,136,0.3702939501488521,1.1498942706541526,1.305682437646801
6,hersh2022_pacific,FP,136,0.4001093489831326,0.9568361835477037,1.6464389701537647
6,hersh2022_pacific,FP,136,0.3973582302791423,0.9550190580135722,1.8813687938854504
6,hersh2022_pacific,SI,94,0.1169969437812315,1.8170063969680368,-0.927641513976873
6,hersh2022_pacific,FP,80,0.4105113482465845,1.0208001433013973,1.5334764448159621
6,hersh2022_pacific,FP,80,0.1348678196594004,1.8183976164631315,-0.7482795799617731
6,hersh2022_pacific,FP,80,0.1700575337949559,-0.7565529458391381,-1.2292518222187163
6,hersh2022_pacific,FP,80,0.1995629625938354,-0.258735941826265,-1.1431727129447167
6,hersh2022_pacific,FP,80,0.4013683783740712,0.3134658309385216,1.7814079203392152
6,hersh2022_pacific,FP,80,0.3993606468633448,0.5709944453845028,1.8038638728490597
6,hersh2022_pacific,FP,80,0.4065942867764235,0.9833930670782877,1.424262290756314
6,hersh2022_pacific,FP,80,0.4253337810039418,0.9875207543072864,1.782094052976313
6,hersh2022_pacific,FP,80,0.4226419860797524,1.5490078559292486,1.1256887662827957
6,hersh2022_pacific,FP,80,0.4390255632177146,1.3934592271326474,1.7081709835056214
6,hersh2022_pacific,FP,80,0.4157669914968395,0.4135561251574598,1.822826306300755
6,hersh2022_pacific,SH,86,0.3390211350232409,1.400635480322511,0.7152269365135524
6,hersh2022_pacific,SH,86,0.2356648269188718,0.9374629396892457,-0.9487767510268603
6,hersh2022_pacific,SH,86,0.2333173380323225,1.087095632061645,-0.8125939963913276
6,hersh2022_pacific,SH,86,0.3206737263134691,1.485748890205274,0.28139974073258023
6,hersh2022_pacific,SH,86,0.3827095864511583,-0.11408646180224527,-0.5486608601572592
6,hersh2022_pacific,SH,86,0.244419174688101,0.8138807204656959,-0.8848602711329124
6,hersh2022_pacific,SH,86,0.3811068995766152,1.3247541546647756,0.2686769656398671
6,hersh2022_pacific,SH,86,0.2371182402616613,1.0439482975435164,-0.7482194452593229
6,hersh2022_pacific,SH,86,0.2656652611455383,0.5124945448217019,-1.0009913118611036
6,hersh2022_pacific,SH,86,0.2724456826557647,0.5743024735743811,-1.0716013844402164
6,hersh2022_pacific,SH,86,0.2704788994895523,0.6897164500804057,-0.7141400992219021
6,hersh2022_pacific,SH,86,0.3930322357868204,1.7322987277955157,0.2718833850083071
6,hersh2022_pacific,SH,86,0.3486895024214668,1.6360483560107886,0.46737290662967507
6,hersh2022_pacific,SH,86,0.3659478906528873,1.784505925310968,0.39495426833652175
6,hersh2022_pacific,SH,86,0.3600969314360795,1.9606895931382569,1.0547748767044525
6,hersh2022_pacific,SH,86,0.3562562157619742,1.5845207818464884,0.17207774825175953
6,hersh2022_pacific,SH,86,0.2579104421357523,0.9652357833076137,-0.5346672439967185
6,hersh2022_pacific,SH,86,0.3777042695657329,-3.1007977038270655,0.43023001169642394
6,hersh2022_pacific,SH,86,0.2263096823195937,1.2293113860484237,-0.7959060921716693
6,hersh2022_pacific,SH,71,0.2970501464632789,0.49485737231899046,0.2568675174366326
6,hersh2022_pacific,SH,71,0.284957531306305,0.2912765434104203,0.28645255951543774
6,hersh2022_pacific,SH,71,0.2685408210951409,0.06613844959214851,-0.14363827495368436
6,hersh2022_pacific,SH,71,0.2225634997863023,1.8680232801421366,-0.12036649466018429
6,hersh2022_pacific,SH,71,0.2722065891991002,0.265495719073239,0.1598272540986165
6,hersh2022_pacific,SH,71,0.2717250458308286,0.2096878581224032,0.5237641992425559
6,hersh2022_pacific,SH,82,0.610770098326185,-6.166666446230694,-0.2537984718516946
6,hersh2022_pacific,FP,137,0.3251526610371304,-1.9627288471780018,0.885600900579156
6,hersh2022_pacific,FP,137,0.3116489997021456,-1.1149020954278406,1.0010982978061054
6,hersh2022_pacific,FP,137,0.3145173754075575,-2.077196267345912,0.748868821700661
6,hersh2022_pacific,FP,137,0.3667579811262811,-0.5018017634871906,1.285741331724627
6,hersh2022_pacific,FP,137,0.3454985751278115,0.09102509581754897,1.214928586244031
6,hersh2022_pacific,FP,137,0.4163016376617147,0.9003891310155181,1.923403478465188
6,hersh2022_pacific,FP,137,0.3824305922555882,0.5646823368515432,1.759261503983394
6,hersh2022_pacific,FP,137,0.3761010139245166,0.8762600786602333,1.7422172894165167
6,hersh2022_pacific,FP,137,0.3744139732576388,0.6793169795352898,0.9656020410848833
6,hersh2022_pacific,FP,137,0.2905524482421841,-0.6390631113948011,0.8021049571247062
6,hersh2022_pacific,FP,137,0.4201343316420395,0.7857313114767255,1.8039118964105287
6,hersh2022_pacific,FP,137,0.4192689508213202,0.8609222500526768,1.7300750043084454
6,hersh2022_pacific,FP,137,0.4063467102435995,0.8884125794267461,1.7717623607472641
6,hersh2022_pacific,FP,137,0.4099556756315397,1.2080349283587264,1.7419583577055286
6,hersh2022_pacific,FP,137,0.4083761523806923,1.423762128344052,1.8057714591709702
6,hersh2022_pacific,FP,137,0.3969590295831381,0.5102755127327603,1.5573793164534546
6,hersh2022_pacific,FP,137,0.4216184032423886,0.8777759341293365,1.9554917105014948
6,hersh2022_pacific,FP,137,0.4195798257394972,0.9270694180329657,1.9237100653098484
6,hersh2022_pacific,FP,137,0.4004907947780013,0.44983399936014,1.435838619648852
6,hersh2022_pacific,FP,137,0.4595471497877389,1.6429150497416631,1.981856382919989
6,hersh2022_pacific,FP,137,0.4521119074390585,1.3120921780899941,1.709628551686403
6,hersh2022_pacific,FP,137,0.4117182648442898,0.7661265029099096,1.8115014281240702
6,hersh2022_pacific,FP,137,0.4206284311550338,1.0455164836592807,1.92191534133421
6,hersh2022_pacific,FP,137,0.39358817124844,0.7405037314284755,1.7573909631778362
6,hersh2022_pacific,FP,137,0.3395485992698162,-0.9086654959479723,1.3059154162511648
6,hersh2022_pacific,FP,137,0.3426628220893152,-1.0166305169539493,1.3078636968335036
6,hersh2022_pacific,FP,137,0.4203071774385879,-7.126269986117554,-1.0786871039836696
6,hersh2022_pacific,FP,137,0.4442386071952893,-7.333344669334024,-1.0455345269771201
6,hersh2022_pacific,FP,137,0.4320058204111136,0.9636027431532392,2.0440874220272702
6,hersh2022_pacific,FP,137,0.4448007669687014,1.4824490759752649,1.6556545620729706
6,hersh2022_pacific,FP,137,0.4448192733635161,1.3393679266077516,1.8551344479485523
6,hersh2022_pacific,FP,137,0.4238763552578645,1.1295699367908774,1.8719360414091364
6,hersh2022_pacific,FP,137,0.4003452156936321,-0.5692233884825091,1.8311241615688725
6,hersh2022_pacific,FP,137,0.4241854203907348,1.4279001498272232,1.7770357801142262
6,hersh2022_pacific,FP,137,0.3610900166603417,-1.8327603133077979,1.2391905398285525
6,hersh2022_pacific,FP,137,0.3306521923304908,-0.18776558773047544,1.2666399144480307
6,hersh2022_pacific,FP,137,0.3733261455519307,-2.3041084347294025,1.2141058332970065
6,hersh2022_pacific,FP,137,0.3310036646735021,-1.906122642090116,0.9557526054357249
6,hersh2022_pacific,FP,137,0.3670861914817036,-2.0394595022593243,1.2729339588004471
6,hersh2022_pacific,FP,137,0.3617835958598156,-1.747330773002282,1.3960929584893256
6,hersh2022_pacific,FP,137,0.3511877881344266,-1.7577984728221507,1.2937329625042575
6,hersh2022_pacific,FP,137,0.3445738359327037,-1.9002086725769725,1.0620185106074413
6,hersh2022_pacific,FP,137,0.3594546454488395,-2.005062866581679,1.1224140022988331
6,hersh2022_pacific,FP,137,0.4225489385068414,0.9385046249130454,1.615725344026767
6,hersh2022_pacific,FP,137,0.3269328787752972,-0.6170148962791793,1.2653952613370072
6,hersh2022_pacific,FP,137,0.348489802553826,-1.1024687361490069,1.3076484691633854
6,hersh2022_pacific,FP,137,0.3331298183158764,-1.2416893095071786,1.187244995637085
6,hersh2022_pacific,FP,137,0.3361670460828431,-1.5362479268384137,1.1462316658540361
6,hersh2022_pacific,FP,137,0.343741775144551,-1.935794133657264,1.1099666503022245
6,hersh2022_pacific,FP,137,0.3424713635883072,-2.1586468232698612,0.9533896325408195
6,hersh2022_pacific,FP,137,0.4151509695769975,-2.614612161996554,1.2251568911209243
6,hersh2022_pacific,PO,97,0.2037734088004451,-1.5551692469885883,-0.3583871441728222
6,hersh2022_pacific,PO,97,0.1902217286969895,-1.0317556821089464,-0.1222565458890732
6,hersh2022_pacific,PO,97,0.1759612222642281,-1.9496241244498973,-0.6574567387346477
6,hersh2022_pacific,PO,97,0.1781633256492276,-1.2193210859159236,-0.35847568492802606
6,hersh2022_pacific,PO,97,0.1855618917399104,-1.074186406054175,-0.11525374615277731
6,hersh2022_pacific,SH,81,0.12938912432058,1.7394763654985943,-0.802829599610999
6,hersh2022_pacific,SH,81,0.1652508287483635,1.49176568145655,-0.6722051118245431
6,hersh2022_pacific,SI,95,0.266147592081108,0.40272482941507415,-0.08403541112072777
6,hersh2022_pacific,PO,96,0.17032393425943,-1.678498329671237,-0.3033188574632862
6,hersh2022_pacific,PO,96,0.1781580494592556,-2.3299846454244024,-0.25922467184168374
6,hersh2022_pacific,PO,96,0.1882793943257293,-2.2707218556667406,-0.18417500006976673
6,hersh2022_pacific,PO,96,0.1732676628212173,-1.7814534658989725,-0.3588482018117998
6,hersh2022_pacific,PO,96,0.1868131100431783,-2.0974030149629566,-0.4072751414740473
6,hersh2022_pacific,PO,96,0.1918942395917143,-2.2947090655078526,-0.18550277026053996
6,hersh2022_pacific,SH,88,0.1730555790554399,-0.7727756037719289,-1.2513317355402616
6,hersh2022_pacific,SH,88,0.2105376426309597,-0.3208273776997005,-1.2777853394041028
6,hersh2022_pacific,SH,88,0.1758247825920934,-0.74755488333878,-1.2536636720507195
6,hersh2022_pacific,SH,88,0.1909667841176666,-0.6135086787947879,-1.4200443338752224
6,hersh2022_pacific,SH,88,0.2152138078723808,-0.23634630603932766,-1.3418545645029716
6,hersh2022_pacific,SH,88,0.2076009215688685,-0.23332192676753194,-1.1722030472094538
6,hersh2022_pacific,SH,88,0.1948037638940487,-0.5550877441767854,-1.3940733467228192
6,hersh2022_pacific,RI,69,0.1703096701239715,-2.5359129067194295,-2.3912382787357283
6,hersh2022_pacific,RI,69,0.2561581851764102,1.5572125136770008,0.27194302495626094
6,hersh2022_pacific,RI,69,0.2043573660461989,2.8417963677228792,0.14561629910224405
6,hersh2022_pacific,RI,69,0.1779966330147896,-0.3361213589527298,-0.3743037668869885
6,hersh2022_pacific,RI,69,0.2543049056092207,3.0764535270089683,0.3781014357712479
6,hersh2022_pacific,RI,69,0.1304504860412715,2.9322167220411313,-0.2438638547677986
6,hersh2022_pacific,RI,69,0.2461629694385624,-1.682249969920288,0.19458696574446493
6,hersh2022_pacific,SH,92,0.254739336520181,-0.12573767524270094,0.20437878868749165
6,hersh2022_pacific,SH,92,0.2531398178822082,-0.15398978665668808,0.17811257699665295
6,hersh2022_pacific,FP,90,0.4080307100579882,-0.35710329183289086,1.8886327255087494
6,hersh2022_pacific,FP,90,0.4202139949874475,0.37609774165633897,1.9175346819443386
6,hersh2022_pacific,FP,90,0.4098119444162097,0.47422379875837534,1.801292373757204
6,hersh2022_pacific,FP,90,0.4341554404540705,0.7143343415066041,2.036722758295647
6,hersh2022_pacific,FP,90,0.4365688659345752,0.48500653468553867,2.077148960933599
6,hersh2022_pacific,FP,90,0.3832865735399281,-0.6057961065932185,1.6708514607707936
6,hersh2022_pacific,FP,90,0.4335708209721544,1.0364215328834772,1.8677963844902483
6,hersh2022_pacific,FP,90,0.4288193127397789,1.0520610240052046,1.9514399570944898
6,hersh2022_pacific,FP,90,0.4177061636836514,1.0365733315070005,1.3166037675789413
6,hersh2022_pacific,FP,90,0.2533881388650539,-1.7719675215651183,-1.6666240022262693
6,hersh2022_pacific,FP,90,0.4096446433560108,-0.3790423194002183,1.861522960346607
6,hersh2022_pacific,FP,90,0.4102250061624957,0.24957947872675462,1.8271436860859578
6,hersh2022_pacific,FP,90,0.4139321317510215,0.4064791339716943,1.8287094284997942
6,hersh2022_pacific,FP,90,0.4319183569312075,0.6678552345275535,2.019177084806338
6,hersh2022_pacific,FP,90,0.4328954778818691,0.4284834201655922,2.0933359593662004
6,hersh2022_pacific,FP,90,0.377350160548653,-0.6455645919294222,1.6494378477188851
6,hersh2022_pacific,FP,90,0.3716140176096761,-1.2921584948672007,1.447933990064863
6,hersh2022_pacific,FP,90,0.4117067757378816,-1.2929936707395657,1.364710569751091
6,hersh2022_pacific,FP,90,0.3039905194571461,0.23839690028405675,-1.0598978071517755
6,hersh2022_pacific,FP,90,0.4409689032700252,1.0412602666011754,1.966741502934347
6,hersh2022_pacific,FP,90,0.4227792420953177,0.9672431802612454,1.9283465461026608
6,hersh2022_pacific,FP,90,0.4147860245099644,1.0551818215131825,1.3782058223583784
6,hersh2022_pacific,FP,90,0.2490955395931422,-1.8552102733637685,-1.6936064645413231
6,hersh2022_pacific,FP,84,0.3973017372943881,-1.626944604280651,1.441205766583722
6,hersh2022_pacific,FP,84,0.4078674951396193,-1.4720765963092213,1.6281919225223558
6,hersh2022_pacific,FP,84,0.3955496842318863,-1.4756569521366147,1.5569366357678303
6,hersh2022_pacific,FP,84,0.3905014608230041,-1.3738052429468592,1.5292210265864077
6,hersh2022_pacific,FP,84,0.388058188640018,-1.1848239725058805,1.5518111692043333
6,hersh2022_pacific,FP,84,0.3869371789736214,-0.8993868995531746,1.6316113704975224
6,hersh2022_pacific,FP,84,0.4820954673621905,-0.8914066631204006,0.576658101560336
6,hersh2022_pacific,FP,84,0.5374635757270054,-0.04978354595615431,1.2736673532348146
6,hersh2022_pacific,FP,84,0.4291703940323184,-1.0786517615014277,0.4463620601152021
6,hersh2022_pacific,FP,84,0.4391220801361611,-1.3548172167122727,0.3278990828765531
6,hersh2022_pacific,FP,84,0.402414827933466,-1.6402624089774631,1.5443958388661072
6,hersh2022_pacific,FP,84,0.3841136302187486,-1.5586156608978041,1.4631088023445626
6,hersh2022_pacific,FP,84,0.4025962456103224,-1.4221878930640186,1.5427921764153112
6,hersh2022_pacific,FP,84,0.4489154476055932,0.5102961273410543,0.8917690423168712
6,hersh2022_pacific,FP,84,0.6202289173641866,0.2443908044974713,1.4455688542869884
6,hersh2022_pacific,FP,84,0.4110094459935744,-1.6615597074259798,1.6169510509751739
6,hersh2022_pacific,FP,84,0.3986074313816306,-1.738267633859694,1.7319227442736946
6,hersh2022_pacific,FP,84,0.3855661536367959,-1.8370798936646433,1.433309821588537
6,hersh2022_pacific,FP,84,0.4079046717289875,-1.4471284123780463,1.7349441713490692
6,hersh2022_pacific,FP,84,0.4147120957035262,-0.6740908902275071,1.8895423066242847
6,hersh2022_pacific,FP,84,0.3819426251284017,-0.6020936870497107,1.6019749872054707
6,hersh2022_pacific,FP,84,0.347582568556885,-0.9428818458883064,1.2717037052541413
6,hersh2022_pacific,FP,84,0.3908988259305154,-1.5682271587723877,1.570928349915429
6,hersh2022_pacific,FP,84,0.3908018527131168,-1.1646592786180372,1.5652481289251554
6,hersh2022_pacific,FP,84,0.3932907256597527,-1.4843020636676125,1.6052553553555526
6,hersh2022_pacific,FP,84,0.3034208588356146,-1.5239093139089355,1.0953062199404884
6,hersh2022_pacific,FP,84,0.3664205763267757,-1.1932279486845647,1.3810168575235058
6,hersh2022_pacific,FP,84,0.3755911227875873,-1.4441791084212796,1.3712292869300302
6,hersh2022_pacific,FP,84,0.3550213838551875,-1.3916797416939042,1.401183014945456
6,hersh2022_pacific,FP,84,0.3866539826806529,-1.398126920667172,1.4321247214019563
6,hersh2022_pacific,FP,84,0.3655047390432977,-0.5674655130677446,1.5192933441951442
6,hersh2022_pacific,FP,84,0.386916200974503,-0.5251717305366268,1.852272781294267
6,hersh2022_pacific,SH,144,0.2245516185921689,-0.18059348945647488,-0.026840610107473156
6,hersh2022_pacific,SH,144,0.2952964018609454,1.4005227686290214,0.19792896009537253
6,hersh2022_pacific,SH,144,0.2799774285952542,0.8919325422505883,-0.0006871738922415715
6,hersh2022_pacific,SH,79,0.2279616698151253,0.17958959455345602,-0.3622349144214799
6,hersh2022_pacific,FP,135,0.1642987054082578,1.870579492216072,-0.9616373881697322
6,hersh2022_pacific,FP,135,0.1647438777408278,2.644442824716699,-0.05167152335682107
6,hersh2022_pacific,FP,135,0.1703782832620993,2.611856461510367,-0.0351363568192527
6,hersh2022_pacific,FP,135,0.4818093711198756,-2.738739290517052,1.2063876706418584
6,hersh2022_pacific,FP,91,0.3500184709860434,-1.0626094467855463,1.185440995114932
6,hersh2022_pacific,FP,91,0.3525534486957761,-2.131410867032635,1.204766984524082
6,hersh2022_pacific,FP,91,0.3549234962069431,-2.131656703120728,1.1159733081607222
6,hersh2022_pacific,FP,91,0.3279720429838275,-1.7278403322684033,1.0190923775089902
6,hersh2022_pacific,FP,91,0.332224744708094,-1.7768259823453079,1.0435631727764512
6,hersh2022_pacific,FP,91,0.3124866370678885,-1.7536818890970776,0.7667793201455418
6,hersh2022_pacific,FP,91,0.3325267886485346,-1.5603686951101776,0.9417606769782846
6,hersh2022_pacific,FP,91,0.3758989041232619,-2.391910529326214,1.2339250207628074
6,hersh2022_pacific,FP,91,0.391543834241182,-2.585434839003643,1.2306695400383427
6,hersh2022_pacific,FP,91,0.5182090634086458,1.8104920833158835,1.781952265417138
6,hersh2022_pacific,FP,91,0.5104416558444295,1.8870799046403128,1.6336970119800673
6,hersh2022_pacific,FP,91,0.4239315949485197,-2.977104068773949,1.5925023710857538
6,hersh2022_pacific,FP,91,0.3715380574641996,-2.0905762468831917,1.0823108032052613
6,hersh2022_pacific,FP,91,0.3377311227572606,-2.1660393426387237,0.9620450897122367
6,hersh2022_pacific,FP,91,0.338013246815442,-1.8503915401564095,0.9453989985219435
6,hersh2022_pacific,FP,91,0.3683085066266404,-2.1610026585591213,1.279028241186368
6,hersh2022_pacific,FP,91,0.3845519072835036,-2.4683296051519625,1.3276933625782328
6,hersh2022_pacific,FP,91,0.3787258850058236,-2.5467960818737807,1.2530695289179876
6,hersh2022_pacific,FP,91,0.3685795891467561,-2.526714138235639,1.0851721695479493
6,hersh2022_pacific,FP,91,0.3495588142805436,-2.156207934363017,0.9587758208078347
6,hersh2022_pacific,FP,91,0.3714824940111972,-2.02591479289785,1.4856480146494924
6,hersh2022_pacific,FP,91,0.4260463555899528,-3.105050355307283,1.3217586862042996
6,hersh2022_pacific,FP,91,0.4203653279646648,-3.0274028650875673,1.3982609966406974
6,hersh2022_pacific,FP,91,0.4596105087664175,-3.2401062469211515,1.5248995976516087
6,hersh2022_pacific,FP,91,0.3186204415828322,-1.9269127655870741,0.821201740077597
6,hersh2022_pacific,FP,91,0.361197103826871,-1.9797061177262714,1.3312158610584333
6,hersh2022_pacific,FP,91,0.2984233860482933,-1.6210182650763467,0.44359207048732874
6,hersh2022_pacific,FP,91,0.33111182920524,-1.9562528248241606,0.9646002000059289
6,hersh2022_pacific,FP,91,0.3370581007241803,-1.5965215469373335,1.1737905511899642
6,hersh2022_pacific,FP,91,0.3324203508791756,-1.565285827369158,0.736738368102917
6,hersh2022_pacific,FP,91,0.3695617595282335,-2.1345176477057373,1.385427541414384
6,hersh2022_pacific,FP,91,0.378240064305111,-2.439734395211642,1.2854999396103541
6,hersh2022_pacific,FP,91,0.3321948021649789,-1.5839703329993553,0.6307256548527562
6,hersh2022_pacific,FP,91,0.3722028099058392,-2.702549893423768,0.8055770308576489
6,hersh2022_pacific,FP,91,0.4751946384826011,-4.270882971946647,1.4353102001243758
6,hersh2022_pacific,FP,91,0.3553667841722969,-2.188981345831834,1.1983878390848077
6,hersh2022_pacific,FP,91,0.3571305202610316,-2.149776047268758,1.1426562415535262
6,hersh2022_pacific,FP,91,0.3261123577466046,-1.8018491180129408,0.9868243282625653
6,hersh2022_pacific,FP,91,0.3432439210499379,-1.7929933162785578,1.1151067521406024
6,hersh2022_pacific,FP,91,0.3135132928608013,-1.8238534042068386,0.7221977973961592
6,hersh2022_pacific,FP,91,0.3369544483060854,-1.6420913857175996,0.9033653359231641
6,hersh2022_pacific,FP,91,0.3798404277216498,-2.495449605690101,1.1930660077191457
6,hersh2022_pacific,FP,91,0.4317749412483021,-3.0427880684212245,1.6326358909519572
6,hersh2022_pacific,FP,91,0.365824425235563,-2.0772118969165816,1.0709995759713902
6,hersh2022_pacific,FP,91,0.3464804764077852,-2.116110001956346,1.0351765821249366
6,hersh2022_pacific,FP,91,0.3487356781551509,-1.616380792701473,1.1726213420780511
6,hersh2022_pacific,FP,91,0.3401487795557385,-1.8486636477848672,0.957959880702786
6,hersh2022_pacific,FP,91,0.368443291260744,-2.2273060787382004,1.2674681559194005
6,hersh2022_pacific,FP,91,0.3829795632992708,-2.548811190823988,1.2533616166038408
6,hersh2022_pacific,FP,91,0.3811792795113354,-2.6327362859287633,1.2190346111637171
6,hersh2022_pacific,FP,91,0.3771802249574201,-2.5959329811863583,1.121517016181476
6,hersh2022_pacific,FP,91,0.3549918259859521,-2.207189179775464,0.9757771360593404
6,hersh2022_pacific,FP,91,0.3283499478197893,-1.9836969571890553,0.878506337022016
6,hersh2022_pacific,FP,91,0.408146542779076,0.3569367358182332,1.7339450598258006
6,hersh2022_pacific,FP,91,0.2984037209320524,-1.394972253050538,1.126574673039229
6,hersh2022_pacific,FP,91,0.3245396347854776,-1.3118823338181276,1.0776782581655804
6,hersh2022_pacific,FP,91,0.3497055354178929,-0.684349816810989,1.4539254010252627
6,hersh2022_pacific,FP,91,0.4230196470619569,0.5774796544478753,2.000389145207515
6,hersh2022_pacific,SH,77,0.2823843714463097,0.6955769193634146,-0.7605844723378095
6,hersh2022_pacific,SH,77,0.1434921165189392,1.8380853618615303,-0.783624755976697
6,hersh2022_pacific,FP,89,0.4120468277189602,0.7110253037758401,1.7577267282747062
6,hersh2022_pacific,FP,89,0.4120422891756128,0.514851857791617,1.8935069276583247
6,hersh2022_pacific,FP,89,0.4205551400770162,0.6887658766577691,1.80548392396551
6,hersh2022_pacific,FP,89,0.4038694081571403,0.7483422345709101,1.8295545297818967
6,hersh2022_pacific,FP,89,0.3371426726341095,-1.1485876149378553,1.2383829203854144
6,hersh2022_pacific,FP,89,0.4199646814685964,0.779331512428529,1.976705569435174
6,hersh2022_pacific,FP,89,0.4356363254872172,0.9772273288822704,2.0549356425522163
6,hersh2022_pacific,FP,89,0.416343778116765,1.1405110771437599,1.90133342039638
6,hersh2022_pacific,FP,89,0.4084196482772714,0.5305271843228021,1.629010365514396
6,hersh2022_pacific,FP,89,0.3978102356357137,0.5490803046186445,1.5766236945351113
6,hersh2022_pacific,FP,89,0.4224549653933508,0.7008988943888399,1.783831905535191
6,hersh2022_pacific,FP,89,0.3752333812408452,-0.5123642289536698,1.6817728047908278
6,hersh2022_pacific,FP,89,0.4155002741100145,0.5655767387115385,1.8995310094355875
6,hersh2022_pacific,FP,89,0.4323408256075174,0.8707169320985606,2.0442519091396423
6,hersh2022_pacific,FP,89,0.4261545456761227,0.6674685782092524,1.8780391360745763
6,hersh2022_pacific,FP,89,0.4141214148270203,0.3682228932415353,1.8161754010682132
6,hersh2022_pacific,FP,89,0.4463550346580642,1.089631929162378,1.5522306170765945
6,hersh2022_pacific,FP,89,0.4453201178395845,1.1021135561844708,1.3576167169099018
6,hersh2022_pacific,FP,89,0.4312625238956435,1.195059448519762,1.170456067118395
6,hersh2022_pacific,FP,89,0.4406604477749942,0.9053093005137309,2.065582430147818
6,hersh2022_pacific,FP,89,0.4397944288711423,0.9312652865562026,2.0314265606327484
6,hersh2022_pacific,FP,89,0.4319383725844121,1.0547573603517126,1.9301237281863424
6,hersh2022_pacific,FP,89,0.3437240520817928,-1.3430767374798385,1.274073561801559
6,hersh2022_pacific,FP,89,0.3576166232201848,-1.5302674959996219,1.2851760369273855
6,hersh2022_pacific,FP,89,0.3306308733502708,-1.7746562924055893,1.0919595400749045
6,hersh2022_pacific,FP,89,0.3769282457078042,-2.6287629998954896,0.8447181633605524
6,hersh2022_pacific,FP,89,0.3926418145292736,0.3185903496600345,1.684024679841762
6,hersh2022_pacific,FP,89,0.3783592454550544,0.41467350142531917,1.5068260944966037
6,hersh2022_pacific,FP,89,0.4014050959308172,0.7075013880275455,1.606626715096596
6,hersh2022_pacific,FP,89,0.3843166241025968,0.8419092726991968,1.360347812916845
6,hersh2022_pacific,FP,89,0.3915640758762742,0.7260545083233878,1.5542400441173119
6,hersh2022_pacific,FP,89,0.4079443641944751,0.7189004256090454,1.529167603491839
6,hersh2022_pacific,FP,89,0.3822635098913476,0.3897253174941445,1.4000738456698902
6,hersh2022_pacific,FP,89,0.3938106282653516,0.43026965314724747,1.5192500641758864
6,hersh2022_pacific,FP,89,0.3456418225590114,-0.01645422794473303,1.2822001849671587
6,hersh2022_pacific,FP,89,0.3694107318021119,-0.44032897874859467,1.7083053158401498
6,hersh2022_pacific,FP,89,0.3786173532190932,-0.11205415300465904,1.5269157284409047
6,hersh2022_pacific,FP,89,0.348612837802941,-0.14594828409825666,1.2544947031836968
6,hersh2022_pacific,FP,89,0.3605222670297955,-0.3351706898915492,1.4510175918343204
6,hersh2022_pacific,FP,89,0.364783998152174,-0.18057645808022255,1.3371763461940231
6,hersh2022_pacific,SH,78,0.2213171736418787,0.8217298686342405,-0.7372114868910312
6,hersh2022_pacific,REG,131,0.2798174908658364,0.4794873645238775,-0.32000936656028445
6,hersh2022_pacific,REG,131,0.2102541820058691,1.1366783296935494,-0.6326434432624
6,hersh2022_pacific,REG,131,0.1737733555553243,1.3007516898788984,-0.8458945715966557
6,hersh2022_pacific,REG,131,0.1716364447638377,1.0974718315392757,-1.0318239061013585
6,hersh2022_pacific,REG,131,0.2502559247789945,0.05521188068136634,0.2643103819032009
6,hersh2022_pacific,REG,131,0.2320620721397526,0.22834216121089765,-0.9398718516765461
6,hersh2022_pacific,REG,131,0.2315332014303817,-0.009066776659168885,-1.0036070279231297
6,hersh2022_pacific,REG,131,0.2434847778672925,0.3891374976287799,-0.8218820194728568
6,hersh2022_pacific,REG,131,0.3069283680111287,1.0242773499932343,0.7477995741996483
6,hersh2022_pacific,REG,131,0.2929552500807816,1.2847684349807948,0.24794776359368026
6,hersh2022_pacific,REG,131,0.2627044930167143,0.29159491845608826,0.01861007532303474
6,hersh2022_pacific,REG,131,0.1913945248469315,1.4390165244413624,-0.6942673832552131
6,hersh2022_pacific,REG,131,0.1316906067180407,2.087390348162361,-0.6538367118453934
6,hersh2022_pacific,REG,131,0.1519511428509937,1.4015297277872234,-0.9358601429189667
6,hersh2022_pacific,REG,131,0.2062262438643635,0.763743575926668,-0.9170729386933709
6,hersh2022_pacific,REG,131,0.1351964684477534,1.481828282848371,-1.0426528511662787
6,hersh2022_pacific,REG,131,0.1507247185953187,1.449634391962981,-0.8817409836502417
6,hersh2022_pacific,REG,131,0.1565382615076926,1.363441238197582,-0.915104665445198
6,hersh2022_pacific,REG,131,0.1314766837062905,2.146172466822259,-0.5850642401390589
6,hersh2022_pacific,REG,131,0.1309889806308219,2.6828455317309725,-0.3990594313504925
6,hersh2022_pacific,REG,147,0.2766713299895585,0.380308153444984,-2.001199511403464
6,hersh2022_pacific,REG,147,0.1890294517745613,0.8989358440411528,-0.9909200156500284
6,hersh2022_pacific,REG,147,0.1710902342858248,1.0754439350849894,-1.0719704387169982
6,hersh2022_pacific,REG,147,0.2192058825161417,0.5321186767506503,-1.1041702097730621
6,hersh2022_pacific,REG,147,0.1988860830307077,0.833824038761816,-0.9584347607094548
6,hersh2022_pacific,REG,147,0.2325071082118615,0.9790129168961804,-1.429535743646913
6,hersh2022_pacific,REG,147,0.2607367722501137,-0.2642644137881346,-1.570883332531633
6,hersh2022_pacific,REG,147,0.1756060947510737,1.0536946914472065,-0.988254131040023
6,hersh2022_pacific,REG,147,0.1780604771929784,1.0687157654443558,-0.9432516034754003
6,hersh2022_pacific,REG,147,0.1998977847319001,-0.49594010973644626,-1.4242747096379893
6,hersh2022_pacific,REG,147,0.2341959309532287,-0.22831352789435477,-1.3454053686547143
6,hersh2022_pacific,REG,147,0.1800527534100259,1.0309257781726655,-0.9646708116607738
6,hersh2022_pacific,REG,147,0.3010200921847744,0.07775795295168908,-1.5430503499317807
6,hersh2022_pacific,REG,147,0.1719700965466854,1.1417995176623683,-1.1495255378242921
6,hersh2022_pacific,REG,147,0.1952173967573121,0.7824521031505731,-1.079398469846415
6,hersh2022_pacific,REG,147,0.2523160807763409,-0.5410174079142107,-1.0430119348507398
6,hersh2022_pacific,REG,147,0.2083798996256079,1.9266867369368414,-0.20061946960053978
6,hersh2022_pacific,REG,147,0.2000337214627417,0.7397854110751028,-1.0630998733080925
6,hersh2022_pacific,REG,147,0.1796591139177835,1.1007713629020457,-0.9025866960686788
6,hersh2022_pacific,REG,138,0.2414612190619238,0.4285940185233288,-0.36094084935882864
6,hersh2022_pacific,REG,138,0.2126681610949564,0.5334617443154686,-1.104771195280657
6,hersh2022_pacific,REG,138,0.154297744939809,1.8065137988301188,-0.5967699830046438
6,hersh2022_pacific,REG,138,0.2244282923575626,0.574966297889083,-0.8805829155016327
6,hersh2022_pacific,REG,138,0.1906686047315429,-0.5713365712757411,-1.3155109528827538
6,hersh2022_pacific,REG,138,0.2319943058368483,-0.01454614061980078,-0.9975597235539697
6,hersh2022_pacific,REG,138,0.1241288496859671,2.1218226897271015,-0.5912511533486662
6,hersh2022_pacific,REG,138,0.1735096861570525,0.9362642273234508,-1.217034167207415
6,hersh2022_pacific,REG,138,0.2031528089098903,0.7355631042139394,-1.035895461493101
6,hersh2022_pacific,REG,138,0.1553896192721795,1.5174518768997278,-0.8520152127270175
6,hersh2022_pacific,REG,138,0.2424528491544473,0.28644583165843496,-0.9520817893967876
6,hersh2022_pacific,REG,138,0.3216273178859837,1.3421211748171682,0.5403553867353322
6,hersh2022_pacific,REG,138,0.2803480175506403,0.5779016909837835,-0.4162803210793289
6,hersh2022_pacific,REG,138,0.3009348794384913,0.44319884199315496,-0.4499735992211134
6,hersh2022_pacific,SH,146,0.2682548587374392,0.2003107906055802,0.3617276810383345
6,hersh2022_pacific,SH,146,0.2112895329367187,1.7031502864767165,-0.15211030494553585
6,hersh2022_pacific,SH,146,0.3969131746483956,1.7795599038809693,0.8309284784937121
6,hersh2022_pacific,SH,146,0.1966687470788201,1.8136893380448613,-0.2392875104827748
6,hersh2022_pacific,SH,146,0.2655416143969566,0.3320548446981595,0.235794950839265
6,hersh2022_pacific,SH,146,0.2612574702075617,0.14493033971137742,-1.0681293270766523
6,hersh2022_pacific,SH,146,0.27367148345624,0.13844464787978905,0.09416254656169315
6,hersh2022_pacific,SH,146,0.1970816946628223,1.417628851596985,-0.5323446255078066
6,hersh2022_pacific,SH,146,0.3603024627450166,1.0531823959432072,0.6508710236173249
6,hersh2022_pacific,SH,146,0.1576087874646066,1.7068504711362933,-0.7306217965523729
6,hersh2022_pacific,SH,146,0.149896453011488,2.250095967266711,-0.21963968522421984
6,hersh2022_pacific,SH,146,0.329940593762518,1.3068293692285178,0.26616062259022133
6,hersh2022_pacific,SH,146,0.1719044555940445,1.3286294182406777,-1.0716411083654571
6,hersh2022_pacific,SH,146,0.3614744056303237,-0.3204374778953746,1.5524500867099666
6,hersh2022_pacific,SH,146,0.158470072763268,1.9242431612319153,-0.4382666633360186
6,hersh2022_pacific,SH,146,0.1913800190606062,1.8581499568333273,-0.28180780981824477
6,hersh2022_pacific,SH,146,0.1758342971588311,1.3761276236820368,-1.0574136738963409
6,hersh2022_pacific,SH,146,0.1776054323580357,1.3351278640337685,-1.0139680526056274
6,hersh2022_pacific,SH,146,0.2487323766576552,1.9381355519925896,0.2261119896135418
6,hersh2022_pacific,SH,146,0.2161248104312318,1.9939217955806554,0.026787436944937737
6,hersh2022_pacific,SH,146,0.4406503607851968,0.8853761564759883,1.8863135980189507
6,hersh2022_pacific,REG,130,0.2326991568937074,0.18690760023529226,-1.4521801459329808
6,hersh2022_pacific,REG,130,0.1792675490620146,1.270602944341789,-0.8883660679727581
6,hersh2022_pacific,REG,130,0.2291728168985415,0.5001682753514903,-0.9210390253968874
6,hersh2022_pacific,REG,130,0.2109707363391126,-0.3293415271988534,-1.3471399078972612
6,hersh2022_pacific,REG,130,0.1485004523522723,1.3526096574877406,-1.004681606136944
6,hersh2022_pacific,REG,130,0.1569989029704853,1.4484511436935592,-0.8572571739957473
6,hersh2022_pacific,REG,130,0.2104947880309419,0.5846536100390916,-1.0848111040359996
6,hersh2022_pacific,REG,130,0.1944018268369741,0.6285892159459489,-1.3268884803597383
6,hersh2022_pacific,REG,130,0.1723122411400358,2.7368008110072273,0.1276223324244885
6,hersh2022_pacific,REG,130,0.2439171596902987,0.1474239533724481,-1.1881891701070466
6,hersh2022_pacific,REG,130,0.1202083179623612,1.6290468770590414,-1.063813099664495
6,hersh2022_pacific,REG,130,0.1183549823214843,1.7860054552347475,-0.9515592942080472
6,hersh2022_pacific,REG,130,0.1827352654667366,-1.0161811095316258,-0.3258397552874114
6,hersh2022_pacific,REG,130,0.210590788547766,0.7515690419323791,-0.9592940925038033
6,hersh2022_pacific,REG,130,0.2091050014865781,1.2700123531072085,-0.6931098318440033
6,hersh2022_pacific,REG,130,0.1590686329220206,1.2260612899525414,-1.0269178253073556
6,hersh2022_pacific,REG,130,0.1494588476944361,2.459396295280894,-0.2708070007128315
6,hersh2022_pacific,REG,130,0.1340622471446297,1.4977513030096006,-1.0218261757656282
6,hersh2022_pacific,REG,130,0.1426589315685362,1.7126336978064618,-0.8110928446229865
6,hersh2022_pacific,REG,130,0.1715865160783134,1.0291621346107025,-1.1919541328868042
6,hersh2022_pacific,REG,130,0.1154333783124133,1.8138665401715772,-0.8999827875207462
6,hersh2022_pacific,REG,130,0.1227184667643778,1.6438296784569508,-1.0754419607250965
6,hersh2022_pacific,REG,130,0.168117788241749,1.0418666817200086,-1.1494948521452528
6,hersh2022_pacific,REG,130,0.2359826733382151,0.1811060541954781,-1.275852764876836
6,hersh2022_pacific,REG,130,0.2344273651127852,0.3957261130315065,-1.0482769431367234
6,hersh2022_pacific,REG,130,0.2388150631941041,0.24422610602530273,-1.1270386595378847
6,hersh2022_pacific,REG,130,0.1994547546488199,0.7347820710445185,-1.1355111743509445
6,hersh2022_pacific,SH,208,0.2315261313626967,0.5160725967398749,-0.9483424147044411
6,hersh2022_pacific,SH,208,0.2319478690680936,1.0412900584867886,-0.521873299393327
6,hersh2022_pacific,SH,208,0.188635620745458,1.8933274530195279,-0.2311566198612121
6,hersh2022_pacific,SH,208,0.1161677909777574,2.2800633654905296,-0.5951205645343612
6,hersh2022_pacific,SH,222,0.2045199445369371,0.6348462264021237,-1.1629316085945063
6,hersh2022_pacific,SH,222,0.2265388256957638,0.2995050552063515,-1.238576100051033
6,hersh2022_pacific,SH,222,0.1974144773617445,0.7892057157938749,-1.043554749739936
6,hersh2022_pacific,SH,222,0.2185288157806275,0.5524561458401778,-1.0211117120358657
6,hersh2022_pacific,SH,222,0.2147632257225905,0.4895543783788862,-1.1737002724689811
6,hersh2022_pacific,SH,222,0.2269820580140298,0.41221890267624084,-1.1058825617519172
6,hersh2022_pacific,SH,222,0.2151711553205459,0.6074510167159851,-1.1146755559403707
6,hersh2022_pacific,PALI,143,0.2715762184622949,1.1967791521757751,-0.17115827663570374
6,hersh2022_pacific,SH,145,0.157985893317385,1.1971572440547815,-1.0794973551774505
6,hersh2022_pacific,SH,145,0.1656536910466445,1.1426719022248368,-1.0257166892524596
6,hersh2022_pacific,SH,145,0.2093973611119813,0.9087734524765194,-0.8006142516238004
6,hersh2022_pacific,SH,145,0.1395417879173743,1.5891440673098076,-0.8580312820481053
6,hersh2022_pacific,SH,145,0.1760832812947736,1.0444673574514713,-1.048188870610069
6,hersh2022_pacific,SH,145,0.2111534114394694,1.3275779547052844,-0.512545711603902
6,hersh2022_pacific,SH,145,0.2371370631047971,0.33292386508150984,-1.0696486893786936
6,hersh2022_pacific,SH,145,0.2059832501543039,0.7635104647832462,-0.9722752787873125
6,hersh2022_pacific,SH,145,0.3560916149811229,-2.8529800301562096,0.5278723611447358
6,hersh2022_pacific,SH,145,0.3358838606130992,-3.189325243662741,0.48490839560339205
6,hersh2022_pacific,SH,145,0.4162686044952675,-3.1618638069670473,1.2110093451577355
6,hersh2022_pacific,SH,133,0.1473838892902034,1.8537412007125387,-0.5690139803024865
6,hersh2022_pacific,SH,133,0.1559031711524166,1.605421389045703,-0.7077790019856642
6,hersh2022_pacific,SH,227,0.3571475387829741,-0.7650190841611672,0.6964540629526216
6,hersh2022_pacific,SH,227,0.4922239119179872,1.335339092317935,2.1394395554028094
6,hersh2022_pacific,SH,227,0.3662505277434776,2.3580572691399864,0.7925430171741837
6,hersh2022_pacific,SH,227,0.4051097910727024,2.0804505937885844,1.1723228639482879
6,hersh2022_pacific,SH,227,0.1933124803872072,1.6983489732191124,-0.3110475946523624
6,hersh2022_pacific,SH,227,0.2135890201527788,0.6282362015573584,-1.2907178222599747
6,hersh2022_pacific,SH,227,0.1749165850673304,-0.4553100056629395,-0.8829954152977787
6,hersh2022_pacific,SH,227,0.3582644374129518,1.7327713344482158,0.7088982298597728
6,hersh2022_pacific,SH,227,0.3087042118898381,1.6540529263960393,0.35664718840520093
6,hersh2022_pacific,SH,227,0.322143841584869,0.9626983297161708,0.2581822157678549
6,hersh2022_pacific,SH,227,0.3820606581742629,-0.46047326467464206,1.1177002019052575
6,hersh2022_pacific,SI,246,0.1745380836347764,-0.38590070413826005,-0.5335697463335141
6,hersh2022_pacific,SI,246,0.1880614091024701,1.6308021120002663,-0.44375332145343876
6,hersh2022_pacific,SH,163,0.1807333082369608,1.4104532560086798,-0.6425386325440436
6,hersh2022_pacific,SH,163,0.1894008009483944,1.5491217793532437,-0.42054552247387417
6,hersh2022_pacific,SH,163,0.1976093317766458,1.3186740514086155,-0.5641339692132419
6,hersh2022_pacific,,164,0.1314014572116311,1.9313326515833023,-0.711508084352493
6,hersh2022_pacific,SH,187,0.2381476580971122,0.4660091709009534,-0.27390204307180743
6,hersh2022_pacific,SH,187,0.305645844615536,0.37813615277896057,-0.5867323758496021
6,hersh2022_pacific,SH,187,0.240125615205947,0.4349603476064508,-0.48680133168790185
6,hersh2022_pacific,SH,187,0.2118629184105551,0.08372852715228431,-0.49898932172366006
6,hersh2022_pacific,SH,187,0.230895097115691,0.3988416945592155,-0.2860444800480728
6,hersh2022_pacific,SH,187,0.2010799880655024,-0.05831170081513273,-0.550052529113263
6,hersh2022_pacific,SH,187,0.2010040756484511,-0.11916259016668412,-0.8015996523442169
6,hersh2022_pacific,SH,187,0.2194669441817658,0.1455421658736361,-0.8697143934481797
6,hersh2022_pacific,SH,187,0.1615979133327851,1.6176208651595727,-0.6290880017543743
6,hersh2022_pacific,SH,187,0.2166865336219231,1.6908713737391996,-0.14686934389365086
6,hersh2022_pacific,SH,187,0.1980982526771074,1.0322401959308503,-0.8666580568147302
6,hersh2022_pacific,SH,187,0.2508743128538538,1.1634616353222358,-0.433811976872526
6,hersh2022_pacific,SH,187,0.164911567349407,1.4492180709319271,-0.7792518959741546
6,hersh2022_pacific,SH,187,0.1668092036560375,1.1992841946424007,-1.0140053604146348
6,hersh2022_pacific,SH,187,0.1630231848440639,1.5155578573660613,-0.7347591919727228
6,hersh2022_pacific,SH,187,0.1314656464183369,1.6537183672351812,-0.9783499535208375
6,hersh2022_pacific,SH,187,0.1871274343604348,1.0215765245040394,-1.0170516560949696
6,hersh2022_pacific,SH,187,0.1487529145142678,1.4653290983652674,-0.9743288390668836
6,hersh2022_pacific,SH,189,0.1782165780098835,1.6169004608219597,-0.5633768676631828
6,hersh2022_pacific,SH,189,0.1328177660423825,1.8948962259545903,-0.630714840063355
6,hersh2022_pacific,SH,189,0.1441612824047226,2.0503218630386146,-0.4509932736767377
6,hersh2022_pacific,SH,189,0.1501627635193414,1.9037883169909537,-0.46172907695981413
6,hersh2022_pacific,SH,189,0.1892028988883776,1.5435652191536242,-0.3934426683043625
6,hersh2022_pacific,SH,194,0.1840212082532602,-0.4715334322520579,-1.101509256148566
6,hersh2022_pacific,SH,194,0.2038494404667737,1.5382150354059996,-0.46261300507098707
6,hersh2022_pacific,SH,194,0.2190064298213292,1.7058822261293278,-0.2160300901683525
6,hersh2022_pacific,SH,196,0.1855290118475473,1.2941995165674682,-0.6574984630622915
6,hersh2022_pacific,SH,196,0.1393581331322506,1.9651532636748592,-0.5108760442104792
6,hersh2022_pacific,SH,196,0.2487775202575531,0.3795342338657473,-0.41235763596898983
6,hersh2022_pacific,SH,196,0.1604568594367934,2.6356405066359594,-0.058680049439881754
6,hersh2022_pacific,SH,197,0.1214983828887207,2.8426280806010507,-0.1875854787910466
6,hersh2022_pacific,SH,197,0.1272989623894289,2.1098576729856804,-0.5230594183621551
6,hersh2022_pacific,SH,197,0.1247844248153152,2.1913644237023595,-0.49013904333683755
6,hersh2022_pacific,,198,0.1771023155924032,2.135405367755786,-0.24403423023361115
6,hersh2022_pacific,,198,0.1442123294110065,2.2911854519778707,-0.38532693576960597
6,hersh2022_pacific,,198,0.2364169878934288,0.18174489052496612,-1.1094870082084274
6,hersh2022_pacific,SH,199,0.1868099802305089,2.083764197837077,-0.15640659993800682
6,hersh2022_pacific,RI,176,0.1538703773694217,3.629969787971755,0.33096756434160757
6,hersh2022_pacific,RI,176,0.2023262526215847,2.325641558583451,0.1496841653468497
6,hersh2022_pacific,RI,176,0.247964914914624,3.282149505077064,0.20355892538281936
6,hersh2022_pacific,RI,176,0.1323522291201959,3.6507370723913306,0.10108379790205768
6,hersh2022_pacific,RI,176,0.1365309789836496,4.124244488932029,-0.2652821503154231
6,hersh2022_pacific,RI,177,0.2119093801150492,2.7422027780957743,0.08019183139261499
6,hersh2022_pacific,RI,177,0.1758127057922107,3.360248726838379,0.003531221461122558
6,hersh2022_pacific,RI,181,0.3214139164887845,3.197863373501917,0.5779188285839303
6,hersh2022_pacific,RI,181,0.164760351177418,2.5554369339630623,-0.29097412574020237
6,hersh2022_pacific,RI,182,0.1673425781014444,3.863893815529178,0.04987072763735845
6,hersh2022_pacific,RI,182,0.1783897185011362,3.664218704937792,0.014917062376302026
6,hersh2022_pacific,RI,182,0.1233408439361108,4.533662783803798,-0.7813038305837054
6,hersh2022_pacific,,183,0.118482907847592,4.509020392467661,-0.779312771588464
6,hersh2022_pacific,RI,191,0.1648393475765656,3.693933062949389,0.12403785104079362
6,hersh2022_pacific,RI,191,0.1721723841587686,3.4147525259205453,0.08696959419881484
6,hersh2022_pacific,RI,192,0.1932446074359769,2.950155439257043,0.2570217531830145
6,hersh2022_pacific,RI,193,0.1508986412735092,3.1517975091578734,-0.10233208540456384
6,hersh2022_pacific,SH,247,0.4138727413493062,0.020258977228581332,1.8637227712463376
6,hersh2022_pacific,SH,247,0.3796002373077619,-0.5018731699694553,1.5642835285924974
6,hersh2022_pacific,SH,247,0.4052582521601948,-0.6612528375712067,1.7426950758101598
6,hersh2022_pacific,SH,247,0.3988530832398995,-0.05354928637549411,1.806097103646059
6,hersh2022_pacific,,221,0.2299965658462857,2.9223945197956698,0.47882168275005976
6,hersh2022_pacific,,221,0.3771441192003872,2.088547960972366,1.0306744005237354
6,hersh2022_pacific,,221,0.3345668045265332,2.1820178182436294,0.9662925711612674
6,hersh2022_pacific,SH,203,0.3918819851453554,0.46740394078778774,1.8759887172494276
6,hersh2022_pacific,FP,209,0.3047386852335227,-1.3603930739690049,0.5121796058757331
6,hersh2022_pacific,FP,209,0.2552076221069006,0.5251797557838436,-0.6711280601559921
6,hersh2022_pacific,FP,209,0.1971398985000473,1.0937487018055276,-0.7375683263697663
6,hersh2022_pacific,RI,127,0.191122754243232,2.1818340544985464,-0.02894923214355488
6,hersh2022_pacific,RI,127,0.4337504921194391,1.1746438757387165,1.8297379368676459
6,hersh2022_pacific,RI,127,0.4230842531292522,1.033284140395676,1.7500616681464098
6,hersh2022_pacific,RI,127,0.306493697361849,1.7380400582023774,0.789847976507408
6,hersh2022_pacific,RI,127,0.4367678272038626,1.3365017164729527,1.8212414783755482
6,hersh2022_pacific,RI,127,0.4362275862382206,1.40615324253069,1.8791616817636907
6,hersh2022_pacific,RI,127,0.2061619541006286,-3.4678501506078194,-2.8630667629755866
6,hersh2022_pacific,RI,127,0.1774138979033277,-2.9927457486873243,-2.534875778349951
6,hersh2022_pacific,RI,127,0.4367515646769939,1.4495246877114196,1.8405192287533212
6,hersh2022_pacific,RI,127,0.4350794211123023,1.114131425900782,1.8284695530190445
6,hersh2022_pacific,RI,127,0.3830767901970483,-0.08652251074257894,1.6228268664448346
6,hersh2022_pacific,RI,127,0.4015367326517767,0.3512768077369005,1.7000902895584076
6,hersh2022_pacific,RI,127,0.4174595127124829,0.7374058087994235,1.7870062281714278
6,hersh2022_pacific,RI,127,0.2660521966214867,-3.6459022180122145,-2.971799818876828
6,hersh2022_pacific,RI,127,0.2457880768453956,0.38873632496360955,-0.6795291733333083
6,hersh2022_pacific,RI,127,0.1266552966620053,2.6080562739128608,-0.36085917883214513
6,hersh2022_pacific,RI,127,0.1158548172645665,2.2116522594577357,-0.5813476902682883
6,hersh2022_pacific,RI,127,0.1459446430457162,2.1133434530359874,-0.5212682875583668
6,hersh2022_pacific,RI,127,0.1326628883417822,2.4999133616232894,-0.42892476132073787
6,hersh2022_pacific,RI,127,0.1422468911961236,2.42455128990969,-0.28314679946518395
6,hersh2022_pacific,RI,127,0.1472853485659498,2.230921007824055,-0.3900926193025025
6,hersh2022_pacific,FP,149,0.3616267489461534,-0.5306247516355291,1.4910683244190042
6,hersh2022_pacific,FP,149,0.3742494360145518,-0.3754622454082898,1.5625195574736144
6,hersh2022_pacific,FP,149,0.3668727903657103,-0.32880335033272023,1.509238058537158
6,hersh2022_pacific,FP,149,0.3600864093241411,-0.5996528023602636,1.4228528398203846
6,hersh2022_pacific,FP,149,0.4849430547790059,1.8494541091040333,1.3394833176180971
6,hersh2022_pacific,FP,149,0.66419156709972,1.6836758912896927,2.003661892879302
6,hersh2022_pacific,FP,149,0.3763774089434462,-0.331351338397229,1.5952894735176364
6,hersh2022_pacific,FP,149,0.1158916577712068,2.183633134815909,-0.718408919790138
6,hersh2022_pacific,FP,149,0.4086977805316772,0.5085926506501982,1.7587374164667575
6,hersh2022_pacific,FP,149,0.4189884784949837,0.4181193836171378,1.8652697362998245
6,hersh2022_pacific,FP,149,0.4127515747476051,0.6617340722342843,1.907550900031675
6,hersh2022_pacific,FP,149,0.4271102945627133,0.5780227108631493,1.977305844926156
6,hersh2022_pacific,FP,149,0.4112184752082499,0.19998786070112404,2.0772473297049676
6,hersh2022_pacific,FP,149,0.4045032151580767,0.1276287646260319,1.999370794366714
6,hersh2022_pacific,FP,149,0.3992255008939796,0.08463702955798297,1.8216843910942053
6,hersh2022_pacific,FP,149,0.4022863957992814,-0.35741679826622047,1.8084514273257268
6,hersh2022_pacific,FP,149,0.41434980626161,-1.6425340494537446,1.8094478314827331
6,hersh2022_pacific,FP,149,0.3676064722595073,0.2508237701353567,1.471472601460492
6,hersh2022_pacific,FP,149,0.3937478690828536,-0.2507999977432118,1.7717821040671344
6,hersh2022_pacific,FP,149,0.4350559412174763,0.5437525455074153,1.5579602182996881
6,hersh2022_pacific,FP,149,0.3618823058456702,-0.1949239188291115,1.533462643722045
6,hersh2022_pacific,FP,149,0.4064826161698248,-0.10179673186018923,1.9251153908219472
6,hersh2022_pacific,FP,149,0.3716489930560233,-0.2060631399127202,1.5958883856119743
6,hersh2022_pacific,FP,149,0.3999595821653691,-0.009750982649855522,1.8606618062623834
6,hersh2022_pacific,FP,149,0.3820728209761794,-0.305868756757312,1.625990432196974
6,hersh2022_pacific,FP,149,0.4178806736765768,0.373441903880367,1.919564042443303
6,hersh2022_pacific,FP,149,0.3772260805325121,-0.23180425785357245,1.585097931293058
6,hersh2022_pacific,FP,149,0.1409852606584071,3.0835379474116094,-0.11759663503691559
6,hersh2022_pacific,FP,149,0.4042149949234138,-0.034791323370810034,1.7599187821061824
6,hersh2022_pacific,FP,149,0.3468650601105494,0.13715488236634207,1.2683445886052878
6,hersh2022_pacific,FP,149,0.4113403810513481,0.12014894250230618,1.977725866386605
6,hersh2022_pacific,FP,149,0.3647269400959775,-0.2213844731287415,1.4362993915311615
6,hersh2022_pacific,FP,149,0.4410663163001375,-2.707638909960929,1.7072128303330407
6,hersh2022_pacific,FP,149,0.4265708144208447,-3.207957285074305,1.265315291789121
6,hersh2022_pacific,FP,149,0.3845351232301022,-0.11224780391247688,1.738959082955188
6,hersh2022_pacific,FP,149,0.361293124992617,-0.1977802404106351,1.5103666296560703
6,hersh2022_pacific,FP,149,0.4047144923535295,-0.2936664774272125,1.734245114344735
6,hersh2022_pacific,FP,149,0.6329103220198381,-4.942275926174547,2.1609330415174357
6,hersh2022_pacific,FP,149,0.397637448980639,-0.8068250866584168,1.854194308340741
6,hersh2022_pacific,FP,149,0.4010709081395145,-0.5186677915256604,1.7399085141392057
6,hersh2022_pacific,FP,149,0.3561801962450844,-0.4204357272574514,1.4226911696791715
6,hersh2022_pacific,FP,149,0.3682712846295906,-0.27283984631230973,1.5211052756687276
6,hersh2022_pacific,FP,149,0.3724330781433335,-0.1793607353092764,1.579906346606395
6,hersh2022_pacific,FP,149,0.402602673537876,-0.4964112363082794,1.7558120654444571
6,hersh2022_pacific,FP,149,0.4181758022646756,0.06207848258902293,1.421368685749683
6,hersh2022_pacific,FP,149,0.4217256675555828,0.4574270567230571,1.8116016199301015
6,hersh2022_pacific,FP,149,0.3653776604923526,-0.05811943613292653,1.4713330801732747
6,hersh2022_pacific,FP,149,0.4091016604275687,-0.6393066803597153,1.7967988284040168
6,hersh2022_pacific,FP,149,0.3723013835752855,-0.2102625921196745,1.562591177216861
6,hersh2022_pacific,FP,149,0.3965933889929845,-0.02317055732702039,1.8695488767448816
6,hersh2022_pacific,FP,149,0.2937713424534943,0.6453885274169304,-0.3020437173118671
6,hersh2022_pacific,FP,149,0.4119935728062757,0.4342214357802229,1.8487924851007589
6,hersh2022_pacific,FP,149,0.4114653400941474,0.1753953604099706,1.849030891172177
6,hersh2022_pacific,FP,149,0.3955765498390529,-0.2892977961934516,1.7217994612732515
6,hersh2022_pacific,FP,149,0.4216857433007112,0.45691471529501065,1.8106927478342492
6,hersh2022_pacific,FP,149,0.4120055805227911,0.4345369456115729,1.8489970911345388
6,hersh2022_pacific,FP,149,0.3933827536360478,0.09190506071613375,1.8246681655044534
6,hersh2022_pacific,FP,149,0.3679802777485798,-1.2325663042173556,1.4768120359051156
6,hersh2022_pacific,FP,149,0.8177998039255913,1.8808310159761665,3.3336399772350465
6,hersh2022_pacific,FP,149,0.3965714997093613,-0.02331261657601741,1.8693826998150411
6,hersh2022_pacific,FP,149,0.4114425589680376,0.17529941404512922,1.8489040251164428
6,hersh2022_pacific,FP,149,0.4666666668496026,0.9295836979784874,1.2780110362616162
6,hersh2022_pacific,FP,149,0.4018008509651621,-0.14118401361839084,1.7955399538195365
6,hersh2022_pacific,FP,149,0.4011447364111115,0.02813424674670395,1.7222399347650303
6,hersh2022_pacific,FP,149,0.358078425178154,-1.0596739915705402,1.4257345206442267
6,hersh2022_pacific,FP,149,0.3786914757420976,-1.1369071286593118,1.4416721792043852
6,hersh2022_pacific,FP,149,0.3576022496477274,-1.1046525500218844,1.3941131155270399
6,hersh2022_pacific,FP,149,0.3778874225319118,-1.2438009411416928,1.5322991888491633
6,hersh2022_pacific,FP,149,0.5297486503214786,1.6016637886463505,1.6132739823159328
6,hersh2022_pacific,FP,149,0.5069452613097767,1.3066204982555083,1.7538535840416634
6,hersh2022_pacific,FP,149,0.4562729092879535,-1.454675990683505,2.0585183651795167
6,hersh2022_pacific,FP,150,0.3926680528150938,-1.340916764016665,1.620152613916059
6,hersh2022_pacific,FP,150,0.3881377032974235,-1.1829816322264777,1.5753309313474684
6,hersh2022_pacific,FP,150,0.4894923647825995,-0.9478150150999878,0.5062904040065808
6,hersh2022_pacific,FP,150,0.483713790318598,-0.6690648236001795,0.5381368377607381
6,hersh2022_pacific,FP,150,0.4890153694384607,-0.5511014502276098,0.7669872734687487
6,hersh2022_pacific,FP,150,0.3858972911809946,-0.4430897644856592,1.6492592108670974
6,hersh2022_pacific,FP,151,0.4199004671284846,-2.170375351692076,1.5127651392642605
6,hersh2022_pacific,FP,151,0.3907245501949713,-0.43343836981674627,1.7441514510556055
6,hersh2022_pacific,FP,151,0.4058001768546769,-0.4585278638497715,1.773121469037819
6,hersh2022_pacific,FP,151,0.4781529455319281,1.235674965806729,2.537250376457192
6,hersh2022_pacific,FP,151,0.4099422976282671,-0.5083338569893499,1.8699100525425023
6,hersh2022_pacific,FP,151,0.398531922632196,-0.2754640365683756,1.722267249634982
6,hersh2022_pacific,FP,151,0.388006837499562,-0.26645930163817827,1.652817459369981
6,hersh2022_pacific,FP,151,0.3962780744648713,-0.1326348250635881,1.5045308210943216
6,hersh2022_pacific,FP,151,0.3991798294264766,-2.8487748346198205,1.2716156261140792
6,hersh2022_pacific,FP,151,0.4137973413224956,-1.0444394756555568,1.8259599180577277
6,hersh2022_pacific,FP,151,0.3937463850040111,-0.9819765318179994,1.6239307880620115
6,hersh2022_pacific,FP,151,0.3887815529996319,-0.8121461574579915,1.7152745447938456
6,hersh2022_pacific,FP,151,0.4009939946444953,-1.305474875050767,1.687940313354855
6,hersh2022_pacific,FP,151,0.4050432991700208,-0.39490847820871866,1.8075770218460185
6,hersh2022_pacific,FP,151,0.3929673919162911,-0.28656814576921025,1.6351791970695237
6,hersh2022_pacific,FP,151,0.4119516973872054,-1.7344001732441015,1.638532773050638
6,hersh2022_pacific,FP,151,0.4111261503313644,-1.6899165970768062,1.5435116815685963
6,hersh2022_pacific,FP,151,0.4026253752553141,-0.3642802907961093,1.8215340921323029
6,hersh2022_pacific,FP,151,0.3940671950859519,-0.29227765930183286,1.7910355266992126
6,hersh2022_pacific,FP,151,0.3917221969113483,-0.41992236809078093,1.724251669647996
6,hersh2022_pacific,FP,151,0.396930742376037,-0.3877686309788709,1.7768843670066015
6,hersh2022_pacific,FP,151,0.4017198961689748,-0.5661149290441702,1.7826896788158777
6,hersh2022_pacific,FP,151,0.4067656051187556,-1.5264700463257987,1.5378725582798252
6,hersh2022_pacific,FP,151,0.3787167521794922,-0.14735739193572772,1.5841356153180373
6,hersh2022_pacific,FP,151,0.3903071870111149,-0.27380113802156153,1.6707691040249322
6,hersh2022_pacific,FP,151,0.4022473141603059,-0.25474744272357924,1.8003976222806817
6,hersh2022_pacific,FP,151,0.386797043476278,-0.10879521697851535,1.5516908976452033
6,hersh2022_pacific,FP,151,0.3933259419491554,-0.4265156712003381,1.7870325539745542
6,hersh2022_pacific,FP,151,0.3646788476598678,-2.0266461662627964,1.1049037322150443
6,hersh2022_pacific,FP,151,0.3974639374008933,-1.128108514108301,1.5748955710637542
6,hersh2022_pacific,FP,151,0.4221863408301579,-3.51108839884433,1.2724470954020384
6,hersh2022_pacific,FP,151,0.3199837794258548,-1.5701631562931397,0.9233980734887431
6,hersh2022_pacific,FP,151,0.3495355116055353,-1.5320620304233938,1.1512870468198804
6,hersh2022_pacific,FP,151,0.4493919372571964,0.8884357788022627,2.1622641462404157
6,hersh2022_pacific,FP,151,0.5046334456095175,-2.8543453098646636,2.0345107159657694
6,hersh2022_pacific,FP,151,0.3989636642600048,-0.8757697824371469,1.7541316080953493
6,hersh2022_pacific,FP,151,0.3814267400121786,-1.1461102809740151,1.2431349888314673
6,hersh2022_pacific,FP,151,0.3668007981933792,0.4947070558194513,1.5286842363493365
6,hersh2022_pacific,FP,151,0.4146265282863993,0.2978836206092355,1.955947346671135
6,hersh2022_pacific,FP,151,0.3965858113597698,0.2735072679008252,1.78567679014344
6,hersh2022_pacific,FP,151,0.3951379371532947,0.15507657337796504,1.64434246489401
6,hersh2022_pacific,FP,151,0.4344411490874288,0.9613377268185479,1.9944055717260818
6,hersh2022_pacific,FP,151,0.4349483282343304,-1.7884142540638748,1.687923762032195
6,hersh2022_pacific,FP,151,0.4427228174524529,0.8260166735298151,2.1033978853711846
6,hersh2022_pacific,FP,151,0.4391083071837814,0.669817651876079,2.1737234682234714
6,hersh2022_pacific,FP,151,0.4449707395792523,0.6591673565615297,2.2247922182190587
6,hersh2022_pacific,FP,151,0.3969254826749813,0.23959210080815174,1.6868811155415586
6,hersh2022_pacific,FP,151,0.3922435269339093,-0.03492083023722742,1.8046467935757264
6,hersh2022_pacific,FP,151,0.5086018859687039,-2.9001797603519437,2.0487760955646186
6,hersh2022_pacific,FP,151,0.378072633200003,-1.8612992982393006,1.411564377518241
6,hersh2022_pacific,FP,151,0.4041258944658532,0.3921113778627988,1.8126183925684298
6,hersh2022_pacific,FP,151,0.3803977928331531,0.5807142345506718,1.5872617515513594
6,hersh2022_pacific,FP,151,0.3361883448565396,-1.3182895002251869,1.4682458911182381
6,hersh2022_pacific,FP,151,0.3843724721523852,0.14686120662682456,1.5764546402604607
6,hersh2022_pacific,FP,151,0.3980507969852543,-0.0968794203746201,1.7407080675159592
6,hersh2022_pacific,FP,151,0.3925766513822553,-0.1495028989015077,1.776684720399024
6,hersh2022_pacific,FP,151,0.4290883786081949,0.24147664407801195,1.9610199772337076
6,hersh2022_pacific,FP,151,0.4243781876325015,0.41132483616855364,1.9857139463905988
6,hersh2022_pacific,FP,151,0.6735578104364568,-10.894035536348131,-2.413790056371906
6,hersh2022_pacific,FP,151,0.3730157054984436,-1.515173904020223,0.643508483312992
6,hersh2022_pacific,,152,0.3201425743252561,-0.49232597308942017,1.3330953598142903
6,hersh2022_pacific,,152,0.3926462468364556,-0.7499749211896889,1.6787343560174155
6,hersh2022_pacific,,152,0.4010344275910889,-0.6202946168103962,1.8239018764768886
6,hersh2022_pacific,REG,153,0.2110311626985314,0.5419669996858629,-1.1910179192291344
6,hersh2022_pacific,REG,153,0.2296194528566578,0.30225454486979797,-1.205151009656361
6,hersh2022_pacific,REG,153,0.2371835710397014,0.16745817160105378,-1.298850574039099
6,hersh2022_pacific,REG,153,0.2415507407831725,0.05100137559250173,-1.3664740442105445
6,hersh2022_pacific,REG,153,0.2373885746786136,0.030719141331945143,-1.296054447099753
6,hersh2022_pacific,REG,153,0.2336729662269845,0.2537526944963721,-1.2430576045529922
6,hersh2022_pacific,REG,153,0.2113514383454409,0.3904562236711459,-1.4077041503573307
6,hersh2022_pacific,REG,153,0.2298464429624947,0.18497483128232994,-1.431836554699164
6,hersh2022_pacific,REG,153,0.2057607105263144,0.4550290804066451,-1.4224350071929628
6,hersh2022_pacific,REG,153,0.2102709006744023,0.4322457885744785,-1.3514610986092523
6,hersh2022_pacific,REG,153,0.2332775387343,0.2909826351238811,-1.158113274814538
6,hersh2022_pacific,REG,153,0.2419370293862821,0.126279316549866,-1.288252756776857
6,hersh2022_pacific,REG,153,0.2114016686371271,0.47633583453764927,-1.246547806559149
6,hersh2022_pacific,REG,153,0.2105940900592556,0.45197161190335106,-1.3021666641205725
6,hersh2022_pacific,REG,153,0.2390756189982802,0.23460673757088557,-1.1099244590615756
6,hersh2022_pacific,REG,153,0.214250073724079,0.5463091772671241,-1.0885488424496337
6,hersh2022_pacific,REG,153,0.2213602624369883,0.42180732185324843,-1.1536919600824271
6,hersh2022_pacific,REG,153,0.2114383351306009,-0.013791587322897259,-0.8542229421922944
6,hersh2022_pacific,REG,153,0.2115651967762444,0.47761086724590945,-1.2388712409193088
6,hersh2022_pacific,REG,153,0.2167179493669659,0.3805317641043674,-1.3298531880720788
6,hersh2022_pacific,REG,153,0.2180627762626747,0.4651074266279338,-1.1648075068323964
6,hersh2022_pacific,REG,153,0.221567348746267,0.39032427777779827,-1.2066627242220294
6,hersh2022_pacific,REG,153,0.1672510614117053,1.0649456106292288,-1.1482851966870347
6,hersh2022_pacific,REG,153,0.2378314335762547,0.09646402080392019,-1.6300264966430364
6,hersh2022_pacific,REG,153,0.2213686521780491,-0.09704458168629562,-1.2084297036949503
6,hersh2022_pacific,REG,153,0.2196991097409333,0.45473717215255993,-1.1428695281932302
6,hersh2022_pacific,REG,153,0.2538679639389062,0.5121060087324206,-0.8345126750957363
6,hersh2022_pacific,REG,153,0.201954364690087,0.591243395592157,-1.2453802589707355
6,hersh2022_pacific,REG,153,0.217002171207514,0.4305328219024931,-1.2062951277172156
6,hersh2022_pacific,REG,153,0.2046674630241483,0.637124208588825,-1.1101247935674692
6,hersh2022_pacific,REG,153,0.2382927411067388,0.15043801645943766,-1.3164190363409327
6,hersh2022_pacific,REG,153,0.2055626255820769,0.5924555789687529,-1.1508271510393713
6,hersh2022_pacific,REG,153,0.2105291809820634,0.5784091950679302,-1.0970032456740046
6,hersh2022_pacific,REG,153,0.2183067383434402,0.48368124038654975,-1.138625558165202
6,hersh2022_pacific,REG,153,0.206704503873031,0.615067472587745,-1.1296809627153146
6,hersh2022_pacific,REG,153,0.2204015960812121,0.4547917563090108,-1.1166557403000024
6,hersh2022_pacific,REG,153,0.213697708238264,0.5123388085350977,-1.1498941917682735
6,hersh2022_pacific,REG,153,0.2221512689163596,0.6055493477095888,-0.8720258161477035
6,hersh2022_pacific,REG,153,0.22267747129749,0.46377982206120505,-1.06763860299057
6,hersh2022_pacific,REG,153,0.2163630834440401,0.4869368281639577,-1.1301624039631366
6,hersh2022_pacific,REG,153,0.221459295878978,0.5514138556160735,-1.0182323072093795
6,hersh2022_pacific,REG,153,0.2139623200547704,0.5706620953334177,-1.0782500159472468
6,hersh2022_pacific,REG,153,0.2240673492298946,0.4051306958524479,-1.1358842966306066
6,hersh2022_pacific,REG,153,0.217580227904919,0.48611467897995775,-1.1198518010728742
6,hersh2022_pacific,REG,153,0.2181813527560625,0.4679795606126679,-1.1596375074686938
6,hersh2022_pacific,REG,153,0.2368530478189652,0.15069506668063673,-1.305808062347622
6,hersh2022_pacific,REG,153,0.242851806996624,0.1060020287707582,-1.3255381119421623
6,hersh2022_pacific,REG,153,0.1999859243334039,0.6536415370698978,-1.1710823107802466
6,hersh2022_pacific,REG,153,0.1969766834066574,0.5589749048165267,-1.410641720525784
6,hersh2022_pacific,REG,153,0.223842032417354,0.045812172265154966,-1.0974022562339
6,hersh2022_pacific,REG,153,0.2038066982741602,0.651991136907746,-1.1127345962562194
6,hersh2022_pacific,REG,153,0.2252857536415099,0.307567293355555,-1.2538432872488092
6,hersh2022_pacific,REG,153,0.220003592134497,0.46038746801632147,-1.1275073744447304
6,hersh2022_pacific,REG,153,0.2269674196431885,0.50284987827919,-0.9871815770055139
6,hersh2022_pacific,REG,153,0.2331685516908534,-0.017986212651649458,-1.3006805729172761
6,hersh2022_pacific,REG,153,0.1937260368314531,0.7405179438768339,-1.147449765090467
6,hersh2022_pacific,REG,153,0.225064027597899,0.3102636679665527,-1.2723460597494611
6,hersh2022_pacific,REG,153,0.2038100471153077,0.6233614623782844,-1.1460432702491399
6,hersh2022_pacific,REG,153,0.2139236248839043,0.5188322164459561,-1.1564607046872062
6,hersh2022_pacific,REG,153,0.2123132795615639,0.5259463695908639,-1.1474195364460928
6,hersh2022_pacific,REG,153,0.2139584135236542,0.47448927968268306,-1.2235473965456425
6,hersh2022_pacific,REG,153,0.1977425233377482,0.7475669194242018,-1.1154710237501557
6,hersh2022_pacific,REG,153,0.2099248788126384,0.5259868187469299,-1.1918606203187778
6,hersh2022_pacific,REG,153,0.2375224839774168,0.08985336633571808,-0.7175017032695631
6,hersh2022_pacific,REG,153,0.2407770246591377,0.10259703953888161,-1.3787460368414735
6,hersh2022_pacific,REG,153,0.2037776757358701,0.6368573552501746,-1.1226346440004864
6,hersh2022_pacific,REG,153,0.2208672669415697,0.43687849645999444,-1.1493283752088521
6,hersh2022_pacific,REG,153,0.1800016753586732,0.7741365437767153,-1.5953624604337273
6,hersh2022_pacific,REG,153,0.2317327614994876,0.003079871248637678,-1.270221781605578
6,hersh2022_pacific,REG,153,0.2078454746575391,0.40739650480413514,-1.5146142393503415
6,hersh2022_pacific,REG,153,0.2316968565641677,0.19203332264501438,-1.3825666590754047
6,hersh2022_pacific,REG,153,0.2163868154717766,0.39882504481350933,-1.3127544878490576
6,hersh2022_pacific,REG,153,0.2331468432069637,-0.14101033992902887,-1.384824303864667
6,hersh2022_pacific,REG,153,0.2415004976491124,0.14205944699876583,-1.2807808787246704
6,hersh2022_pacific,REG,153,0.2287336924037314,0.3222207200462748,-1.2000402766541054
6,hersh2022_pacific,REG,153,0.2174817611649075,0.4290902401619799,-1.1937715448405286
6,hersh2022_pacific,REG,153,0.2333039779681937,0.18446701436338528,-1.375996804206813
6,hersh2022_pacific,REG,153,0.2438552655147564,0.10160126367488334,-1.2826572030251477
6,hersh2022_pacific,REG,153,0.2370212736836987,0.22386107491739532,-1.196695579261158
6,hersh2022_pacific,REG,153,0.221611139518824,-0.2640759030166788,-1.4140667949745005
6,hersh2022_pacific,REG,153,0.2185625962421705,0.6160839107023115,-0.9331185970624184
6,hersh2022_pacific,REG,153,0.1995874551258009,0.5538688118795034,-1.3674704430944176
6,hersh2022_pacific,REG,153,0.2268314741042525,0.3115539574634518,-1.255365922056688
6,hersh2022_pacific,REG,153,0.2113643161371906,0.5309440801881065,-1.1694379865303648
6,hersh2022_pacific,REG,153,0.2218479852245411,0.41318661145572466,-1.1659650693460797
6,hersh2022_pacific,REG,153,0.1746731767399526,0.86358866396952,-1.7940632356327169
6,hersh2022_pacific,REG,153,0.2380552876566719,0.2599464714359776,-1.1518753765536545
6,hersh2022_pacific,REG,153,0.2190986750578671,-0.13135137124169935,-1.2797883006398725
6,hersh2022_pacific,REG,153,0.211400748217335,0.39985967826069396,-1.3984177335087749
6,hersh2022_pacific,REG,153,0.241417354719617,0.10910035312746544,-1.2938276981617582
6,hersh2022_pacific,REG,153,0.2098086283796592,0.49718887287530095,-1.258188597969119
6,hersh2022_pacific,REG,153,0.2200660402285407,0.3804722406654072,-1.2499373184947569
6,hersh2022_pacific,REG,153,0.2233085813461701,0.3328552203838405,-1.2594758585721268
6,hersh2022_pacific,REG,153,0.2228143163361709,0.3571017524864299,-1.2175455363891299
6,hersh2022_pacific,REG,153,0.233908504753444,0.20637002652632663,-1.256476102959595
6,hersh2022_pacific,REG,153,0.2357920340352677,0.09103338611886305,-1.1813863760606433
6,hersh2022_pacific,REG,153,0.2089432808587291,0.5544313220991478,-1.1447672635773123
6,hersh2022_pacific,REG,153,0.2271222443341487,0.5001226990186551,-0.9604811451973746
6,hersh2022_pacific,REG,153,0.2262251151415097,0.29379395668618224,-1.2740103189438368
6,hersh2022_pacific,REG,153,0.2207901302150693,0.39636768020875773,-1.1908075459086913
6,hersh2022_pacific,REG,153,0.2350363813403975,0.09472942407414894,-1.1511726431940823
6,hersh2022_pacific,REG,153,0.2278604313944255,0.27726001641877085,-1.2717840612317302
6,hersh2022_pacific,REG,153,0.2312002418292695,0.22776313932082107,-1.29175405985658
6,hersh2022_pacific,REG,153,0.2248375413864273,-0.21986108581765687,-1.396718569438046
6,hersh2022_pacific,REG,153,0.206228497161538,0.6718482334525852,-1.032943099716635
6,hersh2022_pacific,REG,153,0.2062435617556132,0.5973843609593277,-1.1333174947905555
6,hersh2022_pacific,REG,153,0.2105786902360046,0.48823109462195924,-1.2247979281658432
6,hersh2022_pacific,REG,153,0.2189442779368743,0.45339784248116766,-1.2072108789602225
6,hersh2022_pacific,REG,153,0.2176415583810231,0.4499610922374722,-1.1725633381036318
6,hersh2022_pacific,REG,153,0.222398323747463,-0.1680106464503004,-1.3380051703587696
6,hersh2022_pacific,REG,153,0.232246826232338,0.24969252659403915,-1.2319666729249659
6,hersh2022_pacific,REG,153,0.2203922142022628,0.4425058960086916,-1.1256549507051417
6,hersh2022_pacific,REG,153,0.2331902113911124,0.04127318171255362,-1.201794864288722
6,hersh2022_pacific,REG,153,0.2358369592735461,0.08053181952521621,-1.2117455585039012
6,hersh2022_pacific,REG,153,0.2316427646718787,-0.015780088110409624,-1.2627405707683583
6,hersh2022_pacific,REG,153,0.2255930127270967,0.336449200978176,-1.2142044107510892
6,hersh2022_pacific,REG,153,0.2172655667739662,0.46292035624798944,-1.1806330855478473
6,hersh2022_pacific,REG,153,0.2183479345656226,-0.18464227289030152,-1.284723386688054
6,hersh2022_pacific,REG,153,0.1927420348744158,0.7382462969378807,-1.1815629823997509
6,hersh2022_pacific,REG,153,0.2234567006841265,0.573522168427438,-0.9819823248059876
6,hersh2022_pacific,REG,153,0.2069682941339982,0.537838923982874,-1.215159893738782
6,hersh2022_pacific,REG,153,0.2072781684584688,0.6044256326262011,-1.116847721232329
6,hersh2022_pacific,REG,153,0.2378269806253486,0.24901566792071844,-1.1301678164802085
6,hersh2022_pacific,REG,153,0.216348359731464,0.3815293614311913,-1.3150817093229936
6,hersh2022_pacific,REG,153,0.2292122156647257,0.6028166003673053,-0.9112730206520088
6,hersh2022_pacific,REG,153,0.2330831806244575,-0.09745638029649947,-1.353550558383613
6,hersh2022_pacific,REG,153,0.2335472608714495,0.024934031514249555,-1.228670807391222
6,hersh2022_pacific,REG,153,0.2313575832118551,-0.015243935719058965,-1.248729365323326
6,hersh2022_pacific,REG,153,0.2356455597320524,0.10114103560614951,-1.1148674532200498
6,hersh2022_pacific,REG,153,0.2395278542903454,0.20998885409101017,-1.2017336763125122
6,hersh2022_pacific,REG,153,0.2370853834256329,0.2297466202212175,-1.1840446707089898
6,hersh2022_pacific,REG,153,0.2410130292495051,0.12790191176701493,-1.2382369654838137
6,hersh2022_pacific,REG,153,0.2177628031869489,0.3965839124074109,-1.3087816034477293
6,hersh2022_pacific,REG,153,0.2091854404856527,0.5717616385784126,-1.1393742393290234
6,hersh2022_pacific,REG,153,0.2210943327764629,0.4855952989139636,-1.0917570027110401
6,hersh2022_pacific,REG,153,0.2186188539865209,0.4577529321248728,-1.1382053638680274
6,hersh2022_pacific,REG,153,0.2146354230560972,0.49146429488508403,-1.1733651202614972
6,hersh2022_pacific,REG,153,0.2423368849012024,0.228087124320543,-1.1065490796864756
6,hersh2022_pacific,REG,153,0.2354769436487175,0.052028845344805674,-1.2560151440977632
6,hersh2022_pacific,REG,153,0.2130270507646177,0.5255792443989075,-1.1371316376232394
6,hersh2022_pacific,REG,153,0.2114929687052428,0.4687421305996349,-1.2568731885144286
6,hersh2022_pacific,REG,153,0.192486463496405,0.7667082581218154,-1.131716244335803
6,hersh2022_pacific,REG,153,0.2108015223013605,0.5275629513813025,-1.189633998151466
6,hersh2022_pacific,REG,153,0.2366888064988818,0.16810366789054168,-1.2881454164487378
6,hersh2022_pacific,REG,153,0.2313885616671381,-0.049932003872390746,-1.3109039521551964
6,hersh2022_pacific,REG,153,0.2102405887112251,0.47795902793220046,-1.2524009914576355
6,hersh2022_pacific,REG,153,0.2077201553389756,0.4998499671822829,-1.268718722152107
6,hersh2022_pacific,REG,153,0.2262790288181033,0.29707283850192423,-1.2583536459845042
6,hersh2022_pacific,REG,153,0.2181180341463436,-0.14150125910410144,-1.2330105647490255
6,hersh2022_pacific,REG,153,0.2422793749400009,0.15509006274301274,-1.1892637275112223
6,hersh2022_pacific,REG,153,0.2181145657748137,0.44468390257767454,-1.1650457908240535
6,hersh2022_pacific,REG,153,0.216393318266371,0.49125139100550963,-1.1452968607917273
6,hersh2022_pacific,,154,0.2345130771956779,-0.09750893086873696,-1.360293751578323
6,hersh2022_pacific,,154,0.2400311998479496,0.09993371974043311,-1.2499727161479925
6,hersh2022_pacific,,154,0.2322796098133125,-0.0557858127044088,-1.3325522552872873
6,hersh2022_pacific,,154,0.2399742021957134,0.004962253644363507,-1.321934570981843
6,hersh2022_pacific,FP,155,0.3867983839051031,-0.15737134361813915,1.6500844834614234
6,hersh2022_pacific,FP,155,0.3983078083480251,-1.8518119561095463,1.4687380553768856
6,hersh2022_pacific,FP,155,0.3999265275562821,-1.2507891208672557,1.5977801947947072
6,hersh2022_pacific,FP,155,0.390677678860384,-0.763422950476164,1.6820595873081445
6,hersh2022_pacific,FP,155,0.3723665795027504,-0.3647212707242464,1.5917082159795335
6,hersh2022_pacific,FP,155,0.4494086971270889,-3.1653964598655184,1.4763420196601653
6,hersh2022_pacific,FP,155,0.4160596839978595,-3.0563906029695147,1.343516285199782
6,hersh2022_pacific,FP,155,0.614617670106679,-3.5403333142693065,2.2945249089185706
6,hersh2022_pacific,FP,155,0.381727132502898,-1.585377171097106,1.4265729664249005
6,hersh2022_pacific,FP,155,0.3640027139711846,-0.557306606080975,1.462467652769671
6,hersh2022_pacific,FP,155,0.402628497434683,-0.594004285638454,1.7205372734216229
6,hersh2022_pacific,FP,155,0.3655834370635993,-0.515209003463724,1.4640832339689056
6,hersh2022_pacific,FP,155,0.392044262018657,-0.6984397129666731,1.6261323809140582
6,hersh2022_pacific,RI,156,0.3289928092099372,2.0661243924917776,0.4864337613753728
6,hersh2022_pacific,RI,156,0.290259610848522,2.0573952835001297,0.28822494875207333
6,hersh2022_pacific,RI,156,0.1680192842086509,1.0762209623230958,-1.5320299842515759
6,hersh2022_pacific,RI,156,0.1395089649615907,1.9325754192849844,-0.9652555095348727
6,hersh2022_pacific,RI,156,0.1916004087368463,3.5993872726333174,0.5336640059079548
6,hersh2022_pacific,RI,156,0.238589894365787,1.4484987091947399,-0.2542707512078671
6,hersh2022_pacific,RI,156,0.2610249955307407,0.24526195624079364,0.7062028778158734
6,hersh2022_pacific,RI,156,0.3449355640614511,1.973385888175257,0.4803008718106887
6,hersh2022_pacific,RI,156,0.3676448202148044,2.050876622298257,0.6645222707314368
6,hersh2022_pacific,RI,156,0.1780976731803319,1.914246323993642,-0.30037115261877034
6,hersh2022_pacific,RI,156,0.1541787245748207,1.8564425093288222,-0.710001944739643
6,hersh2022_pacific,RI,156,0.2227093317930511,0.2858766687035743,-0.6073064001108239
6,hersh2022_pacific,SH,157,0.2455892459000752,0.03695643976325147,-1.5440172800764715
6,hersh2022_pacific,SH,157,0.1591958110335857,1.6569746375835204,-0.6114329187806085
6,hersh2022_pacific,SH,157,0.2362183777795549,0.3266287866628276,-0.315126855851241
6,hersh2022_pacific,SH,157,0.2432980218856862,-1.9831189691125148,-2.5405564752011647
6,hersh2022_pacific,SH,157,0.2683615187446183,1.0271738470718828,-0.08786129082354213
6,hersh2022_pacific,SH,157,0.182592012128359,1.111053501536519,-0.9286073240562464
6,hersh2022_pacific,SH,157,0.1537909556383754,1.6264073642641004,-0.6619219544688578
6,hersh2022_pacific,SH,157,0.1207647532807673,1.6659173429870906,-1.0327663785688634
6,hersh2022_pacific,SH,157,0.1740276037193509,1.4963065633727772,-0.6387945466701201
6,hersh2022_pacific,SH,157,0.2313258759759036,0.6850187422815759,-0.7370956843131978
6,hersh2022_pacific,SH,157,0.1398783078058479,1.6910698397041668,-1.445832390078167
6,hersh2022_pacific,SH,157,0.2394835557092902,0.7168873334189372,-0.5862360125673145
6,hersh2022_pacific,SH,157,0.14209772485872,1.9832849740719005,-0.510006501307433
6,hersh2022_pacific,SH,157,0.2446667227961285,0.7882698159477541,-0.6660203476130947
6,hersh2022_pacific,SH,157,0.2235835168944107,0.3425100862205678,-1.2354400071280665
6,hersh2022_pacific,SH,157,0.2423724537810458,0.5652837225904459,-0.7065083862269045
6,hersh2022_pacific,SH,157,0.2396284697788228,2.130965404552742,0.19011826149082522
6,hersh2022_pacific,SH,157,0.152371465209556,1.3288933739220439,-1.592103343822382
6,hersh2022_pacific,SH,157,0.1619594617683586,2.329960437899962,-0.2987597301722409
6,hersh2022_pacific,SH,157,0.2255122275482211,1.1856936770256281,-0.4086424376692622
6,hersh2022_pacific,FP,170,0.2793157388498907,1.0197886881535152,-0.03858483810735441
6,hersh2022_pacific,FP,170,0.3054594723775827,1.6301944267492283,0.5813556192494261
6,hersh2022_pacific,FP,170,0.3061507262356274,1.5323165929748257,0.4107174093627089
6,hersh2022_pacific,FP,170,0.3464650171302186,1.7740904846491714,0.9022798220999474
6,hersh2022_pacific,FP,170,0.2847586808298764,1.0629470766616544,0.03829173716221046
6,hersh2022_pacific,FP,170,0.1934569821213357,2.1780974233432953,-0.1582971870385111
6,hersh2022_pacific,FP,170,0.37851775600809,1.1130921191622671,1.5284564197722357
6,hersh2022_pacific,FP,170,0.4275921570808023,1.041901840772221,1.8743656482322022
6,hersh2022_pacific,REG,171,0.1371556336890552,2.193285171746781,-0.3782930034208052
6,hersh2022_pacific,REG,171,0.1458900612304312,1.78415434523965,-0.6031613778474084
6,hersh2022_pacific,FP,249,0.3930162637850841,0.6875684382105648,1.6588875326658548
6,hersh2022_pacific,FP,249,0.4031188346926017,0.7933715354314991,1.6708501188562996
6,hersh2022_pacific,FP,249,0.4193198002218382,0.7096337512609727,1.843716008615928
6,hersh2022_pacific,FP,249,0.4092259763139699,0.9588370414148405,1.7341282268608775
6,hersh2022_pacific,FP,249,0.4146129384665423,0.7674263365215244,1.8695732769575701
6,hersh2022_pacific,FP,249,0.3809851379520375,0.14724416743596586,1.6008387730488294
6,hersh2022_pacific,FP,249,0.4039721656083686,0.9510192258902322,1.7238372789639245
6,hersh2022_pacific,FP,249,0.3684894505851563,0.3750700069765594,1.404657221378523
6,hersh2022_pacific,FP,249,0.3963188009388184,-0.33807899702158656,1.7330174409593817
6,hersh2022_pacific,FP,249,0.3877408590281548,0.2735968598452544,1.7621250911033468
6,hersh2022_pacific,FP,249,0.3981560644168379,0.6889936366127051,1.707585744712119
6,hersh2022_pacific,FP,249,0.4081794934485516,0.810390678108744,1.6269377112440848
6,hersh2022_pacific,FP,249,0.3672409905530339,-1.037641338067113,1.4939818083415082
6,hersh2022_pacific,FP,249,0.3843667447139763,-0.024692347368332312,1.6313082898483904
6,hersh2022_pacific,FP,249,0.3912053667080834,0.28997365865934255,1.683634836642604
6,hersh2022_pacific,FP,249,0.4024683167178715,0.6184504069632231,1.6406446934149768
6,hersh2022_pacific,FP,249,0.3709129580007236,1.551172526141712,1.1212888504552598
6,hersh2022_pacific,FP,249,0.455471485132375,1.1797391143097056,1.7206595185501388
6,hersh2022_pacific,FP,249,0.4561312094383352,1.364710196736842,1.6490111660031892
6,hersh2022_pacific,FP,249,0.398921061739861,0.732967696162718,1.6311062418794484
6,hersh2022_pacific,FP,249,0.3988469956629723,0.6245046823099171,1.7246450476210984
6,hersh2022_pacific,FP,249,0.4138696433453384,0.8029695339760361,1.8018416149358396
6,hersh2022_pacific,FP,249,0.3717368424512004,0.057836211521272274,1.5966551482904947
6,hersh2022_pacific,FP,249,0.4105264130252464,0.44860234173052077,1.9093421672600381
6,hersh2022_pacific,FP,249,0.4024228180921187,0.7041621443382593,1.7671117923812463
6,hersh2022_pacific,FP,249,0.3923658479168322,0.47596525856053756,1.655693466035253
6,hersh2022_pacific,FP,249,0.3862298016958976,0.404462288397889,1.565872389343656
6,hersh2022_pacific,FP,249,0.4066124221889916,0.7291822040758451,1.7471916285463067
6,hersh2022_pacific,FP,249,0.3950290041930554,0.41069862983236266,1.690777718522508
6,hersh2022_pacific,FP,249,0.3823387552868649,-0.14456912997846394,1.7068651246545383
6,hersh2022_pacific,FP,249,0.3544026432941778,-0.1805939913084683,1.398765513639717
6,hersh2022_pacific,FP,249,0.3952776567323602,-0.11828151456448757,1.9534118604182094
6,hersh2022_pacific,FP,249,0.4072494181514459,0.13164980693207884,1.8160607773841915
6,hersh2022_pacific,FP,249,0.3848876943439187,-3.647836822210848,0.7084482326943741
6,hersh2022_pacific,SH,250,0.1201595262988856,1.998619002198393,-0.686257111239786
6,hersh2022_pacific,SH,250,0.2498926107456357,1.5877357401339298,-0.09492706402920811
6,hersh2022_pacific,SH,250,0.1983023788245901,-0.4205702779999669,-0.2759864337020357
6,hersh2022_pacific,SH,250,0.1353820428082421,2.348248272317534,-0.3838784569316174
6,hersh2022_pacific,REG,252,0.2016152528829067,-0.3229429714266502,-1.194900917625942
6,hersh2022_pacific,REG,252,0.210625857234968,-0.27132536806775764,-1.1506005777573276
6,hersh2022_pacific,REG,252,0.1940766886835506,-0.4946024767894619,-1.281165431695333
6,hersh2022_pacific,REG,252,0.1869356071234681,-0.554795060570096,-1.2782235853926993
6,hersh2022_pacific,REG,252,0.2305993962583731,0.32427284213596985,-1.1292433344063073
6,hersh2022_pacific,REG,252,0.1766372619832829,-0.6835019171874545,-1.308767122464166
6,hersh2022_pacific,REG,252,0.29037980046806,-0.8652631893206426,-2.4878943410651386
6,hersh2022_pacific,REG,252,0.2967068879778345,-0.8529460524351151,-2.515517103391164
6,hersh2022_pacific,REG,252,0.2838883706605451,-0.625158438994737,-2.3840764195502553
6,hersh2022_pacific,REG,252,0.2814114877964702,-0.5948392317746845,-2.3607888409696227
6,hersh2022_pacific,REG,252,0.290779939432825,-0.9280831215517866,-2.4940653932169985
6,hersh2022_pacific,REG,252,0.2885546987635342,-0.9077747856013565,-2.483072950016293
6,hersh2022_pacific,REG,252,0.2862093695292195,-0.8430618624549041,-2.399763235743043
6,hersh2022_pacific,REG,253,0.2287416461118328,0.0014787567690303927,-1.1572008711575514
6,hersh2022_pacific,FP,254,0.3155952703862714,-2.7381460341932575,-0.7374101184875197
6,hersh2022_pacific,FP,254,0.3209236399237505,-2.892374764215382,-0.643213791623599
6,hersh2022_pacific,FP,254,0.3963386431889017,-4.252038419863864,-0.96344758354369
6,hersh2022_pacific,FP,254,0.4459003442042351,-4.72790387851676,-1.1151507196555177
6,hersh2022_pacific,FP,254,0.3690102201201008,-3.119469250732754,-0.40864170722027593
6,hersh2022_pacific,FP,254,0.3563323809567202,-3.3356923721843916,-0.5997736182380783
6,hersh2022_pacific,FP,254,0.3434747054481511,-3.511869173209145,-0.7947275747237468
6,hersh2022_pacific,FP,254,0.3256274908502391,-3.4320156977920195,-0.8898227342154044
6,hersh2022_pacific,FP,254,0.2665750506347137,-3.0629347021222255,-1.0420738925207986
6,hersh2022_pacific,FP,254,0.301973399378347,1.054152102374837,-0.010587280063341364
6,hersh2022_pacific,RI,256,0.2004843660925982,-0.2624565865499126,-1.1551200158990056
6,hersh2022_pacific,RI,256,0.3656078077926468,0.1461888104389053,1.5153977284909437
6,hersh2022_pacific,RI,256,0.3959103616990095,0.694267552148516,1.7513888150426564
6,hersh2022_pacific,RI,256,0.4053623723523117,0.8250889041584472,1.6992408242710224
6,hersh2022_pacific,RI,256,0.3487130140404453,-0.006498998747737766,1.4693381699439547
6,hersh2022_pacific,RI,256,0.1345524414804278,3.15235168379398,0.05401026984971469
6,hersh2022_pacific,RI,256,0.4536485903962181,2.6842235555300036,1.1775268366624723
6,hersh2022_pacific,RI,256,0.5519597700825289,2.2584704347863513,1.7849835590253589
6,hersh2022_pacific,RI,256,0.3344522412477192,-0.47855522873312517,1.2359216589967588
6,hersh2022_pacific,RI,256,0.2946420699170212,-1.846437517461024,0.8525108705260294
6,hersh2022_pacific,RI,256,0.2760136632776932,-1.6538986773324091,0.6125534182524756
6,hersh2022_pacific,RI,256,0.3369629237196007,-1.0535962920788555,1.0265447641206848
6,hersh2022_pacific,RI,257,0.3722517442868772,-0.7543779803821826,1.4607473216034106
6,hersh2022_pacific,RI,257,0.4132030000877982,0.7726421959851937,1.569604979241125
6,hersh2022_pacific,RI,257,0.3998872393474567,0.7028493279390425,1.4795077613597125
6,hersh2022_pacific,RI,257,0.3974060730954598,0.4565856506840631,1.782180559686434
6,hersh2022_pacific,RI,257,0.3670247938170967,0.7950900999021575,1.391672021903557
6,hersh2022_pacific,RI,257,0.3939033244762331,0.5946114430819163,1.486597288609572
6,hersh2022_pacific,RI,257,0.3746534074168848,0.7891131088830423,0.7591340909825368
6,hersh2022_pacific,RI,257,0.3529448143568224,-2.592164899818885,0.9674771905097779
6,hersh2022_pacific,RI,257,0.4437536889678939,1.3032794416295772,1.802847786851793
6,hersh2022_pacific,RI,257,0.3762236957251076,-3.358161207147682,0.3773833352790201
7,sharma2025_birth,EC1,CETI23-277,0.1074297844411154,-1.4043977094731852,-0.5991159230995323
7,sharma2025_birth,EC1,CETI23-277,0.3617079571578603,-4.882900250390169,-2.8476500100974045
7,sharma2025_birth,EC1,CETI23-277,0.1801089883758161,-2.4225719950584756,-1.8928751801255126
7,sharma2025_birth,EC1,CETI23-278,0.149714973686447,-0.6756362024646289,-0.683012120664071
7,sharma2025_birth,EC1,CETI23-278,0.2764311705318052,-1.4921295093271298,-1.167213081777183
7,sharma2025_birth,EC1,CETI23-278,0.2462566813488808,0.3002886435315343,-0.5770019541374958
7,sharma2025_birth,EC1,CETI23-278,0.2373733761632813,-1.664859693654716,-0.07691531396360352
7,sharma2025_birth,EC1,CETI23-278,0.2112730907382234,0.6577895687747808,-0.0657105823336096
7,sharma2025_birth,EC1,CETI23-279,0.1485222997059859,1.9329137461260908,-0.41611330145961917
7,sharma2025_birth,EC1,CETI23-279,0.1508823431734696,1.496634681645876,-0.3759047799948369
7,sharma2025_birth,EC1,CETI23-279,0.2358780160569868,0.14150388850129458,-1.1616304754043465
7,sharma2025_birth,EC1,CETI23-279,0.2652812493946299,0.44974974441983323,0.4492065753634307
7,sharma2025_birth,EC1,CETI23-279,0.2029887898823276,0.4236188967161274,-0.6170852535200458
7,sharma2025_birth,EC1,CETI23-279,0.2029887898823276,0.4236188967161274,-0.6170852535200458
7,sharma2025_birth,EC1,CETI23-279,0.2194009024345625,-0.684077408395535,-0.02699733760862516
7,sharma2025_birth,EC1,CETI23-280,0.1960007319451135,0.697558562777467,-0.2042185490931168
7,sharma2025_birth,EC1,CETI23-280,0.1638974495459663,-1.033306706474215,-0.3930535246308266
7,sharma2025_birth,EC1,CETI23-281,0.2705839986608186,0.903480649002755,-0.14150583360544022
7,sharma2025_birth,EC1,CETI23-281,0.1591601882649749,-1.4855079914492608,-1.4697917653564565
7,sharma2025_birth,EC1,CETI23-281,0.167658010202513,-0.5725965413701682,0.5323958905433905
7,sharma2025_birth,EC1,CETI23-281,0.1951551223160861,-0.427997434377373,-1.4989693469598215
7,sharma2025_birth,EC1,CETI23-282,0.2376545070314357,0.208455023645567,-0.21565018197977026
7,sharma2025_birth,EC1,CETI23-282,0.2453054324207548,0.9060606905514643,-0.5332733194321586
7,sharma2025_birth,EC1,CETI23-282,0.1999396140922809,0.8881100030863814,-0.3724636585998554
7,sharma2025_birth,EC1,CETI23-286,0.2405963516616408,0.04941158545860225,-1.1845372568637402
7,sharma2025_birth,EC1,CETI23-287,0.2125746920329677,1.3383628591157213,0.028942702770412665
7,sharma2025_birth,EC1,CETI23-288,1.6520593697413786,-6.662195814805686,-7.464701351660279
7,sharma2025_birth,EC1,CETI23-288,0.200215741821888,-0.9661397379389378,-1.5279857929373752
7,sharma2025_birth,EC1,CETI23-288,0.6096662016704886,-4.855689711813348,0.6046372644510829
7,sharma2025_birth,EC1,CETI23-289,0.240346073597557,0.033823774011736196,0.2066575505879491
7,sharma2025_birth,EC1,CETI23-289,0.2549258402836607,0.5447674795208612,-0.498369403120385
7,sharma2025_birth,EC1,CETI23-289,0.2504110993195342,0.9921058334887578,-1.0481270599173724
7,sharma2025_birth,EC1,CETI23-289,0.2515181669731776,-0.2340427085300374,-0.37493984265376545
7,sharma2025_birth,EC1,CETI23-289,0.2263807457875543,0.11569922081089937,-0.41959834359212866
7,sharma2025_birth,EC1,CETI23-290,0.2094721364636123,0.06882269435552188,-0.05003391384004968
7,sharma2025_birth,EC1,CETI23-290,0.2309818673493989,0.5562214066131497,-0.7163994324983456
7,sharma2025_birth,EC1,CETI23-290,0.1984308042701891,0.46892181510654635,-0.8222496868988971
7,sharma2025_birth,EC1,CETI23-290,0.2076904816512586,0.7993447612522742,-0.38143748699893854
7,sharma2025_birth,EC1,CETI23-292,0.1468893815166312,1.8814325249181727,0.08093143010417331
7,sharma2025_birth,EC1,CETI23-293,0.1320069254347727,-0.7765524923050433,-1.0864755139476574
7,sharma2025_birth,EC1,CETI23-293,0.2030829303200589,-2.5233325420026547,-2.0874055787378207
7,hersh2022_pacific,,38,0.1119050775854876,-0.6792950710430625,-0.04525703328267122
7,hersh2022_pacific,,68,0.1099095610345401,-0.6102825990713715,-0.3084192513827184
7,hersh2022_pacific,,68,0.1240032900959945,-0.4573423706228847,-0.38020493697283086
7,hersh2022_pacific,,236,0.2033986568507002,1.8248626121320182,0.8629041410077725
7,hersh2022_pacific,,236,0.1969663060428498,1.3050186161718684,0.3769036193808513
7,hersh2022_pacific,PO,54,0.1468939823191811,-2.613669579500859,-0.14295830388335617
7,hersh2022_pacific,PO,54,0.2154608979915544,-3.106106072068582,-0.0751744624847529
7,hersh2022_pacific,PO,54,0.1779641349989815,-2.7378782091898883,-0.14524060305338782
7,hersh2022_pacific,REG,64,0.1575306553383281,-0.1431879861806979,-0.3385761493615338
7,hersh2022_pacific,REG,75,0.166227515428406,-0.05059154569197276,-0.2676674097878534
7,hersh2022_pacific,REG,75,0.1652765561761771,-0.028459038375726373,-0.21804758003448985
7,hersh2022_pacific,PALI,232,0.1319406986490472,1.655006409625206,-0.318525779652786
7,hersh2022_pacific,PALI,232,0.1290402601903198,1.6270611397571482,-0.28237192377323317
7,hersh2022_pacific,PALI,232,0.2053943742110393,0.1548483137444484,-1.6141434877301666
7,hersh2022_pacific,PALI,232,0.1389381218620731,1.5755429452676748,-0.4928603786860934
7,hersh2022_pacific,PALI,232,0.1312714615223176,1.6368237704784874,-0.24465687203972336
7,hersh2022_pacific,PALI,232,0.1329677073973749,1.6379088588060955,-0.3082989482488028
7,hersh2022_pacific,PALI,232,0.2458013359060038,-0.31106833403097034,-1.7943011197734156
7,hersh2022_pacific,PALI,232,0.2431318243192662,-0.31809249679210394,-1.7630977603032818
7,hersh2022_pacific,PALI,232,0.2483469944605489,-0.21261251549581955,-1.3841396508961306
7,hersh2022_pacific,FP,230,0.2981674973579755,-2.6600820712147746,0.9861892176702912
7,hersh2022_pacific,FP,230,0.4430375959489179,-3.2846636406996335,2.111338541299828
7,hersh2022_pacific,SI,55,0.2813242881179407,-4.191637968480772,-0.5781449993896968
7,hersh2022_pacific,SH,243,0.1549529654595247,1.6873473840210604,0.08676559388215785
7,hersh2022_pacific,REG,62,0.1114026088235939,-0.6068085409112625,-0.38922876695143505
7,hersh2022_pacific,REG,62,0.1296046226779306,-0.42329509918737657,-0.3803644744303798
7,hersh2022_pacific,REG,62,0.1662149646078891,-0.06994694451301181,-0.32486022263490255
7,hersh2022_pacific,REG,62,0.1079485883089163,-0.6358584456804819,-0.3632823285338465
7,hersh2022_pacific,REG,62,0.1939482453932684,0.21070192403363933,-0.3678226041247892
7,hersh2022_pacific,REG,48,0.1070989317034613,-1.0541787777175606,-0.7654921457503784
7,hersh2022_pacific,REG,21,0.1257778390855154,-0.45452592779328077,-0.37128691936792724
7,hersh2022_pacific,REG,4,0.178057387788139,0.057601917383747564,-0.30870194561079567
7,hersh2022_pacific,REG,4,0.160451207124393,-0.11316173099398183,-0.3570834773946332
7,hersh2022_pacific,REG,4,0.1527765015730241,-0.1783326727951708,-0.38813374716928295
7,hersh2022_pacific,REG,4,0.1326825513505534,-0.36139895210751316,-0.24254010416653224
7,hersh2022_pacific,SH,235,0.283132217617918,0.44152606370734343,1.0521027289419782
7,hersh2022_pacific,SH,235,0.2215559737920638,1.0232437765034725,0.05169098528980878
7,hersh2022_pacific,SH,229,0.1379363023056722,-1.1371077073904976,-0.7471364974399248
7,hersh2022_pacific,SH,229,1.2526448375486323,-5.318892283480855,4.7718318450121044
7,hersh2022_pacific,SH,229,0.977222463303554,-5.434192068614607,3.2164392775306236
7,hersh2022_pacific,SH,229,0.1868690137547923,1.2632387108036955,-0.03451519012681914
7,hersh2022_pacific,SH,229,0.2952318310543002,-1.7368043699448212,1.473856558418083
7,hersh2022_pacific,SH,229,0.7665277432705884,0.38220617148099234,3.6672197226123404
7,hersh2022_pacific,SH,229,0.4308144914802316,1.0279399026279674,1.85153475890183
7,hersh2022_pacific,SH,229,0.1866270744808928,1.7346627983513991,0.6074453157439766
7,hersh2022_pacific,SH,229,0.1662879967726742,1.6663265937075187,0.3698256863519555
7,hersh2022_pacific,SH,229,0.1605691050950953,1.360768842397714,0.043527719462580106
7,hersh2022_pacific,REG,66,0.1411602068435983,-0.2885280607426157,-0.2577069010429369
7,hersh2022_pacific,SH,237,0.1522373512974295,1.5576862945024783,-0.011231513785737723
7,hersh2022_pacific,REG,18,0.1282023480346124,-0.4258050220250757,-0.32344547701442017
7,hersh2022_pacific,SH,223,0.2825198958037809,0.3785504543844314,1.211144722853276
7,hersh2022_pacific,SH,223,0.280474059395449,0.2598120903076597,1.2450666594993747
7,hersh2022_pacific,SH,223,0.2936164469731782,0.5114154694979373,1.1553125019827082
7,hersh2022_pacific,REG,37,0.1286992731570506,-0.44856917342784763,-0.37194257155166843
7,hersh2022_pacific,REG,37,0.1273819260533698,-0.44426535635305986,-0.387163734548165
7,hersh2022_pacific,REG,37,0.1767562269927663,0.07234166083368197,-0.13714708675881
7,hersh2022_pacific,REG,16,0.1533062531633306,-0.16161701876027007,-0.37736150320784445
7,hersh2022_pacific,REG,16,0.1354828349398072,-0.3546303965121569,-0.25735079436510855
7,hersh2022_pacific,SH,240,0.1983645932917198,1.6987789630332437,0.7007883094667485
7,hersh2022_pacific,SH,240,0.1642058511983869,1.5908084569450547,0.20484311634442715
7,hersh2022_pacific,REG,32,0.2738400173186274,-0.48776482236692337,0.8034810535251934
7,hersh2022_pacific,REG,32,0.1130159217248925,-0.5807838256992451,-0.3157993389633143
7,hersh2022_pacific,PALI,215,0.1656210263859007,1.2676168999312853,-0.33414835583441355
7,hersh2022_pacific,PALI,215,0.1856890732528171,1.1161791398670464,-0.4165216064993927
7,hersh2022_pacific,PALI,215,0.2112196487762104,0.8035496198837507,-0.5104895044273556
7,hersh2022_pacific,PALI,215,0.2407270786737655,0.09727673056669806,-1.228331194318094
7,hersh2022_pacific,PALI,215,0.2486366266208261,0.4594637333664417,-0.5727860616847594
7,hersh2022_pacific,REG,107,0.1384534486027466,1.501685790076016,-0.3244634688293568
7,hersh2022_pacific,PALI,234,0.1304982523280758,2.0614315622133748,-0.5650951722528135
7,hersh2022_pacific,PALI,234,0.1617207073488444,1.7060833692629795,-0.7413604084052101
7,hersh2022_pacific,PALI,234,0.1773045492914149,1.313904034296339,-0.8174480556245027
7,hersh2022_pacific,PALI,234,0.156223847722058,1.4923369598857041,-0.5733018506302785
7,hersh2022_pacific,PALI,234,0.1347652507873506,1.6628111749678922,-0.47257057028549015
7,hersh2022_pacific,PALI,234,0.138544926127523,1.6142329947206921,-0.5728033219994978
7,hersh2022_pacific,PALI,234,0.1698523248402674,1.3228048283709828,-0.6789636856884601
7,hersh2022_pacific,PALI,234,0.1436655607367149,1.5890478046805039,-0.5241677098963509
7,hersh2022_pacific,PALI,234,0.133006052144254,1.6583819310503036,-0.477722524867677
7,hersh2022_pacific,PALI,234,0.2041794642001709,1.143280750180783,-1.0146228697633795
7,hersh2022_pacific,PALI,234,0.2043285980291621,1.039774060157749,-0.7025518205590937
7,hersh2022_pacific,PALI,234,0.2298509846083007,0.8714358524344503,-1.0882772430914338
7,hersh2022_pacific,PALI,234,0.2329336413041532,0.7776823789050271,-1.0257532996794607
7,hersh2022_pacific,PALI,234,0.2601835848847389,0.6005965600308265,-1.3236668168680796
7,hersh2022_pacific,PALI,234,0.2787864573634953,0.3174587636163158,-1.54320025917795
7,hersh2022_pacific,REG,27,0.1506311571493945,1.3946175735043145,-0.2980791878885194
7,hersh2022_pacific,REG,27,0.1437284322116535,1.5047436081374141,-0.13852364884455348
7,hersh2022_pacific,FP,224,0.5439869108441905,-0.15450321435332626,1.6242539946043006
7,hersh2022_pacific,FP,224,0.4629262733624439,-0.10914623183016847,2.7566170393645235
7,hersh2022_pacific,FP,224,0.3238178439233579,1.0953986518770664,1.5538267471527436
7,hersh2022_pacific,FP,224,0.4724494355364587,-0.10381132730489062,2.7663056430917807
7,hersh2022_pacific,FP,224,0.4412633394276091,0.43906169250849814,2.7152940003527455
7,hersh2022_pacific,FP,224,0.2656030946537989,-0.3774201199733843,0.5905082165114948
7,hersh2022_pacific,FP,224,0.3110510918622829,-0.43062389854426525,1.7834766983856893
7,hersh2022_pacific,RI,226,0.203658267493,1.1981747974377996,0.3055695796366725
7,hersh2022_pacific,RI,226,0.4524015617219961,0.9900423303966431,2.294617734222823
7,hersh2022_pacific,RI,226,0.1429619515759768,2.2138655460323293,-0.1997257197120721
7,hersh2022_pacific,RI,226,0.1750403123825457,-0.1728343028088074,-0.464360309896605
7,hersh2022_pacific,REG,12,0.1668870441941158,-0.04979084740986847,-0.3045468903091121
7,hersh2022_pacific,REG,12,0.1096427731032092,-0.6114676129758378,-0.30237445364824583
7,hersh2022_pacific,REG,13,0.1094466649851447,-0.6127655563066163,-0.3343963778626087
7,hersh2022_pacific,REG,13,0.1081648835879182,-0.6452189575441059,-0.4043856788658201
7,hersh2022_pacific,REG,13,0.1245451493053862,-0.48034124894158325,-0.4011880396519111
7,hersh2022_pacific,REG,13,0.1342503772088493,-0.3788697051817617,-0.35184277521327634
7,hersh2022_pacific,REG,13,0.1342790357162735,-0.3883924319471267,-0.2436971557409418
7,hersh2022_pacific,REG,13,0.147640039189993,-0.2562058189631721,-0.3400285941590987
7,hersh2022_pacific,REG,13,0.121353878309341,-0.5057809736392956,-0.26156448133520926
7,hersh2022_pacific,REG,13,0.1253075463490634,-0.4796561217436671,-0.35369824422701046
7,hersh2022_pacific,REG,13,0.1079640775516926,-0.6637628502306646,-0.43386694576006746
7,hersh2022_pacific,REG,101,0.1374937416688834,-0.34347206470688657,-0.2513213571057255
7,hersh2022_pacific,REG,101,0.1350543476686204,-0.36724876660920774,-0.3205236828973703
7,hersh2022_pacific,REG,101,0.129894567104737,-0.4233057874479611,-0.27717074477459
7,hersh2022_pacific,REG,101,0.1713945825023449,-0.01653138581271786,-0.3145530257346617
7,hersh2022_pacific,REG,101,0.1630439480572942,-0.06170867147558039,-0.23976306910039574
7,hersh2022_pacific,REG,101,0.1675065432799206,-0.06467731673990494,-0.34270559863788597
7,hersh2022_pacific,PO,23,0.180636095549656,1.6032040646638779,0.44761572236872227
7,hersh2022_pacific,PO,23,0.1806233478342238,1.535672638802457,0.3940969245363029
7,hersh2022_pacific,PO,41,0.1332468923833468,-0.4147553142627222,-0.4183253228837
7,hersh2022_pacific,PO,41,0.1673392840111451,-0.2932360185961712,-0.48810867193719765
7,hersh2022_pacific,PO,23,0.2986543419316574,-3.9844130490421166,-0.0701656461954443
7,hersh2022_pacific,REG,108,0.1069077959000025,-0.6483041535057971,-0.3984316903709637
7,hersh2022_pacific,REG,108,0.1229271907085692,-0.5039404322664358,-0.3451485564426202
7,hersh2022_pacific,REG,108,0.1150449377146244,-0.5749485320035698,-0.4059618117653402
7,hersh2022_pacific,REG,108,0.1282760892959641,-0.44683771265770833,-0.28274993292645034
7,hersh2022_pacific,REG,108,0.1077118069012665,-0.6500051635274436,-0.31806153376911617
7,hersh2022_pacific,REG,108,0.1427233515759287,-0.2823496639548447,-0.313611365248206
7,hersh2022_pacific,REG,108,0.121760307474852,-0.4946028384434519,-0.3296426736921785
7,hersh2022_pacific,REG,108,0.1070721753642844,-0.6472909212772865,-0.3284687318727124
7,hersh2022_pacific,REG,39,0.307396583313628,-3.344592923138491,-1.6628974013963116
7,hersh2022_pacific,REG,39,0.1633862092174359,1.3454774651371568,-0.11198725698744016
7,hersh2022_pacific,REG,39,0.2195510010033839,-3.175249449073117,-0.09180456421044758
7,hersh2022_pacific,REG,39,0.1938295045244572,-3.0103393370223945,-0.48433892573935394
7,hersh2022_pacific,REG,39,0.112060070644687,-1.5142579579413706,-0.027822382850732685
7,hersh2022_pacific,PO,44,0.1865388803948181,-1.5325744675208872,0.7875654335526385
7,hersh2022_pacific,PO,44,0.2184745466704035,-1.8386270059080432,0.9018815703201903
7,hersh2022_pacific,PO,44,0.1789608369784369,-0.9345281959272416,-0.5722021541527056
7,hersh2022_pacific,REG,10,0.1608706700314588,-0.10243127769013625,-0.3008519760503418
7,hersh2022_pacific,REG,10,0.1300781040039086,1.5744226365447296,-0.37224256233124664
7,hersh2022_pacific,REG,6,0.5204839790775221,-6.913061781352891,-1.326393046582349
7,hersh2022_pacific,REG,6,0.1090933718459482,-0.618605321042769,-0.35397447314206065
7,hersh2022_pacific,REG,6,0.1460679661569917,-0.24787627641017718,-0.3634782098449749
7,hersh2022_pacific,REG,6,0.1544961751259377,-0.17525385450330816,-0.339097648422934
7,hersh2022_pacific,REG,6,0.1196410877068361,-0.5184328264557158,-0.3731597550937098
7,hersh2022_pacific,REG,6,0.1742002804066681,0.04466652540045342,-0.3076287992628014
7,hersh2022_pacific,REG,67,0.1136140237356902,-0.5752484909326887,-0.33948759010715485
7,hersh2022_pacific,REG,67,0.1428549837752046,-0.2976931483006192,-0.40890381530350206
7,hersh2022_pacific,REG,67,0.1925205993446485,0.1953048964765407,-0.2617367456627819
7,hersh2022_pacific,REG,67,0.1500758890574049,-0.1966174175928086,-0.3207355139460436
7,hersh2022_pacific,REG,67,1.122482419092621,-5.606501494474569,3.803808183163951
7,hersh2022_pacific,REG,67,0.1240434999009414,-0.4704224252811675,-0.34955561377075783
7,hersh2022_pacific,SH,220,0.1482927925732207,1.6481795230614158,-0.8393330990747436
7,hersh2022_pacific,SH,220,0.2132024593041811,1.3061471561047233,0.6987480128889052
7,hersh2022_pacific,SH,220,0.2912990156147281,-4.344354624585441,-0.5964521971091226
7,hersh2022_pacific,SH,220,0.3288547349401319,-2.125524664474109,1.4033501556227685
7,hersh2022_pacific,SH,220,0.1479564215302016,-0.6618153886071226,0.4171765239007017
7,hersh2022_pacific,REG,7,0.1151815517679583,-0.8797780981594667,-0.4242934419044852
7,hersh2022_pacific,REG,7,0.1296460007861745,-0.5804457295335888,-0.5236293360161295
7,hersh2022_pacific,REG,7,0.1231985966458261,-0.5485019276850315,-0.40965998903955214
7,hersh2022_pacific,REG,7,0.1250627958713266,-0.46748170860870086,-0.4701351148028484
7,hersh2022_pacific,REG,7,0.1431627482146473,-0.2928516345385783,-0.29958083455745443
7,hersh2022_pacific,REG,7,0.1149860798676389,-0.6555017443094983,-0.35828344471024254
7,hersh2022_pacific,REG,7,0.1072839318891133,-0.6577214795301078,-0.3208918938037872
7,hersh2022_pacific,REG,7,0.1850660242884569,0.15509355144540224,-0.19574299653154745
7,hersh2022_pacific,PO,56,0.2134758786903463,0.7659897846529485,-0.4821482005999816
7,hersh2022_pacific,PO,56,0.2108744062082093,-2.905712410811645,0.31732651179726445
7,hersh2022_pacific,REG,33,0.1965586942937337,0.2729716263275518,-0.18206986923113105
7,hersh2022_pacific,REG,33,0.1957686708244465,0.27006529025045267,-0.22638999605586146
7,hersh2022_pacific,REG,33,0.1800743284888724,0.09321174841779234,-0.2554173964292771
7,hersh2022_pacific,REG,33,0.2006771327451269,0.2831523428739741,-0.3881537357106363
7,hersh2022_pacific,REG,33,0.116985909028195,-0.5513151292100413,-0.30840031101490495
7,hersh2022_pacific,FP,228,0.3238395080132805,-1.6891752730645664,1.608772803132572
7,hersh2022_pacific,FP,228,0.1953501979363949,-1.7753258684289563,-0.9337685521357637
7,hersh2022_pacific,FP,228,0.3835404231493005,0.7338545329412489,1.6081829989274463
7,hersh2022_pacific,FP,228,0.2516886784978204,0.5426122186543736,0.6171604023867134
7,hersh2022_pacific,FP,228,0.1581797435853223,-1.9266829599612276,-0.8660157812689819
7,hersh2022_pacific,REG,49,0.1067713458867006,-0.6295863759588369,-0.30697845957010733
7,hersh2022_pacific,REG,49,0.1172418842943606,-0.5529381902498806,-0.4053136896159497
7,hersh2022_pacific,REG,49,0.1127692077452925,-0.5820929309364655,-0.33271373995048953
7,hersh2022_pacific,REG,49,0.1874036525740884,0.1785016261674365,-0.21709090445405452
7,hersh2022_pacific,REG,49,0.1995784216527778,0.32171934402641583,-0.11597412862450869
7,hersh2022_pacific,REG,49,0.1696018569110458,-0.02442807484739025,-0.3124657286350173
7,hersh2022_pacific,REG,49,0.1295885406495299,-0.42824839724398156,-0.3041812835547033
7,hersh2022_pacific,REG,49,0.1209735089499964,-0.4989075838756084,-0.3716863435372114
7,hersh2022_pacific,REG,49,0.2289120361677329,0.5777853213995221,-0.31034011386559535
7,hersh2022_pacific,REG,3,0.1206148319808216,-0.5024448089384878,-0.34864834685139406
7,hersh2022_pacific,REG,3,0.1200207530888833,-0.5951549260507294,-0.3713254646658577
7,hersh2022_pacific,REG,3,0.1480031972269991,-0.2312827532656983,-0.3130196962893914
7,hersh2022_pacific,REG,3,0.150894890995502,-0.22332194961544916,-0.3817942052191957
7,hersh2022_pacific,REG,3,0.1291762138146994,-0.41380077403839555,-0.29953667288634045
7,hersh2022_pacific,REG,3,0.1092186412971947,-0.696912017578255,-0.48336006237233964
7,hersh2022_pacific,REG,3,0.1204612091552841,-0.5251651765585841,-0.40516178521510926
7,hersh2022_pacific,REG,3,0.5353384612827145,-7.066346008846365,-1.251922194837982
7,hersh2022_pacific,REG,3,0.1146809121292872,-0.5829895279716302,-0.4196242765020246
7,hersh2022_pacific,REG,3,0.1409693409400291,-0.30160481269663175,-0.3159848212989893
7,hersh2022_pacific,SH,45,0.3949640723042927,-1.588573744934044,2.3463300224119976
7,hersh2022_pacific,SH,45,0.2501043032095011,0.22675463060688122,0.8382426223719253
7,hersh2022_pacific,PALI,219,0.1662654126458916,1.920554485600167,0.8153294439156061
7,hersh2022_pacific,PALI,219,0.1733367264874702,1.5771256292651756,-0.16406038713339846
7,hersh2022_pacific,PALI,219,0.1795634278799741,1.5979990213477482,0.5436185982122188
7,hersh2022_pacific,PALI,219,0.136002230025445,1.8694408774591476,-0.014406032105086064
7,hersh2022_pacific,PALI,219,0.1802929569955741,1.6691842106082497,0.45149222052382976
7,hersh2022_pacific,PALI,219,0.246346134021123,-0.6984974792438127,-0.0741547224282455
7,hersh2022_pacific,PALI,219,0.1290196725694105,1.7399841763866901,-0.46264899770788936
7,hersh2022_pacific,PALI,218,0.2413959002720146,1.3906479458573993,0.8163273371366284
7,hersh2022_pacific,PALI,218,0.2365751080073348,0.6348877598951214,0.09386076157864129
7,hersh2022_pacific,PALI,218,0.1377791563280199,1.612005739419641,-0.48669042524929057
7,hersh2022_pacific,PALI,218,0.243664643968034,0.554922183007647,-1.3571856242513518
7,hersh2022_pacific,PALI,218,0.1323905010511111,2.174526946678286,0.6669167790648427
7,hersh2022_pacific,PALI,218,0.1432762358411377,1.8527837111013632,0.3777745882661517
7,hersh2022_pacific,PALI,218,0.142861291752942,1.9555144196067775,0.5451146046763331
7,hersh2022_pacific,PALI,218,0.2333668129441217,0.7197910608297393,-1.1143119856058574
7,hersh2022_pacific,PO,52,0.181174686924833,1.379225281532234,0.19063976691750828
7,hersh2022_pacific,PO,52,0.3510311126404438,-3.9286196341943493,0.9416985926687641
7,hersh2022_pacific,PO,52,0.2585404432134618,1.0115951213090348,0.329022768705189
7,hersh2022_pacific,PO,52,0.4092956392419268,-4.749889891431183,0.8137063489517007
7,hersh2022_pacific,PO,52,0.1619611048502017,1.4216384853544146,0.047165673795174556
7,hersh2022_pacific,PO,52,0.3093772403138224,-3.388085237047238,1.0138889683542418
7,hersh2022_pacific,PO,52,0.2362467912785568,-1.9168696970615229,1.0921027481209888
7,hersh2022_pacific,PO,46,0.2950624999015754,1.1122354316509862,0.8304277155857221
7,hersh2022_pacific,PO,46,0.305128234875908,1.2377634787349028,1.0793210593741491
7,hersh2022_pacific,PO,46,0.2156458879634864,-2.139470880535931,0.8626014079956693
7,hersh2022_pacific,PO,52,0.2625994508282149,-2.48443866318937,1.1438940065481051
7,hersh2022_pacific,SH,9,0.23212333801157,0.5311459083084072,0.41184671557514985
7,hersh2022_pacific,FP,58,0.4676553401910034,0.18547428215758155,2.5716910477158725
7,hersh2022_pacific,FP,58,0.454279068529109,0.6726292910004343,2.2991216899822327
7,hersh2022_pacific,FP,58,0.4835077170617082,0.36537831271983856,2.6480787634692744
7,hersh2022_pacific,FP,58,0.4793625874465007,0.8595147009418227,2.39688259448483
7,hersh2022_pacific,FP,58,0.3964404697842547,0.6361313186144022,2.138394312113017
7,hersh2022_pacific,FP,58,0.4614846890807224,0.8483584776410065,2.4499284947341042
7,hersh2022_pacific,FP,58,0.3972649765259221,1.1001362523855702,1.899912322692105
7,hersh2022_pacific,FP,58,0.4085055997200832,0.39244830391993313,2.121065472345262
7,hersh2022_pacific,FP,58,0.4517635685944475,1.1115450274348255,2.224180355903453
7,hersh2022_pacific,FP,58,0.4635954251421273,0.6326960247522894,2.7714077686653784
7,hersh2022_pacific,FP,58,0.460789432205843,1.0183371633123468,2.2864432382759325
7,hersh2022_pacific,FP,59,0.241067242149428,-0.9397529820185693,1.042598594084028
7,hersh2022_pacific,PALI,233,0.256953270676754,0.1312325353402658,-1.1154882719063999
7,hersh2022_pacific,PALI,233,0.2000551187388215,1.1222218718759984,-0.97139275577713
7,hersh2022_pacific,PALI,233,0.1662404415811569,1.6240306848503285,-0.7554437744314411
7,hersh2022_pacific,PALI,233,0.1793336501794632,1.4730097466482368,-0.7517003193720178
7,hersh2022_pacific,PALI,233,0.1615774877980279,1.5242660943155888,-0.548972467454848
7,hersh2022_pacific,PALI,233,0.1580559225573436,1.410902886721717,-0.5262419700680094
7,hersh2022_pacific,PALI,233,0.1617440298948102,1.4847827793696153,-0.4077904522008863
7,hersh2022_pacific,PALI,233,0.1734814591495614,1.3880503644152045,-0.6164802421934894
7,hersh2022_pacific,PALI,233,0.1705275403254258,1.3639826706753377,-0.5246516463870297
7,hersh2022_pacific,PALI,233,0.2048555028522584,0.9453305488371084,-0.9181725699253342
7,hersh2022_pacific,PALI,233,0.1380289747105478,1.9173303089577631,-0.23526519723969241
7,hersh2022_pacific,PALI,233,0.1473694249859967,1.5155116129191215,-0.534260460822778
7,hersh2022_pacific,RI,20,0.2109869148303798,1.1448436214345397,0.31226430636563307
7,hersh2022_pacific,RI,20,0.1863400269379745,1.636766975885068,-0.31760138909616087
7,hersh2022_pacific,REG,17,0.1072495600389317,-0.6487999088981403,-0.29681619343397925
7,hersh2022_pacific,REG,17,0.1126647522049997,-0.606308696288553,-0.4366017832114589
7,hersh2022_pacific,REG,17,0.1428422917152251,-0.3590771532736845,-0.1786692830768092
7,hersh2022_pacific,REG,17,0.1403361441180985,-0.3481175356331619,-0.23987145624473344
7,hersh2022_pacific,REG,17,0.2084892469272649,0.9250307129340859,-0.3047949591851426
7,hersh2022_pacific,PO,53,0.2726562708642292,-2.353190987256031,1.2788783129415826
7,hersh2022_pacific,PO,53,0.2749435330925497,-3.6241487236015204,0.021661746446518082
7,hersh2022_pacific,PO,53,0.2156695870039867,0.7308532274555732,-0.28720656951733253
7,hersh2022_pacific,PO,53,0.2343347630464219,0.6792197557582662,0.1916566019831665
7,hersh2022_pacific,PO,53,0.2212518500985307,-2.1296578418769503,0.9866385422909393
7,hersh2022_pacific,PO,53,0.2523543201753302,-3.30550638143908,0.10534914990589006
7,hersh2022_pacific,PO,53,0.2132806241792338,0.4448552412555552,-0.21908513649857064
7,hersh2022_pacific,PO,53,0.2196797016264903,0.5516219887073281,-0.2871096078018245
7,hersh2022_pacific,PO,53,0.218766340205264,0.495258389259624,-0.2439463780844236
7,hersh2022_pacific,PO,53,0.2119787896441038,0.4386750478289319,-0.16442229126292784
7,hersh2022_pacific,PO,53,0.1796567944184642,-2.7161127919842247,-0.050862706101871824
7,hersh2022_pacific,REG,105,0.107284256099417,-0.6480339960246386,-0.3846636238950209
7,hersh2022_pacific,REG,105,0.1081913696944932,-0.6444427649927812,-0.32718218556554124
7,hersh2022_pacific,REG,105,0.1124680760418014,-0.5868842917170907,-0.33814751537853094
7,hersh2022_pacific,REG,105,0.1080110636355131,-0.6341127188271165,-0.3405392118471091
7,hersh2022_pacific,REG,105,0.1268360405090867,-0.4656791620221878,-0.29922093505632713
7,hersh2022_pacific,REG,105,0.1199691567167454,-0.5107282492373468,-0.35722550068391234
7,hersh2022_pacific,REG,105,0.1971681435328654,-0.9859295161108745,0.5965005389332482
7,hersh2022_pacific,REG,105,0.1160698753106566,-0.5687374165328473,-0.33841157244752784
7,hersh2022_pacific,REG,105,0.1199765134545855,-0.5437969188710988,-0.3061426298003964
7,hersh2022_pacific,REG,105,0.1199369339634144,-0.6879738789771421,-0.0037306027498255623
7,hersh2022_pacific,REG,105,0.1169505222317692,-0.5553111343674115,-0.3738399125123783
7,hersh2022_pacific,REG,105,0.118579374802469,-0.5303720786659982,-0.31234928368888715
7,hersh2022_pacific,REG,105,0.1437343211799679,-0.2891126091629542,-0.396791014849478
7,hersh2022_pacific,REG,105,0.1556775607181495,-0.16987845574945581,-0.3198683141179711
7,hersh2022_pacific,REG,105,0.160303078024711,-0.11219763279667708,-0.3053876303172198
7,hersh2022_pacific,REG,105,0.1646351654227061,-0.05830184692607901,-0.33361382532028094
7,hersh2022_pacific,REG,36,0.2092803579650832,0.8081819301159648,-0.7418247900025161
7,hersh2022_pacific,REG,36,0.1524670979581979,1.3931908032268345,-0.1629559434045234
7,hersh2022_pacific,REG,36,0.2302166434277789,0.5172149851508073,-0.384372838878446
7,hersh2022_pacific,REG,36,0.1898828204968758,0.22911460601575914,-0.18318333207791948
7,hersh2022_pacific,REG,36,0.1238968306708592,-0.47149248876058913,-0.3287738910704292
7,hersh2022_pacific,REG,36,0.307937893721143,-2.2407642400537626,0.860287143277424
7,hersh2022_pacific,PALI,213,0.1453768876194262,1.4899912206538872,-0.2280726668812585
7,hersh2022_pacific,PALI,213,0.1414528252918959,1.5728586915694185,0.08289590489329451
7,hersh2022_pacific,RI,103,0.137423443875789,2.0431317493851706,0.45727480331853904
7,hersh2022_pacific,REG,60,0.1206068660248484,-0.5565051646133368,-0.49133871757636216
7,hersh2022_pacific,REG,60,0.2262134988915807,0.6313130587434921,-0.2609525324689256
7,hersh2022_pacific,REG,60,0.213937423225204,0.34570176094077004,-0.5111172817657272
7,hersh2022_pacific,REG,60,0.1660927039013051,-0.02450516475848248,-0.2814090135814296
7,hersh2022_pacific,REG,60,0.1827889520854214,1.427896656089072,0.23554266246355482
7,hersh2022_pacific,REG,60,0.2171695041067592,0.4631313251615374,-0.2997785934361603
7,hersh2022_pacific,REG,60,0.1875262349008999,0.1721318819350908,0.08581546494126041
7,hersh2022_pacific,FP,57,0.1751995960828576,1.2641950594857416,0.0458045415016472
7,hersh2022_pacific,REG,15,0.1180240518885731,-0.556915274794997,-0.41027528555968074
7,hersh2022_pacific,REG,15,0.1292864307343299,-0.45101342871864103,-0.3424491415335632
7,hersh2022_pacific,REG,15,0.128757509232028,1.6364525776296692,-0.15643211554548936
7,hersh2022_pacific,REG,15,0.120240658492173,-0.5116501072205824,-0.3260307892097793
7,hersh2022_pacific,REG,15,0.1196455938534488,-0.5150287867065872,-0.31407277857447946
7,hersh2022_pacific,REG,61,0.110625118629779,-0.5949845024414978,-0.3391527049928279
7,hersh2022_pacific,REG,61,0.125797187524442,-0.4522888863279994,-0.30929140514483866
7,hersh2022_pacific,REG,61,0.2010359196709462,0.2444500511970465,-0.12817787200833872
7,hersh2022_pacific,REG,61,0.1880656337815248,0.19087405619954395,-0.2211321788422798
7,hersh2022_pacific,REG,61,0.1927683943131184,0.23434792925780193,-0.18559404545685407
7,hersh2022_pacific,REG,61,0.1108307634417824,-0.6037282042196142,-0.34321894013617643
7,hersh2022_pacific,REG,61,0.1382321192962798,-0.33518003072868907,-0.2562526655737346
7,hersh2022_pacific,REG,61,0.1250382154603755,-0.46230007832944225,-0.3997773680231896
7,hersh2022_pacific,REG,61,0.1560961983573343,-0.1569607423892263,-0.33420535220479064
7,hersh2022_pacific,SH,242,0.1766291202364462,-1.0945122180747724,0.21401310079639962
7,hersh2022_pacific,SH,242,0.2761282024353057,-0.8654854915710767,0.24437613539011666
7,hersh2022_pacific,SH,242,0.313121272596301,-0.0025344425709906693,1.0317863107915646
7,hersh2022_pacific,SH,242,0.1421984035266937,1.59112997362022,-0.1007677756854497
7,hersh2022_pacific,SH,242,0.1345567978486241,1.8059793027642452,-0.00689528241734827
7,hersh2022_pacific,REG,63,0.1108350006710958,-0.5795688413635197,-0.3690116926800485
7,hersh2022_pacific,REG,63,0.1437236144676335,-0.2600316685203124,-0.30020045320822086
7,hersh2022_pacific,REG,63,0.1627557425754955,-0.07151454714960698,-0.2867493726588404
7,hersh2022_pacific,REG,63,0.1606670545397817,-0.10366871984861384,-0.27615886104307585
7,hersh2022_pacific,REG,63,0.1375662694793411,-0.33463997854008226,-0.2946522503793056
7,hersh2022_pacific,REG,63,0.1293500148125085,-0.4111208211462739,-0.3451150978991099
7,hersh2022_pacific,REG,63,0.2066434997392718,0.36965304243766817,-0.30757834366651887
7,hersh2022_pacific,SH,225,0.2385113863981926,0.6364716216323106,0.44686587951181644
7,hersh2022_pacific,SH,225,0.2173698524963983,1.1304655107972759,0.32701030421560506
7,hersh2022_pacific,SH,225,0.2991711000507439,0.9222646424996248,1.0921873894763645
7,hersh2022_pacific,SH,225,0.2695968000187287,1.0220648300800936,0.9213257478239879
7,hersh2022_pacific,SH,225,0.2936865758064792,0.928518220632996,1.0480438333631354
7,hersh2022_pacific,SH,225,0.1499246838766171,-1.1315337068355291,0.33230068428161014
7,hersh2022_pacific,SH,225,0.2576515710372674,1.2913999727515177,1.0371336262460769
7,hersh2022_pacific,REG,106,0.1409415800894457,-0.2939276340059455,-0.2947002341668966
7,hersh2022_pacific,REG,106,0.1146376838710859,-0.5556212478122008,-0.37167190435549824
7,hersh2022_pacific,REG,106,0.1252591690571682,-0.5143086534253672,-0.404819948581673
7,hersh2022_pacific,REG,106,0.1255972110872381,-0.4559930867715773,-0.3346114060426092
7,hersh2022_pacific,REG,106,0.111664553356786,-0.597723785251318,-0.40628639581581855
7,hersh2022_pacific,REG,106,0.1248048506158317,-0.4804715618076204,-0.3481539382484433
7,hersh2022_pacific,REG,106,0.1289522269066983,-0.42394963582557366,-0.3196223859360834
7,hersh2022_pacific,REG,106,0.1229509918195619,-0.49297119924818555,-0.27874244799315473
7,hersh2022_pacific,REG,106,0.1121197277286015,-0.592360949046751,-0.1437841553348784
7,hersh2022_pacific,PALI,214,0.1454394511601315,1.484956407978247,-0.3076444924041454
7,hersh2022_pacific,PALI,214,0.140930968223881,1.5476937037683127,-0.297765515247199
7,hersh2022_pacific,PALI,214,0.1296928254081174,1.6234922405136303,-0.3128591154924812
7,hersh2022_pacific,PALI,214,0.1342960908622171,1.5874119198992787,-0.32162045323938565
7,hersh2022_pacific,PALI,214,0.1370845159430648,1.529435480798079,-0.16426425166046094
7,hersh2022_pacific,PALI,214,0.1913227429793171,1.0669480471175539,-0.783050803674574
7,hersh2022_pacific,PALI,214,0.2305974919034584,0.7638324362897899,-0.9710623816584345
7,hersh2022_pacific,PALI,214,0.242443093492096,0.6035875066616274,-0.9729729253044594
7,hersh2022_pacific,PALI,214,0.1781724531683647,1.2682848709539578,-0.6474609171543062
7,hersh2022_pacific,PALI,214,0.2024203518878704,1.043387948268857,-0.9413100836124791
7,hersh2022_pacific,PALI,214,0.2151320690616788,0.906543669242408,-0.7124087453858754
7,hersh2022_pacific,PALI,214,0.205771431438908,0.9560566794067376,-0.862769974020031
7,hersh2022_pacific,PALI,214,0.2301371505872528,0.7260751404103639,-0.9699250607570629
7,hersh2022_pacific,PALI,214,0.2393356078578407,0.6330969229655066,-1.0176742508189298
7,hersh2022_pacific,PALI,214,0.2238060533114354,0.7311577240052587,-0.8482321138302101
7,hersh2022_pacific,PALI,214,0.1624158641376354,1.528461648755732,-0.6872151614449225
7,hersh2022_pacific,PALI,214,0.1311105047730743,1.7715884827976875,-0.4866794775817515
7,hersh2022_pacific,PALI,214,0.1441058749177881,1.5974957231141442,-0.5198142851238352
7,hersh2022_pacific,PALI,214,0.1310224741016918,1.8245986024243055,-0.5479658446096449
7,hersh2022_pacific,PALI,214,0.1302646435692707,1.7825845538361524,-0.5437673372575541
7,hersh2022_pacific,PALI,214,0.1559129106658862,1.6095444130396976,-0.7027895132582049
7,hersh2022_pacific,PALI,214,0.1709111845269931,1.5737481320644549,-0.8088255262282804
7,hersh2022_pacific,PALI,214,0.1705211439696377,1.3464730029061598,-0.46723726951985356
7,hersh2022_pacific,PALI,214,0.1463084110966551,1.7700670536754668,-0.6760216843666704
7,hersh2022_pacific,PALI,214,0.1974051145852539,1.06779689037855,-0.7492563427386072
7,hersh2022_pacific,PALI,214,0.2054798172653718,0.9569247163936319,-0.8084172222229764
7,hersh2022_pacific,PALI,214,0.1982207370475539,0.9827354896426181,-0.7458016032335237
7,hersh2022_pacific,PALI,214,0.1325356112011894,1.6345184277363782,-0.512343290457568
7,hersh2022_pacific,PALI,214,0.1300849945700505,1.6141293558018943,-0.34920881274559545
7,hersh2022_pacific,PALI,214,0.2257948991943619,0.6506919820030724,-0.7946505709555356
7,hersh2022_pacific,PALI,214,0.2558050126781171,0.4489583128600989,-1.0131069397279358
7,hersh2022_pacific,PALI,214,0.255123926348931,0.31205001733152155,-1.140451796227026
7,hersh2022_pacific,PALI,214,0.231391024587663,0.6450819875992676,-0.8829219603000531
7,hersh2022_pacific,PALI,214,0.2219974850758751,0.062013366322829555,-1.1340039450353503
7,hersh2022_pacific,PALI,214,0.1966281554767578,0.9861023570682687,-0.6414494847075162
7,hersh2022_pacific,PALI,214,0.1798615583038597,1.2279770317592869,-0.5553351000091038
7,hersh2022_pacific,PALI,214,0.2112654563915059,0.823531637938026,-0.6909113485405562
7,hersh2022_pacific,PALI,214,0.1925028377903533,1.0824024954143512,-0.44542209541489686
7,hersh2022_pacific,PALI,214,0.1601446862340262,1.5465757109026517,-0.7742184595738139
7,hersh2022_pacific,PALI,214,0.2418574645296453,0.535320777520391,-0.9121160397460908
7,hersh2022_pacific,PALI,214,0.1792187771471003,1.1819326257248632,-0.3243774951332612
7,hersh2022_pacific,PALI,214,0.2287087178116588,0.6719683630989337,-0.8263630968595609
7,hersh2022_pacific,PALI,214,0.1940647154662247,1.0292263017939756,-0.503765347354741
7,hersh2022_pacific,PALI,214,0.1737406904824788,1.385705547739989,-0.6598867071096705
7,hersh2022_pacific,PALI,214,0.2704821422390766,0.16597344176500844,-1.2281866431944655
7,hersh2022_pacific,PALI,214,0.1777913709839159,1.164651003050414,-0.21914013088978157
7,hersh2022_pacific,PALI,214,0.1764185228759473,1.188367627440069,-0.4309830583907182
7,hersh2022_pacific,PALI,214,0.1877664153379184,1.0966950072867978,-0.23744958076776745
7,hersh2022_pacific,PALI,214,0.208953455823356,0.9085575757068075,-0.4582348138748914
7,hersh2022_pacific,PALI,214,0.245797975009616,0.5529568390744095,-1.049564937051593
7,hersh2022_pacific,PALI,214,0.2417657042679887,-0.08493721477595662,-1.2045086066705342
7,hersh2022_pacific,PALI,214,0.166018153153113,-0.5929021041214837,-1.0827203880549943
7,hersh2022_pacific,PALI,214,0.2011489851892396,1.0049475169042046,-0.9461845708149028
7,hersh2022_pacific,PALI,214,0.2134430003874291,0.8679635401380625,-0.9835791836001071
7,hersh2022_pacific,PALI,214,0.1658942114067064,1.371028569305147,-0.6092549768550217
7,hersh2022_pacific,PALI,214,0.1653873999385557,1.3717163186320034,-0.6005239837352429
7,hersh2022_pacific,PALI,214,0.1705171130322923,1.2982781484412755,-0.6434013205583059
7,hersh2022_pacific,PALI,214,0.174131401849586,1.2691891653112335,-0.676591873328105
7,hersh2022_pacific,PALI,214,0.1754697398960594,1.2656471180026783,-0.5775011671823078
7,hersh2022_pacific,PALI,214,0.1758635507672193,1.3087471309242527,-0.616968088502714
7,hersh2022_pacific,PALI,214,0.1900521173893175,1.0807312976596886,-0.6333238586325196
7,hersh2022_pacific,PALI,214,0.2275109815097209,0.6996739925174323,-0.809704648090642
7,hersh2022_pacific,PALI,214,0.2122216751209773,1.0139597845763637,-0.7367530756225666
7,hersh2022_pacific,PALI,214,0.1891744500806782,-1.1898448614536563,-1.6717013956045998
7,hersh2022_pacific,PALI,214,0.1699579804023849,-1.176501779198924,-1.533296471922936
7,hersh2022_pacific,PALI,214,0.1560430810110503,1.4672328802593455,-0.5128955467613987
7,hersh2022_pacific,PALI,214,0.1807633103695336,1.175568791501556,-0.6443206754451133
7,hersh2022_pacific,PALI,214,0.186456787347195,1.174950756575897,-0.5284321787732688
7,hersh2022_pacific,PALI,214,0.1994613420336737,1.009681099959991,-0.6038043809548908
7,hersh2022_pacific,PALI,214,0.1502020313013101,1.4249802186621723,-0.4479103401275464
7,hersh2022_pacific,PALI,214,0.1774668711196693,1.2215387224371352,-0.637531428017429
7,hersh2022_pacific,PALI,214,0.1530493928081273,1.4000173063610644,-0.5347798301890372
7,hersh2022_pacific,PALI,214,0.1927398848599699,1.041583062210028,-0.6657417827509282
7,hersh2022_pacific,PALI,214,0.2104188400203979,0.9235146138148933,-0.8536424941020367
7,hersh2022_pacific,PALI,214,0.2153286807039769,0.8131061665203013,-0.8277447884462961
7,hersh2022_pacific,PALI,214,0.2433999908599066,0.6210889901186515,-1.005507269227123
7,hersh2022_pacific,PALI,214,0.2092305406873525,0.9775741737606175,-0.3471212191896606
7,hersh2022_pacific,REG,19,0.1251462738865,-0.4556298597664888,-0.289906118350449
7,hersh2022_pacific,REG,19,0.1109631288069662,-0.6167092680771479,-0.3745490676868406
7,hersh2022_pacific,REG,19,0.1305962192269382,-0.39229550658587287,-0.3288326508191224
7,hersh2022_pacific,REG,19,0.1227651995294307,-0.5215276561635532,-0.38097478092531817
7,hersh2022_pacific,REG,19,0.1871856747301903,0.14869316687077702,-0.3363010441142038
7,hersh2022_pacific,REG,19,0.1479151588428344,-0.2808622134945883,-0.4283683116323156
7,hersh2022_pacific,REG,19,0.2088968922861355,0.3416079166508684,-0.38712430189547337
7,hersh2022_pacific,REG,19,0.1945382232427794,0.24660584717344197,-0.30257434196387506
7,hersh2022_pacific,REG,19,0.1716900603535237,-0.0013084623884563468,-0.3023648701962375
7,hersh2022_pacific,REG,19,0.1342677349562565,-0.3898025285451763,-0.40247474118216503
7,hersh2022_pacific,REG,26,0.173853057263451,0.04387549533147303,-0.2673787533157943
7,hersh2022_pacific,REG,26,0.132350615865015,-0.39397849529971707,-0.30001228049267703
7,hersh2022_pacific,REG,26,0.1124014867139263,-0.6119910563746761,-0.45415930411683736
7,hersh2022_pacific,REG,26,0.1134340580242493,-0.6151197701497987,-0.4096572941933046
7,hersh2022_pacific,REG,26,0.158781880325964,-1.3623815503143388,-0.07999428785452722
7,hersh2022_pacific,REG,26,0.1399467859979397,-0.3006132646862071,-0.29589019245175474
7,hersh2022_pacific,REG,26,0.127439664659573,-0.44214515918602193,-0.31368427524367476
7,hersh2022_pacific,REG,26,0.1252122314758152,-0.45638741026746127,-0.23313160813567574
7,hersh2022_pacific,REG,26,0.1339442400138664,-0.37439097771503405,-0.3316117116031516
7,hersh2022_pacific,REG,26,0.1334374575786955,-0.3704178721493103,-0.3096834882692095
7,hersh2022_pacific,PO,24,0.1528340338298862,1.4932913404499721,0.08416645528564881
7,hersh2022_pacific,PO,24,0.2785058629562286,-0.9197066143344806,1.1517574883915054
7,hersh2022_pacific,PO,24,0.2077198508161216,-1.8971778231011673,0.4801273083014764
7,hersh2022_pacific,PO,24,0.2409409527857587,-0.11315012491117307,0.6167737195909779
7,hersh2022_pacific,PO,24,0.1211076716337343,-0.5958353351146418,-0.5073537257408934
7,hersh2022_pacific,PO,24,0.2140521156125426,0.7456128670567594,-0.2985996436096135
7,hersh2022_pacific,PO,24,0.2376301992735883,-2.1643906201571266,0.7983722836124553
7,hersh2022_pacific,PO,24,0.2159321465647475,0.7524808734537982,-0.21007322717702984
7,hersh2022_pacific,PO,24,0.2405950340650204,0.7255620705323724,-0.03190421176743327
7,hersh2022_pacific,PO,24,0.2743643695142997,-2.1472525286319435,1.3016241075763926
7,hersh2022_pacific,PO,24,0.201855498786281,0.8837757383738374,-0.269401498203449
7,hersh2022_pacific,PO,24,0.2231700041162344,-2.68248438049491,0.6349636092973541
7,hersh2022_pacific,PO,24,0.2660398439394503,-2.0336641227393577,1.2128339607684302
7,hersh2022_pacific,REG,74,0.1150821221584625,-0.5658546633253652,-0.39694272889827004
7,hersh2022_pacific,REG,74,0.1112832812663878,-0.5835255574947148,-0.2599060744909617
7,hersh2022_pacific,REG,74,0.1325093536230099,-0.3855014494166866,-0.29890835192868903
7,hersh2022_pacific,REG,74,0.1454044668214542,-0.26072028278719983,-0.34532376068713105
7,hersh2022_pacific,REG,74,0.1499380407101375,-0.20879594845653798,-0.3084598487768
7,hersh2022_pacific,REG,74,0.116024716056614,-0.5415100716969492,-0.3696919024104927
7,hersh2022_pacific,REG,74,0.1319348966297923,-0.4209754210761986,-0.18541847146902388
7,hersh2022_pacific,REG,74,0.1306254211128333,1.580029664340088,-0.20579749592338487
7,hersh2022_pacific,REG,74,0.1222694702588778,-0.48514418721185504,-0.33795723433280744
7,hersh2022_pacific,REG,74,0.1629628309311482,-0.08264647035182876,-0.34827722339597633
7,hersh2022_pacific,REG,74,0.1088160291600144,-0.6494525123766189,-0.35852392024845925
7,hersh2022_pacific,REG,74,0.1420348609358497,-0.2944480625465309,-0.3505503694048219
7,hersh2022_pacific,REG,74,0.1505930983718019,-0.22119329479051708,-0.35522170096784295
7,hersh2022_pacific,REG,74,0.1387507841038529,-0.3331284238718805,-0.3668796268392818
7,hersh2022_pacific,PALI,217,0.2129281003735177,-1.0516176623785878,-0.7529702918881123
7,hersh2022_pacific,PALI,217,0.141258177659052,1.489067430223442,-0.3570078740106129
7,hersh2022_pacific,PALI,217,0.2069394301860118,1.707744669300413,0.8960322230308018
7,hersh2022_pacific,PALI,217,0.3088511915799752,0.5596862267732812,1.4902298755218202
7,hersh2022_pacific,PO,42,0.2624661110179603,-2.369530236087807,0.1666306034015087
7,hersh2022_pacific,PO,42,0.1661078850477198,1.400908532679962,0.15529607231587825
7,hersh2022_pacific,PO,42,0.1400642658329633,-2.533258330555818,0.06220021009984833
7,hersh2022_pacific,PO,42,0.2967167853985347,-1.6694785122354698,1.3745817930726567
7,hersh2022_pacific,PO,42,0.2505388772189052,-2.3141372561140248,1.0650778169104231
7,hersh2022_pacific,PO,42,0.1866788880912333,-1.9607734101869156,0.7375560307175243
7,hersh2022_pacific,PO,42,0.2308412937737811,-0.06668795384045707,0.2478448031697794
7,hersh2022_pacific,PO,42,0.2215211607280071,-1.9256471650532458,0.8925906916741493
7,hersh2022_pacific,PO,42,0.1389103695138351,1.5030181511961849,-0.2637908165506446
7,hersh2022_pacific,PO,42,0.1646389412613622,1.3542929568753173,-0.00894875510021409
7,hersh2022_pacific,PO,42,0.3018945516276461,-3.862552047715588,0.4723589314737533
7,hersh2022_pacific,PO,42,0.1193818438887738,-1.2055115257095457,0.20084007294662387
7,hersh2022_pacific,PO,42,0.1977719844450115,1.0645693208875802,-0.17255211518230362
7,hersh2022_pacific,PO,42,0.2005754728336879,-1.9466809979753052,0.8183817016978409
7,hersh2022_pacific,PO,42,0.1703377931661625,-1.3159584748857827,0.4273294996250346
7,hersh2022_pacific,PO,42,0.2111574486693387,-2.3261266283506443,0.7321867411215786
7,hersh2022_pacific,PO,42,0.1235476614521034,-0.9263791523522085,0.2668865497356714
7,hersh2022_pacific,PO,42,0.2953810042872795,-1.2558756904701478,1.1925328011675327
7,hersh2022_pacific,PO,42,0.2249440284929373,-3.297814131875472,0.23580562273391004
7,hersh2022_pacific,PO,42,0.2426003841493537,-2.1317570130246857,1.1390323086727394
7,hersh2022_pacific,PO,42,0.233763459687493,0.6311805083123344,0.19064947660847564
7,hersh2022_pacific,PALI,212,0.1345549779857157,1.6113218099860862,-0.45514517920451836
7,hersh2022_pacific,PALI,212,0.1407779168742303,1.5313456295369732,-0.4669117011245442
7,hersh2022_pacific,PALI,212,0.1344873481923114,1.5761747007593414,-0.43753854147862165
7,hersh2022_pacific,PALI,212,0.2366475607755148,-0.270897482659498,-0.6154759705976153
7,hersh2022_pacific,PALI,212,0.1531642172525255,1.6075328331051981,-0.7689500798098142
7,hersh2022_pacific,PALI,212,0.1291794608332105,1.8743089013563423,0.3240228427834254
7,hersh2022_pacific,PALI,212,0.1542537025255936,1.492331312839019,-0.4890335279451672
7,hersh2022_pacific,PALI,212,0.1711263194704756,1.4177619983356582,-0.6859465943045093
7,hersh2022_pacific,PALI,212,0.1754268706294479,1.386174071764486,-0.6605049209577241
7,hersh2022_pacific,PALI,212,0.3125791508933186,0.7267054081437926,-1.2571745025170395
7,hersh2022_pacific,PALI,212,0.1336188109878147,1.5813036681169081,-0.39851811603993303
7,hersh2022_pacific,PALI,212,0.1364805917231288,1.5679557489278095,-0.4095112805546552
7,hersh2022_pacific,PALI,212,0.1781984577603453,1.1845129130962664,-0.4056390135125521
7,hersh2022_pacific,PALI,212,0.1581747358770636,1.364853208378131,-0.3243291175641085
7,hersh2022_pacific,PALI,212,0.1625348131341396,1.331954213074842,-0.41224335054609346
7,hersh2022_pacific,PALI,212,0.1898152710724595,1.0994480131621893,-0.6541122216529327
7,hersh2022_pacific,PALI,212,0.1528367840839692,1.4832264189465743,-0.5636449016373095
7,hersh2022_pacific,PALI,212,0.1393834568079077,1.5744158786278066,-0.362621414037283
7,hersh2022_pacific,PALI,212,0.1304948787933359,1.643590860788591,-0.29251496237956026
7,hersh2022_pacific,PALI,212,0.1387207546944915,1.5777659082406446,-0.3747751373805205
7,hersh2022_pacific,PALI,212,0.1302834345958866,1.6329485201904008,-0.28134807140487916
7,hersh2022_pacific,PALI,212,0.1302461251143566,1.641816989514323,-0.29337484622386517
7,hersh2022_pacific,PALI,212,0.1445233107139212,1.5217785266718609,-0.3970422619900008
7,hersh2022_pacific,PALI,212,0.137807135464534,1.5753913295123385,-0.24489942244600016
7,hersh2022_pacific,PALI,212,0.1304472343540225,1.6050807877560005,-0.415238745050118
7,hersh2022_pacific,PALI,212,0.1385484813324509,1.5405359852751155,-0.2854141128031049
7,hersh2022_pacific,PALI,216,0.2201104372859345,0.7748132945301442,-0.8701497262162732
7,hersh2022_pacific,PALI,216,0.1680228648872386,1.5294816123583996,-0.5249648426813178
7,hersh2022_pacific,PALI,216,0.1400180483329888,-1.1149804180709344,-1.2215375394750627
7,hersh2022_pacific,PALI,216,0.1338908226551106,1.5928130117780237,-0.49603567138749305
7,hersh2022_pacific,PALI,216,0.1434999101882406,1.4714096656519497,-0.36284210210767226
7,hersh2022_pacific,PALI,216,0.161918542795812,1.41857514700019,-0.7047880637628343
7,hersh2022_pacific,PALI,216,0.1814042202276489,1.2709015919007185,-0.7660206399261953
7,hersh2022_pacific,PALI,216,0.1996322783883156,1.0051456931071572,-0.7723221213022688
7,hersh2022_pacific,PALI,216,0.2044553726510365,0.9715761443266765,-0.8031318761398054
7,hersh2022_pacific,PALI,216,0.1332105427070867,1.6581533188633142,-0.2320195852140589
7,hersh2022_pacific,PALI,216,0.2200138954264442,0.2525097589933809,-0.8360127824837187
7,hersh2022_pacific,PALI,216,0.1337493334346008,1.568540102904142,-0.3849174935994396
7,hersh2022_pacific,PALI,216,0.1355840937642546,1.560937245573988,-0.45465736719675204
7,hersh2022_pacific,PALI,216,0.1395192324401363,1.5327513894743277,-0.3604412217740023
7,hersh2022_pacific,PALI,216,0.1418389593692427,1.5644609905089564,-0.5335231205323894
7,hersh2022_pacific,PALI,216,0.1522276945382056,1.420586263175354,-0.48879101337131436
7,hersh2022_pacific,PALI,216,0.1289057411039925,1.6264262169281736,-0.4093009609278058
7,hersh2022_pacific,PALI,216,0.1352742145517469,1.5865319541035527,-0.48159057520387755
7,hersh2022_pacific,PALI,216,0.1836997550499256,1.1499379495079345,-0.6176185177651519
7,hersh2022_pacific,PALI,216,0.1608912868471723,1.4315656747770928,-0.6146567160738166
7,hersh2022_pacific,PALI,216,0.1546645232794717,1.4996232798825797,-0.3644278545773826
7,hersh2022_pacific,PALI,216,0.176430595290534,1.3035666399032388,-0.5069027348658879
7,hersh2022_pacific,PALI,216,0.132813311447464,1.599363914264853,-0.34020170007802697
7,hersh2022_pacific,PALI,216,0.1574570101687299,1.3428362220940855,-0.40154892996059466
7,hersh2022_pacific,PALI,216,0.1548821510815872,1.3398386022119677,-0.3966572440615419
7,hersh2022_pacific,PALI,216,0.1435304584559442,1.46981508943614,-0.3782836137758146
7,hersh2022_pacific,PALI,216,0.1462305372723776,1.4442016371202058,-0.40010328825203667
7,hersh2022_pacific,PALI,216,0.154043971221942,1.3938759975937296,-0.3726787318650444
7,hersh2022_pacific,PALI,216,0.1846958347990426,1.1595774096793297,-0.6162633474540663
7,hersh2022_pacific,PALI,216,0.1300965076393329,1.6259509388055764,-0.46217720850512406
7,hersh2022_pacific,PALI,216,0.1939210959769446,1.130884674517288,-0.8448879773170146
7,hersh2022_pacific,PALI,216,0.1324028706746125,1.6315587698915959,-0.38287741794216607
7,hersh2022_pacific,PALI,216,0.2228354791969904,0.8604929691468748,-0.9959687782938353
7,hersh2022_pacific,PALI,216,0.2178678405585088,0.9098015549502524,-1.0038351224702886
7,hersh2022_pacific,PALI,216,0.283632823542395,0.3367577145261459,-1.3446933934257697
7,hersh2022_pacific,PALI,216,0.2613707799243061,0.3059208425115245,-1.1867282644670345
7,hersh2022_pacific,PALI,216,0.2641819332884493,0.25548520722699186,-1.2676906081896493
7,hersh2022_pacific,PALI,216,0.261091351142616,0.44798519682240145,-1.2063152091037546
7,hersh2022_pacific,PALI,216,0.2386543672545623,0.6975252169175054,-0.9726823924303608
7,hersh2022_pacific,PALI,216,0.2174924564463167,0.8821044420325949,-0.8925587703179422
7,hersh2022_pacific,PALI,216,0.2300118762895626,0.7265149324426592,-0.9328997167901316
7,hersh2022_pacific,PALI,216,0.2537732940118193,0.4678276748418456,-1.1060514864627744
7,hersh2022_pacific,PALI,216,0.1902928897780841,1.1372929594018333,-0.691879258265889
7,hersh2022_pacific,PALI,216,0.2000663344293091,1.0201053582448285,-0.7476468200909623
7,hersh2022_pacific,PALI,216,0.205318319917931,0.9773096271326878,-0.8293137739707817
7,hersh2022_pacific,PALI,216,0.2305405016968079,0.7183389307041537,-0.8220777861231534
7,hersh2022_pacific,PALI,216,0.1918732710187356,1.0478177530650559,-0.5735509339068492
7,hersh2022_pacific,PALI,216,0.2154948621487527,0.8709718230466155,-0.7685074520988371
7,hersh2022_pacific,PALI,216,0.2126236885766379,0.9495770537946187,-0.8906167910548144
7,hersh2022_pacific,PALI,216,0.2197853168126956,0.8131272009973085,-0.8575464509871014
7,hersh2022_pacific,PALI,216,0.2240917465374513,0.7615322078030742,-0.8400473270804488
7,hersh2022_pacific,PALI,216,0.2619852274801156,0.45478196736957976,-1.065594340269156
7,hersh2022_pacific,PALI,216,0.2442082289536035,0.5924500963182091,-0.9848937827659077
7,hersh2022_pacific,PALI,216,0.2172577378075176,-1.1055046146655174,-1.456317141446428
7,hersh2022_pacific,PALI,216,0.1512257989499532,1.5436620597497301,-0.35845619825142233
7,hersh2022_pacific,PALI,216,0.1606698646720961,1.5349967444928632,-0.9333451646968406
7,hersh2022_pacific,PALI,216,0.1958067410153178,1.387573898703152,-1.1468012447473463
7,hersh2022_pacific,PALI,216,0.1930165250109619,1.275200352689918,-1.1125060270624
7,hersh2022_pacific,PALI,216,0.2120800325986514,1.2040209989381898,-1.2818321664602288
7,hersh2022_pacific,PALI,216,0.2152819182613458,1.012972991155389,-1.1501198220277076
7,hersh2022_pacific,PALI,216,0.212881333657628,1.0021366090969928,-1.1296809330858335
7,hersh2022_pacific,PALI,216,0.2248333827392988,0.9252123680263693,-0.9753429776230627
7,hersh2022_pacific,PALI,216,0.2479137757723425,0.7250450089397167,-1.2190240175957718
7,hersh2022_pacific,PALI,216,0.260863314384233,0.5509412145773983,-1.319800058110817
7,hersh2022_pacific,PALI,216,0.2283598870089558,0.8558565614631406,-1.1657458541218761
7,hersh2022_pacific,PALI,216,0.2716823924676364,0.3975452939317065,-1.3949853867352626
7,hersh2022_pacific,PALI,216,0.2659051328222926,0.47700149956518145,-1.363242833067877
7,hersh2022_pacific,PALI,216,0.2815867313003523,0.3279893035791176,-1.34663215394901
7,hersh2022_pacific,PALI,216,0.239030268910213,0.80330974766865,-1.1355023158129303
7,hersh2022_pacific,PALI,216,0.2635065065641528,0.46960005279545936,-1.376946940771281
7,hersh2022_pacific,PALI,216,0.274510891416339,0.2981130561749677,-1.4312504898021357
7,hersh2022_pacific,PO,40,0.1346377442805704,1.597496555476332,-0.11119380204938711
7,hersh2022_pacific,PO,40,0.1465037715728376,-0.850254186027576,0.3619830201007674
7,hersh2022_pacific,PO,40,0.6320642980142105,-3.046243195801668,2.1867229545635887
7,hersh2022_pacific,PO,40,0.1434896098278354,-0.31331316235035456,0.08262698939681715
7,hersh2022_pacific,PO,40,0.1522948180563124,-1.9668415560868115,0.3291449278621841
7,hersh2022_pacific,PO,40,0.2126011892580459,0.35351636520281055,-0.614785610593055
7,hersh2022_pacific,PO,40,0.1992160853257335,1.0926062775957217,-0.1727351032110431
7,hersh2022_pacific,PO,40,0.1322487062411481,-0.7605508032215383,0.21585556514311902
7,hersh2022_pacific,PO,40,0.1960796286133409,1.1389501917827805,-0.6170102598583859
7,hersh2022_pacific,PO,40,0.2394616758805069,-1.3747065223342516,0.8729333100729033
7,hersh2022_pacific,PO,40,0.2134462326102313,-1.9594112889391215,0.93716773991718
7,hersh2022_pacific,PO,40,0.205448837844645,1.0421613222302881,-0.7580571362576631
7,hersh2022_pacific,PO,40,0.1823015140957088,-1.9072167151112331,0.6437404253863585
7,hersh2022_pacific,PO,40,0.1699148337763366,-1.0510496719767084,0.6865281801249248
7,hersh2022_pacific,PO,40,0.1941437779620663,0.9390336861656965,-0.23030603845077458
7,hersh2022_pacific,PO,40,0.1956302260521752,0.9588993176877539,-0.34011856277163266
7,hersh2022_pacific,PO,40,0.1677818934829332,-0.016651387863500185,-0.11132888995220871
7,hersh2022_pacific,PO,40,0.110694952352718,-0.899927649720982,0.1574980177895328
7,hersh2022_pacific,PO,40,0.111762630247542,-1.0738301599237423,0.21798873233863753
7,hersh2022_pacific,PO,40,0.2143859752628749,-2.726482436191717,0.2575971229216588
7,hersh2022_pacific,PO,40,0.3045965947279267,-0.7570118180408727,1.7640849290833591
7,hersh2022_pacific,PO,40,0.1972327654846383,0.14899027856055203,0.17983464006935096
7,hersh2022_pacific,PO,40,0.1663156986180357,-0.0010203468845391833,-0.195278218178352
7,hersh2022_pacific,PO,40,0.3233126879902812,-4.465808090057248,-0.2555421210118831
7,hersh2022_pacific,PO,40,0.1781976789996276,1.6358105273824204,0.523357448142458
7,hersh2022_pacific,PO,40,0.2551378623142492,1.6024247529598385,0.8794972068622402
7,hersh2022_pacific,PO,1,0.2174197695942537,-1.7884812262356737,1.064348494865682
7,hersh2022_pacific,PO,1,0.160067798099868,-0.9993749548693328,0.5083920709525792
7,hersh2022_pacific,PO,1,0.2106402601631823,0.9963065289890263,0.24275343718516362
7,hersh2022_pacific,SI,114,0.2406265523456666,-1.1590246214107824,0.5810601843641194
7,hersh2022_pacific,SI,114,0.3464753687811338,-4.823951110255871,-0.7428813371965425
7,hersh2022_pacific,SI,115,0.3340434082021782,-4.720671611924725,-0.6004619901792562
7,hersh2022_pacific,SI,115,3.2758339380786192,-34.00007779185145,-3.095549894836136
7,hersh2022_pacific,SI,120,0.3068401681757985,0.976304311140928,1.2243237280025763
7,hersh2022_pacific,SI,116,0.3569187927950608,-4.88580706471479,-0.6840189322190348
7,hersh2022_pacific,SI,119,0.3133948035803293,-0.14962360579203157,1.37752098736918
7,hersh2022_pacific,SI,119,0.3411547759771548,-4.780931870493692,-0.6383571882770231
7,hersh2022_pacific,SI,119,2.841351665232561,-29.876567391898018,-3.344589989746787
7,hersh2022_pacific,SI,117,0.1285295714504646,-0.5581488753731667,0.16518625583134894
7,hersh2022_pacific,SI,117,0.3327492310092392,-4.630680030934123,-0.5972335285550611
7,hersh2022_pacific,SI,117,0.3272433987746551,-4.6998223040523,-0.7199459133396476
7,hersh2022_pacific,SI,117,0.4268003181896721,-2.8710103713000183,1.4559223427978847
7,hersh2022_pacific,SI,117,0.1425097657914563,-2.381064520965532,-0.14558461992335203
7,hersh2022_pacific,,231,0.2272913487271523,1.059877572611811,-1.232214958275992
7,hersh2022_pacific,,231,0.142325536912078,1.4962073097206365,-0.3846328622125694
7,hersh2022_pacific,,231,0.1512557224292557,1.3824319561639755,-0.38315720982478113
7,hersh2022_pacific,,231,0.1530295117134414,1.4286005438648994,-0.42396923407289194
7,hersh2022_pacific,,231,0.1395429357629462,1.5320807844844018,-0.4557328130916146
7,hersh2022_pacific,,211,0.469613801917598,-0.25688755469190716,3.0627710888761395
7,hersh2022_pacific,,211,0.5439220964839152,0.8285135393315913,1.7867307803781438
7,hersh2022_pacific,,124,0.1321431317132268,-1.315664748819422,0.3700993042770681
7,hersh2022_pacific,,124,0.2405917132329593,-1.2479141201949866,0.19044013596634118
7,hersh2022_pacific,,124,0.256503205078418,-1.5013719128103928,0.7045113543590916
7,hersh2022_pacific,,35,0.200659366021182,0.2894646200531755,-0.28167073141767884
7,hersh2022_pacific,,35,0.2036390420152586,0.30908197434481943,-0.3455093792224567
7,hersh2022_pacific,,25,0.1914745489905986,-1.9757346396279543,0.7149242544895658
7,hersh2022_pacific,,25,0.2483578735332056,-2.9055654507137376,0.7763804703922995
7,hersh2022_pacific,,28,0.1332127371760513,-0.39248774684457355,-0.34076489489863615
7,hersh2022_pacific,,28,0.1186897612807956,-0.5393881417444217,-0.3105393655048226
7,hersh2022_pacific,,28,0.1083895484606378,-0.6735802612262369,-0.3418019333249423
7,hersh2022_pacific,SH,129,0.3057257485818552,-0.06258283557143968,1.6630909261664808
7,hersh2022_pacific,PALI,93,0.1597690938797172,1.281074084836622,-0.48919975504041796
7,hersh2022_pacific,PALI,93,0.1592217489529022,1.3238589704230246,-0.3499852031800188
7,hersh2022_pacific,PALI,93,0.1451794078536164,1.4785097886094654,-0.3545322335493663
7,hersh2022_pacific,PALI,93,0.1872230498774135,1.0813049267852728,-0.3727078519184417
7,hersh2022_pacific,PALI,93,0.1889693768512521,1.06011495956448,-0.35301633364259377
7,hersh2022_pacific,PALI,93,0.1846427053752486,1.0950058105638432,-0.3221610614188504
7,hersh2022_pacific,PALI,93,0.1412724052716689,1.8626422632929724,0.40472747137739623
7,hersh2022_pacific,SH,85,0.1712033582254591,-0.6587334581771616,0.5859305979159982
7,hersh2022_pacific,SH,85,0.2411721887993795,-0.2771883265726407,1.180805702491222
7,hersh2022_pacific,FP,148,0.4225611953087012,0.3388131500580156,1.889935789396973
7,hersh2022_pacific,SH,87,0.1470491735199224,-0.38423235969556896,-0.6091370251032048
7,hersh2022_pacific,SH,87,0.1536241272599148,-0.2536297970079621,-0.46267965424547114
7,hersh2022_pacific,SH,87,0.1413539447407175,-0.3878694173392471,-0.5700369893793902
7,hersh2022_pacific,SI,72,0.1085426718245193,-1.915937783457709,0.09944785862860345
7,hersh2022_pacific,SI,72,0.3050565426531628,-4.430164840444581,-0.7205078955106611
7,hersh2022_pacific,SH,83,0.1302473511299578,-0.8832469822011139,0.41866086578991324
7,hersh2022_pacific,SH,83,0.1604526974798006,-2.4788952536721105,0.17573156856121008
7,hersh2022_pacific,SH,83,0.1273754407692201,-1.9932806885323935,-0.845289311438183
7,hersh2022_pacific,SH,83,0.2026083786151653,0.34400812661012387,0.0007560614229753237
7,hersh2022_pacific,SH,83,0.1789829439234391,0.09122167490547782,-0.20898943721172575
7,hersh2022_pacific,SI,70,0.1794694710397604,1.422714965393112,0.3751186194454188
7,hersh2022_pacific,FP,136,0.1392322999376787,-0.9481823767966149,0.07366625484200412
7,hersh2022_pacific,FP,136,0.1650055818497905,-1.2541670916170893,0.44607924904813523
7,hersh2022_pacific,FP,136,0.259598416200411,-1.8007614430746235,0.7608962231803755
7,hersh2022_pacific,FP,136,0.2003803521302645,-1.7444942342233813,0.5655657312374569
7,hersh2022_pacific,FP,136,0.1514762955994912,-1.579126218422223,0.23863345285087534
7,hersh2022_pacific,FP,136,0.3234994097808285,-1.9901577828734487,0.9844317190366216
7,hersh2022_pacific,FP,136,0.369521792435935,-1.1983404779895208,2.1100525248338498
7,hersh2022_pacific,SI,94,0.5359488768187942,-0.36825101093525225,2.583011266120514
7,hersh2022_pacific,SI,94,0.5228228799323136,-0.3480237600216589,2.5003954141760225
7,hersh2022_pacific,FP,80,0.133427649659888,-0.4009902586446636,-0.34363361058059394
7,hersh2022_pacific,SH,86,0.3256274003221925,1.083993257963181,1.332210390655129
7,hersh2022_pacific,SH,86,0.2626622535365374,-0.30499368289513046,1.456558771886484
7,hersh2022_pacific,SH,86,0.3203414324528374,-0.12950593950131928,1.852831096605568
7,hersh2022_pacific,SH,86,0.2553895206522367,-0.06571499460131777,1.224533866069542
7,hersh2022_pacific,SH,86,0.229195432741174,-0.305702065914884,1.12274779908808
7,hersh2022_pacific,SH,82,0.1122670664776672,-1.5314057690460625,0.2604695976919683
7,hersh2022_pacific,FP,137,0.5607109837152998,-5.190282417095088,2.0609327860637636
7,hersh2022_pacific,FP,137,0.4363856773920202,0.22492321098969625,2.7438382577973472
7,hersh2022_pacific,FP,137,0.4337723590005387,0.023728569881659167,2.695806822084985
7,hersh2022_pacific,FP,137,0.4457337754347623,0.07909478613560994,2.8885849552210168
7,hersh2022_pacific,FP,137,0.4403350684153722,-0.05803131967306996,2.7739861069858405
7,hersh2022_pacific,FP,137,0.3830180133666393,-2.3719141736493325,1.7950430034402263
7,hersh2022_pacific,PO,97,0.1580006955535146,-1.9593385553633555,0.5396046179373579
7,hersh2022_pacific,PO,97,0.1584911967047137,-1.9349589763230353,0.5380660740523202
7,hersh2022_pacific,PO,97,0.1807054493724311,-1.8668171250733674,0.5367561973458769
7,hersh2022_pacific,PO,97,0.2600503769720917,-2.8991772939440494,0.7708759558605437
7,hersh2022_pacific,PO,97,0.2132503699937176,0.15296362983026543,0.28561110488807906
7,hersh2022_pacific,PO,97,0.2159679492079002,0.5043803506151306,-0.04898813440839525
7,hersh2022_pacific,SH,81,0.30199341822345,0.16032217807188703,1.398082410180789
7,hersh2022_pacific,SH,81,0.2098217913500827,1.2670140545595086,0.4387138792291258
7,hersh2022_pacific,SH,81,0.1568989412997639,1.5040253942364985,0.22393746006860987
7,hersh2022_pacific,SI,95,0.1879932430511592,-2.768315422406098,-0.390069490710028
7,hersh2022_pacific,PO,96,0.2733726915362943,-0.4886794449067422,0.8087437067013878
7,hersh2022_pacific,PO,96,0.2755019442400111,-0.5076745704993572,1.0206282304467091
7,hersh2022_pacific,PO,96,0.269934353328656,-0.5507659592049423,0.8588963541329668
7,hersh2022_pacific,PO,96,0.2372312655360552,0.6929526365487519,0.14876808692296425
7,hersh2022_pacific,PO,96,0.1952685334250363,1.0197213974753936,-0.22196215715457374
7,hersh2022_pacific,PO,96,0.2252207766201865,0.8033384222047572,-0.14892849669411248
7,hersh2022_pacific,PO,96,0.208920692372521,-2.626590226665717,0.6057365380337595
7,hersh2022_pacific,PO,96,0.2271691159884618,-2.6439635382844706,0.5290325107702303
7,hersh2022_pacific,PO,96,0.2679911230649029,-0.6051009399919203,0.8076585440668137
7,hersh2022_pacific,PO,96,0.23385489434007,0.656590369192484,0.14248955373016586
7,hersh2022_pacific,PO,96,0.1973599487326854,0.9937848462974255,-0.2487206611403825
7,hersh2022_pacific,PO,96,0.2238192180837824,0.7933920812698466,-0.13611266866997196
7,hersh2022_pacific,PO,96,0.215156016896589,-2.6566484268762474,0.6416007730543377
7,hersh2022_pacific,SH,88,0.1354649909781798,-0.5504267629511154,-0.7095585988998472
7,hersh2022_pacific,SH,88,0.1500163131646053,-0.4070899196135898,-0.5743142932552204
7,hersh2022_pacific,SH,88,0.1409655472796412,-0.4021596436439587,-0.4938684141715902
7,hersh2022_pacific,SH,88,0.1413487157100914,-0.4145644028086487,-0.6206072329865345
7,hersh2022_pacific,SH,88,0.1365423277192065,-0.39326069528842,-0.46690669925561246
7,hersh2022_pacific,RI,69,0.1376530874204081,-2.330773782539405,-0.1406752105706573
7,hersh2022_pacific,RI,69,0.2775577403317603,2.015396728059912,1.5183581898830771
7,hersh2022_pacific,RI,69,0.1677526193739298,1.305611739521857,-0.0019014549247485801
7,hersh2022_pacific,RI,69,0.1703724647157065,1.535180494470927,0.24200704791888905
7,hersh2022_pacific,RI,69,0.2685763568017338,-3.4619723808086333,0.5296393893057662
7,hersh2022_pacific,FP,84,0.5599855420088802,-4.000438994801431,2.531599094766941
7,hersh2022_pacific,FP,84,0.2701053391095796,-0.434651509599429,1.3841238223003078
7,hersh2022_pacific,FP,84,0.2201651126409373,-0.620945636128471,1.1668111585437977
7,hersh2022_pacific,FP,84,0.2374432258874715,-0.6128797161935713,1.3209609730651721
7,hersh2022_pacific,FP,84,0.304979155877658,-0.5454891488800331,1.5521077620733683
7,hersh2022_pacific,FP,84,0.2173681076319637,0.22917273885024161,0.5063815429502547
7,hersh2022_pacific,FP,84,0.2478156368506129,-0.4904806212986524,1.2805667763085347
7,hersh2022_pacific,FP,84,0.1707883978032366,-0.21753169870648564,0.29338384422275177
7,hersh2022_pacific,FP,84,0.4568544895809646,-1.6961591061863874,2.8824008013612463
7,hersh2022_pacific,SH,79,0.2188479288333143,0.38187163257369305,0.3795172684748162
7,hersh2022_pacific,SH,79,0.1656173650521143,-0.12874940865740178,0.2003754991238658
7,hersh2022_pacific,SH,79,0.1756141480579217,-0.32167930065103456,0.5565310449993308
7,hersh2022_pacific,FP,135,1.0331829158932906,-0.4265488179896584,5.160177223778421
7,hersh2022_pacific,FP,91,0.6003071158548229,-4.504768316217128,2.9101971340443056
7,hersh2022_pacific,FP,89,0.3920648552691763,0.42211189150582473,1.8416030022875693
7,hersh2022_pacific,FP,89,0.2964129358556677,1.013146364386697,0.834343277230045
7,hersh2022_pacific,FP,89,0.442795691770238,0.4341249083379396,2.3557533313537498
7,hersh2022_pacific,FP,89,0.3299372514095292,-1.5494628847743759,1.2903577122291616
7,hersh2022_pacific,FP,89,0.2949847871505979,-1.3444148744633897,1.3050289786895242
7,hersh2022_pacific,FP,89,0.3342092267711639,-1.399520225823813,1.3472244908254036
7,hersh2022_pacific,FP,89,0.3220462812376184,-1.2445044262434104,1.4074047839975885
7,hersh2022_pacific,FP,89,0.330250074347918,-1.3098186480021465,1.2165708042469912
7,hersh2022_pacific,FP,89,0.3175965150775651,-1.280268224136933,1.3308376783917213
7,hersh2022_pacific,FP,89,0.3184472222298944,-1.4242341021517553,1.288141433200251
7,hersh2022_pacific,FP,89,0.3263993664047374,-1.437533222423361,1.1933963123600164
7,hersh2022_pacific,FP,89,0.3051540998418399,-1.2937874675471235,1.2960137634474203
7,hersh2022_pacific,FP,89,0.3174247988282471,-1.4097240644534226,1.1933764923851669
7,hersh2022_pacific,SH,78,0.2512019425773444,0.27245684794833,1.0943248180801752
7,hersh2022_pacific,SH,78,0.2151272188786381,0.34968812517899456,0.22044739995555493
7,hersh2022_pacific,REG,131,0.307655621063589,-0.30212606903123573,1.5479185571106675
7,hersh2022_pacific,REG,131,0.304200575061381,-0.6066788945783779,1.5760609011353517
7,hersh2022_pacific,REG,131,0.2793357312218401,0.23161565452109123,1.3272250473529148
7,hersh2022_pacific,REG,147,0.228395957699714,0.6146514266558692,-0.2851639270730271
7,hersh2022_pacific,REG,147,0.2219232698338816,0.5432493825109811,-0.12648492864732896
7,hersh2022_pacific,REG,147,0.2046569929275846,0.5150765566025363,-0.36844770961682977
7,hersh2022_pacific,REG,147,0.1948938184281535,0.4682801300909971,-0.4147132879589104
7,hersh2022_pacific,REG,147,0.2140409313716829,0.41466966160246144,-0.3491614016776385
7,hersh2022_pacific,REG,147,0.2255425014429558,0.6159135770870696,-0.3325563567544507
7,hersh2022_pacific,REG,147,0.1971616823779652,0.29542747092219834,-0.16207946749490362
7,hersh2022_pacific,REG,147,0.2010487034825708,0.32844501635091133,-0.18219593531631662
7,hersh2022_pacific,REG,147,0.2070116744194291,0.39997183373166,-0.17104575373617537
7,hersh2022_pacific,REG,147,0.2205857190139295,0.523806042574064,-0.18527378681179987
7,hersh2022_pacific,REG,147,0.210646434345463,0.40824970304350355,-0.22265777282222055
7,hersh2022_pacific,REG,147,0.2191404122987302,0.5077896262073515,-0.21511738463396515
7,hersh2022_pacific,REG,147,0.1928182178473353,0.3252457197648939,-0.2640838765775557
7,hersh2022_pacific,REG,147,0.1897402076245675,0.193313677008628,-0.3073130620461127
7,hersh2022_pacific,REG,147,0.1981126345153973,0.29032351737415973,-0.23978779352615015
7,hersh2022_pacific,REG,147,0.2067022819079067,0.3565312578167828,-0.3125208436443967
7,hersh2022_pacific,REG,147,0.1778865499420447,0.08859821407802697,-0.2706935463685988
7,hersh2022_pacific,REG,147,0.1945591859157429,0.23527258072696866,-0.2725960584624568
7,hersh2022_pacific,REG,147,0.2116634497371508,0.44841660515331916,-0.14184434910353846
7,hersh2022_pacific,REG,147,0.212565239801861,0.4054889766138532,-0.30247911754281565
7,hersh2022_pacific,REG,147,0.2158523308835792,0.7241772798212305,-0.27435285766761147
7,hersh2022_pacific,REG,147,0.2114349392099969,0.7862233206769365,-0.21187692563310623
7,hersh2022_pacific,REG,147,0.2022899655767427,0.8842860810633716,-0.1512283300896737
7,hersh2022_pacific,REG,147,0.2131514023000024,0.4325843098930092,-0.2707567124064173
7,hersh2022_pacific,REG,147,0.190865735526599,0.18340132032527856,-0.2835070521318005
7,hersh2022_pacific,REG,147,0.2187293907763974,0.47894702966526215,-0.27803441714708027
7,hersh2022_pacific,REG,147,0.2236410523639554,0.5295452819369011,-0.21687729718835858
7,hersh2022_pacific,REG,147,0.223000445208809,0.5424704012296209,-0.2275783209998109
7,hersh2022_pacific,REG,147,0.2138175743129319,0.4664456197479437,-0.05822235872822118
7,hersh2022_pacific,REG,147,0.2195841689625625,0.5019338148395731,-0.27246447951097286
7,hersh2022_pacific,REG,147,0.2299593316556233,0.5649829052912537,-0.2861722472515216
7,hersh2022_pacific,REG,147,0.2008529168707812,0.3160301785212974,-0.21200864530816138
7,hersh2022_pacific,REG,147,0.2191373171797043,0.4697782254247614,-0.31405148639668967
7,hersh2022_pacific,REG,147,0.1885481332798791,0.18401876240337803,-0.16763698175301164
7,hersh2022_pacific,REG,147,0.2192690194969483,0.47598975870365967,-0.29797195148435335
7,hersh2022_pacific,REG,147,0.2103375927197825,0.42626898595938645,-0.14970786432821115
7,hersh2022_pacific,REG,147,0.2235643635517153,0.5416922149437006,-0.24010780277432817
7,hersh2022_pacific,REG,147,0.2294973894804421,0.5856305728588743,-0.3092152578760131
7,hersh2022_pacific,REG,147,0.2206537881285997,0.5293028158074055,-0.11678138624031234
7,hersh2022_pacific,REG,147,0.2058260443931311,0.8525842581549627,-0.17256128525107203
7,hersh2022_pacific,REG,147,0.1971229110012022,0.3014468240038618,-0.12486718940249875
7,hersh2022_pacific,REG,147,0.2418048231040285,0.07160822365757452,0.7008335218313048
7,hersh2022_pacific,REG,147,0.2053184130496826,0.3399352007396841,-0.27459103971712906
7,hersh2022_pacific,REG,147,0.2244167868398016,0.0709258911462563,0.5207307167154758
7,hersh2022_pacific,REG,147,0.1992820119891845,0.29179542203990355,-0.20629067126866035
7,hersh2022_pacific,REG,147,0.1977200004130261,0.2977640655939522,-0.224436994724635
7,hersh2022_pacific,REG,147,0.2163206542592095,0.7200855695879337,-0.2533877927433642
7,hersh2022_pacific,REG,147,0.2224536656158665,0.1840114812761301,0.47229909302999173
7,hersh2022_pacific,REG,147,0.2262855981892665,0.657720969999006,-0.17994138889704883
7,hersh2022_pacific,REG,147,0.2200881016238054,0.4901009243302872,-0.2879301002467809
7,hersh2022_pacific,REG,147,0.2021029189984025,0.35588427895596497,-0.10719150762751015
7,hersh2022_pacific,REG,147,0.2103305855506347,0.766888567319679,-0.305564607777973
7,hersh2022_pacific,REG,147,0.2184211097216171,0.49275447532681954,-0.19560368917554455
7,hersh2022_pacific,REG,138,0.2892709802098765,1.281462852515212,1.2095003190290936
7,hersh2022_pacific,REG,138,0.1517158337666209,-0.2771277363775123,-0.4489608150206894
7,hersh2022_pacific,REG,138,0.1835466046873247,1.6495533859770377,0.6844054499777419
7,hersh2022_pacific,REG,138,0.180381523295901,1.0710132304051891,-0.3097073602218575
7,hersh2022_pacific,SH,146,0.2531410817291006,0.6842353264984403,0.3981584236153972
7,hersh2022_pacific,SH,146,0.3354911498188966,0.11313276695043445,1.8973951581703659
7,hersh2022_pacific,SH,146,0.2730411313939573,0.7173987723501085,0.8328440428169097
7,hersh2022_pacific,SH,146,0.2093512603025315,0.9721982203905103,-0.25155883684736524
7,hersh2022_pacific,SH,146,0.3287262880823049,-0.48324046986772945,-0.514528954460444
7,hersh2022_pacific,SH,146,0.2302351318861467,-0.01903553812242373,0.4389401249615523
7,hersh2022_pacific,REG,130,0.148953533308432,-0.3052854942780849,-0.31148032081278343
7,hersh2022_pacific,REG,130,0.1545485665831044,-0.19242104564418488,-0.40342339914505754
7,hersh2022_pacific,REG,130,0.1898175618803627,1.4031141909533738,0.2619008892996994
7,hersh2022_pacific,REG,130,0.1290265047551515,1.8690532890975218,0.19460366939261747
7,hersh2022_pacific,REG,130,0.2294668493613428,1.4138299920187714,0.5376735527898044
7,hersh2022_pacific,REG,130,0.1608813644295754,1.249278702883344,-0.42549762146136505
7,hersh2022_pacific,REG,130,0.1381265597731356,2.099260399038529,0.4008752082001947
7,hersh2022_pacific,REG,130,0.1923262733879368,0.9918447900817491,-0.20307173958649927
7,hersh2022_pacific,REG,130,0.211016511260838,0.7981584615063712,-0.19016400414599258
7,hersh2022_pacific,REG,130,0.2056893993333386,0.3024571055011074,-0.4221722591130253
7,hersh2022_pacific,REG,130,0.2197146822123234,0.702846993690914,-0.253209623212275
7,hersh2022_pacific,REG,130,0.2045372260108086,0.3269104078057826,-0.3901513511059701
7,hersh2022_pacific,REG,130,0.1389392502181635,2.1788260842486196,0.7329225613424266
7,hersh2022_pacific,SH,208,0.2582797529910368,0.5911959875157645,0.07102189590929885
7,hersh2022_pacific,SH,208,0.1921270995211149,1.4304575739667655,0.401929641276351
7,hersh2022_pacific,SH,208,0.1657171613657247,1.3399881809601146,0.08035489102865911
7,hersh2022_pacific,,139,0.1482508091573179,1.437333262770914,-0.36546968167287763
7,hersh2022_pacific,PALI,141,0.1596640295812487,1.5960793590747506,-0.6199141114990709
7,hersh2022_pacific,PALI,142,0.1829908332726066,1.1497261746656602,-0.7054773185020791
7,hersh2022_pacific,PALI,142,0.1684224974670988,1.2575197832864413,-0.5867215174636358
7,hersh2022_pacific,PALI,142,0.1421466362010504,1.5229103060894995,-0.4742261449785202
7,hersh2022_pacific,PALI,142,0.2148619552064112,0.9298432379033488,-1.0114928325014536
7,hersh2022_pacific,PALI,142,0.2158072444298353,0.859081874464849,-0.8810105697893217
7,hersh2022_pacific,PALI,142,0.2415279171808105,0.23263415951006783,-1.2895356572264345
7,hersh2022_pacific,PALI,142,0.2441504727199581,0.3870117801844883,-1.132224918781274
7,hersh2022_pacific,PALI,142,0.2476054906025255,0.46574918943395943,-1.1252869376309154
7,hersh2022_pacific,PALI,142,0.1340893280354281,1.6778992723971178,-0.40695618033772446
7,hersh2022_pacific,PALI,142,0.1669251994245581,1.2294599773150636,-0.40222127533217306
7,hersh2022_pacific,PALI,142,0.1547787714070714,1.4277044682133866,-0.6127415602733712
7,hersh2022_pacific,SH,145,0.1910111515893216,-0.34080423164426144,0.5944983850868005
7,hersh2022_pacific,SH,145,0.1237288724171985,-0.4409025455332316,-0.15742390310593388
7,hersh2022_pacific,SH,145,0.1148013339779187,-0.5744920433639582,-0.044074445559590086
7,hersh2022_pacific,SH,145,0.156709357576863,-0.2522426555208699,-0.43414568821092114
7,hersh2022_pacific,SH,145,0.1974361287031417,-1.0981971154594583,0.676971091621856
7,hersh2022_pacific,SH,145,0.1916201639450479,0.24761182518528466,-0.1812318110115876
7,hersh2022_pacific,SH,145,0.2388730400247287,0.8711027312882776,0.3983335343977403
7,hersh2022_pacific,SH,145,0.1925616343099326,1.1168786216216942,0.06435659782941011
7,hersh2022_pacific,SH,133,0.2623946051716701,0.35947654997448397,0.8869352843133174
7,hersh2022_pacific,SH,133,0.2622397391155742,0.950322525371278,0.6860357673085965
7,hersh2022_pacific,SH,133,0.2840584965386311,0.7536977064999792,1.0931746851951187
7,hersh2022_pacific,SH,133,0.2918079508351402,0.7565549044697808,1.138887157817148
7,hersh2022_pacific,SH,133,0.2317969163302964,0.7765247576423431,0.23278310052269918
7,hersh2022_pacific,SH,227,0.3024137947771427,1.185295108266557,1.319134750447946
7,hersh2022_pacific,SH,227,0.1320988702319102,1.8371386473832425,0.33369821454716536
7,hersh2022_pacific,SH,227,0.4197966207256615,-0.40538080100691914,2.356333834390212
7,hersh2022_pacific,SH,227,0.2577300141064037,0.21197441686190177,0.7632925865777573
7,hersh2022_pacific,SH,227,0.1665655737842432,1.7439556388962676,0.4748917312190015
7,hersh2022_pacific,SH,227,0.3426501822929367,-0.2288029148670836,1.82245585064741
7,hersh2022_pacific,SH,227,0.2408707513472157,1.051185018494639,0.48829192622135287
7,hersh2022_pacific,SH,227,0.252752902860154,-0.3857232057413702,1.021797553257783
7,hersh2022_pacific,SH,227,0.2708749731821314,1.3895220655218081,1.2396873559583912
7,hersh2022_pacific,SH,227,0.2814427515857443,1.3005203378994714,1.2617732041041811
7,hersh2022_pacific,SH,227,0.4616752882053926,-0.4621030705642883,2.3794668598924966
7,hersh2022_pacific,SH,227,0.4250547392048476,-0.6816947598916467,2.234100582496363
7,hersh2022_pacific,SI,246,0.1971453360570551,-3.390622283145913,-1.1742282343773427
7,hersh2022_pacific,SH,163,0.1981502991648826,1.1420263501350623,0.1905688175525158
7,hersh2022_pacific,,186,0.2181363920116237,0.47317421436510043,0.11154575888157772
7,hersh2022_pacific,SH,187,0.1266535787023392,-0.9076364712774873,-0.2318598204984875
7,hersh2022_pacific,SH,187,0.2157931947748889,-0.285036764444422,0.8416496529229904
7,hersh2022_pacific,SH,187,0.1799520910827828,0.1027273924850008,-0.37833858073718535
7,hersh2022_pacific,SH,187,0.2648884069349665,-0.9116419350621545,1.1161255858165464
7,hersh2022_pacific,SH,194,0.2383626187348298,1.4861159530419112,0.8974101052674123
7,hersh2022_pacific,SH,194,0.2053309511113656,1.0733781391144197,0.19787850525318998
7,hersh2022_pacific,SH,194,0.1867781851870862,1.5846321614974475,0.6299570434526406
7,hersh2022_pacific,SH,197,0.2052438742958085,1.315184904291558,0.5246142446687302
7,hersh2022_pacific,SH,197,0.2223001564100376,2.0159902294896694,1.1652743333289413
7,hersh2022_pacific,SH,197,0.2475845284129515,1.8149019672984499,1.2631958547106361
7,hersh2022_pacific,,198,0.1346478441957007,1.8270312112719849,0.290864100037463
7,hersh2022_pacific,,198,0.1754031572380219,1.9128137749868628,0.710248190902256
7,hersh2022_pacific,,198,0.1779067580833152,1.622999156503373,0.5645399565866598
7,hersh2022_pacific,SH,199,0.1526632581628838,1.8000677099266844,0.41489124662753846
7,hersh2022_pacific,SH,199,0.2002513841959088,1.541381245449919,0.7665881865712111
7,hersh2022_pacific,RI,176,0.5038315073023155,0.3026443652733677,0.06352553539437866
7,hersh2022_pacific,RI,182,0.2654847712414391,2.4199678862697094,1.2648026389427214
7,hersh2022_pacific,RI,182,0.2112961389831785,2.4432341743046213,1.231455918276427
7,hersh2022_pacific,RI,182,0.3543477298873961,2.062784508558428,1.8400426584866598
7,hersh2022_pacific,RI,192,0.2330554667135975,2.030693052840456,1.29835366495184
7,hersh2022_pacific,RI,193,0.2141017564031039,2.1645425604731394,1.0992517899720577
7,hersh2022_pacific,RI,193,0.3378432241344638,1.772934491192498,1.6034407314206627
7,hersh2022_pacific,SH,247,0.1732257942952746,-0.6607991532411372,0.4801418964638904
7,hersh2022_pacific,SH,247,0.1193145945743349,-0.6597762765043678,-0.1224224855595821
7,hersh2022_pacific,,221,0.2055964077738308,2.1431800091919104,0.7836926772858195
7,hersh2022_pacific,FP,209,0.2976843592457638,-0.34065024748533096,1.1263558854903646
7,hersh2022_pacific,FP,209,0.3813783869186692,-0.24923051737291613,2.135674289795954
7,hersh2022_pacific,FP,209,0.2772045001072095,-1.757852355905206,0.8053969161476345
7,hersh2022_pacific,FP,209,0.2464881425636934,-1.1737201353053601,0.723147313255355
7,hersh2022_pacific,FP,209,0.191196586630804,-0.5042795079148524,0.7357197347974374
7,hersh2022_pacific,RI,127,0.2306640720326257,0.6184776761372679,-0.7777988120795517
7,hersh2022_pacific,RI,127,0.135019710440998,1.813756187690506,0.28907183927517593
7,hersh2022_pacific,FP,149,0.6916803971734676,-4.1644244059499265,3.60048308755992
7,hersh2022_pacific,FP,149,0.433907857431349,-0.4168122995884177,2.7115328130076155
7,hersh2022_pacific,FP,149,0.5638570703089192,-3.074061028082142,2.7885828638190877
7,hersh2022_pacific,FP,149,0.4407166055120035,-1.0926949680102747,2.619702354918536
7,hersh2022_pacific,FP,149,0.7169737093955398,-2.322791218564962,4.628894901214801
7,hersh2022_pacific,FP,150,0.3370187970326213,0.3231569281775422,1.5734290183344943
7,hersh2022_pacific,FP,150,0.6804075949943432,-5.869938127477026,1.6616049104711315
7,hersh2022_pacific,FP,151,0.3777400959312605,-1.44849070588699,2.1893547151049333
7,hersh2022_pacific,REG,153,0.1581610611295613,-0.2870778161051323,-0.30166098732450924
7,hersh2022_pacific,REG,153,0.203504368823158,0.2536713136793829,-0.5073498681517477
7,hersh2022_pacific,REG,153,0.1767563236488947,0.05560402085578035,-0.44672426078497607
7,hersh2022_pacific,REG,153,0.2105947622471435,0.3936404143663318,-0.3802762802622769
7,hersh2022_pacific,REG,153,0.1386235526313344,-0.31991275808508834,-0.38287629642564286
7,hersh2022_pacific,RI,156,0.2151641037118771,0.576445671879199,-0.6418140952368176
7,hersh2022_pacific,RI,156,0.1599576920505212,1.4160024549184083,0.10099622074484282
7,hersh2022_pacific,RI,156,0.2210763713720358,0.5549553974827475,-0.14999774001584104
7,hersh2022_pacific,RI,156,0.1731099486661222,1.352002411265073,0.21132399097931742
7,hersh2022_pacific,RI,156,0.1715812627600542,-0.009965892730286204,-0.07575569655028098
7,hersh2022_pacific,RI,156,0.2371986224140373,0.5684534568555117,-0.6909271608093062
7,hersh2022_pacific,RI,156,0.2281557156989945,0.4937726853730173,0.5168816660173542
7,hersh2022_pacific,RI,156,0.180372125398962,1.0707472161938494,-0.24259303664790102
7,hersh2022_pacific,RI,156,0.2090550177238818,0.7567216077156864,-0.24288826892020352
7,hersh2022_pacific,SH,157,0.1697818609080472,1.9166698443009906,0.6744433700615305
7,hersh2022_pacific,SH,157,0.2063852629337046,0.9089626452273902,-0.01873165598572399
7,hersh2022_pacific,SH,157,0.1845589104379159,1.196216590882898,0.030161869964617477
7,hersh2022_pacific,SH,157,0.1705080064598567,2.3844285131221903,-0.6077179559782969
7,hersh2022_pacific,SH,157,0.134107329279226,1.5378992707719539,-0.17168310939601322
7,hersh2022_pacific,SH,157,0.1955716510005925,-0.9547624802040535,0.014381572407809684
7,hersh2022_pacific,SH,157,0.1340950700297744,2.126155037632063,0.5129475847821916
7,hersh2022_pacific,SH,157,0.1535507968162603,-1.4710322398869944,-0.15012812367552464
7,hersh2022_pacific,SH,157,0.2229806669093411,0.2385684276962587,-0.8065887875964518
7,hersh2022_pacific,SH,157,0.1643878316782449,1.3961380602538345,0.06575664549166277
7,hersh2022_pacific,SH,157,0.2037145244462734,1.4104623742358076,0.6484304534138501
7,hersh2022_pacific,SH,157,0.1543711294003758,1.641734499295366,0.3305510031222704
7,hersh2022_pacific,SH,157,0.1845368638939626,1.0726077320459744,-0.1336677517419497
7,hersh2022_pacific,SH,157,0.163545113173425,1.4809097788406589,0.23456750554223113
7,hersh2022_pacific,FP,170,0.19811022801233,1.0077689608129738,0.04837233201190297
7,hersh2022_pacific,REG,171,0.2249102801838479,0.9009452139389997,0.2364119020656527
7,hersh2022_pacific,,173,0.1595776260589195,1.871072575336234,0.4950081817699583
7,hersh2022_pacific,,173,0.2734499118353442,0.5977736747839555,1.1434668972974238
7,hersh2022_pacific,,173,0.2396039389113674,0.4558540915418775,0.7323941842133945
7,hersh2022_pacific,SH,250,0.1729265179951558,1.4842040008490447,0.33412590465743675
7,hersh2022_pacific,SH,250,0.1501155871649943,1.8585215467090748,0.35547241511924677
7,hersh2022_pacific,SH,250,0.2273648533279876,1.000515566068339,0.4801862817398458
7,hersh2022_pacific,REG,251,0.1261862606481804,-0.46013810856394294,-0.423045893795672
7,hersh2022_pacific,REG,251,0.4850399951294295,-6.5469841253192955,-1.1531392203305484
7,hersh2022_pacific,REG,251,0.1444366734384058,-0.3168858844270672,-0.46513931723535185
7,hersh2022_pacific,REG,251,0.1201046660255422,-0.5569990654396584,-0.45538716475887
7,hersh2022_pacific,REG,251,0.1508840528928957,-0.239311802040111,-0.4336722404558354
7,hersh2022_pacific,REG,251,0.1537784804107252,-0.20155103442230116,-0.41029226059158086
7,hersh2022_pacific,REG,251,0.1496123155231026,-0.25469175350999496,-0.4737932383119611
7,hersh2022_pacific,REG,251,0.1332099526891244,-0.41134111533604123,-0.5303234582012903
7,hersh2022_pacific,REG,251,0.1181870461333224,-0.5674483328780643,-0.4948333428543099
7,hersh2022_pacific,REG,251,0.1275049438392594,-0.4737562204484621,-0.5011999456149393
7,hersh2022_pacific,REG,251,0.1197887118397552,-0.5920683934100011,-0.5001873276787376
7,hersh2022_pacific,REG,252,0.1078713610513289,-0.6599946673602235,-0.4553240836469933
7,hersh2022_pacific,REG,253,0.1229523294410235,-0.5277451420564027,-0.5404593290062693
7,hersh2022_pacific,REG,253,0.1328529289077606,-0.4320526427985062,-0.4939505374842018
7,hersh2022_pacific,REG,253,0.136313101156304,-0.38849443285633045,-0.4903928497551523
7,hersh2022_pacific,REG,253,0.1306590931076683,-0.4247784393252838,-0.45695492440895047
7,hersh2022_pacific,REG,253,0.1398784963623355,-0.31583097651714265,-0.4663585104991228
7,hersh2022_pacific,REG,253,0.1264025326893554,-0.4848069492877386,-0.5287238181250115
7,hersh2022_pacific,REG,253,0.1507758814771003,-0.257784101813265,-0.5641602918497766
7,hersh2022_pacific,REG,253,0.1233884365087189,-0.5002890450320285,-0.49725009989042257
7,hersh2022_pacific,REG,253,0.1144125777983237,-0.5968963726314297,-0.438870503123159
7,hersh2022_pacific,FP,254,0.2790660644600846,0.5782260926068719,0.8698535315336219
7,hersh2022_pacific,FP,254,0.2611947106757217,0.5607624768655038,0.5850084049200187
7,hersh2022_pacific,FP,254,0.2979445326288086,-2.272719394033333,0.6788759190311975
7,hersh2022_pacific,FP,254,0.2833667807898541,-2.355271777953292,0.5569481613622018
7,hersh2022_pacific,FP,254,0.3275267700992434,-2.1763048837166963,0.847407242035428
7,hersh2022_pacific,FP,254,0.2699283980421855,0.48149304497499956,0.8030976101364682
7,hersh2022_pacific,FP,254,0.3044819106474459,-2.20029049243224,0.6791042524286673
7,hersh2022_pacific,FP,254,0.301827912697384,-2.3142858828671358,0.5618399777913158
7,hersh2022_pacific,FP,254,0.2941455171072586,-1.91100625737465,0.7357309546474787
7,hersh2022_pacific,FP,254,0.3123668524077322,-1.9309309726455517,0.8642239653897785
8,sharma2025_birth,EC1,CETI23-278,0.2504835711357375,-0.22394291263808427,-0.7123023664945591
8,sharma2025_birth,EC1,CETI23-278,0.2477234131456191,-0.8527318871754703,-1.008530534953181
8,sharma2025_birth,EC1,CETI23-280,0.2162637135755979,-0.3721125013304993,-0.5082211140673188
8,sharma2025_birth,EC1,CETI23-282,0.2330479818099007,-1.3712560554194202,-1.0437522262837207
8,sharma2025_birth,EC1,CETI23-282,0.2232463185257917,0.253289768164829,-1.0213348817406644
8,sharma2025_birth,EC1,CETI23-283,1.126298412774598,-6.20876150112715,-4.9327545283252645
8,sharma2025_birth,EC1,CETI23-287,0.3467454418101653,1.6628166576951926,-1.7267510014389966
8,sharma2025_birth,EC1,CETI23-287,0.2611888712883582,1.8980839888339702,-2.179766202010515
8,hersh2022_pacific,REG,31,0.592028484562619,-4.17397368544338,-0.41054693699284794
8,hersh2022_pacific,SH,238,0.2561888346597969,1.7601860053131693,-0.23830783414553414
8,hersh2022_pacific,PALI,232,0.2692923217109579,-0.25834049348150845,-1.5399090305669767
8,hersh2022_pacific,REG,48,0.4286244651209005,0.3294236341686574,0.010950846586288754
8,hersh2022_pacific,PO,43,0.3749488570772172,-0.08182522527956927,-0.05687716140339296
8,hersh2022_pacific,SH,229,0.2073135206134453,1.5751759049184773,-1.4027824355344143
8,hersh2022_pacific,REG,107,0.4904731383404308,-1.2545198505585697,0.4071711059953492
8,hersh2022_pacific,PALI,234,0.2554650419335844,0.9155822324491747,-1.797418578686616
8,hersh2022_pacific,PALI,234,0.3452271740060227,-1.171311150935231,-2.5781382894227285
8,hersh2022_pacific,PALI,234,0.2128718459619341,0.6509705814225012,-2.5481771868992027
8,hersh2022_pacific,REG,27,0.2731357165528608,-2.040375652239462,-1.0758140871780477
8,hersh2022_pacific,FP,224,0.5210220106934333,1.0744552622862578,-0.0020763395160668385
8,hersh2022_pacific,FP,224,0.4991704140188079,1.7606103807559927,0.5554847737573418
8,hersh2022_pacific,PO,44,0.3468486946112259,1.308465468682364,-0.02322913691511916
8,hersh2022_pacific,FP,228,0.2125963471657295,-1.0107361122401954,-1.2841449386118846
8,hersh2022_pacific,PALI,219,0.1844304682583658,2.2767271989158218,-1.501455658306473
8,hersh2022_pacific,PALI,219,0.2571221289924071,0.488916604215596,-1.080362588670702
8,hersh2022_pacific,PALI,219,0.2320834782522833,-0.08881385876827975,-0.8298654667713228
8,hersh2022_pacific,PALI,218,0.2703997446651742,0.8079408602258158,-1.8555158471415603
8,hersh2022_pacific,PALI,218,0.2548245187228944,0.6694679973228697,-1.898291961043145
8,hersh2022_pacific,PALI,218,0.2950091626952869,1.8772351718166376,-0.49084490280584453
8,hersh2022_pacific,PO,52,0.5739475213090869,-3.242649881435762,0.66555374559587
8,hersh2022_pacific,PO,46,0.3505909181640497,-1.514482475905417,-0.362930633626031
8,hersh2022_pacific,FP,58,0.4759069592532404,2.2342412827904012,0.39703010134024835
8,hersh2022_pacific,REG,105,0.4961314803238393,-3.7482454043309015,-0.5450445899282863
8,hersh2022_pacific,SH,242,0.1517434067614499,2.839122673240778,-2.0906528521301206
8,hersh2022_pacific,REG,106,0.5676960009972981,-4.409377994586153,-0.500258693992094
8,hersh2022_pacific,PALI,217,0.2256415791891971,0.34949159356705084,-0.7338634022217956
8,hersh2022_pacific,PO,42,0.4053629908820547,-0.15163639227611242,0.11029119356061055
8,hersh2022_pacific,PO,42,0.25348590191602,0.5896771351294031,-0.5872852830856594
8,hersh2022_pacific,PO,42,0.3607403486121905,-1.1732734953893695,0.15635483463617333
8,hersh2022_pacific,PO,42,0.5498761576830953,-4.193693661085976,-0.36241389719831396
8,hersh2022_pacific,PALI,216,0.3767240139171222,-0.8931064023262335,-0.8677909233457799
8,hersh2022_pacific,PALI,216,0.3096129716026576,-0.08615821348628859,-0.8630917778844783
8,hersh2022_pacific,PALI,216,0.2839657456209195,0.7942674249153132,-1.112450092457711
8,hersh2022_pacific,PALI,216,0.2177858055776624,-0.6090033667671927,-1.432188603930077
8,hersh2022_pacific,PALI,216,0.3407274919685594,0.5717119952299974,-1.744019684102053
8,hersh2022_pacific,PO,40,0.4026962909275982,-0.08274599615446807,0.05359338520186491
8,hersh2022_pacific,PO,40,0.4401527987985287,-0.5447302442439637,0.25399005312915474
8,hersh2022_pacific,PO,40,0.40001172697832,-2.0149681995640476,-0.25600093582247613
8,hersh2022_pacific,SI,114,0.3292711850438451,-0.23092746453020954,-0.4996716534979867
8,hersh2022_pacific,SI,115,0.3597376314762998,0.2683168457921952,0.0010133964061331824
8,hersh2022_pacific,SI,119,0.5288092055207733,-3.5527123581931246,-0.3856239026892061
8,hersh2022_pacific,,211,0.616734349554013,1.51207069079991,0.6943756340087786
8,hersh2022_pacific,,211,0.5097215225917201,1.7926460771695862,0.08225303042383258
8,hersh2022_pacific,,211,0.3330232134250475,0.7431915493892809,-0.9665842099326479
8,hersh2022_pacific,SH,83,0.6051521421814887,-1.0451134880515325,1.2305491522920078
8,hersh2022_pacific,FP,136,0.4034972964513039,0.6530950822191238,0.5807161893977665
8,hersh2022_pacific,FP,136,0.4921296625688986,-1.0913668577854676,0.9445611812535679
8,hersh2022_pacific,FP,80,0.3972881103433352,1.1535500132638958,0.03414413543708167
8,hersh2022_pacific,FP,80,0.4841601290587424,1.322764250697094,0.5852310345457706
8,hersh2022_pacific,FP,80,0.4384863224436744,1.4444108397007602,0.24586781395555635
8,hersh2022_pacific,FP,80,0.403328604287924,1.4983358021578028,0.007788328602886863
8,hersh2022_pacific,FP,80,0.4299010935515804,1.278326080439999,0.24896519869648193
8,hersh2022_pacific,FP,80,0.4400069480930705,1.5215501820536603,0.250837430622751
8,hersh2022_pacific,FP,80,0.4302986267739085,1.6273000029686027,0.25541841116752295
8,hersh2022_pacific,SI,95,0.5497906279092476,-3.7968254491465183,-0.49393227704723286
8,hersh2022_pacific,PO,96,0.3868816474514156,-0.5531381705472496,0.0021952365470600532
8,hersh2022_pacific,FP,84,0.6049850487300036,-0.3185283099697679,1.8514873466533928
8,hersh2022_pacific,FP,84,0.7179872235192244,-2.0200511459015984,2.201418982289375
8,hersh2022_pacific,FP,91,0.7636690832106391,-3.1085735368530663,1.1451179612384177
8,hersh2022_pacific,FP,91,0.7647629094934226,-3.178862905008052,1.124194377531814
8,hersh2022_pacific,FP,91,0.6626593413689356,-1.4991959209852046,2.125034988476422
8,hersh2022_pacific,FP,89,0.2422160930591622,0.19175040092369072,-0.4355361936630652
8,hersh2022_pacific,FP,89,0.4510482650487766,-0.11331879552151895,1.1973304770195772
8,hersh2022_pacific,REG,147,0.2081895674383759,0.754414000354577,-0.7136024970455136
8,hersh2022_pacific,REG,147,0.343561067226063,-0.2072969773814613,-0.5976945887899735
8,hersh2022_pacific,REG,138,0.1966311215050301,2.3866582532096037,-1.6642647203437235
8,hersh2022_pacific,SH,227,0.4309219348236848,0.7005883748425731,0.7112119491781647
8,hersh2022_pacific,SH,227,0.5007904884568172,0.6661997148786832,0.7534016100096032
8,hersh2022_pacific,SH,227,0.5235148426377401,0.7825803031569701,1.0441168736336026
8,hersh2022_pacific,SH,227,0.4786277982138279,1.9426588178850597,0.8104559708683894
8,hersh2022_pacific,SH,227,0.500859957875151,0.3414129083374441,1.076404436961413
8,hersh2022_pacific,SH,227,0.5563517037463914,1.5476828164170104,1.285618022621619
8,hersh2022_pacific,SH,227,0.4798678092594329,1.4948454138631269,1.0123577033026263
8,hersh2022_pacific,SH,227,0.5034844692898737,1.1031148299574514,0.5631297536483285
8,hersh2022_pacific,SH,187,0.3576832899370309,0.5479795492555628,0.1065782908521728
8,hersh2022_pacific,,134,0.6519993063199718,-1.593058237171609,1.90109250261439
8,hersh2022_pacific,,134,0.5645227333042557,0.4475081309949839,1.6628126475016107
8,hersh2022_pacific,,134,0.5896254587179106,0.8046943978165514,1.8183127038496165
8,hersh2022_pacific,,134,0.5947397130765142,-0.7070193862158889,1.8627170711050534
8,hersh2022_pacific,,134,0.657845660432798,-1.8313966914933817,1.8931612431664036
8,hersh2022_pacific,,134,0.5245669566234172,0.44834169056315964,1.2495022819630703
8,hersh2022_pacific,,134,0.5683771257557246,1.284579905553862,1.237811572093687
8,hersh2022_pacific,,134,0.6460107472950154,-2.4140654057752937,1.6840815151533635
8,hersh2022_pacific,,134,0.6498502841754682,-0.5784169954433683,1.824660925076513
8,hersh2022_pacific,,134,0.5657579349483814,0.32336330805029656,1.609528563281889
8,hersh2022_pacific,,134,0.5142267149224721,0.44041664582588413,1.2290196746370499
8,hersh2022_pacific,,134,0.5972115617159794,0.5309647057470317,1.648935656237986
8,hersh2022_pacific,,134,0.6001905919136741,1.1400911442281858,1.751675764950655
8,hersh2022_pacific,,221,0.3612589573059904,1.384603372105962,0.22678194635060012
8,hersh2022_pacific,FP,149,0.3946363295881631,2.750475377658816,-0.3721085060658975
8,hersh2022_pacific,FP,149,0.4327311313297988,2.3186902689925186,0.22249101283294087
8,hersh2022_pacific,FP,151,0.7196596278051318,-2.091294288334342,1.9768599708907284
8,hersh2022_pacific,FP,151,0.7233797633609883,-1.7151709689593522,2.223619465177216
8,hersh2022_pacific,RI,156,0.2355817396057191,0.7439197733527346,-0.14543074227896444
8,hersh2022_pacific,FP,254,0.3975420337884072,0.9241224219671798,0.3188916376790435
8,hersh2022_pacific,FP,254,0.3349684681986487,1.2947900975667725,-0.06598429560003369
8,hersh2022_pacific,FP,254,0.3666411137098571,0.8178047088338996,-0.08821905092663773
8,hersh2022_pacific,FP,254,0.4277037512931941,0.9749674872894801,0.17832114574474972
8,hersh2022_pacific,FP,254,0.387359458154851,0.9231634448555355,0.1785618605885256
8,hersh2022_pacific,FP,254,0.3754817911735368,0.900320962488143,0.053740431233977204
8,hersh2022_pacific,FP,254,0.3839710776629846,1.0029855017717944,0.0990406939578023
9,sharma2025_birth,EC1,CETI23-277,0.2438506427849089,0.5267804445123416,-0.6131587398570941
9,sharma2025_birth,EC1,CETI23-278,0.3214740052648661,-1.7636060943859109,-1.8828636859938528
9,sharma2025_birth,EC1,CETI23-279,0.275297393499226,2.7279947927215575,-2.072313601834702
9,sharma2025_birth,EC1,CETI23-279,0.3628006791282426,3.8471765631316632,-1.2378148533410516
9,sharma2025_birth,EC1,CETI23-281,0.2999419392805146,-0.4744458177497664,-1.5451192728324243
9,sharma2025_birth,EC1,CETI23-289,0.2096521907108737,0.33852844809950866,-2.382584984711678
9,hersh2022_pacific,PALI,232,0.2685950088267116,1.7077189269817779,-2.4430172363563853
9,hersh2022_pacific,FP,230,0.4295579794000879,-0.2503334219969876,0.08942690137521353
9,hersh2022_pacific,SH,235,0.3258124704087234,2.3242049398872737,0.960910993995774
9,hersh2022_pacific,SH,237,0.312214302547581,2.7620705861258945,0.6578121689108002
9,hersh2022_pacific,SH,237,0.1877632936795015,1.8058446498001044,-2.425758543059657
9,hersh2022_pacific,REG,32,0.2408179024628608,0.12930438094309538,-1.1383659174733598
9,hersh2022_pacific,FP,228,0.3251086762982393,1.549886705854619,-0.03824974660830008
9,hersh2022_pacific,PALI,219,0.2291992412343418,1.34279509989898,-2.5178144022085367
9,hersh2022_pacific,PO,46,0.502210512295038,-2.1043250718981406,-0.11120883681142274
9,hersh2022_pacific,REG,105,0.1822255377849947,0.4242678763744135,-0.9410989814277173
9,hersh2022_pacific,REG,15,0.4219700922987661,1.7864077878740048,1.8455340302413799
9,hersh2022_pacific,SH,242,0.4443010723459654,-1.9564740490609573,-0.36553204024208186
9,hersh2022_pacific,SH,225,0.2363623128937179,1.5724915988001684,-0.8328237682328798
9,hersh2022_pacific,REG,106,0.3742285052566305,-2.438803467485818,-3.0117973285065855
9,hersh2022_pacific,PALI,217,0.2130551304066907,0.8868331537538707,-0.16413055739087035
9,hersh2022_pacific,PO,42,0.5030988705849192,-1.8903138219743782,0.5616918165613103
9,hersh2022_pacific,PALI,216,0.3715508789082536,-1.655795135252811,-0.7907743687533034
9,hersh2022_pacific,PALI,216,0.3568180450129754,-1.5331359651474834,-0.4783228075322753
9,hersh2022_pacific,PO,40,0.5586842956635084,-2.6016535645254013,0.5303876297270329
9,hersh2022_pacific,PO,40,0.4771836457339189,-2.371719418881312,0.44137655045932406
9,hersh2022_pacific,PO,40,0.5526212176381045,-1.7590252531924127,0.6124255163956739
9,hersh2022_pacific,PO,40,0.430652908789593,-1.1943672513189907,0.1644508197639782
9,hersh2022_pacific,PO,40,0.4268118358438287,-1.2126260579170176,0.33664674000791284
9,hersh2022_pacific,PO,1,0.5020211616193361,-1.867244514786305,0.42748167570493173
9,hersh2022_pacific,PO,1,0.4722975078662055,-1.5651319270368647,0.31119363908148256
9,hersh2022_pacific,,211,0.5252015463117462,2.5435047363594245,0.8828878043477355
9,hersh2022_pacific,,25,0.519134696906938,-2.2737995137344917,-0.0021612250500606667
9,hersh2022_pacific,SH,85,0.3633242093696122,-0.6385615722366401,0.37602095959931625
9,hersh2022_pacific,SH,83,0.4944851274341713,-2.0830426403468625,-0.7459658546583996
9,hersh2022_pacific,FP,136,0.4586629803229218,-0.619919411310698,0.4815679538002606
9,hersh2022_pacific,PO,96,0.3915074622498516,-0.6175331620488462,0.42566817031034293
9,hersh2022_pacific,RI,69,0.5568153777218641,0.8119957240735185,2.00155710293896
9,hersh2022_pacific,FP,84,0.4853446005436184,-0.1720414053789639,0.7313948552383935
9,hersh2022_pacific,SH,144,0.8239867862214431,-3.431579127132864,2.9013715711710217
9,hersh2022_pacific,REG,131,0.3784384174074664,0.3567605874400478,1.2809405998704342
9,hersh2022_pacific,SH,227,0.465144281735718,1.6586979871756564,1.8952844539440137
9,hersh2022_pacific,SH,227,0.4884352686860871,1.2814493770602957,1.9404521754737933
9,hersh2022_pacific,SH,227,0.4794547708480376,1.4898038116836427,1.9024563958842613
9,hersh2022_pacific,SH,227,0.4826438017759118,1.2299439102974787,2.196182803604099
9,hersh2022_pacific,SH,187,0.4223188785669589,0.5461285333945157,0.40984066642684736
9,hersh2022_pacific,RI,177,0.4598237569026978,2.8248870425560657,1.3759127580483408
10,sharma2025_birth,EC1,CETI23-279,0.204713926992328,-1.7306260062477214,0.6395415555934499
10,sharma2025_birth,EC1,CETI23-286,0.2207463402904882,-0.7649704088138743,1.603472040968573
10,sharma2025_birth,EC1,CETI23-287,0.2795690855442365,-2.1223534431861304,1.1548894452856089
10,hersh2022_pacific,REG,8,0.6693829759429244,1.8557794377789323,-1.0414949118959762
10,hersh2022_pacific,PALI,232,0.2741290316722437,-1.643501776965092,0.03740827069975661
10,hersh2022_pacific,FP,230,1.5577887912401929,2.5609738749599167,-3.2287974221692437
10,hersh2022_pacific,SH,229,0.2643029150676468,0.6903905234767512,0.9848092679466751
10,hersh2022_pacific,PALI,234,0.1808940881011579,-0.07831241241387088,1.614154966047641
10,hersh2022_pacific,FP,224,0.4964496060384926,-1.853915375219436,-1.6176420578266897
10,hersh2022_pacific,FP,224,0.4481215097400545,-1.6367701961097336,-1.4677674400483733
10,hersh2022_pacific,RI,226,0.2477850714912386,-1.0415784036039044,-0.1840621940971012
10,hersh2022_pacific,PO,44,0.3153637570444735,0.7029988726373406,0.7518024107602377
10,hersh2022_pacific,SH,220,0.2027238386309211,-0.0003395620730537296,0.16542166504172104
10,hersh2022_pacific,PALI,219,0.2694196756411005,-1.384253236933776,1.4807087298503638
10,hersh2022_pacific,PALI,219,0.2109747604693691,-1.892512816175661,1.0603562069644807
10,hersh2022_pacific,PALI,218,0.1603892564546936,-2.828796371015424,0.10736587882079252
10,hersh2022_pacific,FP,58,0.3946241242537853,-0.9746116838667226,-0.8947296363020552
10,hersh2022_pacific,REG,36,0.2390497439361852,0.27744236617214396,1.4178230254815993
10,hersh2022_pacific,REG,106,0.1808760171386902,0.6789603867224847,1.2548121591496062
10,hersh2022_pacific,PALI,214,0.2344464626678248,-1.4655429855153899,1.2177828055944797
10,hersh2022_pacific,PALI,216,0.3151943385210238,0.7749701853064181,-0.010231820610123427
10,hersh2022_pacific,PALI,216,0.2861561696099147,-1.150743671258401,-0.11902276316137267
10,hersh2022_pacific,PO,40,0.6039478241648494,1.9646815808263303,-1.303114850626184
10,hersh2022_pacific,PO,40,0.4240352608212031,1.0249488660350667,-0.4688550889362595
10,hersh2022_pacific,PO,40,0.2995091505191549,-0.6631822311870558,-0.41413519443397895
10,hersh2022_pacific,PO,40,0.6511516170272524,2.833030430617676,-1.2136403618710685
10,hersh2022_pacific,SI,115,0.3469745835446103,0.9337262090848344,-0.5201592300485791
10,hersh2022_pacific,,211,0.5427580510284596,-1.29395553858552,-0.6888327360280313
10,hersh2022_pacific,,5,0.1841892379652126,0.3037266653780999,1.320465274759809
10,hersh2022_pacific,SH,81,0.2714907051948661,0.07760311651445093,-0.08182886829502117
10,hersh2022_pacific,FP,84,0.8094937311413879,2.2903569142480324,-2.2635820935698305
10,hersh2022_pacific,SH,78,1.331029006565862,9.642190288896158,2.182391727479026
10,hersh2022_pacific,RI,193,0.7947783833408881,-1.4946389005440133,-1.8296775579545057
10,hersh2022_pacific,RI,193,0.1835069583819208,-2.59117469893986,0.3543687974305701
